,M,D,P,S,V,T,L,W,Q,F,L.1,L.2,Q.1,L.3,L.4,R,E,Q.2,G,N,G.1,H,I,I.1,S.1,W.1,T.1,S.2,R.1,D.1,G.2,G.3,E.1,F.1,K,L.5,V.1,D.2,A,E.2,E.3,V.2,A.1,R.2,L.6,W.2,G.4,L.7,R.3,K.1,N.1,K.2,T.2,N.2,M.1,N.3,Y,D.3,K.3,L.8,S.3,R.4,A.2,L.9,R.5,Y.1,Y.2,Y.3,D.4,K.4,N.4,I.2,I.3,R.6,K.5,V.3,S.4,G.5,Q.3,K.6,F.2,V.4,Y.4,K.7,F.3,V.5,S.5,Y.5,P.1,E.4,V.6,A.3,G.6,C
ASA,0.7119341563786008,0.5010288065843621,0.45936213991769553,0.4197530864197531,0.18878600823045263,0.26286008230452673,0.0787037037037037,0.1965020576131687,0.37088477366255146,0.1383744855967078,0.016975308641975308,0.15432098765432098,0.38065843621399176,0.03497942386831276,0.050411522633744855,0.684156378600823,0.375,0.7253086419753086,0.2536008230452675,0.11471193415637858,0.15637860082304525,0.5972222222222222,0.07818930041152264,0.018518518518518517,0.17541152263374485,0.17232510288065844,0.30709876543209874,0.205761316872428,0.7983539094650206,0.5627572016460906,0.19701646090534977,0.10751028806584362,0.3559670781893004,0.0823045267489712,0.42644032921810704,0.06584362139917696,0.3338477366255144,0.36008230452674894,0.12499999999999999,0.6059670781893004,0.4845679012345679,0.06532921810699589,0.08847736625514403,0.6584362139917695,0.2757201646090535,0.18004115226337447,0.09516460905349794,0.44495884773662553,0.39454732510288065,0.5797325102880658,0.6378600823045267,0.40226337448559674,0.4825102880658437,0.513888888888889,0.20627572016460904,0.3256172839506173,0.3374485596707819,0.46399176954732513,0.5164609053497943,0.09156378600823044,0.12397119341563785,0.5931069958847737,0.10699588477366254,0.06841563786008231,0.5030864197530864,0.5426954732510287,0.18930041152263372,0.30709876543209874,0.5411522633744856,0.6203703703703703,0.5925925925925926,0.15483539094650203,0.03960905349794239,0.6090534979423868,0.5627572016460906,0.23868312757201646,0.45627572016460904,0.3297325102880659,0.48713991769547327,0.581275720164609,0.18004115226337447,0.18724279835390945,0.14043209876543208,0.3559670781893004,0.1656378600823045,0.2685185185185185,0.20936213991769545,0.3374485596707819,0.43261316872427985,0.6491769547325102,0.13425925925925924,0.3081275720164609,0.30967078189300407,0.42695473251028804
HSE_alpha_up,0.16778523489932887,0.15100671140939598,0.2147651006711409,0.08389261744966443,0.5369127516778522,0.2986577181208054,0.7684563758389262,0.6040268456375839,0.2651006711409396,0.5503355704697988,0.8590604026845637,0.5704697986577181,0.22818791946308722,0.7583892617449665,0.7953020134228189,0.17449664429530198,0.39597315436241604,0.07046979865771812,0.10067114093959731,0.6208053691275167,0.4093959731543624,0.1711409395973154,0.6946308724832215,0.8791946308724833,0.30201342281879195,0.7080536912751678,0.27852348993288584,0.33221476510067116,0.1610738255033557,0.06375838926174496,0.24832214765100669,0.49664429530201337,0.3758389261744966,0.7516778523489933,0.2751677852348993,0.7885906040268457,0.29530201342281875,0.2046979865771812,0.6845637583892618,0.1174496644295302,0.12751677852348994,0.6375838926174496,0.5906040268456376,0.1174496644295302,0.2986577181208054,0.587248322147651,0.5,0.19798657718120802,0.3523489932885906,0.2651006711409396,0.046979865771812075,0.33892617449664425,0.12751677852348994,0.13087248322147652,0.587248322147651,0.2147651006711409,0.6241610738255033,0.12416107382550334,0.1610738255033557,0.6644295302013423,0.5503355704697988,0.15436241610738252,0.41946308724832215,0.7449664429530202,0.2986577181208054,0.16442953020134227,0.47651006711409394,0.49664429530201337,0.0604026845637584,0.1040268456375839,0.09731543624161074,0.5167785234899329,0.8053691275167785,0.16778523489932887,0.3221476510067114,0.39932885906040266,0.08389261744966443,0.02348993288590604,0.19127516778523487,0.2416107382550335,0.6208053691275167,0.3926174496644295,0.6577181208053692,0.348993288590604,0.6744966442953021,0.44630872483221473,0.3624161073825503,0.4899328859060402,0.20134228187919462,0.08053691275167785,0.5536912751677853,0.33221476510067116,0.04026845637583893,0.25503355704697983
HSE_alpha_down,0.11498257839721254,0.34146341463414637,0.2578397212543554,0.41114982578397213,0.2961672473867596,0.6306620209059234,0.4738675958188154,0.5923344947735192,0.7317073170731707,0.6585365853658538,0.6515679442508711,0.6898954703832753,0.7421602787456446,0.5435540069686412,0.48432055749128927,0.6027874564459931,0.2822299651567945,0.421602787456446,0.45993031358885017,0.2926829268292683,0.4076655052264808,0.6341463414634146,0.5261324041811847,0.46689895470383286,0.794425087108014,0.4459930313588851,0.5505226480836237,0.4146341463414634,0.3972125435540069,0.37979094076655046,0.4390243902439025,0.45644599303135897,0.6202090592334495,0.49477351916376305,0.818815331010453,0.4425087108013937,0.6167247386759582,0.5853658536585367,0.32752613240418116,0.5853658536585367,0.6236933797909409,0.45644599303135897,0.4878048780487805,0.6724738675958188,0.6027874564459931,0.47038327526132406,0.46689895470383286,0.49128919860627185,0.30313588850174217,0.32404181184668995,0.4355400696864112,0.20905923344947733,0.4425087108013937,0.45644599303135897,0.2439024390243902,0.6968641114982579,0.36236933797909404,0.5818815331010453,0.5923344947735192,0.45644599303135897,0.5470383275261324,0.7317073170731707,0.5853658536585367,0.5052264808362369,0.6062717770034844,0.6202090592334495,0.4285714285714286,0.36933797909407673,0.47038327526132406,0.36933797909407673,0.5331010452961673,0.4390243902439025,0.289198606271777,0.5853658536585367,0.4250871080139373,0.2926829268292683,0.4146341463414634,0.37282229965156793,0.2961672473867596,0.47038327526132406,0.4181184668989547,0.6968641114982579,0.5505226480836237,0.710801393728223,0.5052264808362369,0.5121951219512195,0.49825783972125437,0.33449477351916385,0.41114982578397213,0.46689895470383286,0.2334494773519164,0.33797909407665505,0.3972125435540069,0.21602787456445993
P(C),0.996,0.995,0.53,0.596,0.431,0.292,0.016,0.006,0.002,0.001,0.0,0.0,0.002,0.006,0.08199999999999999,0.433,0.981,0.83,0.763,0.812,0.795,0.831,0.73,0.205,0.064,0.109,0.258,0.825,0.948,0.9470000000000001,0.953,0.867,0.217,0.036000000000000004,0.034,0.225,0.9159999999999999,0.996,0.03,0.006,0.002,0.001,0.002,0.004,0.01,0.045,0.243,0.431,0.6579999999999999,0.8059999999999999,0.93,0.986,0.9670000000000001,0.953,0.9490000000000001,0.965,0.05,0.027000000000000003,0.013000000000000001,0.015,0.038,0.015,0.008,0.004,0.006,0.013999999999999999,0.039,0.12300000000000001,0.377,0.868,0.9990000000000001,0.948,0.55,0.19399999999999998,0.128,0.375,0.9840000000000001,0.996,0.723,0.46,0.26899999999999996,0.171,0.15,0.222,0.409,0.7829999999999999,0.93,0.986,0.25,0.217,0.18100000000000002,0.39799999999999996,0.775,0.998
P(H),0.001,0.002,0.469,0.40399999999999997,0.5589999999999999,0.674,0.9840000000000001,0.9940000000000001,0.998,0.9990000000000001,1.0,1.0,0.998,0.9940000000000001,0.9179999999999999,0.5660000000000001,0.016,0.168,0.23399999999999999,0.17600000000000002,0.191,0.139,0.052000000000000005,0.001,0.0,0.001,0.003,0.01,0.035,0.038,0.027999999999999997,0.018000000000000002,0.006,0.0,0.0,0.003,0.004,0.001,0.97,0.9940000000000001,0.998,0.9990000000000001,0.998,0.996,0.99,0.955,0.757,0.5660000000000001,0.33399999999999996,0.184,0.068,0.01,0.031,0.040999999999999995,0.018000000000000002,0.011000000000000001,0.95,0.973,0.987,0.985,0.9620000000000001,0.985,0.992,0.996,0.9940000000000001,0.986,0.961,0.8759999999999999,0.62,0.129,0.001,0.0,0.0,0.0,0.0,0.005,0.006,0.002,0.004,0.01,0.009000000000000001,0.006999999999999999,0.008,0.013000000000000001,0.036000000000000004,0.03,0.01,0.011000000000000001,0.7490000000000001,0.7829999999999999,0.8190000000000001,0.601,0.222,0.001
P(E),0.003,0.003,0.0,0.0,0.01,0.035,0.0,0.0,0.0,0.0,0.0,0.0,0.0,0.0,0.0,0.001,0.003,0.002,0.003,0.012,0.013999999999999999,0.031,0.218,0.795,0.935,0.89,0.7390000000000001,0.165,0.017,0.015,0.019,0.115,0.777,0.9640000000000001,0.966,0.772,0.08,0.003,0.0,0.0,0.0,0.0,0.0,0.0,0.0,0.0,0.0,0.003,0.009000000000000001,0.01,0.002,0.004,0.002,0.006,0.033,0.024,0.0,0.0,0.0,0.0,0.0,0.0,0.0,0.0,0.0,0.0,0.0,0.0,0.003,0.002,0.0,0.052000000000000005,0.45,0.805,0.872,0.62,0.011000000000000001,0.002,0.27399999999999997,0.53,0.722,0.8220000000000001,0.841,0.765,0.555,0.187,0.06,0.003,0.0,0.0,0.0,0.001,0.003,0.0
cosPhi,0.45294577167307287,0.5034906354655213,0.6685478859245865,0.5859646810713683,0.4442654490082832,0.48342238555659256,0.7339652634796706,0.7385797435074414,0.71682987254447,0.7113094527129693,0.7215359328305254,0.7262176992050631,0.7033686312859602,0.6969712547997766,0.6816258918684717,0.5226815286105617,0.537489420512802,0.695365861803785,0.6167228597069894,0.39092821317593957,0.7408772039277263,0.5626667122289889,0.5313953075824325,0.2553084014390544,0.16543418724782705,0.4235069653524563,0.29185928685344503,0.4356021036276383,0.6619589557766082,0.5026179859031293,0.46860469241756764,0.3832771402930107,0.28789996558056086,0.1983955467576236,0.29902580557089486,0.6005391137027704,0.4747034914328672,0.2025881536402981,0.7285493116297668,0.7269955956037488,0.7009741944291051,0.7057574926890575,0.7215359328305254,0.7121000344194391,0.6961688570839603,0.6791842476857969,0.7097263606545217,0.6783692713316798,0.4477356887630953,0.6816258918684717,0.6536785429656503,0.4468678834070626,0.6445161185828158,0.5026179859031293,0.4773184713894384,0.3943374408390658,0.7439302010962144,0.7160432034535237,0.6921479539878974,0.7017729554939025,0.7246598414843678,0.7097263606545217,0.7009741944291051,0.7009741944291051,0.708933855124917,0.6993748381277899,0.6921479539878974,0.7017729554939025,0.685684200588256,0.49214632938226827,0.7152558762575125,0.5496599505082302,0.16934356371974957,0.1812875196989113,0.5313953075824325,0.19631161759461666,0.8233953823144394,0.5764930346475436,0.3917800282025476,0.5383595724883645,0.2380066479763673,0.2515126410184277,0.2447281522430378,0.28869054728703075,0.5652631955115317,0.55660169309324,0.4947640999671474,0.38922558247122296,0.702571101923285,0.6553384514092971,0.5979732213429705,0.6619589557766082,0.5756305253154578,0.48429459654024454
cosPsi,0.15016832974331723,0.2614206198701957,0.9749860257623262,0.9963786709647229,0.21895831107393465,0.13136133159493796,0.8841417617967617,0.872155773115577,0.8802029828000155,0.8656768508095852,0.8590631488815944,0.8715724127386971,0.8841417617967617,0.8733190911426957,0.9244858438145708,0.9963786709647229,0.2110711878082474,0.954254088763361,0.9815812833988291,0.9796569872700288,0.9080687950400801,0.9947628945344849,0.9730426794137725,0.13911988595081892,0.06482215203005015,0.14583008113773566,0.13972444415983476,0.0031160404197018154,0.9674128381980072,0.9992203820909904,0.9999809615320856,0.014852136862001819,0.10707155341229901,0.08744325086085247,0.1615620151586697,0.20048820074220713,0.9505385106610458,0.48778391092367346,0.9105746045668521,0.8885729807284855,0.8874722443520897,0.868638668405062,0.8762074544478622,0.8880232035332729,0.882460700459216,0.8891215742630105,0.9100759379368861,0.919335283972712,0.994378190523503,0.9629352924049974,0.9966863828001982,0.26603509286971316,0.9632643154359186,0.9919425189667708,0.14337477542290927,0.041122687158009374,0.9014087375955573,0.8945420424173454,0.8945420424173454,0.877354790111386,0.8784975278258782,0.8846997775234475,0.8756320667517556,0.876781696150819,0.8846997775234475,0.8852566213878945,0.8802029828000155,0.8902152036691648,0.9254055547120257,0.9995614150494292,0.9338827266844643,0.9560600580861366,0.10815327133708014,0.09755310132204292,0.15709082353631187,0.10653248901933138,0.8523171049817972,0.9999969538288952,0.10438823351625504,0.188060201645307,0.10068224497635353,0.13195145644013284,0.12264520988861405,0.14460026306350376,0.18942610986084485,0.9724744560787655,0.9871850323926177,0.46686304979999993,0.9435054165891108,0.9599107486608688,0.9680297678694866,0.9664767674127446,0.9999512620046521,0.4938914995823764
cosTheta,0.4817678887058407,0.5602390526641963,0.838510075129153,0.808294352032581,0.48691355096877104,0.5110944835596676,0.8839984192262282,0.9182022322407357,0.9086959636080564,0.8896950140583695,0.8858970717940766,0.8991933163261403,0.9048944296012786,0.876406067660087,0.8839984192262282,0.8669211438774529,0.5145709364492588,0.8802017801372355,0.8688176075277039,0.7501005731539264,0.897293285119701,0.8745085733543979,0.772564934457665,0.29712591149683515,0.21833097880631172,0.41610887155570697,0.41445692670644657,0.37531686583502455,0.8233892629426195,0.7894666196835329,0.6375106422278722,0.38338925539601354,0.3340673281606688,0.23529868663485115,0.38338925539601354,0.5513904751724362,0.7575791323530126,0.5320330770476724,0.9086959636080564,0.9239074305198399,0.9067951212820635,0.8839984192262282,0.8934937672624473,0.9124980770340447,0.8915942921856232,0.8612334086799194,0.8366186578403985,0.876406067660087,0.7557085705359496,0.8045250163560314,0.8441864558634398,0.5215399449282511,0.7951098656802605,0.7706896908749192,0.4410826577538418,0.3340673281606688,0.9048944296012786,0.9086959636080564,0.897293285119701,0.8783038051813122,0.8934937672624473,0.9086959636080564,0.8877959386662164,0.8688176075277039,0.8896950140583695,0.8991933163261403,0.8896950140583695,0.8934937672624473,0.9182022322407357,0.8802017801372355,0.9086959636080564,0.829056690433338,0.19757737104740986,0.2598758038049942,0.4817678887058407,0.31238131706641614,0.7894666196835329,0.8536538407598863,0.35295148243831764,0.525032415602483,0.3001610784180422,0.3278328509812381,0.2986424933656478,0.36089846097338496,0.5372971602490235,0.7370374900670783,0.7351739609165923,0.5941329213414495,0.8707143375092561,0.8953934335027106,0.8139517214035129,0.8158383857790377,0.8139517214035129,0.5959281668930093
cosTau,0.017721290771101017,0.23061460749656842,0.026675369942151805,0.7113091308703496,0.4712179865202164,0.018891003235357418,0.3135061087120955,0.7995117992577929,0.8078307376628291,0.818039110138882,0.8112573183188098,0.8085179375703744,0.8193839087577989,0.8160146513324255,0.7931861783678946,0.800210112662942,0.4512085501204253,0.11585823820323843,0.7832031184624164,0.8286876228970479,0.2298798397611725,0.7737816117462751,0.7207529263958726,0.7254387703447154,0.00030458649045211894,0.11418770830613995,0.010745507449110792,0.09651984392809898,0.49127379678135824,0.8498316702566827,0.5270394064923877,0.00017133751222142557,0.07690341693621794,0.015926179810946184,0.05893656699116606,0.22914589485863013,0.0002467198171342,0.9789112474226573,0.011108381620696883,0.776695774621672,0.8193839087577989,0.8233948897552297,0.8057635200929156,0.8126213281678527,0.820724815784579,0.8313100241078688,0.8146601955249188,0.7938926261462366,0.8273704068586698,0.2269490194927855,0.9145187862775208,0.3672219412565956,0.013815039801161721,0.8253871086329254,0.22841277502466462,0.04043233037238281,0.3298102248934749,0.7795964517353734,0.816690436313775,0.816690436313775,0.794598178676671,0.8126213281678527,0.8187119948743449,0.8173652566011338,0.8064535268264883,0.8200548497424778,0.8267103019950527,0.8119397983546931,0.8098895158975701,0.8429091764636881,0.30865828381745514,0.14276366018359843,0.8756320667517556,0.010745507449110792,0.27924707360412737,3.046171104803541e-06,0.9836338763879384,0.8529357853393404,0.33145237078845896,0.22040354826462666,0.0038340310572556047,0.03706470759500258,0.015063992357626621,0.028388671026199574,0.18669809431776974,0.02474213418610821,0.8313100241078688,0.5600684194173235,0.00853232542522292,0.7774222137239997,0.7679133974894983,0.6495203961280434,0.8273704068586698,0.5531320356681165
sinPhi,0.002219017698460002,1.2184647302626583e-05,0.02926472759398102,0.007445336922613011,0.0031160404197018154,0.00027489202912139854,0.05811718495565327,0.06059144366901731,0.04946148933895422,0.046846106481674976,0.05175678480827972,0.05410123519739296,0.04322727117869962,0.04043233037238281,0.03415438620722561,0.0005147151046426268,0.0014074332374421905,0.03974757327377981,0.013815039801161721,0.012041619030626283,0.06184665997806815,0.0039426493427610065,0.0009866357858642205,0.06396536378393974,0.12842758726130288,0.005885809276723608,0.04538194547646568,0.004164418808454806,0.026957320586227407,6.8538762866277025e-06,0.9990133642141358,0.01381503980116161,0.04721560049443019,0.10120803558738578,0.04216870333021938,0.010212375200328028,0.0006403214079069852,0.0980715696913913,0.05529181335435124,0.054496737905816106,0.04216870333021955,0.04429836168227741,0.05175678480827972,0.04721560049443019,0.040089251339131216,0.033209786751399184,0.0461112607335456,0.03289776283948531,0.0027390523158634106,0.03415438620722561,0.024202798060280917,0.0028310279333976784,0.02134025123396638,6.8538762866277025e-06,0.0005147151046426268,0.011292052856952006,0.06353896136509518,0.0490837367974431,0.038394891443509604,0.04252016607508757,0.053314305836081266,0.0461112607335456,0.04216870333021955,0.04216870333021955,0.04574591123663918,0.04146996280743798,0.038394891443509604,0.04252016607508757,0.03575708655954318,6.168375916970614e-05,0.9512926421749301,0.002472215019386881,0.12494446518477031,0.11474337861210537,0.0009866357858642205,0.10279268973229105,0.8813341648478441,0.9941141907232764,0.011851996440033319,0.0014736238865398765,0.07413653292847616,0.0661172733155358,0.07007386420156325,0.046846106481674976,0.004277569313094809,0.0032140721617062162,2.741531724398394e-05,0.012425322847218423,0.04287302238286822,0.02474213418610821,0.009692670726693553,0.026957320586227407,0.005753056595658224,0.0002467198171342
sinPsi,0.8572363398164016,0.9394085563309826,0.34383254074388375,0.43993158058267645,0.9135402871372809,0.8377951038078302,0.17994515025752228,0.1660837222644767,0.17527597583490817,0.15900081996875076,0.1520436017038428,0.16543469682057088,0.17994515025752228,0.16738482267281957,0.23578083263882643,0.43993158058267645,0.9080687950400802,0.2910664630994616,0.3655400896923672,0.6411707284214382,0.21107118780824735,0.4278218994995134,0.3380412909009253,0.8460715869352033,0.7462117800517336,0.8529357853393406,0.8467009141379065,0.5557344661031629,0.32244651879593145,0.5279107524965819,0.5043632677491869,0.6209609477998339,0.809204197678777,0.7824835017124689,0.8680485435598673,0.9003656854743667,0.28317045770622784,0.9998507448905916,0.2146432161577842,0.1853398044750813,0.18398534866757454,0.16220489619216988,0.17065526994065977,0.18466209628435687,0.17793818511930676,0.1860184711753311,0.21392706327724192,0.22768048249248646,0.5747676717218547,0.31107960659076644,0.5574685752464333,0.9418828150443466,0.31188786843031724,0.5894011075581748,0.8504546321499256,0.6985739453173903,0.2018875625171921,0.19285739995052842,0.19285739995052842,0.17197048550474636,0.1732896980049473,0.18061609124220113,0.16999916601953163,0.1713123771029521,0.18061609124220113,0.18128800512565513,0.17527597583490817,0.1873786718321474,0.2372641744638661,0.47906217313540017,0.7484869805137777,0.2950384830792136,0.8105738901391553,0.7967094433018507,0.8638863788286053,0.8085179375703744,0.8547853682682605,0.5017453257076119,0.8057635200929156,0.8907602362094096,0.800907511576024,0.8384379848413304,0.8280295144952536,0.8516973514052519,0.8918467286629199,0.33639105051044804,0.3875244728280675,0.998900734146025,0.26912569338248304,0.30383144169821924,0.3240791757976491,0.3200015959399744,0.49301890983042734,0.999962684830226
sinTheta,0.8082229032911865,0.868580491656633,0.9887470172296884,0.9821997349186727,0.812583456214449,0.8323013404065337,0.9957702364436731,0.9988280097736093,0.9981688698633735,0.9964115315545089,0.9959898500267563,0.9973633566760239,0.9978642261961264,0.9948333124673167,0.9957702364436731,0.9935306556463742,0.8350328567298707,0.9953134669839956,0.993802871949948,0.9652902983978496,0.997184694447344,0.9945844676297642,0.972494849534712,0.6085431315672749,0.4922761771990238,0.747259668500597,0.745593450299115,0.7040904444201477,0.9856595126520495,0.9773525380706095,0.9159345529818587,0.7129749231793282,0.655908279834663,0.5192377317167624,0.7129749231793282,0.8624136089890484,0.9677840526578728,0.8483683005165005,0.9981688698633735,0.9991532132013454,0.9980194752855863,0.9957702364436731,0.9968098146456895,0.9984500936814358,0.9966135982146627,0.9926789651137826,0.9883814591173052,0.9948333124673167,0.9671692530029666,0.9812767002537481,0.9898087296044193,0.8404315600899819,0.978867577537554,0.9719262001172992,0.771639257736484,0.655908279834663,0.9978642261961264,0.9981688698633735,0.997184694447344,0.9950763124988011,0.9968098146456895,0.9981688698633735,0.9962036152807566,0.993802871949948,0.9964115315545089,0.9973633566760239,0.9964115315545089,0.9968098146456895,0.9988280097736093,0.9953134669839956,0.9981688698633735,0.9868609865434085,0.45770210686659,0.5563469225354212,0.8082229032911865,0.6286102066818631,0.9773525380706095,0.9914616467364549,0.6785565363804824,0.8430986813452596,0.6125940881086708,0.6482043709836893,0.6105709469761041,0.6877864186216769,0.8522638431916687,0.9607047446350778,0.9600266859389948,0.890765854606532,0.9940692465863533,0.9970001802498786,0.9835407360969449,0.9839761174736844,0.9835407360969449,0.8918784359425178
sinTau,0.6319362446861791,0.07877309994220096,0.3388666489030333,0.9531538578429567,0.9991709076756244,0.36385939203105905,0.03608113898453547,0.9003656095984587,0.8940052960837983,0.8858122047349032,0.891303995649487,0.8934674298514975,0.8846996897172623,0.8874721586572597,0.9050207478920795,0.8998422529690784,0.9976136981736432,0.17994452574972397,0.9120630273431904,0.8767816023146667,0.9207553306244015,0.9183820945739072,0.9486291457160314,0.9462928683257534,0.48254985758803126,0.1819602668883942,0.3968974480129435,0.20469656053198684,7.539093586167789e-05,0.8572362310956019,0.0007309038501529477,0.5130881033494167,0.2335612782883186,0.37480952186312433,0.264493499270206,0.07971599741598982,0.484294227728631,0.6436799885717185,0.39519025795924834,0.9164605567361416,0.8846996897172623,0.8813340744785969,0.8956116869875186,0.8902151200632189,0.8835824872506662,0.8744777648038766,0.8885728958719146,0.9045084244664988,0.8779266416196647,0.9188592965180558,0.7795962838883878,0.9820476884455913,0.3832768484106285,0.8796355620047023,0.9198098711989466,0.30302851443052026,0.02985519768746186,0.9145187211798208,0.8869200187479446,0.8869200187479446,0.9039948688369454,0.8902151200632189,0.8852565340057703,0.886366700211991,0.8950774262847562,0.8841416735656229,0.8784974352964073,0.8907601530185296,0.8923881033154164,0.8638862751721024,0.03805950118496063,0.849831555896902,0.8300007045186343,0.3968974480129435,0.05137009274003238,0.5017449462647859,0.37312055031171715,0.14582943064981344,0.970735250119643,0.08548051727624294,0.438198833793808,0.31107908194761835,0.3781920205732532,0.33391892680853213,0.11033034001224415,0.3446612861157905,0.8744777648038766,0.9963786682069216,0.408023873878154,0.9159769970780814,0.9221639034754453,0.9771201468341383,0.8779266416196647,0.9971689699106501
hhm0,0.8702462796971543,0.8702462796971543,0.641284483508833,0.43477504133669825,0.4357323122443652,0.5682708206422418,0.8702462796971543,0.8702462796971543,0.5399007919241144,0.5802802193020624,0.7035070925071796,0.6078670263684622,0.33861282743016274,0.4606213558437038,0.6043860412496737,0.44634931685667045,0.4393003219911235,0.47820033069358625,0.31085197110782353,0.4220694456531198,0.3125924636672178,0.4311200069619702,0.38386563397441475,0.42311374118875644,0.24279871203550601,0.8702462796971543,0.6230093116351927,0.5491254024889044,0.49221129579671047,0.38952223479244624,0.4228526673048473,0.40649203724654076,0.5641806631276651,0.8702462796971543,0.48455312853537547,0.518057610303716,0.42833521886693937,0.6933252110347228,0.3329562266121312,0.3811678705073535,0.226612131233139,0.4030110521277522,0.04403446175267601,0.4316421547297885,0.3988338699852058,0.5830650073970934,0.4048385693151162,0.3159864241580367,0.3971804020537812,0.4869027934905578,0.5517361413279959,0.5648768601514229,0.39500478635453834,0.2759550952919676,0.8702462796971543,0.6472891828387434,0.4832477591158298,0.42302671656078666,0.8702462796971543,0.5164041423722914,0.2883125924636672,0.46854059698894784,0.10068749456096075,0.6818379601427204,0.5386824471325385,0.4138891306239666,0.5016099556174397,0.5150117483247759,0.37002871812723004,0.41580367243930033,0.5305021321033853,0.7178661561221825,0.5282394917761727,0.33678531024279873,0.5355495605256287,0.3884779392568097,0.2738665042206944,0.4749804194587068,0.5071795318075015,0.4879470890261944,0.6531198329127142,0.38960925942041597,0.8702462796971543,0.3507962753459229,0.6367592028544078,0.49012270472543734,0.4664520059176747,0.6049952136454617,0.39831172221738753,0.3916108258637194,0.15011748324775911,0.10669219389087112,0.13549734574884692,0.4512226960229745
hhm1,0.8126777732629014,0.8126777732629014,0.8126777732629014,0.5793579845591224,0.6649329540837059,0.44908573750507924,0.8126777732629014,0.6010564811052418,0.48216172287687936,0.8126777732629014,0.4829744006501423,0.6038195855343357,0.41137748882568065,0.4004876066639578,0.8126777732629014,0.4355952864689151,0.5664364079642422,0.6407151564404714,0.5106054449410808,0.28768793173506707,0.4967899227956115,0.49548963835839094,0.20747663551401874,0.46834620073141003,0.3191385615603413,0.8126777732629014,0.5031288094270622,0.5036164160910199,0.7182446160097522,0.8126777732629014,0.4880942706216985,0.6113774888256807,0.551239333604226,0.8126777732629014,0.5106054449410808,0.6266558309630232,0.49012596505485573,0.8126777732629014,0.6633888663145063,0.8126777732629014,0.514018691588785,0.7414872003250711,0.47842340511987,0.6642015440877692,0.5414872003250711,0.8126777732629014,0.4756603006907762,0.5966680211296221,0.62015440877692,0.7029662738724096,0.4026818366517676,0.5110930516050386,0.6237301909792767,0.489069483949614,0.6349451442503048,0.5984559122308005,0.5673303535148314,0.623811458756603,0.4791548151158066,0.605851279967493,0.3758634701340919,0.8126777732629014,0.5129622104835433,0.41129622104835434,0.5449817147501016,0.6036570499796831,0.32637139374238117,0.42088581877285663,0.8126777732629014,0.8126777732629014,0.47704185290532314,0.5978870377895165,0.5629418935392118,0.5127184071515645,0.8126777732629014,0.6264120276310443,0.5189760260056887,0.6349451442503048,0.7140999593661114,0.6143843965867533,0.45314912637139376,0.3623730190979277,0.5468508736286063,0.5325477448191792,0.8126777732629014,0.41739130434782606,0.15692807801706624,0.5795205201137749,0.6054449410808614,0.8126777732629014,0.55180820804551,0.8126777732629014,0.8126777732629014,0.06964648516863065
hhm2,0.8099789405475458,0.12416977158593877,0.8099789405475458,0.46865381500081,0.43949457314109835,0.8099789405475458,0.4714887412927264,0.8099789405475458,0.36773043900858576,0.8099789405475458,0.8099789405475458,0.8099789405475458,0.21618337923214,0.5061558399481614,0.8099789405475458,0.24866353474809655,0.09201360764620121,0.35873967276850804,0.2928073870079378,0.5653653005021869,0.42758788271504944,0.2107565203304714,0.8099789405475458,0.8099789405475458,0.4663858739672769,0.8099789405475458,0.6044062854365787,0.16199578810950918,0.5829418435120687,0.19544791835412278,0.32949943301474166,0.8099789405475458,0.4910092337599222,0.6705005669852584,0.6437712619471894,0.8099789405475458,0.6546249797505266,0.11388303904098494,0.5025919326097522,0.20500566985258384,0.5617203952697231,0.8099789405475458,0.8099789405475458,0.5248663534748097,0.8099789405475458,0.8099789405475458,0.5200874777255792,0.4496193098979427,0.6216588368702414,0.6214158431880772,0.5476267617041958,0.6215778389761867,0.45488417301150175,0.3013121658836871,0.46436092661590805,0.3226146120200875,0.5124736756844323,0.13648145148226148,0.4586910740320752,0.518143528268265,0.5583184837194234,0.8099789405475458,0.8099789405475458,0.8099789405475458,0.8099789405475458,0.48704033695123927,0.6443382472055726,0.8099789405475458,0.19617689940061558,0.41576219018305527,0.2935363680544306,0.5563745342621091,0.5718451320265673,0.4873643285274583,0.5874777255791349,0.6114531022193423,0.27887574923052,0.4436254657378908,0.5044548841730115,0.42993682164263736,0.5515956585128786,0.8099789405475458,0.8099789405475458,0.8099789405475458,0.8099789405475458,0.38044710837518225,0.41778713753442415,0.15786489551271668,0.5413899238619796,0.1747934553701604,0.3743722663210757,0.8099789405475458,0.8099789405475458,0.8099789405475458
hhm3,0.8202772537117545,0.23812648675252235,0.8202772537117545,0.8202772537117545,0.4269543105569682,0.4700188663768353,0.8202772537117545,0.8202772537117545,0.20072184398326634,0.8202772537117545,0.6589287179066524,0.6692642113034205,0.13879091132802884,0.5700106636042982,0.5312935772291034,0.27585924042326304,0.3464851119678451,0.2857845951931753,0.2442785661553605,0.4299893363957017,0.36896070871954717,0.3165449922073661,0.8202772537117545,0.8202772537117545,0.3234353211385448,0.4359773603477975,0.21269789188745794,0.4060372405873185,0.3194979903207284,0.18628496431793945,0.23066196374374537,0.8202772537117545,0.1045853498482487,0.6950209170699696,0.5664834714133377,0.5470429005003691,0.37076531867771306,0.2676564678861455,0.448363546878845,0.1399392994832253,0.14133377081453533,0.5372816011811993,0.7115084898695758,0.24813386924780573,0.39709621852186033,0.5205479452054794,0.5162004757608071,0.2512509228119104,0.3943072758592404,0.5535230908046919,0.419817898449676,0.6210319087851693,0.3329505372816011,0.3650233779017308,0.6322697071610204,0.5236649987695841,0.5450742350914609,0.10712820933475514,0.5581166434254777,0.647526864080059,0.5108686736116808,0.6099581658600607,0.5127553112952178,0.6110245262898859,0.5351488803215486,0.47321794766631115,0.8202772537117545,0.5198096956771389,0.2961200885899434,0.3318021491264047,0.4676400623410713,0.3354933967681076,0.5052087605610696,0.2783200721843983,0.6006070051677467,0.4279386432614224,0.3350832581412517,0.43942252481338684,0.270691493724879,0.47174144860962997,0.6789434828972192,0.4661635632843901,0.8202772537117545,0.4428676892789763,0.8202772537117545,0.629726847674514,0.35353949634976617,0.22426380116479366,0.5015995406447379,0.15519645640226395,0.40070543843819206,0.5524567303748666,0.32040029529981134,0.8202772537117545
hhm4,0.8035355564483729,0.8035355564483729,0.8035355564483729,0.8035355564483729,0.5733226195259141,0.6714343109682603,0.39919646444355167,0.3386902370429892,0.36488549618320615,0.021213338690237043,0.392607472880675,0.4031337886701487,0.5104861390116513,0.5607071112896745,0.670630775411812,0.6781840096424268,0.8035355564483729,0.5840096424266774,0.5883487344314986,0.4561671353957413,0.8035355564483729,0.7345118521494577,0.2471675371635195,0.4303736440337485,0.8035355564483729,0.5105664925672961,0.5559662515066291,0.8035355564483729,0.7394134190437928,0.6639614302932906,0.8035355564483729,0.6648453194053837,0.600482121333869,0.012374447569304942,0.6076335877862595,0.19196464443551628,0.6208919244676577,0.8035355564483729,0.6201687424668543,0.64451586982724,0.6036159100040177,0.29939734833266374,0.5389312977099237,0.6423463238248293,0.547689835275211,0.7030132583366815,0.8035355564483729,0.5442346323824829,0.4561671353957413,0.8035355564483729,0.8035355564483729,0.6556046605062275,0.8035355564483729,0.6955403776617116,0.5055845721173162,0.8035355564483729,0.26227400562474895,0.5922057051024509,0.5627963037364404,0.29208517476898355,0.5889915628766573,0.618802732020892,0.5117717959019688,0.3577340297308156,0.5474487746082765,0.33089594214543994,0.3006026516673363,0.3851345922057051,0.8035355564483729,0.4703897147448775,0.5711530735235034,0.38850944154278827,0.4160707111289675,0.42699879469666535,0.5760546404178385,0.5169947770188831,0.542225793491362,0.6299718762555243,0.6482121333869024,0.6608276416231419,0.22555243069505826,0.4644435516271595,0.28903173965447976,0.47810365608678185,0.013097629570108477,0.3706709521896344,0.30068300522298114,0.3811972679791081,0.8035355564483729,0.8035355564483729,0.4887906789875452,0.8035355564483729,0.8035355564483729,0.8035355564483729
hhm5,0.8294625082946251,0.2708195089581951,0.14150630391506305,0.35235567352355673,0.648307896483079,0.8294625082946251,0.8294625082946251,0.6593397478433976,0.5442103516921035,0.8294625082946251,0.8294625082946251,0.8294625082946251,0.43223291307232914,0.8294625082946251,0.8294625082946251,0.5511778367617783,0.4489051094890511,0.26003649635036497,0.36189449236894494,0.554329794293298,0.2830126078301261,0.2655109489051095,0.44882216323822166,0.712508294625083,0.5987889847378899,0.4990875912408759,0.5860152621101526,0.13263105507631054,0.3644658261446583,0.4395321831453219,0.19011280690112806,0.07166556071665561,0.4494027869940278,0.43621433311214336,0.5082946250829462,0.5057232913072329,0.8294625082946251,0.612806901128069,0.6150464499004645,0.4961015262110152,0.3464664897146649,0.6565195753151958,0.5490212342402124,0.48581619110816193,0.43447246184472466,0.8294625082946251,0.03359323158593232,0.49095885865958855,0.6074153948241539,0.41896151293961514,0.2310053085600531,0.43853682813536826,0.4282514930325149,0.3610650298606503,0.8294625082946251,0.5020736562707365,0.8294625082946251,0.5579794293297943,0.6555242203052422,0.8294625082946251,0.3448905109489051,0.570836098208361,0.293049104180491,0.6487226277372263,0.533178500331785,0.8294625082946251,0.7106834771068348,0.41713669542136694,0.38810550763105506,0.347378898473789,0.13719309887193099,0.6761778367617783,0.8294625082946251,0.44285003317850036,0.5570670205706701,0.5,0.4793463835434638,0.049187126741871263,0.7378898473788984,0.8294625082946251,0.43870272063702725,0.4918712674187126,0.8294625082946251,0.5947246184472462,0.6029362972793629,0.5569011280690113,0.46582614465826144,0.5236396814863968,0.3885202388852024,0.4599369608493696,0.37723954877239546,0.5051426675514267,0.19782680822826806,0.3822992700729927
hhm6,0.8355614973262031,0.8355614973262031,0.4871323529411764,0.42630347593582885,0.8355614973262031,0.26094585561497324,0.8355614973262031,0.6282586898395721,0.41335227272727265,0.5640040106951871,0.8355614973262031,0.45396056149732616,0.40950868983957217,0.6181483957219251,0.8355614973262031,0.39104278074866305,0.5456216577540107,0.555230614973262,0.43900401069518713,0.27740641711229946,0.6360294117647058,0.25409425133689834,0.5273228609625668,0.6851604278074865,0.4918950534759358,0.663937165775401,0.7789939839572192,0.6468917112299465,0.5258188502673796,0.4349097593582887,0.6900902406417112,0.6466410427807486,0.5630848930481284,0.8355614973262031,0.5177974598930482,0.49682486631016043,0.510778743315508,0.4952372994652406,0.5572359625668449,0.3487633689839572,0.4761029411764705,0.8355614973262031,0.5581550802139036,0.43273729946524064,0.5762032085561497,0.4926470588235294,0.6107954545454545,0.4258021390374332,0.2611129679144385,0.7235962566844919,0.44485294117647056,0.49791109625668445,0.5210561497326203,0.4258021390374332,0.5039271390374331,0.5832219251336898,0.6646891711229946,0.4904745989304813,0.4222092245989304,0.7204211229946523,0.8355614973262031,0.5438669786096256,0.5779578877005347,0.58514371657754,0.8355614973262031,0.33138368983957217,0.37474933155080214,0.47150735294117646,0.5294117647058824,0.8355614973262031,0.4996657754010695,0.5055147058823529,0.8355614973262031,0.32637032085561496,0.5025066844919787,0.7221758021390373,0.298629679144385,0.6173963903743315,0.519802807486631,0.6106283422459893,0.3705715240641711,0.5523061497326203,0.709057486631016,0.5623328877005347,0.4910594919786096,0.7302807486631017,0.4796122994652406,0.46047794117647056,0.48763368983957217,0.453542780748663,0.8355614973262031,0.8355614973262031,0.8355614973262031,0.8355614973262031
hhm7,0.2643962354442495,0.7975753708725475,0.7975753708725475,0.6594353166374222,0.11197958207050566,0.7975753708725475,0.3900143563566757,0.4540596586377413,0.7120752911150103,0.475275163502951,0.18583506141330355,0.3980698676024884,0.4453660870952305,0.33506141330355715,0.4092359227947041,0.37589727229223163,0.6120593396075928,0.6672515552719732,0.5739352368798851,0.6090285531982772,0.601770617323337,0.5747328122507577,0.2195724996012123,0.04442494815760089,0.4297336098261285,0.7975753708725475,0.30674748763758175,0.7975753708725475,0.5170681129366725,0.6544903493380124,0.6482692614452066,0.7975753708725475,0.22547455734566918,0.504386664539799,0.3898548412825012,0.15576646993140852,0.23041952464507895,0.7975753708725475,0.4485563885787207,0.5784016589567713,0.5558302759610783,0.3057903971925347,0.5575051842399107,0.6353485404370712,0.4889934598819588,0.7975753708725475,0.5562290636465146,0.29558143244536605,0.3850693890572659,0.5653214228744616,0.7975753708725475,0.5693092997288244,0.4936991545701069,0.49274206412505983,0.40963471048014033,0.7975753708725475,0.5070984208007657,0.3944010208964747,0.6685276758653692,0.3438347423831552,0.41394161748285213,0.7975753708725475,0.42383155208167167,0.22308183123305153,0.5942734088371351,0.4807784335619716,0.48532461317594516,0.5184239910671559,0.5993778912107194,0.5460998564364332,0.4215983410432285,0.07385547934279789,0.15257616844791833,0.3287605678736641,0.7975753708725475,0.25897272292231616,0.3947200510448237,0.7975753708725475,0.45980220130802363,0.6059180092518743,0.6568830754506301,0.39065241665337375,0.4690540756101451,0.579518264475993,0.403892167809858,0.26471526559259845,0.4604402616047217,0.42175785611740313,0.4770298293188706,0.7975753708725475,0.15768065082150262,0.3552400701866326,0.7975753708725475,0.7975753708725475
hhm8,0.8440243079000674,0.2521944632005402,0.45914922349763676,0.30266711681296415,0.8440243079000674,0.3731431465226198,0.8440243079000674,0.8440243079000674,0.3274814314652261,0.8440243079000674,0.8440243079000674,0.38344024307900065,0.29110398379473323,0.6103139770425388,0.4945982444294395,0.362846049966239,0.3954253882511816,0.28975354490209315,0.36596893990546925,0.2969277515192437,0.2674713031735314,0.3300135043889264,0.525489534098582,0.7073767724510465,0.24864956110735986,0.8440243079000674,0.5557900067521944,0.47847738014854824,0.18847062795408506,0.3409858203916272,0.2775151924375422,0.44285955435516544,0.4751856853477379,0.8440243079000674,0.11208642808912896,0.5449020931802835,0.362508440243079,0.30216070222822417,0.32511816340310595,0.274645509790682,0.24729912221471975,0.8440243079000674,0.5280216070222823,0.22096556380823765,0.37533760972316,0.8440243079000674,0.5113943281566509,0.23809925725860906,0.27321066846725184,0.05148548278190412,0.300894665766374,0.11529372045914922,0.25354490209318026,0.23869007427413907,0.5371370695476029,0.3479068197164078,0.4475860904794058,0.5394159351789332,0.0652430790006752,0.6659351789331532,0.4280891289669142,0.4166103983794733,0.4610904794058069,0.8440243079000674,0.39323092505064144,0.45636394328156643,0.49687711006076973,0.7233288318703578,0.1730249831195138,0.11985145172180957,0.32680621201890614,0.3928089128966914,0.5542707629979743,0.26139432815665087,0.052413909520594194,0.4861580013504389,0.25751181634031056,0.38841998649561105,0.13504388926401079,0.17209655638082375,0.4924881836596894,0.6746286293045239,0.537896691424713,0.1304017555705604,0.7453578663065495,0.425472653612424,0.37989534098582034,0.5339297771775827,0.6066002700877785,0.3436866981769075,0.8440243079000674,0.8440243079000674,0.17057731262660364,0.8440243079000674
hhm9,0.33623888840942434,0.8630361612151549,0.8630361612151549,0.5054802796237162,0.21472339691033052,0.4714766548718391,0.018468973850004313,0.3572969707430741,0.49227582635712436,0.532234400621386,0.060757745749546906,0.08233364977992577,0.5108311038232501,0.04323811167687926,0.0172607232243031,0.29041166824889963,0.49874859756623796,0.5851385173038749,0.45482005696038663,0.5784068352463968,0.4619832570984724,0.6054198670924311,0.2525243807715543,0.3230344351428325,0.5155778027099336,0.5645119530508328,0.37749201691550877,0.5020281349788556,0.47069992232674546,0.46120652455337874,0.46854233192370764,0.30577371191852937,0.3450418572538189,0.7167515318891862,0.6307068266160352,0.13463364114956416,0.2496763614395443,0.8630361612151549,0.48761543108656247,0.4874428238543194,0.3538448260982135,0.19746267368602743,0.45490636057650813,0.5786657460947613,0.0813843100025891,0.5761629412272373,0.8630361612151549,0.3066367480797445,0.40329679813584185,0.8630361612151549,0.4549926641926296,0.5613187192543367,0.49995684819193925,0.5242944679382067,0.3484940018986795,0.4462759989643566,0.42098903944075255,0.6636748079744541,0.5950634331578493,0.09493397773366703,0.4256494347113144,0.47734530076810217,0.4103736946578061,0.06912919651333391,0.6206093035298178,0.35781479243980324,0.40718046086131005,0.4520583412444982,0.5991197031155605,0.43928540605851385,0.6024855441442997,0.3156986277725037,0.1269526193147493,0.3629067057909726,0.6622076465003883,0.4849400189867955,0.4558557003538448,0.8630361612151549,0.62699577112281,0.4156382152412186,0.12444981444722533,0.3701562095451799,0.47303011996202643,0.5022870458272202,0.5271424872702166,0.20471217744023473,0.4765685682230085,0.3076723914732027,0.4322948131526711,0.3825839302666782,0.3697246914645724,0.1844308276516786,0.8630361612151549,0.8630361612151549
hhm10,0.04757201646090534,0.8230452674897119,0.631440329218107,0.8230452674897119,0.42823045267489707,0.5157201646090535,0.5325925925925926,0.637037037037037,0.7419753086419753,0.388477366255144,0.5449382716049382,0.48032921810699586,0.5472427983539094,0.42065843621399174,0.494238683127572,0.35654320987654314,0.4860082304526749,0.8230452674897119,0.6213991769547325,0.33827160493827163,0.6263374485596707,0.8230452674897119,0.5189300411522633,0.5289711934156379,0.5930041152263374,0.6723456790123457,0.6532510288065843,0.8230452674897119,0.6187654320987654,0.6481481481481481,0.7341563786008231,0.3168724279835391,0.48781893004115223,0.8230452674897119,0.6417283950617283,0.41283950617283954,0.44469135802469134,0.5498765432098766,0.5496296296296296,0.5962139917695474,0.537037037037037,0.4579423868312757,0.645514403292181,0.6390123456790123,0.305679012345679,0.8230452674897119,0.8230452674897119,0.3562139917695473,0.5497119341563786,0.6106995884773662,0.7294650205761316,0.8230452674897119,0.6462551440329217,0.8230452674897119,0.040823045267489706,0.8230452674897119,0.5975308641975308,0.6267489711934155,0.8230452674897119,0.15547325102880657,0.4728395061728395,0.8230452674897119,0.6116872427983538,0.23292181069958848,0.5191769547325102,0.8230452674897119,0.6138271604938271,0.6168724279835391,0.6392592592592592,0.48362139917695474,0.5804938271604938,0.35654320987654314,0.2105349794238683,0.4811522633744856,0.6474074074074073,0.48798353909465014,0.6635390946502058,0.8230452674897119,0.5181069958847736,0.7300411522633744,0.8230452674897119,0.4815637860082304,0.5278189300411522,0.8230452674897119,0.8230452674897119,0.44139917695473246,0.48312757201646095,0.391358024691358,0.8230452674897119,0.3760493827160493,0.371275720164609,0.44716049382716044,0.8230452674897119,0.1904526748971193
hhm11,0.8254911672445104,0.4568268119531121,0.34290903087336966,0.3386164768036982,0.5056958890539871,0.5012382367508668,0.8254911672445104,0.8254911672445104,0.4194320620769358,0.8254911672445104,0.8254911672445104,0.7627538385339278,0.43288756810302126,0.7074459303285454,0.8254911672445104,0.3084035000825491,0.25400363216113586,0.3638765065213802,0.3151725276539541,0.1730229486544494,0.4033349843156678,0.289169555885752,0.6054152220571241,0.8254911672445104,0.5996367838864124,0.8254911672445104,0.5540696714545155,0.20686808651147431,0.43263992075284796,0.269770513455506,0.2981674096087172,0.6952286610533267,0.6641076440482087,0.8254911672445104,0.8254911672445104,0.8254911672445104,0.43098893841835895,0.20447416212646524,0.8254911672445104,0.33407627538385337,0.5377249463430741,0.7126465246821858,0.8254911672445104,0.4325573716361235,0.6253921083044411,0.8254911672445104,0.43486874690440813,0.41654284299158,0.47564801056628697,0.38608221892025757,0.1060756149909196,0.17054647515271587,0.42000990589400694,0.2043916130097408,0.46177975895657913,0.10764404820868416,0.45542347696879637,0.4269440316988608,0.3591712068680865,0.8254911672445104,0.8254911672445104,0.6341423146772329,0.39375928677563155,0.8254911672445104,0.8254911672445104,0.34241373617302295,0.7389796929172857,0.8254911672445104,0.3358923559517913,0.4052336140003302,0.1811127620934456,0.5694238071652633,0.6054152220571241,0.41761598150899787,0.6216773980518409,0.8254911672445104,0.37419514611193655,0.45335974905068516,0.5061911837543338,0.39062242034010236,0.4568268119531121,0.6220075945187385,0.5998844312365857,0.8254911672445104,0.8254911672445104,0.38418358923559515,0.38426613835231965,0.3416707941225029,0.5762753838533928,0.44328875681030216,0.441802872709262,0.5267459138187222,0.34877001816080566,0.8254911672445104
hhm12,0.8096510404015869,0.8096510404015869,0.17326532264593958,0.36126629422718803,0.4028013925997895,0.43097724880576466,0.8096510404015869,0.6511213666909562,0.4374544571289774,0.4891101935065986,0.8096510404015869,0.4372925269208971,0.8096510404015869,0.8096510404015869,0.8096510404015869,0.6079669662375515,0.34329204113027284,0.1677596955712088,0.42676706339567644,0.5093514695166382,0.2258926402720427,0.42644320297951577,0.8096510404015869,0.5021455752570642,0.8096510404015869,0.46401101125414945,0.39430005667557283,0.532183628855963,0.3661242004695976,0.39802445146142007,0.4467654440935956,0.8096510404015869,0.6596227026151728,0.5016597846328232,0.8096510404015869,0.8096510404015869,0.8096510404015869,0.6110436401910776,0.1164278196097482,0.4511375597117642,0.8096510404015869,0.8096510404015869,0.8096510404015869,0.7291717269856691,0.5150999919034895,0.635737996923326,0.6221358594445793,0.3934904056351712,0.8096510404015869,0.4565622216824548,0.40077726499878547,0.6120961865435995,0.10209699619464009,0.3614282244352684,0.5911262245971985,0.8096510404015869,0.8096510404015869,0.8096510404015869,0.8096510404015869,0.5429519876933041,0.5060319002509918,0.42871022589264024,0.49089142579548206,0.8096510404015869,0.51024208566108,0.4489515019026799,0.8096510404015869,0.8096510404015869,0.5365557444741316,0.44417456076431056,0.49647801797425306,0.526030280948911,0.5650554610962675,0.43858796858553956,0.2931746417294146,0.38879442960084204,0.23836126629422716,0.39381426605133185,0.44125981701886485,0.6615658651121367,0.8096510404015869,0.8096510404015869,0.8096510404015869,0.42927698162092137,0.8096510404015869,0.54084689498826,0.3211076026232694,0.3888753947048822,0.0442879119099668,0.5433568132135049,0.5577686017326532,0.26564650635576065,0.8096510404015869,0.8096510404015869
hhm13,0.8086689309396734,0.41290635613779725,0.8086689309396734,0.17515769044153323,0.4712922529516416,0.1079573022804464,0.8086689309396734,0.6525149603752224,0.09946627850557983,0.8086689309396734,0.8086689309396734,0.549571405466602,0.3036551835678473,0.56461264758208,0.49353064855248263,0.3110949377324923,0.42924146854277867,0.3109332039463044,0.386139414523694,0.4204269771955362,0.29621542940320233,0.35904900533721495,0.7011159631246968,0.46991751576904417,0.30802199579492157,0.8086689309396734,0.4220443150574155,0.3970564450913796,0.28877567523855735,0.3273491832443798,0.33381853469189715,0.4859291606016497,0.4866569626394954,0.6028626880155266,0.24987869966035905,0.8086689309396734,0.6127284489729905,0.29564936115154455,0.40587093643862204,0.3282387190684134,0.35152838427947597,0.599142810933204,0.47218178877567524,0.2671842147824681,0.44937732492317645,0.8086689309396734,0.4775998706129711,0.259906194404011,0.287077470483584,0.4094290797347566,0.44792172084748505,0.4626394953905872,0.4694323144104804,0.3419052240012939,0.5011321365033156,0.5360666343199095,0.8086689309396734,0.30017790716480675,0.3723111758046256,0.8086689309396734,0.420831311661006,0.8086689309396734,0.8086689309396734,0.591541322982371,0.46894711305191655,0.3402070192463206,0.445738314733948,0.5201358563803979,0.3294517224648229,0.4078117418728772,0.4881934336082808,0.5944525311337538,0.556930292738153,0.32419537441371504,0.3606663431990943,0.7119521267992884,0.3645479540676047,0.4540676047226266,0.1752385573346272,0.35120491670710013,0.6206534044961992,0.43118227397703385,0.591622189875465,0.17483422286915737,0.8086689309396734,0.6403849264111273,0.43069707261847,0.5510270095422934,0.48358402070192463,0.5557172893417436,0.8086689309396734,0.43174834222869163,0.8086689309396734,0.8086689309396734
hhm14,0.36547638637485597,0.2242883001480994,0.295211453019582,0.4091657067632055,0.662662497943064,0.2782623004772091,0.5950304426526246,0.4314628928747737,0.46248148757610663,0.8227743952608194,0.5034556524600954,0.22831989468487743,0.3940266578904064,0.5121770610498602,0.4635510942899457,0.35140694421589597,0.5144808293565903,0.26139542537436233,0.29595194997531676,0.4817344084252098,0.28130656573967416,0.32129340134935,0.6669409247984203,0.8227743952608194,0.23835774230705942,0.5414678295211452,0.475892710218858,0.470873786407767,0.14102353134770446,0.4335198288629258,0.32705282211617576,0.2879710383412868,0.6638143820964291,0.8227743952608194,0.14883988810268226,0.8227743952608194,0.37625473095277273,0.45820306072075034,0.3771597827875596,0.4053809445450058,0.3040151390488728,0.525094619055455,0.4474247161428336,0.12094783610334045,0.24493993746914597,0.4640447589271021,0.40464044758927104,0.3035214744117163,0.12769458614447918,0.2908507487246997,0.31709725193351984,0.19302287312818825,0.3235148922165542,0.32516044100707586,0.8227743952608194,0.531183149580385,0.8227743952608194,0.594372223136416,0.4911963139707092,0.8227743952608194,0.42660852394273485,0.0246009544182985,0.47581043277933194,0.8227743952608194,0.023119960506829025,0.44849432285667273,0.8227743952608194,0.39394438045088037,0.2641928583182491,0.24543360210630244,0.3241731117327628,0.5326641434918545,0.6703965772585156,0.22609840381767318,0.3181668586473589,0.6620865558663814,0.3215402336679282,0.40801382260984037,0.2229718611156821,0.08005594865887773,0.4238110909988481,0.33700839229883167,0.8227743952608194,0.16982063518183313,0.8227743952608194,0.5236136251439855,0.40307717623827544,0.4838736218528879,0.6635675497778509,0.47794964620701,0.8227743952608194,0.8227743952608194,0.3638308375843344,0.8227743952608194
hhm15,0.3304088586030664,0.297274275979557,0.20621805792163542,0.12614991482112436,0.4219761499148211,0.47001703577512766,0.8517887563884156,0.5310902896081772,0.4564735945485519,0.6097103918228278,0.5178023850085178,0.7414821124361158,0.49982964224872223,0.37308347529812597,0.8517887563884156,0.29471890971039183,0.28926746166950595,0.27623509369676313,0.21354344122657576,0.39608177172061326,0.21865417376490626,0.24037478705281087,0.36499148211243604,0.8517887563884156,0.23679727427597955,0.6169505962521294,0.42632027257240196,0.32640545144804084,0.40247018739352636,0.251618398637138,0.3351788756388415,0.466098807495741,0.46166950596252126,0.46448040885860303,0.551533219761499,0.616098807495741,0.2870528109028961,0.28926746166950595,0.18986371379897782,0.43764906303236795,0.46124361158432703,0.551022146507666,0.32887563884156723,0.3487223168654173,0.47640545144804086,0.634412265758092,0.3843270868824531,0.44310051107325377,0.5503407155025553,0.45971039182282786,0.34148211243611576,0.40800681431005104,0.3891822827938671,0.33543441226575804,0.4711243611584327,0.26166950596252125,0.5084327086882452,0.4850936967632027,0.2839011925042589,0.8517887563884156,0.06984667802385007,0.45783645655877336,0.1859454855195911,0.5377342419080067,0.6256388415672912,0.33850085178875633,0.4174616695059625,0.3592844974446337,0.35485519591141396,0.36005110732538326,0.3560477001703577,0.4647359454855195,0.516098807495741,0.3692504258943781,0.35783645655877333,0.39710391822827934,0.2850085178875639,0.34054514480408854,0.4218909710391822,0.5227427597955706,0.3845826235093696,0.4029812606473594,0.7049403747870527,0.7955706984667802,0.7100511073253832,0.5253833049403748,0.289778534923339,0.45323679727427596,0.4304940374787052,0.22436115843270868,0.5533219761499147,0.3858603066439522,0.8517887563884156,0.2702725724020443
hhm16,0.5265980831794601,0.8792754770069463,0.32700254989888333,0.4040270816846918,0.5127055306427504,0.23028224742811926,0.8792754770069463,0.8792754770069463,0.8255517453618219,0.8792754770069463,0.6863624373516223,0.7064099182273806,0.36366833729007303,0.4609162050470412,0.6359799525191243,0.3032621120196958,0.5073419502330081,0.5402268530730677,0.3083619097863361,0.38222104985491956,0.40499428470939947,0.5152554295260705,0.4955596588411149,0.6519827662006508,0.3873208476215598,0.8792754770069463,0.13206717664644332,0.6702716961223951,0.3715818165831355,0.4633781763826607,0.4063131979249099,0.5505143761540491,0.3176822298426097,0.7386793282335355,0.5793546117998769,0.8792754770069463,0.2905126176030951,0.58480611975732,0.3350918842873472,0.4802602655411941,0.45062868196605993,0.8363668337290073,0.35839268442803135,0.5049679064450893,0.633166270992702,0.8792754770069463,0.8792754770069463,0.37624197661127234,0.42565725841906266,0.38204519475951815,0.49142706409918224,0.74808757583751,0.3619977138837598,0.3400158269585861,0.4744570473929482,0.17110700782555174,0.8792754770069463,0.5723204079838213,0.2890178492921832,0.8792754770069463,0.47234678624813153,0.6537413171546647,0.44253934757759605,0.5578123626132067,0.6168996746680735,0.3627890618130661,0.58480611975732,0.4297019256132947,0.42565725841906266,0.3047568803306076,0.5046161962542864,0.4909874263606788,0.8792754770069463,0.3225182449661479,0.5099797766640288,0.3016794161610833,0.5105952694979337,0.489492658049767,0.4911632814560802,0.5892904246900554,0.6281544007737625,0.21199331750637476,0.8792754770069463,0.6606875934230194,0.6910225973797591,0.480875758375099,0.28075265980831793,0.32999208652070694,0.5250153873208476,0.47885342477798293,0.5567572320407984,0.4362964916908467,0.8792754770069463,0.8792754770069463
hhm17,0.39315559092717867,0.7958615200955034,0.49701551929964194,0.7958615200955034,0.18519697572622365,0.5286908077994429,0.5251890171110227,0.7958615200955034,0.5761241543971349,0.7958615200955034,0.2918424194190211,0.2899323517707919,0.5972144846796658,0.5103064066852367,0.6222045364106646,0.32861122164743334,0.49351372861122167,0.5175487465181059,0.5154795065658576,0.40286510147234383,0.44305610823716673,0.4693991245523279,0.21146040588937526,0.2597692001591723,0.36132113012335854,0.5954635893354556,0.1960206923995225,0.7958615200955034,0.49136490250696374,0.5114206128133705,0.3894946279347394,0.7958615200955034,0.22618384401114208,0.5488261042578592,0.33720652606446483,0.2631118185435734,0.15200955033824115,0.6050935137286112,0.4288897731794668,0.4225228810187028,0.4014325507361719,0.07178670911261441,0.4132908873855949,0.4341424592120971,0.4896935933147632,0.5286112216474333,0.7958615200955034,0.42737763629128533,0.43923597294070826,0.5485873458018306,0.4583366494230004,0.530441703143653,0.3967369677676085,0.5407879029048945,0.37087146836450463,0.7958615200955034,0.439474731396737,0.5078392359729408,0.6667727815360127,0.30608834062873064,0.5568643056108238,0.6013529645841624,0.5961002785515321,0.5479506565857541,0.5390370075606845,0.5804218066056506,0.6398726621567847,0.4463191404695583,0.5029844807003582,0.5499403103859928,0.4938320732192599,0.2881814564265818,0.312216474333466,0.37174691603660964,0.5419816951850378,0.07210505372065261,0.47918822124950256,0.4577795463589336,0.5514524472741743,0.6114604058893752,0.470274572224433,0.09820931157978512,0.6959808993235178,0.7958615200955034,0.5056108237166733,0.11014723438121767,0.38662952646239557,0.40628730600875446,0.3338639076800637,0.42085157182650224,0.23963390370075607,0.37739753282928773,0.48666931953840037,0.7958615200955034
hhm18,0.8116883116883117,0.8116883116883117,0.8116883116883117,0.8116883116883117,0.8116883116883117,0.8116883116883117,0.45933441558441557,0.036931818181818184,0.6022727272727273,0.5468344155844156,0.5772727272727273,0.4962662337662338,0.8116883116883117,0.8116883116883117,0.8116883116883117,0.8116883116883117,0.8116883116883117,0.6314935064935066,0.8116883116883117,0.8116883116883117,0.8116883116883117,0.8116883116883117,0.5617694805194806,0.5887175324675324,0.3715909090909091,0.014366883116883118,0.6498376623376624,0.8116883116883117,0.6873376623376624,0.8116883116883117,0.6277597402597402,0.34707792207792204,0.7345779220779222,0.8116883116883117,0.8116883116883117,0.8116883116883117,0.8116883116883117,0.8116883116883117,0.8116883116883117,0.5900162337662338,0.701948051948052,0.8116883116883117,0.8116883116883117,0.5620941558441559,0.6658279220779221,0.01810064935064935,0.6104707792207792,0.8116883116883117,0.6444805194805195,0.8116883116883117,0.8116883116883117,0.5956980519480519,0.6323051948051949,0.8116883116883117,0.8116883116883117,0.8116883116883117,0.40381493506493504,0.8116883116883117,0.6568993506493507,0.5569805194805195,0.8116883116883117,0.5422077922077921,0.8116883116883117,0.8116883116883117,0.6547077922077922,0.6279220779220779,0.8116883116883117,0.4565746753246753,0.49512987012987014,0.8116883116883117,0.8116883116883117,0.8116883116883117,0.8116883116883117,0.8116883116883117,0.8116883116883117,0.8116883116883117,0.6605519480519481,0.8116883116883117,0.8116883116883117,0.7426948051948052,0.5353084415584416,0.8116883116883117,0.34480519480519484,0.8116883116883117,0.8116883116883117,0.8116883116883117,0.6853084415584416,0.42183441558441565,0.8116883116883117,0.8116883116883117,0.4235389610389611,0.8116883116883117,0.8116883116883117,0.8116883116883117
hhm19,0.8435259384226065,0.8435259384226065,0.8435259384226065,0.8435259384226065,0.6850274145929988,0.46646984394770136,0.6145086461408689,0.31758751581611133,0.4324757486292704,0.3680303669337832,0.8435259384226065,0.3933361450864614,0.5852382960776044,0.8435259384226065,0.8435259384226065,0.7637283846478279,0.6865457612821594,0.738169548713623,0.40860396457191056,0.23441585828764233,0.6280050611556306,0.6706874736398144,0.3209616195698018,0.8435259384226065,0.49987347110923663,0.7229017292281738,0.8435259384226065,0.6377056094474904,0.4594685786587937,0.46866301138760014,0.39021509911429775,0.46216786166174617,0.8435259384226065,0.8435259384226065,0.8435259384226065,0.8435259384226065,0.7162378743146351,0.6999578237030789,0.8435259384226065,0.7370729649936736,0.7968789540278364,0.6987768873892872,0.8435259384226065,0.7826233656684942,0.7308308730493462,0.35849852382960773,0.6733024040489245,0.5464361029101645,0.3335301560522986,0.6473218051455082,0.8435259384226065,0.8435259384226065,0.6718684099536061,0.5035006326444538,0.5928300295234078,0.8435259384226065,0.048587094053142134,0.6358498523829608,0.7914803880219317,0.8435259384226065,0.8435259384226065,0.6839308308730493,0.7347954449599325,0.6714466469843947,0.8435259384226065,0.10569380008435258,0.05297342893293969,0.05525094896668073,0.5269506537326023,0.5742724588781105,0.4949810206663855,0.5278785322648671,0.518768452129903,0.518431041754534,0.8435259384226065,0.47465204555040064,0.5436524673133698,0.8435259384226065,0.6548291859974694,0.6632644453816955,0.18135807676086038,0.8435259384226065,0.03163222269084774,0.559848165331084,0.5533530156052298,0.4657950231969633,0.5001265288907634,0.3231547870097006,0.636271615352172,0.8435259384226065,0.8435259384226065,0.8435259384226065,0.3890341628005061,0.32787853226486713
A,0.47368421052631576,0.47368421052631576,0.5789473684210527,0.631578947368421,0.47368421052631576,0.5263157894736842,0.42105263157894735,0.3157894736842105,0.47368421052631576,0.3684210526315789,0.42105263157894735,0.47368421052631576,0.5263157894736842,0.42105263157894735,0.42105263157894735,0.631578947368421,0.47368421052631576,0.5789473684210527,0.631578947368421,0.47368421052631576,0.631578947368421,0.5263157894736842,0.47368421052631576,0.42105263157894735,0.631578947368421,0.3684210526315789,0.5263157894736842,0.5263157894736842,0.5789473684210527,0.5263157894736842,0.5263157894736842,0.5789473684210527,0.47368421052631576,0.3684210526315789,0.47368421052631576,0.42105263157894735,0.5263157894736842,0.47368421052631576,0.7368421052631579,0.47368421052631576,0.5789473684210527,0.5263157894736842,0.8947368421052632,0.47368421052631576,0.47368421052631576,0.3684210526315789,0.5263157894736842,0.5263157894736842,0.42105263157894735,0.47368421052631576,0.5789473684210527,0.47368421052631576,0.47368421052631576,0.5263157894736842,0.42105263157894735,0.42105263157894735,0.42105263157894735,0.42105263157894735,0.47368421052631576,0.42105263157894735,0.5789473684210527,0.42105263157894735,0.8421052631578947,0.42105263157894735,0.42105263157894735,0.42105263157894735,0.42105263157894735,0.42105263157894735,0.42105263157894735,0.47368421052631576,0.42105263157894735,0.42105263157894735,0.47368421052631576,0.5263157894736842,0.47368421052631576,0.5263157894736842,0.631578947368421,0.5263157894736842,0.47368421052631576,0.47368421052631576,0.42105263157894735,0.6842105263157895,0.42105263157894735,0.47368421052631576,0.3684210526315789,0.5263157894736842,0.5789473684210527,0.47368421052631576,0.5263157894736842,0.47368421052631576,0.6842105263157895,0.7368421052631579,0.7368421052631579,0.5263157894736842
R,0.47619047619047616,0.47619047619047616,0.47619047619047616,0.47619047619047616,0.38095238095238093,0.5238095238095238,0.42857142857142855,0.3333333333333333,0.5714285714285714,0.38095238095238093,0.42857142857142855,0.47619047619047616,0.5238095238095238,0.42857142857142855,0.42857142857142855,0.5714285714285714,0.47619047619047616,0.6190476190476191,0.6190476190476191,0.5714285714285714,0.6190476190476191,0.5238095238095238,0.42857142857142855,0.38095238095238093,0.5714285714285714,0.3333333333333333,0.47619047619047616,0.47619047619047616,0.6666666666666666,0.5238095238095238,0.42857142857142855,0.5238095238095238,0.5238095238095238,0.38095238095238093,0.6666666666666666,0.42857142857142855,0.5238095238095238,0.5238095238095238,0.42857142857142855,0.5238095238095238,0.5238095238095238,0.38095238095238093,0.42857142857142855,0.9047619047619048,0.7619047619047619,0.3333333333333333,0.38095238095238093,0.5714285714285714,0.9047619047619048,0.6190476190476191,0.47619047619047616,0.7142857142857143,0.47619047619047616,0.5714285714285714,0.42857142857142855,0.47619047619047616,0.42857142857142855,0.47619047619047616,0.6190476190476191,0.42857142857142855,0.47619047619047616,0.9047619047619048,0.42857142857142855,0.42857142857142855,0.9047619047619048,0.42857142857142855,0.42857142857142855,0.42857142857142855,0.47619047619047616,0.6666666666666666,0.47619047619047616,0.38095238095238093,0.38095238095238093,0.6666666666666666,0.6190476190476191,0.42857142857142855,0.5238095238095238,0.38095238095238093,0.6190476190476191,0.8095238095238095,0.42857142857142855,0.42857142857142855,0.42857142857142855,0.8095238095238095,0.38095238095238093,0.42857142857142855,0.47619047619047616,0.5238095238095238,0.42857142857142855,0.5238095238095238,0.47619047619047616,0.5238095238095238,0.5714285714285714,0.38095238095238093
N,0.45454545454545453,0.5909090909090909,0.5909090909090909,0.7727272727272727,0.4090909090909091,0.5454545454545454,0.36363636363636365,0.3181818181818182,0.5454545454545454,0.36363636363636365,0.36363636363636365,0.4090909090909091,0.5909090909090909,0.36363636363636365,0.36363636363636365,0.5909090909090909,0.6818181818181818,0.6363636363636364,0.6363636363636364,0.8181818181818182,0.5909090909090909,0.6818181818181818,0.4090909090909091,0.36363636363636365,0.5454545454545454,0.3181818181818182,0.5454545454545454,0.7272727272727273,0.7272727272727273,0.7727272727272727,0.5454545454545454,0.5909090909090909,0.5,0.36363636363636365,0.5454545454545454,0.36363636363636365,0.5454545454545454,0.7272727272727273,0.45454545454545453,0.5909090909090909,0.5454545454545454,0.4090909090909091,0.45454545454545453,0.5,0.5,0.3181818181818182,0.5,0.5,0.5,0.5454545454545454,0.8636363636363636,0.5454545454545454,0.5909090909090909,0.8636363636363636,0.4090909090909091,0.9545454545454546,0.4090909090909091,0.6363636363636364,0.5454545454545454,0.36363636363636365,0.5454545454545454,0.5,0.5,0.36363636363636365,0.5,0.4090909090909091,0.4090909090909091,0.4090909090909091,0.5909090909090909,0.5454545454545454,0.9090909090909091,0.36363636363636365,0.4090909090909091,0.5454545454545454,0.5454545454545454,0.45454545454545453,0.6818181818181818,0.5,0.5454545454545454,0.5909090909090909,0.4090909090909091,0.45454545454545453,0.4090909090909091,0.5454545454545454,0.4090909090909091,0.5,0.6363636363636364,0.5909090909090909,0.45454545454545453,0.5909090909090909,0.5,0.5454545454545454,0.5454545454545454,0.45454545454545453
D,0.4090909090909091,0.8636363636363636,0.5454545454545454,0.5454545454545454,0.4090909090909091,0.5,0.36363636363636365,0.3181818181818182,0.5,0.36363636363636365,0.36363636363636365,0.36363636363636365,0.6363636363636364,0.36363636363636365,0.36363636363636365,0.6363636363636364,0.8636363636363636,0.5909090909090909,0.5909090909090909,0.5454545454545454,0.5909090909090909,0.6818181818181818,0.4090909090909091,0.36363636363636365,0.5454545454545454,0.3181818181818182,0.5454545454545454,0.5909090909090909,0.5909090909090909,0.8181818181818182,0.5909090909090909,0.5454545454545454,0.5909090909090909,0.36363636363636365,0.5,0.36363636363636365,0.45454545454545453,0.8636363636363636,0.5,0.8181818181818182,0.6363636363636364,0.4090909090909091,0.45454545454545453,0.45454545454545453,0.45454545454545453,0.3181818181818182,0.45454545454545453,0.5454545454545454,0.45454545454545453,0.5,0.5909090909090909,0.5,0.5,0.5909090909090909,0.36363636363636365,0.6363636363636364,0.36363636363636365,0.9090909090909091,0.5,0.36363636363636365,0.5,0.45454545454545453,0.45454545454545453,0.36363636363636365,0.45454545454545453,0.36363636363636365,0.36363636363636365,0.36363636363636365,0.8636363636363636,0.5,0.5909090909090909,0.36363636363636365,0.4090909090909091,0.5,0.5,0.4090909090909091,0.5454545454545454,0.45454545454545453,0.5454545454545454,0.5,0.36363636363636365,0.4090909090909091,0.36363636363636365,0.5,0.36363636363636365,0.7272727272727273,0.5,0.6818181818181818,0.45454545454545453,0.7727272727272727,0.45454545454545453,0.5,0.5,0.4090909090909091
C,0.44,0.36,0.44,0.44,0.44,0.4,0.44,0.36,0.32,0.36,0.44,0.44,0.36,0.44,0.44,0.44,0.36,0.48,0.44,0.72,0.44,0.4,0.76,0.44,0.72,0.36,0.4,0.4,0.44,0.44,0.36,0.48,0.32,0.36,0.36,0.44,0.52,0.36,0.44,0.32,0.36,0.44,0.44,0.32,0.4,0.36,0.36,0.44,0.56,0.32,0.44,0.36,0.36,0.36,0.4,0.36,0.36,0.32,0.32,0.44,0.44,0.32,0.44,0.44,0.32,0.36,0.36,0.36,0.32,0.36,0.36,0.44,0.44,0.48,0.32,0.44,0.44,0.36,0.36,0.36,0.36,0.44,0.52,0.36,0.36,0.52,0.76,0.4,0.36,0.4,0.48,0.44,0.44,0.92
Q,0.47619047619047616,0.5238095238095238,0.47619047619047616,0.47619047619047616,0.3333333333333333,0.7619047619047619,0.38095238095238093,0.3333333333333333,0.9047619047619048,0.2857142857142857,0.38095238095238093,0.38095238095238093,0.6666666666666666,0.38095238095238093,0.38095238095238093,0.5238095238095238,0.5714285714285714,0.6190476190476191,0.6190476190476191,0.5238095238095238,0.6190476190476191,0.5714285714285714,0.38095238095238093,0.3333333333333333,0.5714285714285714,0.3333333333333333,0.47619047619047616,0.42857142857142855,0.5714285714285714,0.5238095238095238,0.42857142857142855,0.5238095238095238,0.5714285714285714,0.2857142857142857,0.5238095238095238,0.38095238095238093,0.42857142857142855,0.5714285714285714,0.5238095238095238,0.5714285714285714,0.5714285714285714,0.38095238095238093,0.42857142857142855,0.5238095238095238,0.47619047619047616,0.3333333333333333,0.38095238095238093,0.5714285714285714,0.5714285714285714,0.5238095238095238,0.5238095238095238,0.5238095238095238,0.42857142857142855,0.5238095238095238,0.42857142857142855,0.47619047619047616,0.38095238095238093,0.47619047619047616,0.5238095238095238,0.38095238095238093,0.47619047619047616,0.5238095238095238,0.42857142857142855,0.38095238095238093,0.5238095238095238,0.38095238095238093,0.38095238095238093,0.38095238095238093,0.5714285714285714,0.5238095238095238,0.47619047619047616,0.3333333333333333,0.38095238095238093,0.6190476190476191,0.5238095238095238,0.38095238095238093,0.5238095238095238,0.38095238095238093,0.7619047619047619,0.5238095238095238,0.38095238095238093,0.38095238095238093,0.38095238095238093,0.5714285714285714,0.2857142857142857,0.38095238095238093,0.47619047619047616,0.5714285714285714,0.42857142857142855,0.5238095238095238,0.42857142857142855,0.6666666666666666,0.47619047619047616,0.3333333333333333
E,0.45,0.75,0.55,0.55,0.4,0.6,0.4,0.35,0.65,0.35,0.4,0.4,0.9,0.4,0.4,0.6,0.7,0.65,0.65,0.55,0.65,0.6,0.4,0.35,0.55,0.35,0.75,0.5,0.65,0.7,0.55,0.55,0.95,0.35,0.6,0.4,0.5,0.65,0.5,0.85,0.9,0.4,0.5,0.55,0.5,0.35,0.45,0.7,0.55,0.6,0.55,0.6,0.5,0.55,0.4,0.5,0.4,0.75,0.6,0.4,0.55,0.55,0.5,0.4,0.55,0.4,0.4,0.4,0.7,0.6,0.5,0.35,0.4,0.6,0.6,0.45,0.55,0.45,0.65,0.55,0.4,0.45,0.4,0.6,0.35,0.5,0.55,0.55,0.5,0.8,0.5,0.6,0.5,0.4
G,0.4,0.5,0.55,0.6,0.4,0.45,0.35,0.4,0.45,0.35,0.35,0.35,0.45,0.35,0.35,0.55,0.5,0.65,0.6,0.5,0.65,0.6,0.4,0.35,0.5,0.4,0.45,0.85,0.6,0.55,0.9,0.7,0.4,0.35,0.45,0.35,0.45,0.5,0.5,0.45,0.5,0.35,0.55,0.45,0.4,0.4,0.95,0.45,0.4,0.45,0.6,0.45,0.45,0.6,0.4,0.5,0.35,0.45,0.45,0.35,0.5,0.4,0.7,0.35,0.4,0.35,0.35,0.35,0.45,0.45,0.65,0.35,0.35,0.5,0.45,0.4,0.55,0.95,0.45,0.45,0.4,0.45,0.35,0.45,0.35,0.4,0.55,0.45,0.7,0.45,0.5,0.6,0.75,0.45
H,0.34782608695652173,0.391304347826087,0.391304347826087,0.43478260869565216,0.30434782608695654,0.5652173913043478,0.30434782608695654,0.30434782608695654,0.43478260869565216,0.34782608695652173,0.30434782608695654,0.30434782608695654,0.5652173913043478,0.30434782608695654,0.30434782608695654,0.43478260869565216,0.43478260869565216,0.4782608695652174,0.43478260869565216,0.6521739130434783,0.4782608695652174,0.7391304347826086,0.391304347826087,0.2608695652173913,0.43478260869565216,0.30434782608695654,0.391304347826087,0.391304347826087,0.43478260869565216,0.4782608695652174,0.34782608695652173,0.43478260869565216,0.43478260869565216,0.34782608695652173,0.391304347826087,0.30434782608695654,0.43478260869565216,0.43478260869565216,0.34782608695652173,0.4782608695652174,0.43478260869565216,0.30434782608695654,0.34782608695652173,0.43478260869565216,0.391304347826087,0.30434782608695654,0.34782608695652173,0.43478260869565216,0.43478260869565216,0.391304347826087,0.5217391304347826,0.391304347826087,0.4782608695652174,0.5652173913043478,0.34782608695652173,0.43478260869565216,0.4782608695652174,0.391304347826087,0.391304347826087,0.30434782608695654,0.391304347826087,0.391304347826087,0.34782608695652173,0.30434782608695654,0.391304347826087,0.4782608695652174,0.4782608695652174,0.4782608695652174,0.5217391304347826,0.391304347826087,0.43478260869565216,0.2608695652173913,0.30434782608695654,0.6086956521739131,0.391304347826087,0.30434782608695654,0.6956521739130435,0.34782608695652173,0.43478260869565216,0.43478260869565216,0.43478260869565216,0.30434782608695654,0.4782608695652174,0.43478260869565216,0.34782608695652173,0.30434782608695654,0.391304347826087,0.6086956521739131,0.391304347826087,0.4782608695652174,0.34782608695652173,0.4782608695652174,0.391304347826087,0.30434782608695654
I,0.6818181818181818,0.45454545454545453,0.5,0.45454545454545453,0.8636363636363636,0.45454545454545453,0.6363636363636364,0.36363636363636365,0.4090909090909091,0.5,0.6363636363636364,0.6363636363636364,0.4090909090909091,0.6363636363636364,0.6363636363636364,0.5909090909090909,0.4090909090909091,0.45454545454545453,0.45454545454545453,0.45454545454545453,0.5,0.4090909090909091,0.7272727272727273,0.9090909090909091,0.5,0.36363636363636365,0.5,0.4090909090909091,0.5,0.45454545454545453,0.36363636363636365,0.5454545454545454,0.36363636363636365,0.5454545454545454,0.4090909090909091,0.6363636363636364,0.6818181818181818,0.4090909090909091,0.45454545454545453,0.4090909090909091,0.4090909090909091,0.6818181818181818,0.45454545454545453,0.4090909090909091,0.5454545454545454,0.36363636363636365,0.36363636363636365,0.6363636363636364,0.4090909090909091,0.4090909090909091,0.4090909090909091,0.4090909090909091,0.45454545454545453,0.4090909090909091,0.5909090909090909,0.36363636363636365,0.45454545454545453,0.4090909090909091,0.4090909090909091,0.6363636363636364,0.4090909090909091,0.36363636363636365,0.45454545454545453,0.6363636363636364,0.4090909090909091,0.45454545454545453,0.45454545454545453,0.45454545454545453,0.4090909090909091,0.4090909090909091,0.36363636363636365,0.9090909090909091,0.8181818181818182,0.45454545454545453,0.4090909090909091,0.6818181818181818,0.5909090909090909,0.36363636363636365,0.4090909090909091,0.4090909090909091,0.5,0.6363636363636364,0.45454545454545453,0.4090909090909091,0.5454545454545454,0.6363636363636364,0.5,0.5454545454545454,0.45454545454545453,0.5,0.7272727272727273,0.5454545454545454,0.5,0.5
L,0.75,0.45,0.55,0.5,0.7,0.5,0.95,0.45,0.45,0.6,0.95,0.9,0.45,0.9,0.95,0.7,0.45,0.5,0.5,0.5,0.55,0.45,0.8,0.7,0.55,0.45,0.5,0.45,0.55,0.5,0.4,0.65,0.45,0.6,0.45,0.9,0.75,0.45,0.5,0.45,0.45,0.65,0.5,0.5,0.8,0.45,0.4,0.75,0.55,0.45,0.45,0.45,0.5,0.45,0.7,0.4,0.5,0.4,0.45,0.9,0.45,0.45,0.5,0.95,0.45,0.5,0.5,0.5,0.45,0.45,0.4,0.7,0.7,0.5,0.45,0.65,0.65,0.4,0.5,0.5,0.65,0.6,0.5,0.5,0.6,0.6,0.55,0.6,0.55,0.7,0.7,0.65,0.55,0.55
K,0.47619047619047616,0.5238095238095238,0.5238095238095238,0.5238095238095238,0.38095238095238093,0.5714285714285714,0.38095238095238093,0.3333333333333333,0.5714285714285714,0.3333333333333333,0.38095238095238093,0.42857142857142855,0.5714285714285714,0.38095238095238093,0.38095238095238093,0.5714285714285714,0.5714285714285714,0.6190476190476191,0.6190476190476191,0.5238095238095238,0.6190476190476191,0.5238095238095238,0.42857142857142855,0.38095238095238093,0.5714285714285714,0.3333333333333333,0.5238095238095238,0.5238095238095238,0.6190476190476191,0.5714285714285714,0.47619047619047616,0.5238095238095238,0.5714285714285714,0.3333333333333333,0.9047619047619048,0.38095238095238093,0.47619047619047616,0.6190476190476191,0.47619047619047616,0.5714285714285714,0.5714285714285714,0.38095238095238093,0.47619047619047616,0.7142857142857143,0.6190476190476191,0.3333333333333333,0.42857142857142855,0.5714285714285714,0.6190476190476191,0.9047619047619048,0.5238095238095238,0.8571428571428571,0.47619047619047616,0.6666666666666666,0.42857142857142855,0.5238095238095238,0.42857142857142855,0.47619047619047616,0.9047619047619048,0.38095238095238093,0.5238095238095238,0.6190476190476191,0.47619047619047616,0.38095238095238093,0.6190476190476191,0.42857142857142855,0.42857142857142855,0.42857142857142855,0.5238095238095238,0.9047619047619048,0.5238095238095238,0.38095238095238093,0.42857142857142855,0.7619047619047619,0.9047619047619048,0.42857142857142855,0.5238095238095238,0.42857142857142855,0.7619047619047619,0.8095238095238095,0.38095238095238093,0.42857142857142855,0.42857142857142855,0.8095238095238095,0.3333333333333333,0.42857142857142855,0.5238095238095238,0.5238095238095238,0.47619047619047616,0.5714285714285714,0.47619047619047616,0.5714285714285714,0.5238095238095238,0.38095238095238093
M,0.8695652173913043,0.391304347826087,0.4782608695652174,0.43478260869565216,0.5217391304347826,0.4782608695652174,0.5652173913043478,0.391304347826087,0.43478260869565216,0.4782608695652174,0.5652173913043478,0.5652173913043478,0.391304347826087,0.6086956521739131,0.5652173913043478,0.5652173913043478,0.391304347826087,0.43478260869565216,0.43478260869565216,0.43478260869565216,0.4782608695652174,0.43478260869565216,0.6086956521739131,0.5217391304347826,0.4782608695652174,0.391304347826087,0.4782608695652174,0.391304347826087,0.4782608695652174,0.391304347826087,0.34782608695652173,0.5652173913043478,0.391304347826087,0.4782608695652174,0.391304347826087,0.6086956521739131,0.5217391304347826,0.391304347826087,0.391304347826087,0.391304347826087,0.43478260869565216,0.5217391304347826,0.43478260869565216,0.43478260869565216,0.6086956521739131,0.391304347826087,0.34782608695652173,0.5652173913043478,0.43478260869565216,0.391304347826087,0.391304347826087,0.391304347826087,0.391304347826087,0.391304347826087,0.9565217391304348,0.34782608695652173,0.391304347826087,0.34782608695652173,0.391304347826087,0.6086956521739131,0.391304347826087,0.391304347826087,0.43478260869565216,0.5652173913043478,0.391304347826087,0.391304347826087,0.391304347826087,0.391304347826087,0.34782608695652173,0.391304347826087,0.391304347826087,0.5217391304347826,0.782608695652174,0.43478260869565216,0.391304347826087,0.5217391304347826,0.5652173913043478,0.34782608695652173,0.43478260869565216,0.43478260869565216,0.4782608695652174,0.5217391304347826,0.391304347826087,0.43478260869565216,0.4782608695652174,0.4782608695652174,0.43478260869565216,0.4782608695652174,0.43478260869565216,0.4782608695652174,0.6521739130434783,0.5217391304347826,0.43478260869565216,0.43478260869565216
F,0.5,0.36363636363636365,0.4090909090909091,0.36363636363636365,0.5,0.36363636363636365,0.5,0.5,0.3181818181818182,0.9090909090909091,0.5,0.5,0.36363636363636365,0.5,0.5,0.45454545454545453,0.36363636363636365,0.4090909090909091,0.4090909090909091,0.5,0.4090909090909091,0.4090909090909091,0.6363636363636364,0.5,0.4090909090909091,0.5,0.36363636363636365,0.36363636363636365,0.4090909090909091,0.36363636363636365,0.36363636363636365,0.5454545454545454,0.3181818181818182,0.9090909090909091,0.3181818181818182,0.5,0.5,0.36363636363636365,0.36363636363636365,0.36363636363636365,0.36363636363636365,0.45454545454545453,0.36363636363636365,0.36363636363636365,0.45454545454545453,0.5,0.3181818181818182,0.5,0.36363636363636365,0.3181818181818182,0.36363636363636365,0.36363636363636365,0.36363636363636365,0.36363636363636365,0.45454545454545453,0.3181818181818182,0.6363636363636364,0.3181818181818182,0.3181818181818182,0.5,0.36363636363636365,0.36363636363636365,0.4090909090909091,0.5,0.36363636363636365,0.6363636363636364,0.6363636363636364,0.6363636363636364,0.36363636363636365,0.3181818181818182,0.36363636363636365,0.5,0.5,0.4090909090909091,0.3181818181818182,0.45454545454545453,0.45454545454545453,0.3181818181818182,0.36363636363636365,0.36363636363636365,0.8181818181818182,0.45454545454545453,0.6363636363636364,0.36363636363636365,0.9090909090909091,0.45454545454545453,0.6818181818181818,0.6818181818181818,0.36363636363636365,0.45454545454545453,0.5454545454545454,0.45454545454545453,0.4090909090909091,0.4090909090909091
P,0.45454545454545453,0.5,0.7727272727272727,0.7272727272727273,0.4090909090909091,0.5454545454545454,0.4090909090909091,0.3181818181818182,0.45454545454545453,0.36363636363636365,0.4090909090909091,0.4090909090909091,0.5,0.4090909090909091,0.4090909090909091,0.5,0.5,0.7272727272727273,0.5,0.45454545454545453,0.5909090909090909,0.5454545454545454,0.4090909090909091,0.4090909090909091,0.5,0.3181818181818182,0.5,0.5,0.5454545454545454,0.5,0.45454545454545453,0.5909090909090909,0.5,0.36363636363636365,0.5,0.4090909090909091,0.45454545454545453,0.5,0.8636363636363636,0.5,0.5,0.4090909090909091,0.5,0.45454545454545453,0.45454545454545453,0.3181818181818182,0.45454545454545453,0.5,0.45454545454545453,0.5,0.45454545454545453,0.5,0.9090909090909091,0.45454545454545453,0.4090909090909091,0.45454545454545453,0.36363636363636365,0.45454545454545453,0.5,0.4090909090909091,0.5,0.4090909090909091,0.5,0.4090909090909091,0.4090909090909091,0.36363636363636365,0.36363636363636365,0.36363636363636365,0.45454545454545453,0.5,0.45454545454545453,0.4090909090909091,0.4090909090909091,0.5,0.5,0.45454545454545453,0.5909090909090909,0.45454545454545453,0.5,0.45454545454545453,0.36363636363636365,0.45454545454545453,0.36363636363636365,0.5,0.36363636363636365,0.45454545454545453,0.45454545454545453,0.5909090909090909,0.9090909090909091,0.5,0.5454545454545454,0.5909090909090909,0.5,0.4090909090909091
S,0.47368421052631576,0.5263157894736842,0.7368421052631579,0.6842105263157895,0.42105263157894735,0.5789473684210527,0.3684210526315789,0.3157894736842105,0.47368421052631576,0.3684210526315789,0.3684210526315789,0.3684210526315789,0.5263157894736842,0.3684210526315789,0.3684210526315789,0.631578947368421,0.631578947368421,0.631578947368421,0.6842105263157895,0.5263157894736842,0.631578947368421,0.631578947368421,0.47368421052631576,0.3684210526315789,0.6842105263157895,0.3157894736842105,0.5789473684210527,0.6842105263157895,0.631578947368421,0.5789473684210527,0.5263157894736842,0.5789473684210527,0.5263157894736842,0.3684210526315789,0.5263157894736842,0.3684210526315789,0.5263157894736842,0.5263157894736842,0.5789473684210527,0.5263157894736842,0.5263157894736842,0.42105263157894735,0.5789473684210527,0.47368421052631576,0.47368421052631576,0.3157894736842105,0.5263157894736842,0.5263157894736842,0.47368421052631576,0.5263157894736842,0.6842105263157895,0.5263157894736842,0.5263157894736842,0.5789473684210527,0.42105263157894735,0.5789473684210527,0.42105263157894735,0.5263157894736842,0.5263157894736842,0.3684210526315789,0.8947368421052632,0.47368421052631576,0.631578947368421,0.3684210526315789,0.47368421052631576,0.42105263157894735,0.42105263157894735,0.42105263157894735,0.5263157894736842,0.5263157894736842,0.5789473684210527,0.3684210526315789,0.42105263157894735,0.5789473684210527,0.5263157894736842,0.47368421052631576,0.631578947368421,0.5263157894736842,0.5263157894736842,0.5263157894736842,0.42105263157894735,0.5263157894736842,0.42105263157894735,0.5263157894736842,0.3684210526315789,0.47368421052631576,0.6842105263157895,0.5263157894736842,0.5263157894736842,0.5263157894736842,0.5263157894736842,0.5789473684210527,0.631578947368421,0.47368421052631576
T,0.5,0.45,0.7,0.6,0.5,0.75,0.45,0.35,0.45,0.35,0.45,0.45,0.5,0.45,0.45,0.6,0.5,0.55,0.6,0.5,0.55,0.5,0.45,0.45,0.65,0.35,0.85,0.5,0.65,0.5,0.45,0.55,0.45,0.35,0.45,0.45,0.6,0.45,0.5,0.45,0.45,0.5,0.5,0.45,0.45,0.35,0.4,0.5,0.45,0.45,0.5,0.45,0.65,0.5,0.45,0.5,0.4,0.45,0.45,0.45,0.55,0.4,0.5,0.45,0.4,0.4,0.4,0.4,0.45,0.45,0.5,0.45,0.45,0.65,0.45,0.65,0.5,0.4,0.45,0.45,0.4,0.55,0.4,0.45,0.35,0.5,0.6,0.45,0.45,0.5,0.5,0.55,0.5,0.45
W,0.4230769230769231,0.3076923076923077,0.38461538461538464,0.34615384615384615,0.34615384615384615,0.38461538461538464,0.38461538461538464,0.9615384615384616,0.34615384615384615,0.5,0.38461538461538464,0.38461538461538464,0.34615384615384615,0.38461538461538464,0.38461538461538464,0.38461538461538464,0.3076923076923077,0.38461538461538464,0.38461538461538464,0.4230769230769231,0.38461538461538464,0.34615384615384615,0.4230769230769231,0.34615384615384615,0.38461538461538464,0.9615384615384616,0.34615384615384615,0.34615384615384615,0.38461538461538464,0.34615384615384615,0.34615384615384615,0.7307692307692307,0.34615384615384615,0.5,0.34615384615384615,0.38461538461538464,0.38461538461538464,0.3076923076923077,0.34615384615384615,0.34615384615384615,0.34615384615384615,0.34615384615384615,0.34615384615384615,0.5384615384615384,0.38461538461538464,0.9615384615384616,0.34615384615384615,0.38461538461538464,0.34615384615384615,0.34615384615384615,0.34615384615384615,0.34615384615384615,0.3076923076923077,0.34615384615384615,0.38461538461538464,0.3076923076923077,0.5384615384615384,0.3076923076923077,0.34615384615384615,0.38461538461538464,0.34615384615384615,0.34615384615384615,0.34615384615384615,0.38461538461538464,0.5384615384615384,0.5384615384615384,0.5384615384615384,0.5384615384615384,0.3076923076923077,0.34615384615384615,0.3076923076923077,0.34615384615384615,0.38461538461538464,0.34615384615384615,0.34615384615384615,0.34615384615384615,0.38461538461538464,0.34615384615384615,0.34615384615384615,0.34615384615384615,0.5384615384615384,0.34615384615384615,0.5384615384615384,0.34615384615384615,0.5,0.34615384615384615,0.4230769230769231,0.46153846153846156,0.34615384615384615,0.5,0.38461538461538464,0.38461538461538464,0.38461538461538464,0.38461538461538464
Y,0.43478260869565216,0.34782608695652173,0.4782608695652174,0.391304347826087,0.43478260869565216,0.43478260869565216,0.43478260869565216,0.5652173913043478,0.391304347826087,0.6086956521739131,0.43478260869565216,0.4782608695652174,0.391304347826087,0.43478260869565216,0.43478260869565216,0.43478260869565216,0.391304347826087,0.43478260869565216,0.43478260869565216,0.6086956521739131,0.43478260869565216,0.5217391304347826,0.4782608695652174,0.391304347826087,0.43478260869565216,0.5652173913043478,0.391304347826087,0.391304347826087,0.43478260869565216,0.391304347826087,0.34782608695652173,0.5217391304347826,0.391304347826087,0.6086956521739131,0.391304347826087,0.43478260869565216,0.43478260869565216,0.34782608695652173,0.391304347826087,0.391304347826087,0.391304347826087,0.43478260869565216,0.391304347826087,0.391304347826087,0.43478260869565216,0.5652173913043478,0.34782608695652173,0.43478260869565216,0.391304347826087,0.391304347826087,0.391304347826087,0.391304347826087,0.391304347826087,0.391304347826087,0.391304347826087,0.34782608695652173,0.9130434782608695,0.34782608695652173,0.391304347826087,0.43478260869565216,0.391304347826087,0.391304347826087,0.391304347826087,0.43478260869565216,0.391304347826087,0.9130434782608695,0.9130434782608695,0.9130434782608695,0.34782608695652173,0.391304347826087,0.391304347826087,0.391304347826087,0.43478260869565216,0.43478260869565216,0.391304347826087,0.43478260869565216,0.4782608695652174,0.34782608695652173,0.391304347826087,0.391304347826087,0.8260869565217391,0.43478260869565216,0.9130434782608695,0.391304347826087,0.6086956521739131,0.391304347826087,0.5217391304347826,0.6956521739130435,0.34782608695652173,0.43478260869565216,0.43478260869565216,0.43478260869565216,0.391304347826087,0.391304347826087
V,0.65,0.45,0.55,0.5,0.75,0.5,0.6,0.35,0.4,0.5,0.6,0.65,0.45,0.6,0.6,0.6,0.4,0.45,0.5,0.45,0.5,0.45,0.65,0.7,0.55,0.35,0.5,0.4,0.5,0.45,0.4,0.55,0.4,0.5,0.4,0.6,0.7,0.4,0.5,0.4,0.45,0.9,0.55,0.4,0.55,0.35,0.35,0.65,0.45,0.4,0.45,0.4,0.45,0.4,0.55,0.4,0.45,0.4,0.4,0.6,0.45,0.4,0.55,0.6,0.4,0.45,0.45,0.45,0.5,0.4,0.4,0.7,0.65,0.45,0.4,0.9,0.55,0.35,0.45,0.4,0.5,0.85,0.45,0.45,0.5,0.85,0.5,0.5,0.5,0.5,0.7,0.55,0.55,0.55
