,M,G,H,H.1,H.2,H.3,H.4,H.5,S,G.1,Q,R,K,R.1,G.2,R.2,Q.1,S.1,K.1,D,E,Q.2,L,A,S.2,D.1,N,E.1,L.1,P,V,S.3,A.1,F,Q.3,I,S.4,E.2,M.1,S.5,L.2,S.6,E.3,L.3,Q.4,Q.5,V.1,L.4,K.2,N.1,E.4,S.7,L.5,S.8,E.5,Y,Q.6,R.3,Q.7,L.6,I.1,R.4,K.3,I.2,R.5,R.6,R.7,G.3,K.4,N.2,K.5,V.2,A.2,A.3,R.8,T,C,R.9,Q.8,R.10,R.11,T.1,D.2,R.12,H.6,D.3,K.6,M.2,S.9,H.7,Y.1,I.3
ASA,0.8483563096500529,0.3340402969247083,0.7460233297985154,0.7539766702014846,0.711558854718982,0.7020148462354189,0.6988335100742311,0.6876988335100742,0.4034994697773064,0.2916224814422057,0.6776246023329797,0.8250265111346766,0.7195121951219512,0.8006362672322375,0.28048780487804875,0.8218451749734887,0.6150583244962884,0.2221633085896076,0.6129374337221632,0.24284199363732764,0.4522799575821844,0.5646871686108165,0.29480381760339336,0.08059384941675503,0.35790031813361606,0.5795334040296923,0.3255567338282078,0.8069989395546129,0.1903499469777306,0.3812301166489925,0.10869565217391303,0.24867444326617175,0.17603393425238595,0.66118769883351,0.40455991516436896,0.0625662778366914,0.2386002120890774,0.6908801696712619,0.2189819724284199,0.32661717921527034,0.3722163308589607,0.4194061505832449,0.46235418875927886,0.1033934252386002,0.4050901378579002,0.5715800636267231,0.17868504772004237,0.12354188759278896,0.7110286320254507,0.5737009544008483,0.38706256627783664,0.4581124072110285,0.1691410392364793,0.26988335100742306,0.7486744432661718,0.717391304347826,0.18292682926829265,0.5010604453870625,0.5408271474019087,0.24761399787910918,0.16065747613997877,0.64050901378579,0.5747613997879109,0.21208907741251323,0.5885471898197242,0.7444326617179214,0.6251325556733827,0.20095440084835628,0.7513255567338282,0.42258748674443264,0.6161187698833509,0.457051961823966,0.2375397667020148,0.19459172852598086,0.7020148462354189,0.3950159066808059,0.2179215270413573,0.6224814422057263,0.5954400848356308,0.6489925768822904,0.5837751855779426,0.3806998939554612,0.4676564156945917,0.6267232237539766,0.5079533404029691,0.46924708377518554,0.6267232237539766,0.46023329798515367,0.40455991516436896,0.7725344644750796,0.7523860021208907,0.6155885471898196
HSE_alpha_up,0.07167235494880546,0.051194539249146756,0.13651877133105803,0.11262798634812288,0.14675767918088736,0.1501706484641638,0.1569965870307167,0.16723549488054607,0.1774744027303754,0.11945392491467577,0.11262798634812288,0.12969283276450513,0.1433447098976109,0.1706484641638225,0.11604095563139931,0.13993174061433444,0.17406143344709896,0.37542662116040953,0.20136518771331055,0.43344709897610917,0.26279863481228666,0.07167235494880546,0.2696245733788396,0.5767918088737202,0.14675767918088736,0.0341296928327645,0.33788395904436863,0.0477815699658703,0.6211604095563141,0.2798634812286689,0.68259385665529,0.1843003412969283,0.6279863481228669,0.11604095563139931,0.22866894197952214,0.7508532423208191,0.4129692832764505,0.07167235494880546,0.5802047781569966,0.08191126279863481,0.5221843003412969,0.04436860068259385,0.1569965870307167,0.6143344709897611,0.32764505119453924,0.061433447098976114,0.3890784982935154,0.6382252559726963,0.09556313993174062,0.08532423208191126,0.45051194539249145,0.06484641638225255,0.658703071672355,0.1433447098976109,0.09897610921501707,0.08873720136518772,0.515358361774744,0.35153583617747436,0.07849829351535836,0.31740614334470985,0.5563139931740615,0.1569965870307167,0.10580204778156997,0.4266211604095563,0.2525597269624573,0.08532423208191126,0.1843003412969283,0.2764505119453925,0.05802047781569966,0.1911262798634812,0.17406143344709896,0.09897610921501707,0.20477815699658702,0.341296928327645,0.09897610921501707,0.11945392491467577,0.33788395904436863,0.20136518771331055,0.06825938566552901,0.12969283276450513,0.22184300341296928,0.1706484641638225,0.10238907849829351,0.15358361774744028,0.19453924914675766,0.10238907849829351,0.10238907849829351,0.23890784982935154,0.09897610921501707,0.03754266211604096,0.1569965870307167,0.24232081911262796
HSE_alpha_down,0.0528169014084507,0.1549295774647887,0.21126760563380276,0.18309859154929578,0.1971830985915493,0.22183098591549294,0.21830985915492956,0.22183098591549294,0.26408450704225345,0.26408450704225345,0.24647887323943657,0.21830985915492956,0.2323943661971831,0.23943661971830985,0.29225352112676056,0.2852112676056338,0.26408450704225345,0.27464788732394363,0.4507042253521127,0.41197183098591544,0.471830985915493,0.5633802816901408,0.5035211267605634,0.34859154929577457,0.4753521126760563,0.46830985915492956,0.2676056338028169,0.5457746478873239,0.2605633802816901,0.5845070422535211,0.3943661971830985,0.7077464788732394,0.36619718309859145,0.5915492957746479,0.5492957746478874,0.3943661971830985,0.482394366197183,0.5704225352112675,0.15140845070422534,0.6338028169014084,0.28873239436619713,0.5246478873239437,0.5140845070422535,0.35915492957746475,0.5176056338028169,0.6126760563380282,0.46478873239436613,0.3415492957746478,0.471830985915493,0.43309859154929575,0.2077464788732394,0.5563380281690141,0.1901408450704225,0.5352112676056338,0.3626760563380282,0.47887323943661975,0.3697183098591549,0.4964788732394366,0.602112676056338,0.5105633802816901,0.42605633802816906,0.5598591549295775,0.5633802816901408,0.4154929577464789,0.4612676056338028,0.471830985915493,0.3732394366197183,0.38028169014084506,0.41197183098591544,0.3274647887323944,0.3345070422535211,0.471830985915493,0.4366197183098592,0.3732394366197183,0.48591549295774644,0.5140845070422535,0.3697183098591549,0.4295774647887323,0.44718309859154926,0.4049295774647887,0.33802816901408456,0.40140845070422526,0.4295774647887323,0.3732394366197183,0.35915492957746475,0.40140845070422526,0.352112676056338,0.25,0.2676056338028169,0.2676056338028169,0.24647887323943657,0.17605633802816897
P(C),0.976,0.963,0.875,0.835,0.804,0.8059999999999999,0.809,0.8370000000000001,0.8540000000000001,0.831,0.8,0.821,0.8079999999999999,0.818,0.847,0.836,0.907,0.873,0.315,0.154,0.037000000000000005,0.018000000000000002,0.018000000000000002,0.027999999999999997,0.049,0.125,0.7170000000000001,0.995,0.9890000000000001,0.988,0.903,0.9520000000000001,0.032,0.023,0.017,0.052000000000000005,0.27399999999999997,0.57,0.9940000000000001,0.983,0.022000000000000002,0.008,0.002,0.001,0.002,0.004,0.009000000000000001,0.053,0.289,0.616,0.8959999999999999,0.9420000000000001,0.9740000000000001,0.995,0.032,0.022000000000000002,0.01,0.005,0.005,0.004,0.005,0.01,0.027999999999999997,0.043,0.109,0.198,0.285,0.34700000000000003,0.318,0.368,0.084,0.032,0.015,0.01,0.011000000000000001,0.017,0.021,0.034,0.034,0.067,0.055999999999999994,0.085,0.13699999999999998,0.134,0.159,0.19899999999999998,0.28600000000000003,0.35,0.536,0.6709999999999999,0.841,0.997
P(H),0.015,0.032,0.099,0.134,0.157,0.15,0.14300000000000002,0.11800000000000001,0.113,0.14800000000000002,0.17300000000000001,0.153,0.15,0.142,0.11900000000000001,0.111,0.06,0.09300000000000001,0.684,0.846,0.963,0.982,0.981,0.972,0.951,0.875,0.282,0.003,0.0,0.0,0.0,0.0,0.968,0.977,0.982,0.948,0.722,0.42200000000000004,0.0,0.0,0.978,0.992,0.998,0.9990000000000001,0.998,0.996,0.991,0.9470000000000001,0.71,0.382,0.099,0.037000000000000005,0.001,0.002,0.968,0.978,0.99,0.995,0.995,0.996,0.995,0.99,0.972,0.9570000000000001,0.8909999999999999,0.802,0.7140000000000001,0.652,0.6809999999999999,0.632,0.9159999999999999,0.968,0.985,0.99,0.9890000000000001,0.983,0.9790000000000001,0.966,0.966,0.9329999999999999,0.9440000000000001,0.915,0.863,0.865,0.84,0.8,0.713,0.648,0.46,0.326,0.154,0.003
P(E),0.009000000000000001,0.005,0.026000000000000002,0.031,0.039,0.044000000000000004,0.048,0.044000000000000004,0.033,0.021,0.027000000000000003,0.025,0.040999999999999995,0.04,0.034,0.053,0.032,0.034,0.001,0.0,0.0,0.0,0.0,0.0,0.0,0.0,0.001,0.002,0.011000000000000001,0.012,0.09699999999999999,0.047,0.0,0.0,0.0,0.0,0.003,0.008,0.006,0.017,0.0,0.0,0.0,0.0,0.0,0.0,0.0,0.0,0.001,0.001,0.005,0.02,0.025,0.003,0.0,0.0,0.0,0.0,0.0,0.0,0.0,0.0,0.0,0.0,0.0,0.0,0.0,0.001,0.001,0.001,0.0,0.0,0.0,0.0,0.0,0.0,0.0,0.0,0.0,0.0,0.0,0.0,0.0,0.001,0.001,0.001,0.001,0.002,0.003,0.004,0.005,0.0
cosPhi,0.4651217100052773,0.6881124180812072,0.5287820573173527,0.5226815286105617,0.5078536706177318,0.5069811008023946,0.5061085097214136,0.49214632938226827,0.5017453283658984,0.7081407131465551,0.5643978963723617,0.5435779377468071,0.5165776144434076,0.5095987358195517,0.6929533150467896,0.5348782899947226,0.5113436840638051,0.4991273344879057,0.6905354783771924,0.6929533150467896,0.7144678933547717,0.7081407131465551,0.7009741944291051,0.7144678933547717,0.7081407131465551,0.6791842476857969,0.48167811774090646,0.7708545176762868,0.43387170415231013,0.6378188878186164,0.2025881536402981,0.6056625591609343,0.7439302010962144,0.7097263606545217,0.6816258918684717,0.6905354783771924,0.6594798975507479,0.48952877410973655,0.5730416255299351,0.6677260403364309,0.7597599515766854,0.7191859072336816,0.6913420076130142,0.7160432034535237,0.7176158811340207,0.7017729554939025,0.695365861803785,0.7001748211620578,0.682438670038724,0.5409693167148424,0.4747034914328672,0.5470542283269272,0.4668629993294745,0.6369798179783569,0.7484873589815724,0.6985742477631887,0.7033686312859602,0.7215359328305254,0.7073469371354844,0.7009741944291051,0.7136792571456334,0.7097263606545217,0.6969712547997766,0.6945622714053135,0.6985742477631887,0.6889206811518128,0.6553384514092971,0.6799986782136206,0.664433573815883,0.5244249220990809,0.6921479539878974,0.7001748211620578,0.6945622714053135,0.7041655411525153,0.7033686312859602,0.6929533150467896,0.6832508924691479,0.7009741944291051,0.6985742477631887,0.6889206811518128,0.6799986782136206,0.6873035819875529,0.6840625566855733,0.6791842476857969,0.6832508924691479,0.68487366021553,0.6751039573282444,0.6586525698441671,0.6511851756433543,0.5996841190361557,0.5322662032707044,0.4904012641804482
cosPsi,0.18466209628435704,0.020097354012406587,0.3705904774487396,0.6073676635835317,0.5996839672085986,0.5574685752464333,0.5296531867879809,0.35966664553960614,0.2218521922498476,0.7316480175599309,0.9954915998574182,0.9635919272833937,0.6090716206982713,0.3841260482529213,0.0170370868554659,0.820724815784579,0.5851047495830163,0.0718664576998359,0.940238676754581,0.8907602362094094,0.88581229169386,0.8880232035332729,0.882460700459216,0.8762074544478622,0.8998423292435453,0.9267753986376637,0.9998507448905916,0.8982649590120981,0.20681382163210532,0.1470642146606596,0.08209631931586497,0.0390684242057498,0.9080687950400801,0.8982649590120981,0.906041763445903,0.8863667867486755,0.9466856941639188,0.998900734146025,0.09092514128748819,0.04429836168227741,0.900887822121877,0.8987919644126143,0.8972073102677091,0.8715724127386971,0.88581229169386,0.891304078426207,0.8818980143173211,0.891304078426207,0.9244858438145708,0.9919425189667708,0.3680634750173135,0.8092041976787772,0.10599462319663905,0.02314152462588659,0.9055319094946633,0.8993177550236464,0.88581229169386,0.8846997775234475,0.88581229169386,0.8802029828000155,0.876781696150819,0.8869201048632531,0.8923881852665416,0.882460700459216,0.895611766483745,0.9065503805235138,0.9281335423001641,0.9486291848371642,0.9312568346036287,0.9957224306869052,0.9150061425476838,0.8891215742630105,0.8863667867486755,0.8835825759076499,0.891304078426207,0.8923881852665416,0.8945420424173454,0.8945420424173454,0.8966766701456176,0.900887822121877,0.9100759379368861,0.8993177550236464,0.9080687950400801,0.902446898677957,0.900887822121877,0.905020820222898,0.916942911033584,0.9267753986376637,0.9478558801197065,0.9784067920288038,0.9999992384566438,0.4712179865202164
cosTheta,0.5110335133710788,0.5657423699954793,0.6125148347445839,0.6325217562723264,0.6234124726499435,0.6179590187154412,0.6143285235203598,0.5854381791479824,0.5550593800552244,0.6288750470388969,0.6987934170919944,0.6765770305926079,0.6252323247861793,0.5980434649000398,0.5944364189981018,0.6508135502901337,0.6197758140756281,0.4407031099056116,0.8436112251558784,0.8626237399866394,0.8892877913393025,0.9064510285484684,0.8950072481451073,0.8931005687381673,0.9045433199152968,0.9274445240299996,0.8322197914786892,0.8778545285241318,0.4764188238912266,0.5854381791479824,0.2527449375581969,0.40073558473986254,0.9083588883829982,0.9026357682946959,0.8911940812004017,0.8702370421398182,0.8721410359634416,0.8284256038262023,0.4172743049990605,0.43733697103839814,0.9331721806934432,0.9179002521523817,0.9007283794973978,0.8931005687381673,0.8988211593336403,0.9121750384090034,0.8911940812004017,0.885475827874041,0.8931005687381673,0.8189470411791314,0.5675270616958156,0.7006500116771817,0.40238192704048714,0.3990909341375421,0.929353663420459,0.8988211593336403,0.8911940812004017,0.9007283794973978,0.9102668936072146,0.8950072481451073,0.8892877913393025,0.8969141136131461,0.9045433199152968,0.8797595104028672,0.8797595104028672,0.8950072481451073,0.8550149931262024,0.7623201899193595,0.8474111723980943,0.7099445430145461,0.8436112251558784,0.8816647247899545,0.8759497849566534,0.8778545285241318,0.8892877913393025,0.885475827874041,0.8683333098316364,0.8778545285241318,0.8950072481451073,0.885475827874041,0.860721111722981,0.8531135616384846,0.866429844837995,0.860721111722981,0.8588187739619387,0.8721410359634416,0.8759497849566534,0.8474111723980943,0.841711762574649,0.8303225061014257,0.7585622406462708,0.5962393938691725
cosTau,0.006857199231384281,0.8934675109806687,0.28869086912965036,0.00010965826257719469,0.07971669825215788,0.044658169596911546,0.012619402904389176,0.00019494247982282387,0.040089251339131216,0.9290324528618223,0.7424048101231686,0.6090716206982713,0.3421754815264487,0.00040280244277701716,0.991785735406693,0.9364610386349048,0.3646997770120682,0.0007316648368941858,0.23282382530508683,0.7889288121917527,0.7875026260216393,0.8105738901391552,0.8173652566011338,0.8098895158975701,0.8078307376628291,0.8126213281678527,0.820724815784579,0.28474445159585254,0.04946148933895422,0.2652642186070545,0.00022006994030798754,0.2998254837215526,0.3339194340581484,0.786788218175523,0.8200548497424778,0.813981528824669,0.7832031184624164,0.8253871086329254,0.3689054106795676,0.3546489032008737,0.3135061087120955,0.7810416889260654,0.8187119948743449,0.8126213281678527,0.8029942001328555,0.8173652566011338,0.8213938048432696,0.8126213281678527,0.7938926261462366,0.8220618148806933,0.6116250580054757,0.07322460136233633,0.013815039801161721,0.2950384830792136,0.37819249410698874,0.8022995574311875,0.8126213281678527,0.8029942001328555,0.8146601955249188,0.8187119948743449,0.8133019056822303,0.8105738901391552,0.8227288438619753,0.813981528824669,0.8071426000494716,0.8112573183188098,0.8085179375703744,0.8429091764636881,0.7701201602388276,0.8146601955249188,0.5418389216661578,0.8022995574311875,0.8057635200929156,0.8009075115760242,0.8036879198616433,0.816690436313775,0.8126213281678527,0.8036879198616433,0.8119397983546931,0.8133019056822303,0.7967094433018507,0.7981124374828079,0.8064535268264883,0.8016039938726413,0.8036879198616433,0.8071426000494716,0.8112573183188098,0.7960065893996098,0.7701201602388276,0.8057635200929156,0.8071426000494716,0.47819030631733206
sinPhi,0.0012179748700879012,0.03673568456408138,0.0008290916929857839,0.0005147151046426268,6.168375916970614e-05,4.873799534788059e-05,3.731516977401039e-05,6.168375916970614e-05,3.046171104803541e-06,0.04538194547646579,0.004164418808454806,0.0019026509541272274,0.00027489202912139854,9.21439391778911e-05,0.9612690447281231,0.0012179748700879012,0.00012869533865078608,7.615433562091489e-07,0.03772698319384338,0.03873095527187681,0.048332353568349584,0.04538194547646579,0.04216870333021955,0.048332353568349584,0.04538194547646579,0.033209786751399184,0.00033580311067188395,0.9202833017478421,0.004392229874229214,0.01936915203084061,0.0980715696913913,0.011292052856952006,0.06353896136509518,0.0461112607335456,0.03415438620722561,0.03772698319384338,0.02611579499520711,0.00010965826257719469,0.005363833518505778,0.0289712736063516,0.07277058493359628,0.05060297685041654,0.038060233744356575,0.0490837367974431,0.04984061429890324,0.04252016607508757,0.03974757327377981,0.041818635218880185,0.034472092068735805,0.0016813065909817015,0.0006403214079069852,0.002219017698460002,0.0010992658539749622,0.01912934522539439,0.06611727331553574,0.041122687158009485,0.04322727117869962,0.05175678480827972,0.04501936456172839,0.04216870333021955,0.047958725169610805,0.0461112607335456,0.04043233037238281,0.039407297217139425,0.041122687158009485,0.03706470759500258,0.02474213418610821,0.03352323258725548,0.0278118148812595,0.0005969313292830125,0.038394891443509604,0.041818635218880185,0.039407297217139425,0.043582911383478584,0.04322727117869962,0.03873095527187681,0.03479121600898771,0.04216870333021955,0.041122687158009485,0.03706470759500258,0.03352323258725548,0.03640807271660629,0.035111757055874215,0.033209786751399184,0.03479121600898771,0.035433714232971925,0.031663905375801216,0.025838172396900394,0.023404666103526484,0.010037647689585205,0.0010421908639104416,9.21439391778911e-05
sinPsi,0.8880232035332731,0.640333354460394,0.9829629131445342,0.988336139167084,0.9899623523104149,0.9966863828001982,0.9991199139618826,0.9799026459875935,0.9154922346371641,0.9431017896156073,0.566993092709146,0.687303296707956,0.9879583809693737,0.9863879391046984,0.3705904774487395,0.8835825759076498,0.992703949241745,0.7582666644333209,0.2629558954764418,0.1880602016453069,0.18196088986111797,0.18466209628435687,0.17793818511930676,0.17065526994065977,0.199789887337058,0.23949518407971182,0.5122160890763265,0.8022995574311874,0.905020820222898,0.8541699188622645,0.774511408999066,0.6937577932260516,0.21107118780824735,0.19770044256881258,0.2082293943219412,0.1826347433988662,0.27534050069205174,0.46686304979999993,0.7875026260216391,0.7057571793025545,0.20118742651223942,0.19839600612735875,0.19631208013835666,0.16543469682057088,0.18196088986111797,0.18874268168119024,0.1772711561380247,0.18874268168119024,0.23578083263882643,0.4105988924418252,0.9822787092288989,0.892928446587701,0.8078307376628292,0.6503528997521366,0.2075211625063923,0.19909248842397587,0.18196088986111797,0.18061609124220113,0.18196088986111797,0.17527597583490817,0.1713123771029521,0.18330956368622492,0.19011048410243003,0.17793818511930676,0.19423647990708443,0.2089385149213553,0.2417333355666791,0.27924707360412737,0.24698311793941813,0.5652630961100258,0.22112744551015495,0.1860184711753311,0.1826347433988662,0.1792751842154211,0.18874268168119024,0.19011048410243003,0.19285739995052842,0.19285739995052842,0.19561928549563967,0.20118742651223942,0.21392706327724192,0.19909248842397587,0.21107118780824735,0.20329055669814927,0.20118742651223942,0.20681382163210538,0.22403150734397093,0.23949518407971182,0.2776824104075363,0.3546489032008738,0.4991273358170508,0.9991709083070142
sinTheta,0.8316906809180733,0.8719095628326213,0.9015417444950907,0.9129361140065924,0.9078415819539182,0.9047170433011373,0.9026058121024709,0.8849069435724126,0.8645372303910233,0.910915274792627,0.9454138004588085,0.9354119202858608,0.9088717999584148,0.8928267866923442,0.89059194214485,0.922699923627614,0.905764200461247,0.7705251062852788,0.9896874678906387,0.992885038856469,0.9963688338518027,0.9979959098406779,0.9969644866346752,0.9967718559488513,0.9978388135064761,0.9993328817843725,0.9874857171811597,0.9950177275764763,0.8029726988316379,0.8849069435724126,0.5445363609549232,0.7306202641082151,0.9981470820027925,0.997675793478729,0.9965733048196195,0.9939986790030163,0.9942623111252834,0.9867046508534217,0.7476090446583893,0.7673138426598692,0.9995730355629027,0.9988140647463585,0.9975068502540243,0.9967718559488513,0.9973319843469929,0.9984316519868193,0.9965733048196195,0.9959421349098574,0.9967718559488513,0.984648935540814,0.873118916273193,0.9462098837465138,0.7323422218448816,0.7288931966720474,0.9994188616318119,0.9973319843469929,0.9965733048196195,0.9975068502540243,0.9982923295323225,0.9969644866346752,0.9963688338518027,0.9971511962903057,0.9978388135064761,0.9952577038648601,0.9952577038648601,0.9969644866346752,0.9916768614140822,0.9692320797881936,0.9903742055607218,0.9501037559567655,0.9896874678906387,0.9954917643222071,0.9947718361880635,0.9950177275764763,0.9963688338518027,0.9959421349098574,0.9937291348849208,0.9950177275764763,0.9969644866346752,0.9959421349098574,0.9925918551458893,0.9913600524003796,0.9934536795920739,0.9925918551458893,0.99229276372491,0.9942623111252834,0.9947718361880635,0.9903742055607218,0.9893352502334244,0.9870981295050704,0.9680170123452178,0.8917121646252809
sinTau,0.5825238029303388,0.19148206242962568,0.046846106481674976,0.4895287900583217,0.77085410514137,0.706552214912271,0.6116250580054758,0.5139608193617845,0.3038314416982193,0.24322937397091499,0.9373098535696979,0.9879583809693737,0.9744380058222482,0.47993410373372,0.59025957262528,0.2560701704306336,0.9813458732132394,0.5270394064923876,0.07736908338907189,0.9080687950400801,0.9090748587125117,0.8918467286629199,0.8863667867486755,0.8923881852665414,0.894005376803361,0.8902152036691648,0.8835825759076498,0.048707357825069575,0.716829542293772,0.05852620357053656,0.4851668779574446,0.041818635218880185,0.02838867102619952,0.909576022144496,0.8841417617967617,0.8891215742630105,0.9120630943110078,0.8796356536674403,0.9825082472361557,0.021593207971196293,0.03608187305054,0.9135402871372809,0.8852566213878946,0.8902152036691648,0.8977367404274479,0.8863667867486755,0.883022221559489,0.8902152036691648,0.9045084971874737,0.8824607004592159,0.9873805970956109,0.2394951840797117,0.6167226819279528,0.04393994191386347,0.015063992357626621,0.8982649590120981,0.8902152036691648,0.8977367404274479,0.8885729807284855,0.8852566213878946,0.8896689824657371,0.8918467286629199,0.8818980143173211,0.8891215742630105,0.8945420424173454,0.891304078426207,0.8934675109806687,0.8638863788286053,0.9207553909726531,0.8885729807284855,0.9982464296247522,0.8982649590120981,0.895611766483745,0.8993177550236464,0.8972073102677091,0.8869201048632531,0.8902152036691648,0.8972073102677091,0.8907602362094094,0.8896689824657371,0.902446898677957,0.9014087375955573,0.8950775061878452,0.8987919644126142,0.8972073102677091,0.8945420424173454,0.891304078426207,0.9029641411242579,0.9207553909726531,0.895611766483745,0.8945420424173454,0.999524110790929
hhm0,0.3227379604632935,0.3227379604632935,0.3227379604632935,0.3227379604632935,0.3227379604632935,0.3227379604632935,0.3227379604632935,0.3227379604632935,0.3227379604632935,0.3227379604632935,0.3227379604632935,0.3227379604632935,0.3227379604632935,0.3227379604632935,0.3227379604632935,0.3227379604632935,0.3227379604632935,0.5463728990681876,0.8708525646608029,0.8708525646608029,0.6542715318296611,0.3929286771749542,0.42697901245319164,0.05860837760167203,0.3088914046851868,0.14072977444918575,0.3157711399460071,0.33153357136636763,0.8708525646608029,0.8708525646608029,0.30767221109466164,0.5819907689628145,0.19672559435687537,0.3659322476704694,0.5968823478185142,0.8708525646608029,0.2517634764434381,0.3927545066620221,0.5345293041888008,0.5060524253243925,0.8708525646608029,0.3865714534529304,0.35374031176521814,0.8708525646608029,0.46982495863450313,0.37612122267700077,0.48236523556561867,0.8708525646608029,0.2725768527388313,0.5038752939127406,0.4290690586083776,0.5989723939737002,0.8708525646608029,0.5935731080728032,0.47121832273796044,0.22032569885918313,0.5427153182966123,0.525037011233998,0.22049986937211527,0.2584690411913263,0.42454062527214137,0.8708525646608029,0.2761473482539406,0.32578594443960635,0.3966733432029957,0.8708525646608029,0.8708525646608029,0.24026822258991548,0.5111904554558914,0.3764695637028651,0.5112775407123573,0.356875380997997,0.023948445528172078,0.023861360271706,0.4659932073499956,0.46808325350518154,0.40581729513193415,0.36601933292693545,0.6339806670730644,0.8708525646608029,0.34990856048071056,0.8708525646608029,0.28389793607942176,0.28015327005138024,0.8708525646608029,0.2185839937298615,0.8708525646608029,0.8708525646608029,0.22102238091091178,0.2954802751894104,0.8708525646608029,0.8708525646608029
hhm1,0.4659562352558366,0.4659562352558366,0.4659562352558366,0.4659562352558366,0.4659562352558366,0.4659562352558366,0.4659562352558366,0.4659562352558366,0.4659562352558366,0.4659562352558366,0.4659562352558366,0.4659562352558366,0.4659562352558366,0.4659562352558366,0.4659562352558366,0.4659562352558366,0.4659562352558366,0.4539982103636216,0.4979256487431871,0.8134710811030668,0.8134710811030668,0.49564792971609856,0.4631090864719759,0.4732774749857642,0.6155535670706906,0.8134710811030668,0.5288375498251037,0.4795412023102579,0.4860489709590824,0.8134710811030668,0.8134710811030668,0.6463841210444968,0.6941348735052468,0.4189376067680794,0.6725778898560155,0.8134710811030668,0.5341251118522736,0.5926136825835842,0.38615472219962577,0.8134710811030668,0.8134710811030668,0.8134710811030668,0.8134710811030668,0.8134710811030668,0.8134710811030668,0.8134710811030668,0.8134710811030668,0.8134710811030668,0.8134710811030668,0.4710811030667859,0.5099650207435126,0.5617017815016676,0.8134710811030668,0.8134710811030668,0.8134710811030668,0.8134710811030668,0.8134710811030668,0.8134710811030668,0.6865695924509884,0.5598307980151306,0.3633775319287399,0.8134710811030668,0.8134710811030668,0.8134710811030668,0.8134710811030668,0.8134710811030668,0.8134710811030668,0.8134710811030668,0.8134710811030668,0.8134710811030668,0.8134710811030668,0.8134710811030668,0.8134710811030668,0.8134710811030668,0.8134710811030668,0.8134710811030668,0.03774505816318229,0.8134710811030668,0.8134710811030668,0.8134710811030668,0.8134710811030668,0.8134710811030668,0.8134710811030668,0.4154396811193362,0.8134710811030668,0.8134710811030668,0.8134710811030668,0.8134710811030668,0.8134710811030668,0.8134710811030668,0.8134710811030668,0.8134710811030668
hhm2,0.3410268869452543,0.3410268869452543,0.3410268869452543,0.3410268869452543,0.3410268869452543,0.3410268869452543,0.3410268869452543,0.3410268869452543,0.3410268869452543,0.3410268869452543,0.3410268869452543,0.3410268869452543,0.3410268869452543,0.3410268869452543,0.3410268869452543,0.3410268869452543,0.3410268869452543,0.8098477486232589,0.8098477486232589,0.008422416585681892,0.3222384191771947,0.42055393586005835,0.8098477486232589,0.8098477486232589,0.38492063492063494,0.36621315192743764,0.8098477486232589,0.2949465500485909,0.8098477486232589,0.8098477486232589,0.8098477486232589,0.8098477486232589,0.8098477486232589,0.15978296080336898,0.26044703595724006,0.8098477486232589,0.8098477486232589,0.2516196954972465,0.8098477486232589,0.48671849692257857,0.8098477486232589,0.15289925494007128,0.18302559118885653,0.8098477486232589,0.48671849692257857,0.3517978620019437,0.8098477486232589,0.8098477486232589,0.27105604146420476,0.3520408163265306,0.46120829284094594,0.2633624878522838,0.8098477486232589,0.39237123420796893,0.1998704243602203,0.2951085195983155,0.3680758017492712,0.8098477486232589,0.31713637836086817,0.5033203757693554,0.8098477486232589,0.8098477486232589,0.10017816650469713,0.8098477486232589,0.8098477486232589,0.8098477486232589,0.8098477486232589,0.475380628441853,0.8098477486232589,0.8098477486232589,0.8098477486232589,0.8098477486232589,0.8098477486232589,0.8098477486232589,0.49651765468092,0.8098477486232589,0.8098477486232589,0.8098477486232589,0.40492387431162946,0.8098477486232589,0.8098477486232589,0.8098477486232589,0.12406867508908327,0.5261580822805314,0.8098477486232589,0.18634596695821187,0.3102526724975705,0.8098477486232589,0.8098477486232589,0.8098477486232589,0.8098477486232589,0.8098477486232589
hhm3,0.3555555555555555,0.3555555555555555,0.3555555555555555,0.3555555555555555,0.3555555555555555,0.3555555555555555,0.3555555555555555,0.3555555555555555,0.3555555555555555,0.3555555555555555,0.3555555555555555,0.3555555555555555,0.3555555555555555,0.3555555555555555,0.3555555555555555,0.3555555555555555,0.3555555555555555,0.8748906386701663,0.8748906386701663,0.8748906386701663,0.06596675415573053,0.22983377077865266,0.8748906386701663,0.8748906386701663,0.3227471566054243,0.17585301837270342,0.6400699912510937,0.5048993875765528,0.8748906386701663,0.8748906386701663,0.8748906386701663,0.6125984251968504,0.49807524059492564,0.1542432195975503,0.11539807524059492,0.8748906386701663,0.4728783902012248,0.23210848643919507,0.8748906386701663,0.5277340332458442,0.47200349956255466,0.16614173228346457,0.10446194225721785,0.8748906386701663,0.5553805774278215,0.1363954505686789,0.8748906386701663,0.8748906386701663,0.36544181977252843,0.40507436570428695,0.2911636045494313,0.28477690288713914,0.8748906386701663,0.8748906386701663,0.12694663167104112,0.13665791776027997,0.4161854768153981,0.4860892388451443,0.17655293088363955,0.49702537182852147,0.8748906386701663,0.8748906386701663,0.3951881014873141,0.22510936132983375,0.5481189851268591,0.5375328083989501,0.3810148731408574,0.4802274715660543,0.8748906386701663,0.8748906386701663,0.8748906386701663,0.6265091863517059,0.8748906386701663,0.8748906386701663,0.28503937007874014,0.4818022747156605,0.36229221347331586,0.8748906386701663,0.4137357830271216,0.8748906386701663,0.8748906386701663,0.4398950131233596,0.16080489938757656,0.5340332458442695,0.3227471566054243,0.2779527559055118,0.3552930883639545,0.8748906386701663,0.1373578302712161,0.11443569553805774,0.8748906386701663,0.8748906386701663
hhm4,0.3889558717144924,0.3889558717144924,0.3889558717144924,0.3889558717144924,0.3889558717144924,0.3889558717144924,0.3889558717144924,0.3889558717144924,0.3889558717144924,0.3889558717144924,0.3889558717144924,0.3889558717144924,0.3889558717144924,0.3889558717144924,0.3889558717144924,0.3889558717144924,0.3889558717144924,0.8037939072421831,0.8037939072421831,0.8037939072421831,0.8037939072421831,0.8037939072421831,0.8037939072421831,0.8037939072421831,0.8037939072421831,0.8037939072421831,0.3179004903142834,0.8037939072421831,0.4673257776706053,0.8037939072421831,0.08415722208825657,0.8037939072421831,0.8037939072421831,0.4807491359215497,0.8037939072421831,0.5153926533236878,0.8037939072421831,0.8037939072421831,0.2760228277469657,0.8037939072421831,0.433727192347882,0.4909573185435255,0.8037939072421831,0.035447311309380274,0.8037939072421831,0.8037939072421831,0.24290651876858776,0.5432843019049916,0.8037939072421831,0.8037939072421831,0.4119443774616188,0.6799292661361627,0.22329394743187847,0.8037939072421831,0.45317900490314283,0.8037939072421831,0.8037939072421831,0.6077485732658147,0.6553331725745519,0.24997990515231894,0.8037939072421831,0.8037939072421831,0.8037939072421831,0.3814805883771401,0.8037939072421831,0.8037939072421831,0.8037939072421831,0.8037939072421831,0.8037939072421831,0.5404710232296439,0.8037939072421831,0.38429386705248775,0.8037939072421831,0.8037939072421831,0.8037939072421831,0.8037939072421831,0.8037939072421831,0.8037939072421831,0.8037939072421831,0.8037939072421831,0.8037939072421831,0.32296439192990917,0.8037939072421831,0.8037939072421831,0.8037939072421831,0.8037939072421831,0.8037939072421831,0.8037939072421831,0.374085684430512,0.8037939072421831,0.8037939072421831,0.8037939072421831
hhm5,0.31023294509151417,0.31023294509151417,0.31023294509151417,0.31023294509151417,0.31023294509151417,0.31023294509151417,0.31023294509151417,0.31023294509151417,0.31023294509151417,0.31023294509151417,0.31023294509151417,0.31023294509151417,0.31023294509151417,0.31023294509151417,0.31023294509151417,0.31023294509151417,0.31023294509151417,0.5235440931780366,0.831946755407654,0.831946755407654,0.465973377703827,0.4943427620632279,0.6307820299500833,0.4187188019966722,0.5318635607321132,0.831946755407654,0.831946755407654,0.26331114808652245,0.831946755407654,0.554991680532446,0.831946755407654,0.831946755407654,0.831946755407654,0.5175540765391015,0.831946755407654,0.831946755407654,0.831946755407654,0.43743760399334447,0.831946755407654,0.831946755407654,0.831946755407654,0.39841930116472546,0.5884359400998337,0.831946755407654,0.831946755407654,0.5100665557404326,0.831946755407654,0.831946755407654,0.45990016638935105,0.35948419301164725,0.3647254575707155,0.24950083194675543,0.831946755407654,0.575873544093178,0.5575707154742097,0.5041597337770383,0.831946755407654,0.831946755407654,0.5801164725457572,0.831946755407654,0.831946755407654,0.46672212978369393,0.5181364392678869,0.831946755407654,0.831946755407654,0.831946755407654,0.831946755407654,0.08169717138103161,0.831946755407654,0.4019966722129784,0.831946755407654,0.5132279534109817,0.831946755407654,0.831946755407654,0.831946755407654,0.5190515806988353,0.831946755407654,0.831946755407654,0.831946755407654,0.3183028286189684,0.831946755407654,0.4089018302828619,0.44891846921797,0.43743760399334447,0.831946755407654,0.45357737104825296,0.45191347753743766,0.831946755407654,0.831946755407654,0.831946755407654,0.831946755407654,0.831946755407654
hhm6,0.40549974459390425,0.40549974459390425,0.40549974459390425,0.40549974459390425,0.40549974459390425,0.40549974459390425,0.40549974459390425,0.40549974459390425,0.40549974459390425,0.40549974459390425,0.40549974459390425,0.40549974459390425,0.40549974459390425,0.40549974459390425,0.40549974459390425,0.40549974459390425,0.40549974459390425,0.8513536523071683,0.4902945683636982,0.5418014643282819,0.5998637834156308,0.38268346671207215,0.5280095351609058,0.8513536523071683,0.4793972416141665,0.4902945683636982,0.4663715307338668,0.37944832283330493,0.8513536523071683,0.8513536523071683,0.5753447982291843,0.8513536523071683,0.8513536523071683,0.43555252852034737,0.6941086327260344,0.8513536523071683,0.8513536523071683,0.419717350587434,0.8513536523071683,0.8513536523071683,0.39826323854929335,0.8513536523071683,0.5429082240762813,0.8513536523071683,0.4873999659458539,0.4847607696237017,0.8513536523071683,0.8513536523071683,0.5229865486122934,0.49702026221692486,0.22271411544355524,0.324706282989954,0.8513536523071683,0.8513536523071683,0.5369487485101311,0.4669674782904818,0.8513536523071683,0.6327260343946874,0.3205346500936489,0.5084284011578409,0.8513536523071683,0.32709007321641403,0.5537204154605823,0.8513536523071683,0.8513536523071683,0.6258300698109994,0.8513536523071683,0.6767410182189681,0.8513536523071683,0.8513536523071683,0.8513536523071683,0.5385663204495147,0.8513536523071683,0.8513536523071683,0.6012259492593223,0.8513536523071683,0.8513536523071683,0.8513536523071683,0.8513536523071683,0.5384811850842839,0.8513536523071683,0.6592031329814404,0.5655542312276519,0.49182700493785114,0.30129405755150684,0.537289289971054,0.31670355865826666,0.8513536523071683,0.8513536523071683,0.1672909926783586,0.8513536523071683,0.8513536523071683
hhm7,0.3435954697718934,0.3435954697718934,0.3435954697718934,0.3435954697718934,0.3435954697718934,0.3435954697718934,0.3435954697718934,0.3435954697718934,0.3435954697718934,0.3435954697718934,0.3435954697718934,0.3435954697718934,0.3435954697718934,0.3435954697718934,0.3435954697718934,0.3435954697718934,0.3435954697718934,0.31320784814164937,0.5216142925506461,0.7975753708725475,0.32963790078162386,0.517227628010847,0.37741266549688945,0.457409475195406,0.3598660073376934,0.7975753708725475,0.3845908438347424,0.5436273727867283,0.11062370394002233,0.7975753708725475,0.27659913861859947,0.7975753708725475,0.4251076726750677,0.6783378529271016,0.7975753708725475,0.03660870952304993,0.1711596745892487,0.5123624182485245,0.7975753708725475,0.7975753708725475,0.31663742223640134,0.4703301962035412,0.7975753708725475,0.5057425426702823,0.7975753708725475,0.7975753708725475,0.3388100175466582,0.21749880363694368,0.5395597383952784,0.7975753708725475,0.48532461317594516,0.7975753708725475,0.7975753708725475,0.7975753708725475,0.5490508853086616,0.43013239751156485,0.7975753708725475,0.2418248524485564,0.5303876216302441,0.3151220290317435,0.08948795661189982,0.4389057265911629,0.7975753708725475,0.08270856595948317,0.7975753708725475,0.7975753708725475,0.7975753708725475,0.5624501515393205,0.7975753708725475,0.7975753708725475,0.7975753708725475,0.1882277875259212,0.7975753708725475,0.7975753708725475,0.7975753708725475,0.40971446801722766,0.48372946243420006,0.7975753708725475,0.7975753708725475,0.7975753708725475,0.7975753708725475,0.29271016111022496,0.7975753708725475,0.4439304514276599,0.08837135109267825,0.7975753708725475,0.7975753708725475,0.7975753708725475,0.7975753708725475,0.7975753708725475,0.7975753708725475,0.12713351411708404
hhm8,0.34343349088453745,0.34343349088453745,0.34343349088453745,0.34343349088453745,0.34343349088453745,0.34343349088453745,0.34343349088453745,0.34343349088453745,0.34343349088453745,0.34343349088453745,0.34343349088453745,0.34343349088453745,0.34343349088453745,0.34343349088453745,0.34343349088453745,0.34343349088453745,0.34343349088453745,0.8440243079000674,0.15918298446995272,0.8440243079000674,0.425725860904794,0.22079675894665765,0.4340817015530047,0.8440243079000674,0.20307224848075625,0.4533254557731263,0.8440243079000674,0.19218433490884537,0.5229574611748818,0.3704422687373396,0.8440243079000674,0.4751856853477379,0.33803173531397707,0.4104490209318028,0.2969277515192437,0.639264010803511,0.639264010803511,0.4357697501688048,0.8440243079000674,0.8440243079000674,0.8440243079000674,0.36571573261309925,0.41796083727211336,0.8440243079000674,0.23598919648885888,0.2833389601620526,0.6315833896016204,0.3675725860904794,0.1964044564483457,0.17952397029034434,0.41863605671843346,0.2744767049291019,0.8440243079000674,0.8440243079000674,0.387829169480081,0.5351114112086428,0.8440243079000674,0.28722147197839293,0.46666103983794727,0.44530722484807556,0.8440243079000674,0.12153950033760973,0.24248818365968938,0.8440243079000674,0.8440243079000674,0.17125253207292368,0.29456448345712355,0.42505064145847404,0.07756583389601619,0.8440243079000674,0.08203916272788656,0.31709993247805535,0.8440243079000674,0.8440243079000674,0.40867656988521267,0.16196826468602293,0.8440243079000674,0.48244429439567854,0.07705941931127616,0.2850270087778528,0.03528021607022282,0.8440243079000674,0.39095205941931127,0.33558406482106684,0.8440243079000674,0.4407494935854152,0.23835246455097903,0.8440243079000674,0.8440243079000674,0.8440243079000674,0.8440243079000674,0.8440243079000674
hhm9,0.2856528840367919,0.2856528840367919,0.2856528840367919,0.2856528840367919,0.2856528840367919,0.2856528840367919,0.2856528840367919,0.2856528840367919,0.2856528840367919,0.2856528840367919,0.2856528840367919,0.2856528840367919,0.2856528840367919,0.2856528840367919,0.2856528840367919,0.2856528840367919,0.2856528840367919,0.8596234849136078,0.5394137367832889,0.8596234849136078,0.8596234849136078,0.35940857904237944,0.1371959081922118,0.19393105819650994,0.3875182669990544,0.34049686237428006,0.13453107538897963,0.5440557036018224,0.11501762228144073,0.5936559786813376,0.25444855153442797,0.6127396200464197,0.484397833748818,0.4271469096535717,0.4136508209404281,0.23295796441158775,0.6111063354250837,0.5644287801942749,0.12774004985816215,0.6673257113384338,0.24739963895813633,0.8596234849136078,0.5232528152669131,0.20381672827301642,0.31857646350898305,0.49007134874924785,0.10444425341700335,0.061377116822831604,0.8596234849136078,0.4830224361729562,0.4158858420012035,0.45027078139774784,0.02853949969913178,0.8596234849136078,0.5993294936817675,0.5706180692856528,0.5592710392847933,0.15619358720880255,0.8596234849136078,0.09722341614372905,0.2566835725952033,0.3701538726037995,0.3465142267686753,0.4679790251869681,0.5217054929940685,0.5301298031462219,0.8596234849136078,0.29055273790079944,0.8596234849136078,0.8596234849136078,0.8596234849136078,0.21335854895555748,0.8596234849136078,0.3011261067652368,0.8596234849136078,0.4389237513968882,0.4766612223845955,0.8596234849136078,0.5194704719332932,0.40402303790939564,0.8596234849136078,0.0900885412189461,0.3202957104788103,0.4434797558669303,0.45448293647382443,0.4799277916272673,0.5272070832975156,0.022350210607753804,0.8596234849136078,0.8596234849136078,0.12309808303962863,0.8596234849136078
hhm10,0.4534156378600822,0.4534156378600822,0.4534156378600822,0.4534156378600822,0.4534156378600822,0.4534156378600822,0.4534156378600822,0.4534156378600822,0.4534156378600822,0.4534156378600822,0.4534156378600822,0.4534156378600822,0.4534156378600822,0.4534156378600822,0.4534156378600822,0.4534156378600822,0.4534156378600822,0.8230452674897119,0.8230452674897119,0.4877366255144033,0.3921810699588477,0.5637860082304527,0.8230452674897119,0.8230452674897119,0.4339094650205761,0.528477366255144,0.28172839506172836,0.8230452674897119,0.8230452674897119,0.8230452674897119,0.3444444444444444,0.8230452674897119,0.5171193415637859,0.5385185185185185,0.4519341563786008,0.5893827160493826,0.8230452674897119,0.5770370370370369,0.12246913580246911,0.8230452674897119,0.34576131687242795,0.5217283950617284,0.6667489711934156,0.44403292181069953,0.5595061728395061,0.39283950617283947,0.21473251028806584,0.2793415637860082,0.8230452674897119,0.31283950617283945,0.8230452674897119,0.8230452674897119,0.4122633744855967,0.8230452674897119,0.8230452674897119,0.45662551440329213,0.5041975308641975,0.4036213991769547,0.5129218106995884,0.4293827160493827,0.24115226337448556,0.8230452674897119,0.8230452674897119,0.3530864197530864,0.8230452674897119,0.8230452674897119,0.8230452674897119,0.6262551440329218,0.4091358024691358,0.8230452674897119,0.8230452674897119,0.3011522633744856,0.6153909465020576,0.8230452674897119,0.8230452674897119,0.6336625514403292,0.8230452674897119,0.8230452674897119,0.654320987654321,0.4995884773662551,0.8230452674897119,0.3468312757201646,0.8230452674897119,0.8230452674897119,0.8230452674897119,0.8230452674897119,0.4098765432098765,0.3130041152263375,0.8230452674897119,0.8230452674897119,0.2202469135802469,0.8230452674897119
hhm11,0.38302790160145284,0.38302790160145284,0.38302790160145284,0.38302790160145284,0.38302790160145284,0.38302790160145284,0.38302790160145284,0.38302790160145284,0.38302790160145284,0.38302790160145284,0.38302790160145284,0.38302790160145284,0.38302790160145284,0.38302790160145284,0.38302790160145284,0.38302790160145284,0.38302790160145284,0.2407957734852237,0.8254911672445104,0.5198943371305927,0.3462109955423477,0.3930988938418359,0.4337956083869902,0.8254911672445104,0.4494799405646359,0.5203070827142149,0.24781244840680205,0.1892025755324418,0.8254911672445104,0.45476308403500076,0.8254911672445104,0.4283473666831765,0.32260194815915466,0.37543338286280337,0.8254911672445104,0.8254911672445104,0.8254911672445104,0.1455340927852072,0.8254911672445104,0.5818887237906554,0.31913488525672773,0.2738154201750041,0.6367013372956909,0.8254911672445104,0.1072313026250619,0.4157173518243355,0.5477133894667326,0.8254911672445104,0.5705794947994056,0.29701172197457487,0.26523031203566116,0.30328545484563313,0.8254911672445104,0.307660558032029,0.4859666501568433,0.4631005448241704,0.46780584447746404,0.4843156678223543,0.39854713554564963,0.8254911672445104,0.3453855043751032,0.8254911672445104,0.40969126630345054,0.8254911672445104,0.8254911672445104,0.8254911672445104,0.5037972593693247,0.8254911672445104,0.8254911672445104,0.019316493313521546,0.8254911672445104,0.45154366848274724,0.8254911672445104,0.8254911672445104,0.8254911672445104,0.15255076770678552,0.8254911672445104,0.8254911672445104,0.5217104176985307,0.4351163942545815,0.8254911672445104,0.4626052501238237,0.3922734026745914,0.5755324418028728,0.8254911672445104,0.2877662209014364,0.2726597325408618,0.8254911672445104,0.23278850916295193,0.30072643222717516,0.8254911672445104,0.047878487700181604
hhm12,0.3681649484536083,0.3681649484536083,0.3681649484536083,0.3681649484536083,0.3681649484536083,0.3681649484536083,0.3681649484536083,0.3681649484536083,0.3681649484536083,0.3681649484536083,0.3681649484536083,0.3681649484536083,0.3681649484536083,0.3681649484536083,0.3681649484536083,0.3681649484536083,0.3681649484536083,0.6160000000000001,0.6029690721649484,0.8247422680412372,0.430680412371134,0.8247422680412372,0.8247422680412372,0.5291546391752577,0.5789690721649485,0.5766597938144331,0.3814432989690722,0.8247422680412372,0.8247422680412372,0.01534020618556701,0.8247422680412372,0.2287835051546392,0.28354639175257734,0.5110103092783506,0.8247422680412372,0.8247422680412372,0.6249896907216496,0.8247422680412372,0.47612371134020626,0.09517525773195877,0.8247422680412372,0.6349690721649486,0.8247422680412372,0.8247422680412372,0.8247422680412372,0.8247422680412372,0.8247422680412372,0.8247422680412372,0.6470927835051546,0.6344742268041238,0.2563298969072165,0.31191752577319587,0.8247422680412372,0.43331958762886597,0.2364536082474227,0.3741030927835052,0.8247422680412372,0.8247422680412372,0.8247422680412372,0.8247422680412372,0.8247422680412372,0.8247422680412372,0.8247422680412372,0.8247422680412372,0.8247422680412372,0.8247422680412372,0.8247422680412372,0.8247422680412372,0.8247422680412372,0.8247422680412372,0.8247422680412372,0.8247422680412372,0.8247422680412372,0.8247422680412372,0.8247422680412372,0.34663917525773197,0.8247422680412372,0.5536494845360825,0.8247422680412372,0.8247422680412372,0.8247422680412372,0.8247422680412372,0.8247422680412372,0.8247422680412372,0.3341030927835052,0.8247422680412372,0.8247422680412372,0.8247422680412372,0.8247422680412372,0.2900618556701031,0.8247422680412372,0.8247422680412372
hhm13,0.39923985120491673,0.39923985120491673,0.39923985120491673,0.39923985120491673,0.39923985120491673,0.39923985120491673,0.39923985120491673,0.39923985120491673,0.39923985120491673,0.39923985120491673,0.39923985120491673,0.39923985120491673,0.39923985120491673,0.39923985120491673,0.39923985120491673,0.39923985120491673,0.39923985120491673,0.4655507035419699,0.5975254730713246,0.8086689309396734,0.5261200064693514,0.20807051593077794,0.8086689309396734,0.552401746724891,0.30583858968138444,0.38516901180656643,0.8086689309396734,0.30858806404657935,0.8086689309396734,0.6115963124696749,0.4868186964256833,0.8086689309396734,0.8086689309396734,0.36301148309881937,0.1648875950185994,0.8086689309396734,0.8086689309396734,0.8086689309396734,0.8086689309396734,0.8086689309396734,0.8086689309396734,0.48164321526766946,0.31158013909105614,0.8086689309396734,0.18785379265728613,0.28998867863496686,0.8086689309396734,0.8086689309396734,0.40700307294193755,0.331554261685266,0.3698043021187126,0.2702571567200388,0.8086689309396734,0.8086689309396734,0.3633349506711952,0.4277858644670872,0.029112081513828245,0.1876920588710982,0.28465146369076505,0.5566068251657772,0.8086689309396734,0.33535500566068255,0.38250040433446547,0.5652595827268317,0.8086689309396734,0.8086689309396734,0.8086689309396734,0.4458191816270419,0.35241792010350964,0.8086689309396734,0.8086689309396734,0.34942584505903285,0.42940320232896656,0.8086689309396734,0.11386058547630601,0.8086689309396734,0.8086689309396734,0.8086689309396734,0.311903606663432,0.8086689309396734,0.4677341096555071,0.5290312146207343,0.3604237425198124,0.32241630276564776,0.43021187125990623,0.36656962639495394,0.44630438298560565,0.4402393660035582,0.3672974284327996,0.8086689309396734,0.8086689309396734,0.8086689309396734
hhm14,0.3525588283692611,0.3525588283692611,0.3525588283692611,0.3525588283692611,0.3525588283692611,0.3525588283692611,0.3525588283692611,0.3525588283692611,0.3525588283692611,0.3525588283692611,0.3525588283692611,0.3525588283692611,0.3525588283692611,0.3525588283692611,0.3525588283692611,0.3525588283692611,0.3525588283692611,0.8227743952608194,0.060638472930722394,0.8227743952608194,0.6079480006582195,0.19442158960013164,0.09412539081783775,0.8227743952608194,0.15287148263946024,0.4043113378311667,0.6922823761724535,0.267072568701662,0.8227743952608194,0.8227743952608194,0.8227743952608194,0.8227743952608194,0.5285502715155505,0.3942734902089847,0.34622346552575284,0.8227743952608194,0.4062037189402666,0.5117656738522297,0.8227743952608194,0.8227743952608194,0.21976304097416488,0.43277933190719103,0.5620371894026658,0.8227743952608194,0.3347869014316274,0.31759091657067634,0.32795787395096265,0.4661839723547803,0.3073885140694421,0.2213263123251604,0.37929899621523777,0.37148263946026,0.8227743952608194,0.6105808787230541,0.3969063682738193,0.5427842685535625,0.5083100213921343,0.3305084745762712,0.5790686193845647,0.31471120618726345,0.8227743952608194,0.11494158301793647,0.580302780977456,0.5473095277274971,0.008639131150238604,0.045170314299818985,0.02665789040645055,0.8227743952608194,0.13847293072239591,0.8227743952608194,0.1029290768471285,0.8227743952608194,0.8227743952608194,0.8227743952608194,0.19861773901596183,0.18175086391311504,0.8227743952608194,0.010284679940760244,0.17278262300477207,0.04253743623498437,0.20906697383577422,0.4973671219351654,0.4921836432450222,0.12275793977291426,0.18479512917558005,0.4267730788217871,0.17977620536448904,0.8227743952608194,0.8227743952608194,0.8227743952608194,0.2242883001480994,0.8227743952608194
hhm15,0.3767461669505962,0.3767461669505962,0.3767461669505962,0.3767461669505962,0.3767461669505962,0.3767461669505962,0.3767461669505962,0.3767461669505962,0.3767461669505962,0.3767461669505962,0.3767461669505962,0.3767461669505962,0.3767461669505962,0.3767461669505962,0.3767461669505962,0.3767461669505962,0.3767461669505962,0.0489778534923339,0.43816013628620093,0.4382453151618398,0.3903747870528108,0.4692504258943781,0.5033219761499147,0.6,0.3566439522998296,0.3247870528109028,0.5437819420783645,0.4201022146507666,0.44199318568994883,0.5376490630323679,0.8517887563884156,0.08824531516183985,0.4845826235093696,0.35528109028960814,0.8517887563884156,0.8517887563884156,0.24897785349233387,0.2808347529812606,0.31362862010221465,0.15264054514480407,0.8517887563884156,0.2985519591141396,0.2921635434412265,0.8517887563884156,0.4900340715502555,0.2722316865417376,0.8517887563884156,0.5837308347529812,0.16490630323679725,0.29957410562180575,0.44088586030664384,0.31243611584327086,0.8517887563884156,0.11618398637137987,0.326320272572402,0.41124361158432704,0.43952299829642244,0.38994889267461663,0.23356047700170354,0.8517887563884156,0.8517887563884156,0.559625212947189,0.34957410562180574,0.5278534923339011,0.8517887563884156,0.8517887563884156,0.8517887563884156,0.24020442930153316,0.8517887563884156,0.47751277683134574,0.4097955706984667,0.8517887563884156,0.302129471890971,0.46908006814310044,0.2072402044293015,0.4434412265758091,0.34982964224872226,0.8517887563884156,0.56175468483816,0.5538330494037478,0.8517887563884156,0.3313458262350937,0.4683134582623508,0.38935264054514473,0.8517887563884156,0.19054514480408857,0.22350936967632026,0.8517887563884156,0.18415672913117545,0.3148211243611584,0.8517887563884156,0.8517887563884156
hhm16,0.33532565702733585,0.33532565702733585,0.33532565702733585,0.33532565702733585,0.33532565702733585,0.33532565702733585,0.33532565702733585,0.33532565702733585,0.33532565702733585,0.33532565702733585,0.33532565702733585,0.33532565702733585,0.33532565702733585,0.33532565702733585,0.33532565702733585,0.33532565702733585,0.33532565702733585,0.35738771205062847,0.5051419530631976,0.878966335589347,0.878966335589347,0.5193812076997452,0.878966335589347,0.6211655093609915,0.878966335589347,0.31801002021622576,0.6779467346400633,0.878966335589347,0.878966335589347,0.5286103542234333,0.878966335589347,0.15698338753625737,0.4608420497494946,0.5682517359585127,0.5279950777885207,0.878966335589347,0.3022765228091764,0.31264832556913075,0.4685769535026809,0.20339281005537488,0.878966335589347,0.415926870000879,0.38366880548474996,0.878966335589347,0.55858310626703,0.3166036740792828,0.655620989716094,0.878966335589347,0.31308780873692543,0.3299639623802409,0.6240660982684363,0.4552166652017228,0.608420497494946,0.10064164542498023,0.5418827458908324,0.39166739913861304,0.48439834754328914,0.878966335589347,0.29322316955260613,0.6524567109079722,0.6637074800035159,0.878966335589347,0.3964138173507955,0.878966335589347,0.878966335589347,0.878966335589347,0.878966335589347,0.878966335589347,0.35281708710556386,0.4262986727608333,0.5159532389909467,0.878966335589347,0.6591368550584513,0.4552166652017228,0.4419442735343237,0.4434385163048255,0.5118220972136768,0.878966335589347,0.4090709325832821,0.878966335589347,0.878966335589347,0.3067592511206821,0.878966335589347,0.27432539333743516,0.5461896809352201,0.48729893645073397,0.3974685769535027,0.46303946558846804,0.3985233365562099,0.878966335589347,0.878966335589347,0.878966335589347
hhm17,0.3007871511489226,0.3007871511489226,0.3007871511489226,0.3007871511489226,0.3007871511489226,0.3007871511489226,0.3007871511489226,0.3007871511489226,0.3007871511489226,0.3007871511489226,0.3007871511489226,0.3007871511489226,0.3007871511489226,0.3007871511489226,0.3007871511489226,0.3007871511489226,0.3007871511489226,0.7951021706289257,0.49089608014629876,0.7951021706289257,0.3534229148445575,0.7951021706289257,0.38053589886300393,0.32098274628289736,0.41909835413850677,0.44676790967639335,0.2552277967718852,0.4786515067186133,0.21976623996183509,0.7951021706289257,0.2683469825872625,0.7951021706289257,0.12697781664943947,0.5830484217221913,0.6589011688001908,0.26898306432376556,0.12697781664943947,0.5955315258010655,0.5122843285362169,0.7951021706289257,0.11719805995070366,0.7951021706289257,0.7951021706289257,0.5642840104953486,0.6566748827224298,0.7951021706289257,0.26898306432376556,0.3267074819114256,0.4452572155521985,0.44676790967639335,0.7951021706289257,0.5496541305557764,0.5603880098592668,0.7951021706289257,0.5063210622565,0.3942911664148843,0.5459171503538205,0.2670748191142562,0.6856166017333227,0.4117039039516578,0.2270016697145583,0.4920887334022422,0.4932018764411226,0.2615091039198537,0.7951021706289257,0.37727597996342527,0.7951021706289257,0.7951021706289257,0.7951021706289257,0.7951021706289257,0.7951021706289257,0.14916116720998646,0.3393496064244255,0.38347777689433094,0.7951021706289257,0.55140335533116,0.41949590522382124,0.7951021706289257,0.7951021706289257,0.39588137075614216,0.7951021706289257,0.3694839786912618,0.7951021706289257,0.2673928599825077,0.37783255148286554,0.7951021706289257,0.3852270016697145,0.3578754870000795,0.7951021706289257,0.7951021706289257,0.7951021706289257,0.7951021706289257
hhm18,0.5188679245283018,0.5188679245283018,0.5188679245283018,0.5188679245283018,0.5188679245283018,0.5188679245283018,0.5188679245283018,0.5188679245283018,0.5188679245283018,0.5188679245283018,0.5188679245283018,0.5188679245283018,0.5188679245283018,0.5188679245283018,0.5188679245283018,0.5188679245283018,0.5188679245283018,0.8203445447087776,0.8203445447087776,0.8203445447087776,0.8203445447087776,0.571780147662018,0.8203445447087776,0.8203445447087776,0.8203445447087776,0.8203445447087776,0.8203445447087776,0.8203445447087776,0.8203445447087776,0.8203445447087776,0.8203445447087776,0.8203445447087776,0.8203445447087776,0.8203445447087776,0.49737489745693186,0.8203445447087776,0.8203445447087776,0.8203445447087776,0.5440525020508613,0.8203445447087776,0.8203445447087776,0.8203445447087776,0.8203445447087776,0.8203445447087776,0.8203445447087776,0.8203445447087776,0.8203445447087776,0.8203445447087776,0.8203445447087776,0.8203445447087776,0.8203445447087776,0.8203445447087776,0.8203445447087776,0.8203445447087776,0.8203445447087776,0.463084495488105,0.8203445447087776,0.8203445447087776,0.8203445447087776,0.8203445447087776,0.8203445447087776,0.5678424938474159,0.8203445447087776,0.43757178014766196,0.8203445447087776,0.8203445447087776,0.3575061525840853,0.8203445447087776,0.8203445447087776,0.8203445447087776,0.8203445447087776,0.8203445447087776,0.8203445447087776,0.8203445447087776,0.8203445447087776,0.8203445447087776,0.8203445447087776,0.8203445447087776,0.8203445447087776,0.8203445447087776,0.8203445447087776,0.8203445447087776,0.8203445447087776,0.8203445447087776,0.8203445447087776,0.8203445447087776,0.8203445447087776,0.8203445447087776,0.8203445447087776,0.8203445447087776,0.8203445447087776,0.8203445447087776
hhm19,0.39570786326236324,0.39570786326236324,0.39570786326236324,0.39570786326236324,0.39570786326236324,0.39570786326236324,0.39570786326236324,0.39570786326236324,0.39570786326236324,0.39570786326236324,0.39570786326236324,0.39570786326236324,0.39570786326236324,0.39570786326236324,0.39570786326236324,0.39570786326236324,0.39570786326236324,0.8482483671218932,0.8482483671218932,0.8482483671218932,0.8482483671218932,0.5935193824751887,0.8482483671218932,0.8482483671218932,0.8482483671218932,0.8482483671218932,0.3546526422936636,0.8482483671218932,0.8482483671218932,0.8482483671218932,0.41097633387055726,0.8482483671218932,0.2791585376198151,0.47722453134277715,0.8482483671218932,0.8482483671218932,0.8482483671218932,0.34930867758079565,0.8482483671218932,0.8482483671218932,0.3196199847315294,0.5311731274917295,0.8482483671218932,0.44304012214776484,0.8482483671218932,0.8482483671218932,0.4385444058020188,0.8482483671218932,0.7098142336076002,0.7064212401391127,0.21537026041224872,0.41021291034014756,0.5312579523284418,0.8482483671218932,0.8482483671218932,0.32386122656713884,0.5580626007294937,0.8482483671218932,0.8482483671218932,0.5364322673678853,0.6415302400542878,0.8482483671218932,0.6230384256510306,0.8482483671218932,0.8482483671218932,0.8482483671218932,0.8482483671218932,0.8482483671218932,0.8482483671218932,0.8482483671218932,0.8482483671218932,0.8482483671218932,0.8482483671218932,0.8482483671218932,0.4141148528289083,0.8482483671218932,0.39078802273305624,0.8482483671218932,0.5692594791755026,0.8482483671218932,0.8482483671218932,0.5514462634659428,0.8482483671218932,0.8482483671218932,0.8482483671218932,0.4123335312579523,0.8482483671218932,0.8482483671218932,0.8482483671218932,0.8482483671218932,0.13877343286114174,0.8482483671218932
A,0.47368421052631576,0.5789473684210527,0.5263157894736842,0.42105263157894735,0.5263157894736842,0.631578947368421,0.47368421052631576,0.47368421052631576,0.5789473684210527,0.5263157894736842,0.5789473684210527,0.5263157894736842,0.5263157894736842,0.5263157894736842,0.6842105263157895,0.47368421052631576,0.5263157894736842,0.5263157894736842,0.5263157894736842,0.42105263157894735,0.42105263157894735,0.47368421052631576,0.42105263157894735,0.8947368421052632,0.5789473684210527,0.8421052631578947,0.47368421052631576,0.5263157894736842,0.42105263157894735,0.42105263157894735,0.47368421052631576,0.5263157894736842,0.6842105263157895,0.5263157894736842,0.47368421052631576,0.42105263157894735,0.5789473684210527,0.5263157894736842,0.42105263157894735,0.47368421052631576,0.47368421052631576,0.47368421052631576,0.5789473684210527,0.3684210526315789,0.42105263157894735,0.5263157894736842,0.47368421052631576,0.42105263157894735,0.631578947368421,0.5263157894736842,0.47368421052631576,0.5263157894736842,0.42105263157894735,0.5263157894736842,0.47368421052631576,0.6842105263157895,0.42105263157894735,0.47368421052631576,0.6842105263157895,0.42105263157894735,0.47368421052631576,0.42105263157894735,0.3684210526315789,0.42105263157894735,0.3684210526315789,0.3684210526315789,0.3684210526315789,0.47368421052631576,0.42105263157894735,0.3684210526315789,0.42105263157894735,0.5263157894736842,0.8947368421052632,0.8947368421052632,0.42105263157894735,0.47368421052631576,0.42105263157894735,0.3684210526315789,0.42105263157894735,0.3684210526315789,0.42105263157894735,0.42105263157894735,0.42105263157894735,0.631578947368421,0.42105263157894735,0.5263157894736842,0.5263157894736842,0.42105263157894735,0.5263157894736842,0.5263157894736842,0.47368421052631576,0.47368421052631576
R,0.42857142857142855,0.42857142857142855,0.5238095238095238,0.6190476190476191,0.5714285714285714,0.5238095238095238,0.42857142857142855,0.5714285714285714,0.5238095238095238,0.5714285714285714,0.5714285714285714,0.7619047619047619,0.6666666666666666,0.7142857142857143,0.5714285714285714,0.8095238095238095,0.5714285714285714,0.42857142857142855,0.8571428571428571,0.42857142857142855,0.5714285714285714,0.7619047619047619,0.8571428571428571,0.42857142857142855,0.7619047619047619,0.47619047619047616,0.42857142857142855,0.7142857142857143,0.38095238095238093,0.3333333333333333,0.3333333333333333,0.42857142857142855,0.42857142857142855,0.5714285714285714,0.6190476190476191,0.3333333333333333,0.38095238095238093,0.5714285714285714,0.38095238095238093,0.38095238095238093,0.6666666666666666,0.47619047619047616,0.47619047619047616,0.3333333333333333,0.47619047619047616,0.6190476190476191,0.6190476190476191,0.38095238095238093,0.6190476190476191,0.6666666666666666,0.5238095238095238,0.5714285714285714,0.38095238095238093,0.47619047619047616,0.5714285714285714,0.47619047619047616,0.5238095238095238,0.5238095238095238,0.5238095238095238,0.38095238095238093,0.38095238095238093,0.9047619047619048,0.42857142857142855,0.3333333333333333,0.9523809523809523,0.9523809523809523,0.9523809523809523,0.38095238095238093,0.6190476190476191,0.42857142857142855,0.7142857142857143,0.38095238095238093,0.38095238095238093,0.38095238095238093,0.7142857142857143,0.7142857142857143,0.38095238095238093,0.9523809523809523,0.6190476190476191,0.9523809523809523,0.6666666666666666,0.42857142857142855,0.42857142857142855,0.6190476190476191,0.47619047619047616,0.5714285714285714,0.47619047619047616,0.38095238095238093,0.5714285714285714,0.5714285714285714,0.47619047619047616,0.38095238095238093
N,0.38095238095238093,0.6190476190476191,0.5238095238095238,0.8095238095238095,0.6190476190476191,0.6190476190476191,0.6190476190476191,0.7142857142857143,0.5714285714285714,0.5238095238095238,0.5714285714285714,0.5238095238095238,0.5714285714285714,0.5714285714285714,0.5714285714285714,0.5714285714285714,0.5238095238095238,0.5714285714285714,0.47619047619047616,0.6190476190476191,0.5714285714285714,0.47619047619047616,0.47619047619047616,0.38095238095238093,0.5238095238095238,0.47619047619047616,0.6190476190476191,0.6666666666666666,0.3333333333333333,0.3333333333333333,0.3333333333333333,0.5238095238095238,0.6190476190476191,0.5714285714285714,0.5238095238095238,0.3333333333333333,0.42857142857142855,0.8571428571428571,0.38095238095238093,0.47619047619047616,0.38095238095238093,0.6666666666666666,0.5714285714285714,0.3333333333333333,0.9047619047619048,0.5714285714285714,0.42857142857142855,0.3333333333333333,0.5238095238095238,0.6666666666666666,0.6666666666666666,0.6190476190476191,0.3333333333333333,0.7142857142857143,0.5714285714285714,0.5714285714285714,0.47619047619047616,0.38095238095238093,0.5714285714285714,0.3333333333333333,0.3333333333333333,0.47619047619047616,0.5714285714285714,0.3333333333333333,0.42857142857142855,0.42857142857142855,0.42857142857142855,0.47619047619047616,0.47619047619047616,0.9523809523809523,0.47619047619047616,0.3333333333333333,0.38095238095238093,0.38095238095238093,0.47619047619047616,0.9047619047619048,0.3333333333333333,0.42857142857142855,0.47619047619047616,0.42857142857142855,0.47619047619047616,0.47619047619047616,0.6666666666666666,0.6190476190476191,0.47619047619047616,0.47619047619047616,0.8095238095238095,0.3333333333333333,0.5714285714285714,0.5714285714285714,0.5238095238095238,0.3333333333333333
D,0.4090909090909091,0.5454545454545454,0.5,0.7272727272727273,0.5454545454545454,0.5454545454545454,0.6363636363636364,0.6363636363636364,0.5,0.5909090909090909,0.6818181818181818,0.5909090909090909,0.5909090909090909,0.6818181818181818,0.5909090909090909,0.6363636363636364,0.5,0.5,0.45454545454545453,0.9545454545454546,0.5909090909090909,0.5,0.45454545454545453,0.4090909090909091,0.5,0.5454545454545454,0.4090909090909091,0.5454545454545454,0.36363636363636365,0.4090909090909091,0.36363636363636365,0.5,0.45454545454545453,0.8181818181818182,0.6818181818181818,0.36363636363636365,0.4090909090909091,0.6363636363636364,0.36363636363636365,0.45454545454545453,0.4090909090909091,0.8181818181818182,0.7727272727272727,0.3181818181818182,0.5454545454545454,0.6363636363636364,0.4090909090909091,0.36363636363636365,0.5909090909090909,0.5909090909090909,0.5454545454545454,0.6818181818181818,0.3181818181818182,0.5454545454545454,0.7727272727272727,0.5909090909090909,0.5,0.4090909090909091,0.6363636363636364,0.36363636363636365,0.36363636363636365,0.45454545454545453,0.9090909090909091,0.36363636363636365,0.4090909090909091,0.4090909090909091,0.4090909090909091,0.45454545454545453,0.45454545454545453,0.5454545454545454,0.45454545454545453,0.36363636363636365,0.4090909090909091,0.4090909090909091,0.45454545454545453,0.5454545454545454,0.3181818181818182,0.4090909090909091,0.5,0.4090909090909091,0.45454545454545453,0.4090909090909091,0.8636363636363636,0.5,0.4090909090909091,0.5454545454545454,0.6363636363636364,0.3181818181818182,0.5909090909090909,0.7727272727272727,0.8181818181818182,0.36363636363636365
C,0.44,0.36,0.36,0.36,0.36,0.52,0.44,0.36,0.4,0.4,0.44,0.52,0.4,0.36,0.52,0.36,0.56,0.6,0.56,0.28,0.28,0.56,0.6,0.4,0.48,0.4,0.4,0.52,0.4,0.32,0.36,0.44,0.48,0.36,0.4,0.4,0.44,0.48,0.52,0.36,0.4,0.36,0.36,0.36,0.36,0.36,0.4,0.4,0.4,0.44,0.52,0.44,0.4,0.4,0.36,0.44,0.32,0.4,0.44,0.44,0.48,0.32,0.28,0.4,0.28,0.28,0.28,0.36,0.32,0.32,0.32,0.44,0.4,0.44,0.32,0.36,0.96,0.56,0.32,0.56,0.32,0.4,0.32,0.68,0.4,0.48,0.44,0.4,0.32,0.64,0.32,0.4
Q,0.38095238095238093,0.5238095238095238,0.47619047619047616,0.47619047619047616,0.6190476190476191,0.47619047619047616,0.47619047619047616,0.5714285714285714,0.6666666666666666,0.5238095238095238,0.6190476190476191,0.5714285714285714,0.5714285714285714,0.5714285714285714,0.47619047619047616,0.5238095238095238,0.6190476190476191,0.42857142857142855,0.47619047619047616,0.38095238095238093,0.5238095238095238,0.6666666666666666,0.5238095238095238,0.38095238095238093,0.6190476190476191,0.5714285714285714,0.38095238095238093,0.6190476190476191,0.3333333333333333,0.3333333333333333,0.2857142857142857,0.42857142857142855,0.38095238095238093,0.5714285714285714,0.7142857142857143,0.2857142857142857,0.38095238095238093,0.47619047619047616,0.38095238095238093,0.38095238095238093,0.38095238095238093,0.47619047619047616,0.5238095238095238,0.2857142857142857,0.7142857142857143,0.6666666666666666,0.42857142857142855,0.3333333333333333,0.47619047619047616,0.5714285714285714,0.5714285714285714,0.6666666666666666,0.3333333333333333,0.42857142857142855,0.5714285714285714,0.5714285714285714,0.9047619047619048,0.47619047619047616,0.6190476190476191,0.3333333333333333,0.3333333333333333,0.5238095238095238,0.42857142857142855,0.2857142857142857,0.5238095238095238,0.47619047619047616,0.47619047619047616,0.38095238095238093,0.47619047619047616,0.42857142857142855,0.47619047619047616,0.3333333333333333,0.38095238095238093,0.38095238095238093,0.9047619047619048,0.42857142857142855,0.2857142857142857,0.47619047619047616,0.5714285714285714,0.47619047619047616,0.5238095238095238,0.42857142857142855,0.47619047619047616,0.6190476190476191,0.47619047619047616,0.5238095238095238,0.5714285714285714,0.3333333333333333,0.6666666666666666,0.5714285714285714,0.5238095238095238,0.3333333333333333
E,0.3684210526315789,0.5789473684210527,0.5789473684210527,0.5263157894736842,0.631578947368421,0.5263157894736842,0.631578947368421,0.631578947368421,0.5263157894736842,0.5789473684210527,0.631578947368421,0.631578947368421,0.6842105263157895,0.7368421052631579,0.5789473684210527,0.631578947368421,0.5789473684210527,0.5789473684210527,0.47368421052631576,0.5263157894736842,0.9473684210526315,0.6842105263157895,0.47368421052631576,0.47368421052631576,0.5789473684210527,0.7368421052631579,0.3684210526315789,0.5263157894736842,0.3157894736842105,0.3684210526315789,0.3157894736842105,0.47368421052631576,0.42105263157894735,0.7894736842105263,0.7894736842105263,0.3157894736842105,0.42105263157894735,0.631578947368421,0.3684210526315789,0.42105263157894735,0.42105263157894735,0.7368421052631579,0.7894736842105263,0.3157894736842105,0.5263157894736842,0.7894736842105263,0.42105263157894735,0.3684210526315789,0.5789473684210527,0.5789473684210527,0.5789473684210527,0.631578947368421,0.3157894736842105,0.47368421052631576,0.7894736842105263,0.6842105263157895,0.631578947368421,0.42105263157894735,0.631578947368421,0.3157894736842105,0.3684210526315789,0.47368421052631576,0.5789473684210527,0.3157894736842105,0.47368421052631576,0.47368421052631576,0.47368421052631576,0.3684210526315789,0.5263157894736842,0.42105263157894735,0.5263157894736842,0.3684210526315789,0.42105263157894735,0.42105263157894735,0.5263157894736842,0.47368421052631576,0.2631578947368421,0.47368421052631576,0.631578947368421,0.47368421052631576,0.5263157894736842,0.3684210526315789,0.7368421052631579,0.5263157894736842,0.3684210526315789,0.5263157894736842,0.5789473684210527,0.3157894736842105,0.8947368421052632,0.7368421052631579,0.8421052631578947,0.3684210526315789
G,0.4,0.9,0.55,0.55,0.5,0.45,0.45,0.45,0.55,0.7,0.5,0.5,0.6,0.5,0.8,0.45,0.45,0.5,0.45,0.45,0.45,0.45,0.4,0.55,0.45,0.5,0.4,0.6,0.35,0.35,0.35,0.5,0.45,0.5,0.45,0.3,0.4,0.5,0.35,0.4,0.4,0.55,0.5,0.35,0.45,0.5,0.4,0.35,0.5,0.6,0.5,0.6,0.3,0.5,0.5,0.55,0.4,0.4,0.5,0.35,0.35,0.4,0.45,0.3,0.35,0.35,0.35,0.95,0.4,0.45,0.4,0.35,0.5,0.5,0.4,0.45,0.35,0.35,0.4,0.35,0.4,0.5,0.55,0.55,0.35,0.45,0.7,0.3,0.45,0.6,0.5,0.35
H,0.30434782608695654,0.34782608695652173,0.8695652173913043,0.6086956521739131,0.782608695652174,0.6956521739130435,0.6521739130434783,0.6956521739130435,0.34782608695652173,0.391304347826087,0.43478260869565216,0.391304347826087,0.5217391304347826,0.4782608695652174,0.391304347826087,0.6521739130434783,0.43478260869565216,0.34782608695652173,0.5652173913043478,0.30434782608695654,0.43478260869565216,0.5652173913043478,0.5652173913043478,0.30434782608695654,0.4782608695652174,0.34782608695652173,0.4782608695652174,0.5652173913043478,0.2608695652173913,0.2608695652173913,0.43478260869565216,0.34782608695652173,0.30434782608695654,0.5652173913043478,0.43478260869565216,0.2608695652173913,0.30434782608695654,0.5217391304347826,0.30434782608695654,0.30434782608695654,0.43478260869565216,0.391304347826087,0.391304347826087,0.34782608695652173,0.5217391304347826,0.43478260869565216,0.34782608695652173,0.30434782608695654,0.43478260869565216,0.4782608695652174,0.7391304347826086,0.6086956521739131,0.2608695652173913,0.34782608695652173,0.4782608695652174,0.4782608695652174,0.391304347826087,0.43478260869565216,0.43478260869565216,0.391304347826087,0.2608695652173913,0.6956521739130435,0.34782608695652173,0.2608695652173913,0.34782608695652173,0.43478260869565216,0.34782608695652173,0.30434782608695654,0.34782608695652173,0.391304347826087,0.34782608695652173,0.2608695652173913,0.30434782608695654,0.30434782608695654,0.4782608695652174,0.43478260869565216,0.2608695652173913,0.43478260869565216,0.34782608695652173,0.4782608695652174,0.34782608695652173,0.391304347826087,0.4782608695652174,0.391304347826087,0.5217391304347826,0.5217391304347826,0.5652173913043478,0.2608695652173913,0.43478260869565216,0.5652173913043478,0.391304347826087,0.2608695652173913
I,0.7727272727272727,0.36363636363636365,0.36363636363636365,0.5,0.4090909090909091,0.45454545454545453,0.4090909090909091,0.45454545454545453,0.45454545454545453,0.45454545454545453,0.45454545454545453,0.45454545454545453,0.45454545454545453,0.45454545454545453,0.4090909090909091,0.4090909090909091,0.5454545454545454,0.4090909090909091,0.45454545454545453,0.36363636363636365,0.36363636363636365,0.4090909090909091,0.45454545454545453,0.5,0.45454545454545453,0.45454545454545453,0.6363636363636364,0.4090909090909091,0.8181818181818182,0.36363636363636365,0.6363636363636364,0.4090909090909091,0.6363636363636364,0.45454545454545453,0.45454545454545453,0.9090909090909091,0.7727272727272727,0.4090909090909091,0.5909090909090909,0.36363636363636365,0.6818181818181818,0.45454545454545453,0.4090909090909091,0.5454545454545454,0.4090909090909091,0.45454545454545453,0.5909090909090909,0.6818181818181818,0.45454545454545453,0.45454545454545453,0.45454545454545453,0.45454545454545453,0.5909090909090909,0.45454545454545453,0.4090909090909091,0.5,0.36363636363636365,0.6818181818181818,0.45454545454545453,0.5909090909090909,0.8181818181818182,0.36363636363636365,0.36363636363636365,0.9090909090909091,0.36363636363636365,0.36363636363636365,0.36363636363636365,0.3181818181818182,0.36363636363636365,0.3181818181818182,0.36363636363636365,0.7272727272727273,0.4090909090909091,0.45454545454545453,0.36363636363636365,0.36363636363636365,0.4090909090909091,0.36363636363636365,0.36363636363636365,0.36363636363636365,0.36363636363636365,0.6363636363636364,0.36363636363636365,0.5909090909090909,0.8636363636363636,0.6363636363636364,0.4090909090909091,0.5909090909090909,0.36363636363636365,0.45454545454545453,0.36363636363636365,0.7727272727272727
L,0.75,0.4,0.45,0.45,0.45,0.5,0.55,0.5,0.55,0.55,0.5,0.6,0.55,0.5,0.5,0.45,0.8,0.45,0.45,0.35,0.45,0.55,0.7,0.55,0.6,0.5,0.85,0.5,0.85,0.35,0.7,0.45,0.6,0.55,0.6,0.65,0.65,0.45,0.85,0.4,0.7,0.45,0.5,0.7,0.6,0.5,0.8,0.9,0.5,0.5,0.5,0.5,0.95,0.5,0.45,0.6,0.4,0.85,0.55,0.9,0.75,0.45,0.35,0.65,0.4,0.4,0.4,0.35,0.4,0.35,0.4,0.7,0.45,0.45,0.4,0.4,0.45,0.45,0.4,0.45,0.4,0.9,0.4,0.55,0.75,0.75,0.5,0.95,0.45,0.45,0.4,0.75
K,0.4,0.45,0.45,0.5,0.6,0.5,0.5,0.5,0.5,0.6,0.6,0.65,0.65,0.65,0.55,0.6,0.5,0.45,0.65,0.4,0.55,0.7,0.55,0.4,0.75,0.5,0.4,0.7,0.35,0.35,0.3,0.45,0.4,0.5,0.65,0.3,0.4,0.5,0.35,0.4,0.45,0.5,0.5,0.3,0.5,0.6,0.45,0.35,0.65,0.75,0.45,0.6,0.35,0.45,0.5,0.5,0.5,0.55,0.5,0.35,0.35,0.65,0.65,0.3,0.55,0.55,0.6,0.4,0.9,0.4,0.9,0.35,0.4,0.4,0.5,0.55,0.25,0.55,0.9,0.55,0.9,0.4,0.5,0.5,0.35,0.45,0.55,0.35,0.55,0.5,0.45,0.35
M,0.6956521739130435,0.34782608695652173,0.43478260869565216,0.43478260869565216,0.391304347826087,0.43478260869565216,0.391304347826087,0.391304347826087,0.5217391304347826,0.5217391304347826,0.5217391304347826,0.4782608695652174,0.43478260869565216,0.391304347826087,0.391304347826087,0.4782608695652174,0.5652173913043478,0.34782608695652173,0.391304347826087,0.30434782608695654,0.34782608695652173,0.43478260869565216,0.43478260869565216,0.391304347826087,0.5217391304347826,0.4782608695652174,0.6956521739130435,0.43478260869565216,0.5217391304347826,0.30434782608695654,0.5217391304347826,0.391304347826087,0.5217391304347826,0.391304347826087,0.5217391304347826,0.5217391304347826,0.4782608695652174,0.43478260869565216,0.8260869565217391,0.34782608695652173,0.6521739130434783,0.4782608695652174,0.43478260869565216,0.43478260869565216,0.4782608695652174,0.5217391304347826,0.782608695652174,0.6956521739130435,0.43478260869565216,0.5652173913043478,0.391304347826087,0.43478260869565216,0.5652173913043478,0.4782608695652174,0.391304347826087,0.43478260869565216,0.391304347826087,0.5652173913043478,0.43478260869565216,0.5652173913043478,0.5652173913043478,0.391304347826087,0.30434782608695654,0.5652173913043478,0.34782608695652173,0.34782608695652173,0.34782608695652173,0.34782608695652173,0.34782608695652173,0.30434782608695654,0.391304347826087,0.6521739130434783,0.391304347826087,0.391304347826087,0.391304347826087,0.34782608695652173,0.34782608695652173,0.34782608695652173,0.391304347826087,0.34782608695652173,0.391304347826087,0.6956521739130435,0.34782608695652173,0.4782608695652174,0.5217391304347826,0.5652173913043478,0.391304347826087,0.6086956521739131,0.391304347826087,0.391304347826087,0.34782608695652173,0.5652173913043478
F,0.5909090909090909,0.3181818181818182,0.4090909090909091,0.36363636363636365,0.45454545454545453,0.45454545454545453,0.5,0.6818181818181818,0.4090909090909091,0.5,0.4090909090909091,0.5,0.4090909090909091,0.36363636363636365,0.36363636363636365,0.36363636363636365,0.5,0.3181818181818182,0.4090909090909091,0.36363636363636365,0.3181818181818182,0.4090909090909091,0.36363636363636365,0.36363636363636365,0.4090909090909091,0.36363636363636365,0.5,0.4090909090909091,0.5,0.2727272727272727,0.8636363636363636,0.3181818181818182,0.4090909090909091,0.45454545454545453,0.36363636363636365,0.5454545454545454,0.45454545454545453,0.36363636363636365,0.45454545454545453,0.3181818181818182,0.5,0.36363636363636365,0.36363636363636365,0.9090909090909091,0.36363636363636365,0.36363636363636365,0.5454545454545454,0.5454545454545454,0.36363636363636365,0.36363636363636365,0.5909090909090909,0.45454545454545453,0.6363636363636364,0.36363636363636365,0.36363636363636365,0.45454545454545453,0.2727272727272727,0.5,0.4090909090909091,0.6818181818181818,0.5,0.3181818181818182,0.2727272727272727,0.45454545454545453,0.3181818181818182,0.3181818181818182,0.3181818181818182,0.3181818181818182,0.3181818181818182,0.2727272727272727,0.3181818181818182,0.45454545454545453,0.36363636363636365,0.36363636363636365,0.2727272727272727,0.3181818181818182,0.3181818181818182,0.3181818181818182,0.3181818181818182,0.3181818181818182,0.3181818181818182,0.5,0.3181818181818182,0.4090909090909091,0.5,0.5454545454545454,0.45454545454545453,0.45454545454545453,0.3181818181818182,0.4090909090909091,0.36363636363636365,0.45454545454545453
P,0.38095238095238093,0.6190476190476191,0.38095238095238093,0.6190476190476191,0.5238095238095238,0.5238095238095238,0.7142857142857143,0.6190476190476191,0.47619047619047616,0.6666666666666666,0.6666666666666666,0.5238095238095238,0.6190476190476191,0.5714285714285714,0.5238095238095238,0.6190476190476191,0.47619047619047616,0.47619047619047616,0.42857142857142855,0.38095238095238093,0.42857142857142855,0.42857142857142855,0.42857142857142855,0.42857142857142855,0.47619047619047616,0.42857142857142855,0.38095238095238093,0.42857142857142855,0.38095238095238093,1.0,0.3333333333333333,0.7619047619047619,0.47619047619047616,0.47619047619047616,0.42857142857142855,0.3333333333333333,0.42857142857142855,0.42857142857142855,0.38095238095238093,0.9047619047619048,0.38095238095238093,0.47619047619047616,0.42857142857142855,0.2857142857142857,0.38095238095238093,0.47619047619047616,0.38095238095238093,0.38095238095238093,0.47619047619047616,0.47619047619047616,0.5238095238095238,0.5714285714285714,0.3333333333333333,0.47619047619047616,0.6666666666666666,0.5714285714285714,0.38095238095238093,0.38095238095238093,0.47619047619047616,0.3333333333333333,0.38095238095238093,0.38095238095238093,0.38095238095238093,0.3333333333333333,0.38095238095238093,0.3333333333333333,0.38095238095238093,0.38095238095238093,0.42857142857142855,0.3333333333333333,0.42857142857142855,0.38095238095238093,0.42857142857142855,0.42857142857142855,0.38095238095238093,0.38095238095238093,0.3333333333333333,0.47619047619047616,0.42857142857142855,0.38095238095238093,0.42857142857142855,0.38095238095238093,0.42857142857142855,0.47619047619047616,0.38095238095238093,0.42857142857142855,0.42857142857142855,0.3333333333333333,0.42857142857142855,0.5238095238095238,0.42857142857142855,0.38095238095238093
S,0.42105263157894735,0.5263157894736842,0.5789473684210527,0.5789473684210527,0.631578947368421,0.6842105263157895,0.631578947368421,0.5789473684210527,0.7894736842105263,0.631578947368421,0.6842105263157895,0.5789473684210527,0.631578947368421,0.5789473684210527,0.631578947368421,0.5263157894736842,0.5789473684210527,0.8947368421052632,0.631578947368421,0.47368421052631576,0.5263157894736842,0.5263157894736842,0.42105263157894735,0.5263157894736842,0.5263157894736842,0.5789473684210527,0.42105263157894735,0.5789473684210527,0.3684210526315789,0.42105263157894735,0.3684210526315789,0.8421052631578947,0.47368421052631576,0.5263157894736842,0.47368421052631576,0.3157894736842105,0.631578947368421,0.6842105263157895,0.47368421052631576,0.6842105263157895,0.42105263157894735,0.631578947368421,0.6842105263157895,0.3157894736842105,0.5263157894736842,0.631578947368421,0.42105263157894735,0.3684210526315789,0.7894736842105263,0.5789473684210527,0.5263157894736842,0.631578947368421,0.3684210526315789,0.7368421052631579,0.5789473684210527,0.631578947368421,0.47368421052631576,0.42105263157894735,0.7368421052631579,0.3684210526315789,0.42105263157894735,0.47368421052631576,0.47368421052631576,0.3684210526315789,0.42105263157894735,0.42105263157894735,0.42105263157894735,0.6842105263157895,0.47368421052631576,0.47368421052631576,0.47368421052631576,0.42105263157894735,0.5263157894736842,0.5263157894736842,0.47368421052631576,0.5789473684210527,0.42105263157894735,0.42105263157894735,0.47368421052631576,0.42105263157894735,0.47368421052631576,0.42105263157894735,0.47368421052631576,0.631578947368421,0.3684210526315789,0.5789473684210527,0.631578947368421,0.3684210526315789,0.631578947368421,0.5789473684210527,0.5263157894736842,0.3684210526315789
T,0.5,0.5,0.6,0.45,0.5,0.7,0.45,0.45,0.7,0.55,0.6,0.55,0.55,0.5,0.5,0.5,0.55,0.65,0.5,0.5,0.45,0.45,0.4,0.5,0.45,0.55,0.45,0.45,0.45,0.35,0.35,0.65,0.55,0.45,0.45,0.4,0.6,0.55,0.45,0.6,0.45,0.45,0.5,0.35,0.45,0.55,0.45,0.45,0.6,0.55,0.45,0.55,0.4,0.8,0.5,0.65,0.4,0.45,0.65,0.45,0.45,0.4,0.4,0.4,0.4,0.4,0.4,0.4,0.4,0.45,0.4,0.45,0.45,0.45,0.4,0.6,0.35,0.4,0.45,0.4,0.4,0.55,0.4,0.55,0.45,0.55,0.55,0.4,0.5,0.5,0.45,0.45
W,0.38461538461538464,0.34615384615384615,0.34615384615384615,0.3076923076923077,0.34615384615384615,0.34615384615384615,0.4230769230769231,0.38461538461538464,0.34615384615384615,0.5769230769230769,0.5,0.38461538461538464,0.34615384615384615,0.4230769230769231,0.34615384615384615,0.34615384615384615,0.6153846153846154,0.3076923076923077,0.34615384615384615,0.23076923076923078,0.3076923076923077,0.5,0.34615384615384615,0.3076923076923077,0.34615384615384615,0.34615384615384615,0.38461538461538464,0.34615384615384615,0.34615384615384615,0.2692307692307692,0.46153846153846156,0.3076923076923077,0.34615384615384615,0.34615384615384615,0.5769230769230769,0.3076923076923077,0.34615384615384615,0.3076923076923077,0.5384615384615384,0.3076923076923077,0.34615384615384615,0.3076923076923077,0.3076923076923077,0.46153846153846156,0.3076923076923077,0.34615384615384615,0.38461538461538464,0.38461538461538464,0.34615384615384615,0.34615384615384615,0.46153846153846156,0.4230769230769231,0.38461538461538464,0.34615384615384615,0.34615384615384615,0.38461538461538464,0.3076923076923077,0.38461538461538464,0.34615384615384615,0.38461538461538464,0.34615384615384615,0.3076923076923077,0.2692307692307692,0.3076923076923077,0.3076923076923077,0.3076923076923077,0.3076923076923077,0.3076923076923077,0.3076923076923077,0.2692307692307692,0.3076923076923077,0.34615384615384615,0.3076923076923077,0.3076923076923077,0.34615384615384615,0.3076923076923077,0.3076923076923077,0.3076923076923077,0.3076923076923077,0.3076923076923077,0.3076923076923077,0.38461538461538464,0.2692307692307692,0.34615384615384615,0.34615384615384615,0.38461538461538464,0.34615384615384615,0.34615384615384615,0.3076923076923077,0.34615384615384615,0.34615384615384615,0.34615384615384615
Y,0.45454545454545453,0.36363636363636365,0.5909090909090909,0.45454545454545453,0.5909090909090909,0.5454545454545454,0.7727272727272727,0.5909090909090909,0.4090909090909091,0.5,0.45454545454545453,0.45454545454545453,0.4090909090909091,0.45454545454545453,0.4090909090909091,0.45454545454545453,0.5,0.4090909090909091,0.5454545454545454,0.3181818181818182,0.36363636363636365,0.5,0.4090909090909091,0.36363636363636365,0.4090909090909091,0.4090909090909091,0.5,0.45454545454545453,0.4090909090909091,0.2727272727272727,0.6363636363636364,0.36363636363636365,0.5,0.45454545454545453,0.4090909090909091,0.4090909090909091,0.4090909090909091,0.4090909090909091,0.4090909090909091,0.3181818181818182,0.45454545454545453,0.45454545454545453,0.36363636363636365,0.5909090909090909,0.36363636363636365,0.4090909090909091,0.5,0.4090909090909091,0.4090909090909091,0.45454545454545453,0.7727272727272727,0.6363636363636364,0.45454545454545453,0.4090909090909091,0.4090909090909091,0.5454545454545454,0.36363636363636365,0.45454545454545453,0.4090909090909091,0.5,0.4090909090909091,0.4090909090909091,0.3181818181818182,0.4090909090909091,0.36363636363636365,0.36363636363636365,0.36363636363636365,0.3181818181818182,0.36363636363636365,0.3181818181818182,0.36363636363636365,0.4090909090909091,0.36363636363636365,0.36363636363636365,0.36363636363636365,0.36363636363636365,0.45454545454545453,0.36363636363636365,0.36363636363636365,0.36363636363636365,0.36363636363636365,0.4090909090909091,0.36363636363636365,0.4090909090909091,0.4090909090909091,0.5454545454545454,0.45454545454545453,0.4090909090909091,0.36363636363636365,0.5,0.5909090909090909,0.4090909090909091
V,0.8,0.4,0.4,0.55,0.4,0.5,0.45,0.45,0.5,0.5,0.5,0.45,0.45,0.5,0.5,0.45,0.55,0.4,0.45,0.35,0.4,0.45,0.45,0.6,0.45,0.5,0.65,0.45,0.7,0.35,0.6,0.45,0.85,0.45,0.45,0.65,0.8,0.45,0.55,0.4,0.85,0.4,0.45,0.5,0.4,0.45,0.65,0.65,0.5,0.5,0.45,0.45,0.55,0.5,0.4,0.55,0.35,0.75,0.5,0.55,0.75,0.35,0.4,0.7,0.35,0.35,0.35,0.35,0.35,0.35,0.4,0.85,0.5,0.55,0.35,0.4,0.45,0.35,0.4,0.35,0.4,0.6,0.35,0.65,0.65,0.7,0.45,0.6,0.4,0.45,0.4,0.85
