,G,S,P,V,D,S.1,N,D.1,L,G.1,P.1,L.1,P.2,P.3,G.2,W,E,E.1,R,T,H,T.1,D.2,G.3,R.1,V.1,F,F.1,I,N.1,H.1,N.2,I.1,K,K.1,T.2,Q,W.1,E.2,D.3,P.4,R.2,M,Q.1,N.3,V.2,A,I.2,T.3,G.4
ASA,0.34666666666666673,0.397948717948718,0.4558974358974359,0.441025641025641,0.4656410256410257,0.3261538461538462,0.5892307692307692,0.46871794871794875,0.32769230769230767,0.13487179487179485,0.44461538461538463,0.2323076923076923,0.2358974358974359,0.6082051282051283,0.2712820512820513,0.29794871794871797,0.5523076923076923,0.558974358974359,0.44871794871794873,0.441025641025641,0.28307692307692306,0.6276923076923078,0.6061538461538462,0.26153846153846155,0.5687179487179488,0.28512820512820514,0.181025641025641,0.2558974358974359,0.12,0.20923076923076922,0.3984615384615385,0.5938461538461539,0.4943589743589744,0.5882051282051283,0.6148717948717949,0.2553846153846154,0.5051282051282051,0.4271794871794872,0.5102564102564102,0.2876923076923077,0.35282051282051285,0.6933333333333335,0.4543589743589744,0.5928205128205128,0.6343589743589744,0.44923076923076927,0.437948717948718,0.5302564102564102,0.5528205128205129,0.3430769230769231
HSE_alpha_up,0.025806451612903226,0.14838709677419354,0.19677419354838707,0.2709677419354839,0.16774193548387098,0.29677419354838713,0.08064516129032258,0.14516129032258066,0.41935483870967744,0.24193548387096775,0.1774193548387097,0.5903225806451613,0.31290322580645163,0.04838709677419355,0.04838709677419355,0.5387096774193548,0.11612903225806451,0.31290322580645163,0.2387096774193548,0.19032258064516128,0.3548387096774194,0.025806451612903226,0.025806451612903226,0.09999999999999999,0.15806451612903225,0.42258064516129035,0.5258064516129033,0.4129032258064516,0.6129032258064516,0.31290322580645163,0.4161290322580645,0.04516129032258065,0.12258064516129032,0.2903225806451613,0.08387096774193548,0.4903225806451613,0.12903225806451613,0.5161290322580645,0.16451612903225804,0.3806451612903226,0.2870967741935484,0.14193548387096772,0.22580645161290322,0.15483870967741936,0.06774193548387096,0.24193548387096775,0.08387096774193548,0.27419354838709675,0.09032258064516129,0.04516129032258065
HSE_alpha_down,0.13355048859934857,0.23127035830618894,0.3061889250814332,0.2638436482084691,0.4136807817589576,0.250814332247557,0.3745928338762215,0.35504885993485336,0.2768729641693811,0.4853420195439739,0.48859934853420195,0.2671009771986971,0.35504885993485336,0.43322475570032576,0.45928338762214976,0.1563517915309446,0.511400651465798,0.3127035830618893,0.3811074918566775,0.3615635179153095,0.2247557003257329,0.2931596091205212,0.25732899022801303,0.2703583061889251,0.3876221498371335,0.4039087947882736,0.4788273615635179,0.6091205211726384,0.46905537459283386,0.5276872964169381,0.3355048859934854,0.4006514657980456,0.32573289902280134,0.2931596091205212,0.45602605863192186,0.25732899022801303,0.5309446254071661,0.2801302931596092,0.5081433224755699,0.3615635179153095,0.2768729641693811,0.32573289902280134,0.2671009771986971,0.26058631921824105,0.28664495114006516,0.1465798045602606,0.2801302931596092,0.1758957654723127,0.22801302931596096,0.14006514657980457
P(C),0.9940000000000001,0.99,0.982,0.963,0.95,0.752,0.737,0.763,0.833,0.973,0.9840000000000001,0.992,0.9990000000000001,0.998,0.98,0.825,0.126,0.063,0.08900000000000001,0.146,0.91,0.985,0.987,0.99,0.9179999999999999,0.146,0.092,0.105,0.126,0.635,0.9740000000000001,0.978,0.981,0.9890000000000001,0.547,0.486,0.36200000000000004,0.586,0.564,0.877,0.759,0.726,0.693,0.748,0.81,0.738,0.73,0.7929999999999999,0.9159999999999999,0.9940000000000001
P(H),0.002,0.005,0.013999999999999999,0.021,0.036000000000000004,0.24,0.256,0.22899999999999998,0.142,0.002,0.001,0.0,0.0,0.001,0.006,0.012,0.002,0.001,0.001,0.001,0.001,0.01,0.011000000000000001,0.003,0.001,0.001,0.001,0.001,0.001,0.005,0.016,0.019,0.013000000000000001,0.003,0.009000000000000001,0.01,0.009000000000000001,0.013000000000000001,0.02,0.006,0.226,0.249,0.276,0.222,0.151,0.141,0.08800000000000001,0.027000000000000003,0.008,0.002
P(E),0.004,0.005,0.005,0.016,0.013999999999999999,0.009000000000000001,0.006999999999999999,0.006999999999999999,0.025,0.026000000000000002,0.015,0.008,0.001,0.001,0.013999999999999999,0.162,0.872,0.9359999999999999,0.91,0.852,0.08800000000000001,0.004,0.002,0.006999999999999999,0.08,0.853,0.907,0.893,0.873,0.359,0.01,0.003,0.006,0.008,0.444,0.504,0.629,0.401,0.415,0.11699999999999999,0.015,0.025,0.031,0.03,0.039,0.121,0.182,0.18,0.076,0.004
cosPhi,0.00523712141868325,0.490402772650911,0.6520185166227104,0.4991288562489504,0.4808075600783365,0.6369815497010073,0.6150267420707426,0.5427101147565536,0.5226830862467411,0.17727169613794327,0.6520185166227104,0.5962627995814647,0.6969730778947264,0.7370463496928514,0.5122176493789296,0.5052374310977865,0.2018881775031249,0.48604066120123346,0.1458305253624682,0.3866755241613812,0.4825517215838604,0.7223197899021362,0.5209394137351894,0.5191954861020476,0.5322677755051968,0.48604066120123346,0.20540244701432803,0.3175625751811306,0.3355676988273363,0.4921478405106207,0.677555545154192,0.6783710660941525,0.4054535135858317,0.7308765329924929,0.3257149685226179,0.31027286537973464,0.21392771493766558,0.4503414969454358,0.27690193693577475,0.5799423604495783,0.6832526946667644,0.6470221335562794,0.4712194219352035,0.6461878207600362,0.5894029029802669,0.4816796129252406,0.5139623849791505,0.4425327727841121,0.422646094302586,0.28474531897881544
cosPsi,0.004164418808454806,0.13731281449385618,0.09092514128748819,0.15204360170384285,0.24698311793941802,0.9879583809693737,0.9847226749475694,0.9999512620046521,0.9985263761134602,0.00033580311067188395,0.11697777844051105,0.09651984392809898,0.05331430583608121,0.1249444651847702,0.9972609476841365,0.10707155341229901,0.08843181573277903,0.1551902281321652,0.07141634964894389,0.1577264470356558,0.004392229874229103,0.9609315757942503,0.9994449374809851,0.9980205327053848,0.08942539543314793,0.16413970533850497,0.09243610213572295,0.1615620151586697,0.17395079808480396,0.3680634750173135,0.9381533400219317,0.9235609606910686,0.9932860808034847,0.9664767674127446,0.08450776536283594,0.1307723296870582,0.09703585887574218,0.1577264470356558,0.11142701927151455,0.2545481231924296,0.954254088763361,0.9574798339249124,0.9956077701257708,0.9847226749475694,0.9120630943110078,0.2018875625171922,0.18196088986111797,0.1860184711753311,0.2153602382845779,0.017952297882945
cosTheta,0.4896034168316971,0.4846230417063792,0.5485467201255698,0.4962623161495994,0.5264791882143218,0.8086568101222078,0.7905304889997357,0.7256457903291439,0.6721551532327169,0.24941993863671064,0.5434367527222953,0.4435986933251303,0.4730489897723562,0.5725261904033072,0.8104714255234919,0.3830097279231673,0.25502876420749354,0.43873539431256126,0.20975250562404388,0.40824738457686954,0.3338136810025616,0.9069930307928692,0.8741566897177764,0.8304533189544963,0.37209916575593127,0.44847509680712117,0.2663436026757517,0.37832383387602486,0.39242568378603776,0.5984493597418429,0.8413671630595275,0.8650424083394216,0.7256457903291439,0.8723335222271821,0.3262885532342532,0.3659012792150713,0.2981113560328886,0.43873539431256126,0.33079822632144396,0.5673696988149799,0.8778034526472047,0.8450071252757246,0.6650715450156576,0.7400067574389942,0.6792509187234953,0.5079650758160088,0.509641979357046,0.47965464634724925,0.509641979357046,0.5029419455099531
cosTau,0.9733246300578482,0.4564221286261709,0.40716669230721136,0.14644660940672627,0.1439869770045018,0.038060233744356575,0.7033683215379001,0.7492438698769152,0.5539996778530114,0.15709082353631187,0.8547853682682605,0.29663167846209987,0.39775197407910484,0.5296531867879809,0.950916263202557,0.33721592277142165,0.010388594689117014,0.2153602382845779,2.741531724398394e-05,0.1615620151586697,0.09755310132204292,0.4433983931160466,0.8384379848413304,0.3824289434487051,0.17131237710295222,0.2139270632772418,0.0034146752307570027,0.09651984392809898,0.034472092068735805,0.11641742409235029,0.014225440001176981,0.7953028338099627,0.9130491472478819,0.24024044406024525,0.1887426816811903,0.06918541977923709,0.007148265455573177,0.1361136211713948,0.0132105485634198,0.2722275463832423,0.040089251339131216,0.7612492823579744,0.8253871086329254,0.16220489619216988,0.9859805002892732,0.04322727117869962,0.14276366018359843,0.06269014643030213,0.03227798458506631,0.9964827540532684
sinPhi,0.42782189949951316,9.21439391778911e-05,0.023669259373206908,7.615433562091489e-07,0.0003685417946894254,0.01912934522539439,0.013410563611455817,0.0018273519045468034,0.0005147151046426268,0.8818980143173212,0.023669259373206908,0.00935366800387738,0.04043233037238281,0.05976132324541905,0.9998507448905916,2.741531724398394e-05,0.09859126240444266,0.00019494247982282387,0.14706421466065944,0.013012016360474221,0.00030458649045211894,0.05214411988029355,0.0004385849505708084,0.9996314582053105,0.0010421908639104416,0.00019494247982282387,0.09600505805098469,0.034472092068735805,0.02781181488125939,6.168375916970614e-05,0.03258716180199278,0.03289776283948531,0.009020643651778182,0.9435054165891108,0.03135900525405422,0.037395140807108984,0.08992406206311404,0.0024722150193868253,0.0525328191989875,0.006431867463505991,0.03479121600898771,0.022103492600834995,0.0008290916929857839,0.021847622018482282,0.008057481033229175,0.00033580311067188395,0.00019494247982282387,0.003313617199801777,0.006020067115305394,0.048707357825069575
sinPsi,0.5643977982887814,0.844177287846877,0.7875026260216391,0.8590631488815944,0.9312568346036287,0.39092837930172875,0.37734630706059874,0.5069810901695726,0.5383595140634093,0.48167814564672184,0.8213938048432697,0.7953028338099626,0.7246594993079483,0.8306559326618259,0.44773576836617324,0.809204197678777,0.7839218725265505,0.8620859307187339,0.7575190374550271,0.8644843137107059,0.5661281951285612,0.30624220677394853,0.47644677464517865,0.5444471484332207,0.7853567838422159,0.8704022981433751,0.7896405861713396,0.8680485435598673,0.8790671680988262,0.9822787092288989,0.25912316294914234,0.23430071024095855,0.41833701887918884,0.6799984040600255,0.7781478077501525,0.8371511937918619,0.7960065893996098,0.8644843137107059,0.8146601955249186,0.9356069055600947,0.2910664630994616,0.29822735182380494,0.5661281951285613,0.37734630706059874,0.7832031184624164,0.9014087375955573,0.88581229169386,0.8891215742630105,0.9110720205153687,0.6327780587434045
sinTheta,0.830663629322263,0.8265390934720679,0.8752571407888462,0.8360893587494999,0.8594567775387871,0.9889107128456969,0.9850501277462946,0.96641809658343,0.9452729890049083,0.5564396698329852,0.8716915405751109,0.7903426162306431,0.8167317332203528,0.891253024770087,0.9892652117214851,0.7292010495333687,0.5649121433132089,0.7857819117062003,0.4929235205996243,0.7558320681840829,0.6721591118005722,0.9998151936068851,0.9980482857103211,0.9927854632165506,0.7171502380908549,0.7948570910944194,0.5816430845449163,0.724066013990787,0.739337320759201,0.9072072145621835,0.994412262684677,0.9972256483158515,0.96641809658343,0.997895295008335,0.6627998542360054,0.7101558435668056,0.626158288465558,0.7857819117062003,0.6684296988727514,0.8879148416414002,0.9983369586251768,0.994908471570965,0.9420709177874234,0.9711967598473807,0.9483853232172293,0.8453811035735675,0.8466873106286904,0.8223673356164986,0.8466873106286904,0.841430672627677
sinTau,0.33886715238474446,0.0019026509541272274,0.00869360172819239,0.1464466094067262,0.14892347350241875,0.3086582838174551,0.9567727288213004,0.9334483744678014,0.9970754819861577,0.13611362117139475,0.1476828950182027,0.04322727117869962,0.010566305619157501,0.0008800860381174003,0.7160428744009911,0.9727592877996585,0.3986063523217438,0.08892797948463127,0.49476410794187714,0.13195145644013279,0.20329055669814927,0.0032140721617062162,0.8680485435598672,0.014019499710726802,0.876781696150819,0.08992406206311404,0.4416646314503334,0.20469716619003736,0.31756160783119014,0.17927518421542094,0.3815809269671907,0.903480156071901,0.7817630244687857,0.07277058493359634,0.891304078426207,0.24623081851964795,0.4157553102174988,0.15709082353631182,0.38582456494467215,0.05489359769443669,0.3038314416982193,0.9263200821770461,0.8796356536674403,0.868638668405062,0.617571056551295,0.7033683215379002,0.15016832974331717,0.2575951898768314,0.3232625781103715,0.5592019841532505
hhm0,0.39263184456220035,0.3214736310875599,0.37572546050971484,0.280174951635966,0.2857263016233493,0.2661283539406174,0.2957355538733283,0.32828665152662123,0.3341744469677853,0.32652031289427197,0.32197829926823107,0.466397510303642,0.4159306922365211,0.3080999242997729,0.45243502397173857,0.5018083943140719,0.4145849104213979,0.31154849020102615,0.25468920851207,0.431323071746993,0.34275380603919586,0.30700647657498525,0.41929514677432916,0.454285473967533,0.3679031037093111,0.38363192867356377,0.4589957103204642,0.4773319875515182,0.40937000588779543,0.4138279081503911,0.34864160148035994,0.31667928337118345,0.4088653377071242,0.42812683993607537,0.3441836992177643,0.3855664900328034,0.4428463285389856,0.4714441921103541,0.3818655900412145,0.3733703423332492,0.47792076709563464,0.4077718899823366,0.29422154933131467,0.32349230381024474,0.2566237698713096,0.2952308856926571,0.19724114727899736,0.34721170830179154,0.24341828581041297,0.5777609555050887
hhm1,0.5550462340946811,0.5687979135382912,0.4671619378803445,0.7903264048051845,0.7903264048051845,0.44629732079348766,0.5903738243894728,0.4695329170947601,0.5602623883663953,0.5337074211649411,0.6924049632498221,0.511736347111357,0.5778866671935509,0.5153718485734609,0.6242788271556152,0.5449300561131747,0.5642140203904212,0.4513554097842409,0.34584683474274874,0.4613135224847862,0.40709713111515056,0.5877657472536157,0.5608946494902394,0.5828657235438236,0.46194578360863037,0.5757527859005769,0.47245712479253926,0.5191654153165257,0.4030664664506441,0.5135540978424089,0.49347980716035716,0.5257251244764087,0.563581759266577,0.5380542163913695,0.5253299612740061,0.5539397771279537,0.4727732553544613,0.5346558128507073,0.6226981743460049,0.5054137358729155,0.5814431360151743,0.46384256698016274,0.5077056824468504,0.640559551094602,0.6093416581047971,0.5490397534181617,0.4291472378092151,0.7903264048051845,0.5558365604994863,0.36520983166047577
hhm2,0.3612483530961792,0.3420619235836627,0.48896574440052704,0.42770092226613965,0.2882905138339921,0.30303030303030304,0.24324769433465088,0.22751976284584982,0.280467720685112,0.306735836627141,0.3004776021080369,0.5747694334650857,0.5282444005270093,0.32567523056653497,0.4074440052700923,0.5751811594202899,0.382905138339921,0.44696969696969696,0.5619235836627141,0.5072463768115942,0.14698616600790515,0.3407444005270093,0.25732872200263507,0.4574275362318841,0.41559617918313574,0.4766963109354414,0.6304347826086957,0.47694334650856396,0.5189393939393939,0.16905467720685113,0.46080368906455865,0.34395586297760217,0.3574604743083004,0.43857048748353095,0.5051054018445322,0.6525856389986825,0.5246212121212122,0.8234519104084322,0.2754446640316206,0.144433465085639,0.5482542819499341,0.4656620553359684,0.4036561264822135,0.4260540184453228,0.40670289855072467,0.43461791831357055,0.42473649538866937,0.4071146245059289,0.667078392621871,0.32304018445322796
hhm3,0.425374323032813,0.4233832430710417,0.317139216310927,0.3959063395985983,0.27038865880853774,0.29985664224275244,0.31228098120420517,0.28042370181586496,0.26632685568652437,0.3141924179675056,0.2652118509079324,0.4687798661994266,0.49944249761070403,0.26250398215992354,0.4365243708187321,0.5834660719974514,0.102341510035043,0.21686842943612614,0.35417330359987254,0.3493947116916215,0.38563236699585857,0.29181267919719656,0.29284804077731763,0.4350111500477859,0.295316979929914,0.4130296272698311,0.5273972602739726,0.6005893596686843,0.5141764893278113,0.4020388658808538,0.36627906976744184,0.2949187639375597,0.3724912392481682,0.3935170436444727,0.24625676967187,0.5715992354252947,0.5223797387703091,0.4878942338324307,0.14526919401083146,0.4186842943612615,0.4350111500477859,0.4514176489327811,0.3534565148136349,0.28942338324307104,0.4017202930869703,0.3487575661038547,0.3381650207072316,0.45428480407773175,0.26728257406817457,0.38324307104173305
hhm4,0.80768920119538,0.6353283256602859,0.5921977223164526,0.6639205233826024,0.43905984976980855,0.4120022615297633,0.5480171230110653,0.49519424925288746,0.4328406429206042,0.48097891931184883,0.5049672885873516,0.5347710201114612,0.5174057022857604,0.3894677328164123,0.5172441644455213,0.34011792262337454,0.4670866650512883,0.4751635570632421,0.4309829577578548,0.2738874081253534,0.547532509490348,0.4978596236168322,0.4546482513528794,0.5465632824489136,0.5209595347710201,0.47209433809869966,0.21500686535821015,0.14433406025361442,0.3256602859219772,0.5523786446975204,0.4201599224618367,0.4624828366044746,0.80768920119538,0.46191745416363783,0.4245214441482917,0.5689362733220257,0.4716904934981019,0.30062192068492044,0.4267829739116388,0.43582909296502703,0.6564897827316049,0.7039011388417737,0.3493255795170019,0.5247556740166385,0.5298441159841693,0.5102172683951216,0.4618366852435183,0.5660285921977223,0.5756400936919474,0.80768920119538
hhm5,0.2129721669980119,0.3479953611663353,0.34385354539430085,0.31502650762094103,0.300364479787939,0.35246852220013253,0.38908217362491715,0.32629224652087474,0.39521206096752814,0.2031146454605699,0.36149768058316767,0.4828528827037773,0.5024850894632207,0.4084658714380384,0.06618621603711067,0.5791086812458582,0.46040424121935053,0.5560801855533466,0.37210072895957585,0.45278330019880714,0.44574221338634856,0.34898939695162357,0.3594267726971504,0.07165341285619614,0.3588469184890656,0.6761928429423459,0.43389662027833004,0.6443836978131213,0.5136679920477136,0.41583830351225975,0.44872432074221336,0.3754970178926441,0.4900596421471173,0.200960901259112,0.41840622929092114,0.4943671305500331,0.5395129224652088,0.50240225314778,0.6293903247183565,0.4880715705765407,0.5820079522862823,0.39372100728959575,0.4054009277667329,0.35205434062292906,0.28636514247846256,0.4456593770709078,0.4156726308813784,0.3793074884029158,0.3892478462557985,0.08325049701789265
hhm6,0.805607024893257,0.36212035768951906,0.5304922258922097,0.451139933940224,0.47442197695963906,0.39668089905743975,0.39990332715701277,0.46620478530572784,0.4430033029888021,0.5080157898976879,0.559735760895835,0.5137355997744301,0.6453717876419882,0.4416337710464835,0.3924111818255055,0.6141947957786191,0.4549262869572222,0.5017320551035205,0.36566502859904937,0.4808668331587851,0.4044952871989043,0.4623378715862402,0.36784016756626114,0.41118182550551835,0.3915250140981229,0.44429227422863127,0.5103520502698783,0.6069443325545798,0.4324498509627004,0.3407717715298477,0.12664142431322,0.4225408845565133,0.49810682349150076,0.39192781761056955,0.4470313381132683,0.5263836300652541,0.3697736244260049,0.6306291790864417,0.38902763232095383,0.2654475147023282,0.48980907113510025,0.6280512366067832,0.4008700555868847,0.4534761943124143,0.5147828889067912,0.464996374768388,0.5034238298557964,0.805607024893257,0.6290179650366551,0.805607024893257
hhm7,0.5228738102548358,0.5704636168252993,0.41495241019342954,0.35715382253607614,0.39146453791832975,0.39415105925698496,0.38801043905434446,0.4321461467608228,0.4158735032238256,0.3557721829904821,0.41687135400675474,0.36859072766349404,0.4696806877494627,0.5422167638931532,0.4695271722443967,0.4616211237334971,0.3984494933988333,0.30027632790911885,0.3632176849861836,0.27287381025483576,0.5037611298741173,0.4187902978200798,0.43675161191280315,0.5331593490942586,0.42017193736567393,0.25475898065704633,0.43828676696346336,0.48035001535155053,0.18897758673626036,0.45225667792447033,0.38854774332207553,0.26327909118820997,0.407967454712926,0.4530242554498004,0.32691126803807186,0.4285385323917716,0.41433834817316545,0.38808719680687753,0.3276020878108689,0.45816702486951183,0.5112066318698189,0.4169481117592877,0.3077218299048204,0.47090881178999083,0.31793061099171016,0.3563094872582131,0.34249309180227205,0.1813018114829598,0.33857844642308876,0.5158888547743322
hhm8,0.4390088439168194,0.4017209784080949,0.49103657079117197,0.3765437016970759,0.5016333359891642,0.417018564257828,0.39869333120866857,0.3963827583459485,0.39168193769420756,0.4751015855310334,0.3951079595251374,0.5717472711337742,0.49294876902238866,0.4256234562983029,0.497012190263724,0.7967492630069316,0.30459724324754994,0.2943191777547606,0.30451756832124927,0.32220540196000313,0.4707991395107959,0.30507529280535417,0.3453908055135049,0.33375826627360367,0.260696358855868,0.36754043502509753,0.5249780893952672,0.5088837542825273,0.509441478766632,0.47390646163652295,0.34937455182853955,0.32005417894988447,0.437016970759302,0.18508485379651024,0.27798581786311843,0.37917297426499874,0.43916819376942073,0.5474464186120628,0.40124292885029084,0.3441956816189945,0.6010676440124292,0.405864074575731,0.3243566249701219,0.2713727989801609,0.3607680662895386,0.3915225878416062,0.32961517010596764,0.4511194327145247,0.6037765915066529,0.36403473826786703
hhm9,0.5509140540987674,0.41004218711225077,0.32889403590040533,0.40483083795185704,0.4001985275870626,0.299280337496898,0.37637521713954836,0.3776160145586897,0.21275539746877323,0.35743237654065674,0.40813963106956735,0.05343700885102159,0.396310695673753,0.35528166101414504,0.4583505666308214,0.42096120440069484,0.4782033253370832,0.317726859128133,0.4084705103813384,0.29481346678798903,0.4308875837538258,0.3720737860865249,0.38100752750434275,0.4466043510629498,0.3956489370502109,0.3238481263958971,0.35089751013317894,0.44271651914964016,0.2749607080817271,0.49739432541980305,0.37960129042931584,0.3786086524940028,0.37041938952766973,0.3906030275457027,0.35693605757300023,0.4234427992389776,0.3717429067747539,0.4215402431962942,0.31615518239722057,0.4493341053850608,0.5933493258334023,0.4040863595003722,0.18123914302258248,0.3904375878898172,0.3686822731408718,0.2383985441310282,0.3668624369261312,0.30672512201174623,0.3523864670361485,0.29009843659525186
hhm10,0.7923302432453847,0.7923302432453847,0.4826083511607638,0.3804769828064337,0.49671182949053166,0.43807939149037317,0.482925283258062,0.4696141351715395,0.46834640678234685,0.585928214879962,0.45915537596070044,0.38681562475239684,0.633626495523334,0.5082006180175898,0.6737184058315505,0.7923302432453847,0.6300610094287299,0.32287457412249426,0.492354013152682,0.3878456540686158,0.4678710086363997,0.5346644481419855,0.519134775374376,0.6572379367720466,0.554155772125822,0.4859361381823944,0.5044766658743365,0.5074875207986689,0.4272244671579114,0.7923302432453847,0.5810950003961651,0.5429046826717376,0.5424292845257903,0.549877188812297,0.4876792647175343,0.5278504080500753,0.5142223278662547,0.5472624990095872,0.6009032564772997,0.540765391014975,0.5993185959908089,0.6884557483559147,0.3436336264955233,0.5077252198716425,0.45875921083907767,0.33848347991442834,0.49774185880675065,0.7923302432453847,0.5538388400285239,0.7923302432453847
hhm11,0.5899805447470817,0.38529507133592733,0.3702172503242542,0.35870622568093385,0.32887483787289234,0.3742704280155642,0.3016374837872892,0.33487354085603116,0.3536802853437095,0.3427367055771725,0.49967574578469515,0.7067931258106356,0.5012970168612192,0.42047665369649806,0.3132295719844358,0.6750162127107652,0.4378242542153048,0.46692607003891057,0.46757457846952005,0.4555771725032426,0.4071011673151751,0.36097600518806744,0.2878566796368353,0.32279507133592733,0.37929636835278857,0.4592250324254215,0.5195363164721142,0.6151913099870299,0.5668774319066148,0.11551556420233462,0.42258430609597925,0.23224708171206224,0.27196822308690016,0.32944228274967574,0.45444228274967574,0.4147211413748379,0.4521725032425421,0.5167801556420233,0.382701037613489,0.4426070038910506,0.6626945525291829,0.47308690012970167,0.4593060959792477,0.3669747081712062,0.38010700389105057,0.40653372243839164,0.3459792477302205,0.2772373540856031,0.3317120622568093,0.39340142671854733
hhm12,0.23134270404597343,0.252620952085113,0.14739457948279877,0.21208355983536537,0.27312262172866353,0.25231032072687737,0.28360643006911546,0.2788693018560223,0.32561932127048226,0.24982526986099243,0.12207812378659626,0.4731692164323988,0.04100333928710103,0.15360720664751107,0.40529626465791724,0.4811679739069659,0.47223732235769195,0.4092568144754213,0.48101265822784806,0.4041313970645336,0.3876679350780461,0.2238098936087598,0.4007921099635008,0.4500271802438456,0.44420284227692786,0.22217907897802283,0.5345189096839326,0.4085578939193911,0.4930496233594781,0.43969868758251146,0.3712821309311175,0.38805622427584063,0.45057078512075793,0.46268540809194686,0.4119748388599829,0.4404752659781005,0.42300225207734715,0.46004504154694414,0.5019026170691931,0.2954104216820688,0.02710258600605731,0.3638269783334628,0.41135357614351165,0.18443736895239574,0.31668866972120835,0.23204162460200356,0.24695192979731304,0.33214257979343015,0.4257202764619088,0.4744117418653413
hhm13,0.2604043741641099,0.3886397608370703,0.35559751396428296,0.28093777043505624,0.2907717724805287,0.33569349382424674,0.3466289040988121,0.32987176461332707,0.3258594917787743,0.32892770041696173,0.37164660530249394,0.44622767681535686,0.4811580520808749,0.3830540476752419,0.44182204389898516,0.4804500039336009,0.3252301156478641,0.29124380457871135,0.3596097867988357,0.37164660530249394,0.44544095665171907,0.3187003382896704,0.305640783573283,0.37471481394068135,0.2938399811187161,0.4210526315789474,0.4916214302572575,0.5094799779718354,0.5181338997718512,0.44827314924081507,0.32719691605695855,0.36322869955156956,0.3481236724097239,0.2820391786641492,0.28998505231689087,0.40815042089528764,0.1619856816930218,0.4146801982534813,0.33789631028243255,0.4338761702462434,0.5414208166155299,0.343088663362442,0.46479427267720874,0.2607190622295649,0.36653292423884826,0.33073715679332866,0.3102037605223822,0.26646211942412085,0.3546534497679176,0.4749429627881363
hhm14,0.2805872756933116,0.3259535461819311,0.3310805562029053,0.3062223257981822,0.36106579662860244,0.422279189000233,0.3476268158160491,0.37419404956109686,0.3430435795851782,0.36494989512934045,0.33278955954323,0.45513866231647626,0.4892410471529558,0.3580361997980268,0.4010720111862036,0.5385690981123281,0.3648722131593257,0.26442942593024155,0.156373805639711,0.2939485745358502,0.3840596597529713,0.28524819389419714,0.3219917657111784,0.36860094772003416,0.14153654936689194,0.32307931329138506,0.49988347704497776,0.5355395012817524,0.3750485512312592,0.4085294803076206,0.304357958517828,0.3261865920919754,0.37054299697040316,0.1854268624252311,0.27833449856288356,0.37458245941117063,0.3889536238639012,0.422279189000233,0.4244542841606463,0.2080323156995261,0.4185504544395245,0.08638235065641263,0.3788549677619824,0.27810145265283925,0.2589140060591936,0.28322846267381335,0.5136331857375903,0.3655713508894585,0.363163209819001,0.2741396721820865
hhm15,0.138503937007874,0.1152755905511811,0.21905511811023623,0.2877952755905512,0.22393700787401574,0.23622047244094488,0.23968503937007873,0.2343307086614173,0.27023622047244095,0.3015748031496063,0.34307086614173227,0.37393700787401574,0.34283464566929134,0.2794488188976378,0.36196850393700786,0.4294488188976378,0.2999212598425197,0.3248818897637795,0.3037795275590551,0.3409448818897638,0.21692913385826773,0.23417322834645668,0.2325984251968504,0.3256692913385827,0.36181102362204726,0.29952755905511813,0.4640944881889764,0.38559055118110236,0.44488188976377946,0.3339370078740157,0.3658267716535433,0.29850393700787403,0.26818897637795275,0.4090551181102362,0.30456692913385824,0.1800787401574803,0.21228346456692915,0.405748031496063,0.3323622047244094,0.3484251968503937,0.36826771653543305,0.30503937007874016,0.3248031496062992,0.27535433070866144,0.23732283464566928,0.28385826771653544,0.30385826771653546,0.23133858267716537,0.16220472440944883,0.38763779527559056
hhm16,0.39446846699844984,0.39389736477115117,0.3128008484947377,0.3079056865464633,0.33874520682059234,0.32283593048870035,0.3183486987027821,0.3391531369829485,0.33246308232030675,0.3458431916455903,0.3652606673737456,0.5374887819205353,0.46145059965733864,0.36468956514644696,0.3947132250958636,0.5381414701803051,0.31174023007261153,0.3831280084849474,0.4447254630007343,0.29950232520192543,0.21693726034102964,0.3530227625030595,0.27070245573957735,0.5103206331076119,0.3645263930815044,0.30431590111772866,0.5928856979685078,0.43322183242228934,0.4978379701395121,0.4190258627722933,0.3141878110467488,0.3303418454760545,0.10157461042669495,0.5578852900383454,0.20412825324304476,0.09961654564738516,0.15999020967610345,0.49677735171738596,0.26809170270049765,0.410785673492698,0.45280248021538716,0.28718283429876806,0.30317369666313126,0.39128661173207147,0.2715183160642898,0.4147833890837888,0.32332544668352775,0.38092518560822386,0.22305621277637266,0.5727339479481114
hhm17,0.44923363536285876,0.5314590566517063,0.40105004657464643,0.29138792446439155,0.40951816411211783,0.4433906342620035,0.3356761791853671,0.3733593022271149,0.39977982894402575,0.34143449911084767,0.43703954610889995,0.3278008298755187,0.5278177661105936,0.4209501227877043,0.5223134897112371,0.47777119146413755,0.39249724786180035,0.30646117368109066,0.36006435769328476,0.2970615632144974,0.429333559149801,0.441188923702261,0.4507578965196037,0.5275637225844695,0.39232788551105086,0.21068676433228892,0.4194258616309594,0.5489033787788974,0.17308832246591582,0.4999576594123126,0.4356846473029045,0.31636887119993223,0.49851807943094245,0.6144466085189262,0.3654839529172665,0.33626894741299007,0.46633923278855105,0.5477178423236515,0.35718519773054447,0.4814971631806249,0.604708273350834,0.3870776526378186,0.34702345668557877,0.4929291218562113,0.3757303751376069,0.27953255991193154,0.3237361334575323,0.29020238800914555,0.5257007367262257,0.4779405538148869
hhm18,0.7652865998316369,0.5974592484885589,0.7652865998316369,0.7652865998316369,0.5294252697635264,0.630213514961353,0.5609550776765899,0.7652865998316369,0.6684013162929517,0.6069488023264713,0.631131858881151,0.49713017525063136,0.5216958751052269,0.5471033902196373,0.618504629983929,0.036963342771868066,0.7652865998316369,0.46980944363664195,0.6542435141960664,0.36397030687992654,0.7652865998316369,0.7652865998316369,0.6745236090916048,0.7652865998316369,0.5886584525904951,0.37736282237698016,0.5216958751052269,0.5769495676130711,0.37468431927756946,0.6719216346521772,0.4821305578939313,0.6165914134843499,0.7652865998316369,0.5996020509680875,0.5755720517333741,0.7652865998316369,0.635800107140124,0.0619882145863626,0.5997551082880539,0.7652865998316369,0.7652865998316369,0.6097803627458483,0.58345450371164,0.7652865998316369,0.5274355246039643,0.7652865998316369,0.7652865998316369,0.7652865998316369,0.7652865998316369,0.7652865998316369
hhm19,0.8254911672445104,0.4363546310054482,0.5409443618953277,0.5769357767871883,0.5804028396896153,0.6536239062242033,0.5800726432227175,0.5096582466567607,0.5190688459633482,0.49545979858015515,0.5754498926861483,0.6036816906059105,0.5224533597490507,0.40762753838533927,0.5959220736338121,0.37881789664850585,0.508420009905894,0.5506026085520885,0.38616476803698196,0.295938583457157,0.7385669473336636,0.4580650487039788,0.3784051510648836,0.540449067194981,0.5052005943536404,0.3679214132408783,0.07214792801717022,0.09270265808155852,0.25218755159319795,0.6172197457487205,0.46516427274228167,0.495789995047053,0.5990589400693412,0.6340597655605085,0.5600132078586759,0.8254911672445104,0.5158494304110945,0.29668152550767707,0.5412745583622255,0.5493643718012217,0.8254911672445104,0.5919597160310385,0.4531946508172362,0.510070992240383,0.46854878652798415,0.5429255406967145,0.4034175334323923,0.5611688954928182,0.4329701172197457,0.8254911672445104
A,0.7272727272727273,0.7272727272727273,0.6363636363636364,0.6363636363636364,0.5454545454545454,0.5909090909090909,0.5909090909090909,0.5909090909090909,0.5454545454545454,0.5909090909090909,0.6363636363636364,0.5,0.5454545454545454,0.6363636363636364,0.5909090909090909,0.45454545454545453,0.5454545454545454,0.5454545454545454,0.5,0.5909090909090909,0.5454545454545454,0.6818181818181818,0.5454545454545454,0.5909090909090909,0.5,0.5909090909090909,0.5,0.5,0.5454545454545454,0.5,0.5,0.5454545454545454,0.5909090909090909,0.5454545454545454,0.6363636363636364,0.5909090909090909,0.5454545454545454,0.45454545454545453,0.5454545454545454,0.5,0.5454545454545454,0.5,0.5454545454545454,0.5909090909090909,0.5909090909090909,0.6363636363636364,0.7727272727272727,0.5909090909090909,0.7727272727272727,0.6363636363636364
R,0.42857142857142855,0.5238095238095238,0.6190476190476191,0.5238095238095238,0.5238095238095238,0.47619047619047616,0.47619047619047616,0.47619047619047616,0.5238095238095238,0.42857142857142855,0.42857142857142855,0.42857142857142855,0.38095238095238093,0.47619047619047616,0.42857142857142855,0.38095238095238093,0.5238095238095238,0.6190476190476191,0.9047619047619048,0.47619047619047616,0.5238095238095238,0.5238095238095238,0.47619047619047616,0.42857142857142855,0.9047619047619048,0.42857142857142855,0.42857142857142855,0.42857142857142855,0.38095238095238093,0.47619047619047616,0.47619047619047616,0.5714285714285714,0.5238095238095238,0.8571428571428571,0.6190476190476191,0.47619047619047616,0.5714285714285714,0.38095238095238093,0.5238095238095238,0.42857142857142855,0.38095238095238093,0.9047619047619048,0.42857142857142855,0.5714285714285714,0.5238095238095238,0.47619047619047616,0.5238095238095238,0.42857142857142855,0.47619047619047616,0.42857142857142855
N,0.5238095238095238,0.5714285714285714,0.5714285714285714,0.5238095238095238,0.6666666666666666,0.6666666666666666,0.6666666666666666,0.5714285714285714,0.38095238095238093,0.47619047619047616,0.42857142857142855,0.38095238095238093,0.42857142857142855,0.5238095238095238,0.5238095238095238,0.2857142857142857,0.5238095238095238,0.5238095238095238,0.47619047619047616,0.47619047619047616,0.5714285714285714,0.5714285714285714,0.7619047619047619,0.6190476190476191,0.47619047619047616,0.42857142857142855,0.38095238095238093,0.38095238095238093,0.38095238095238093,0.8095238095238095,0.5238095238095238,0.8571428571428571,0.7619047619047619,0.5238095238095238,0.5714285714285714,0.5238095238095238,0.5238095238095238,0.3333333333333333,0.5238095238095238,0.5714285714285714,0.42857142857142855,0.47619047619047616,0.47619047619047616,0.5714285714285714,0.8095238095238095,0.47619047619047616,0.6190476190476191,0.38095238095238093,0.5238095238095238,0.5238095238095238
D,0.5,0.5454545454545454,0.5,0.5454545454545454,0.7727272727272727,0.6818181818181818,0.8636363636363636,0.7727272727272727,0.36363636363636365,0.5,0.5,0.36363636363636365,0.45454545454545453,0.6818181818181818,0.5454545454545454,0.3181818181818182,0.5909090909090909,0.5909090909090909,0.45454545454545453,0.45454545454545453,0.6818181818181818,0.5909090909090909,0.8636363636363636,0.5454545454545454,0.45454545454545453,0.4090909090909091,0.36363636363636365,0.36363636363636365,0.4090909090909091,0.8181818181818182,0.45454545454545453,0.5909090909090909,0.5454545454545454,0.5,0.5,0.5,0.5,0.3181818181818182,0.6818181818181818,0.9090909090909091,0.45454545454545453,0.45454545454545453,0.45454545454545453,0.5909090909090909,0.5909090909090909,0.5,0.5454545454545454,0.4090909090909091,0.5,0.5
C,0.4444444444444444,0.48148148148148145,0.5185185185185185,0.48148148148148145,0.4074074074074074,0.6296296296296297,0.4074074074074074,0.4074074074074074,0.48148148148148145,0.4074074074074074,0.4074074074074074,0.48148148148148145,0.4074074074074074,0.4444444444444444,0.4074074074074074,0.4074074074074074,0.37037037037037035,0.4074074074074074,0.37037037037037035,0.48148148148148145,0.4074074074074074,0.48148148148148145,0.4074074074074074,0.4074074074074074,0.37037037037037035,0.48148148148148145,0.4074074074074074,0.4074074074074074,0.48148148148148145,0.4074074074074074,0.37037037037037035,0.4444444444444444,0.48148148148148145,0.4074074074074074,0.48148148148148145,0.48148148148148145,0.4074074074074074,0.4074074074074074,0.37037037037037035,0.37037037037037035,0.4074074074074074,0.37037037037037035,0.48148148148148145,0.4074074074074074,0.48148148148148145,0.5185185185185185,0.48148148148148145,0.48148148148148145,0.5555555555555556,0.4444444444444444
Q,0.42857142857142855,0.6190476190476191,0.5238095238095238,0.5238095238095238,0.5714285714285714,0.47619047619047616,0.47619047619047616,0.5238095238095238,0.42857142857142855,0.38095238095238093,0.42857142857142855,0.38095238095238093,0.42857142857142855,0.47619047619047616,0.38095238095238093,0.3333333333333333,0.5714285714285714,0.6190476190476191,0.5238095238095238,0.42857142857142855,0.6666666666666666,0.47619047619047616,0.47619047619047616,0.38095238095238093,0.5238095238095238,0.38095238095238093,0.3333333333333333,0.38095238095238093,0.38095238095238093,0.47619047619047616,0.47619047619047616,0.5238095238095238,0.47619047619047616,0.5238095238095238,0.47619047619047616,0.42857142857142855,0.9047619047619048,0.3333333333333333,0.5714285714285714,0.47619047619047616,0.38095238095238093,0.5238095238095238,0.42857142857142855,0.8095238095238095,0.47619047619047616,0.5714285714285714,0.6190476190476191,0.42857142857142855,0.47619047619047616,0.38095238095238093
E,0.5,0.55,0.6,0.55,0.75,0.65,0.6,0.7,0.4,0.45,0.5,0.4,0.45,0.7,0.45,0.35,0.95,0.85,0.55,0.5,0.6,0.55,0.65,0.5,0.55,0.45,0.4,0.4,0.4,0.6,0.5,0.55,0.5,0.55,0.55,0.5,0.65,0.35,0.9,0.6,0.5,0.55,0.45,0.65,0.55,0.55,0.7,0.4,0.5,0.45
G,0.8636363636363636,0.6363636363636364,0.5454545454545454,0.5454545454545454,0.5454545454545454,0.5454545454545454,0.6363636363636364,0.6363636363636364,0.4090909090909091,0.9545454545454546,0.5,0.4090909090909091,0.45454545454545453,0.5454545454545454,0.9545454545454546,0.45454545454545453,0.5,0.5,0.45454545454545453,0.5,0.5,0.5909090909090909,0.5454545454545454,0.9090909090909091,0.45454545454545453,0.45454545454545453,0.45454545454545453,0.45454545454545453,0.4090909090909091,0.5454545454545454,0.45454545454545453,0.5454545454545454,0.5454545454545454,0.5,0.5454545454545454,0.5,0.5,0.45454545454545453,0.5,0.5,0.45454545454545453,0.45454545454545453,0.5,0.5,0.7727272727272727,0.5,0.5909090909090909,0.45454545454545453,0.6363636363636364,0.9090909090909091
H,0.375,0.4583333333333333,0.4166666666666667,0.4166666666666667,0.5,0.5416666666666666,0.4166666666666667,0.4583333333333333,0.3333333333333333,0.375,0.375,0.3333333333333333,0.3333333333333333,0.5416666666666666,0.375,0.3333333333333333,0.4583333333333333,0.4583333333333333,0.4583333333333333,0.375,0.8333333333333334,0.4166666666666667,0.4166666666666667,0.375,0.4583333333333333,0.3333333333333333,0.4583333333333333,0.4583333333333333,0.3333333333333333,0.5416666666666666,0.9166666666666666,0.4583333333333333,0.4166666666666667,0.5,0.4166666666666667,0.375,0.5,0.3333333333333333,0.4583333333333333,0.4166666666666667,0.3333333333333333,0.4583333333333333,0.375,0.5833333333333334,0.5833333333333334,0.4166666666666667,0.4583333333333333,0.3333333333333333,0.4166666666666667,0.375
I,0.4583333333333333,0.5416666666666666,0.5,0.6666666666666666,0.4583333333333333,0.5416666666666666,0.5,0.5,0.6666666666666666,0.4166666666666667,0.4583333333333333,0.6666666666666666,0.4583333333333333,0.5,0.4166666666666667,0.4583333333333333,0.4166666666666667,0.5,0.4583333333333333,0.75,0.4583333333333333,0.5833333333333334,0.4583333333333333,0.4166666666666667,0.4583333333333333,0.7916666666666666,0.5416666666666666,0.5416666666666666,0.8333333333333334,0.4583333333333333,0.4166666666666667,0.4583333333333333,0.625,0.4583333333333333,0.6666666666666666,0.5416666666666666,0.4583333333333333,0.4583333333333333,0.4583333333333333,0.4583333333333333,0.4583333333333333,0.4583333333333333,0.6666666666666666,0.4583333333333333,0.5,0.6666666666666666,0.5416666666666666,0.8333333333333334,0.5416666666666666,0.4166666666666667
L,0.5,0.5909090909090909,0.5454545454545454,0.7727272727272727,0.5,0.5909090909090909,0.5,0.5,0.9090909090909091,0.45454545454545453,0.5,0.9090909090909091,0.5,0.5,0.45454545454545453,0.5454545454545454,0.5,0.5454545454545454,0.5454545454545454,0.6818181818181818,0.5,0.5909090909090909,0.5,0.45454545454545453,0.5454545454545454,0.6818181818181818,0.6363636363636364,0.6363636363636364,0.7272727272727273,0.45454545454545453,0.5,0.5,0.5909090909090909,0.5454545454545454,0.6363636363636364,0.5909090909090909,0.5454545454545454,0.5454545454545454,0.5,0.45454545454545453,0.5,0.5454545454545454,0.8636363636363636,0.5454545454545454,0.5,0.7272727272727273,0.5909090909090909,0.7272727272727273,0.5909090909090909,0.45454545454545453
K,0.5,0.5454545454545454,0.5454545454545454,0.5454545454545454,0.5454545454545454,0.5454545454545454,0.5454545454545454,0.5454545454545454,0.45454545454545453,0.45454545454545453,0.5,0.4090909090909091,0.5,0.5454545454545454,0.45454545454545453,0.36363636363636365,0.5909090909090909,0.7272727272727273,0.6363636363636364,0.5,0.5454545454545454,0.5454545454545454,0.5454545454545454,0.5,0.6363636363636364,0.45454545454545453,0.4090909090909091,0.4090909090909091,0.45454545454545453,0.5454545454545454,0.5,0.6818181818181818,0.5454545454545454,0.7727272727272727,0.5909090909090909,0.5,0.5909090909090909,0.36363636363636365,0.5909090909090909,0.5,0.5,0.6363636363636364,0.5,0.5909090909090909,0.5454545454545454,0.5454545454545454,0.5909090909090909,0.45454545454545453,0.5454545454545454,0.5
M,0.4230769230769231,0.46153846153846156,0.46153846153846156,0.5769230769230769,0.4230769230769231,0.5,0.4230769230769231,0.4230769230769231,0.5769230769230769,0.38461538461538464,0.4230769230769231,0.5769230769230769,0.38461538461538464,0.4230769230769231,0.38461538461538464,0.4230769230769231,0.4230769230769231,0.5,0.4230769230769231,0.5384615384615384,0.4230769230769231,0.5,0.38461538461538464,0.38461538461538464,0.4230769230769231,0.5769230769230769,0.5,0.5,0.5384615384615384,0.38461538461538464,0.4230769230769231,0.4230769230769231,0.46153846153846156,0.46153846153846156,0.5,0.46153846153846156,0.5,0.4230769230769231,0.4230769230769231,0.38461538461538464,0.38461538461538464,0.4230769230769231,0.5769230769230769,0.46153846153846156,0.46153846153846156,0.5769230769230769,0.46153846153846156,0.5769230769230769,0.46153846153846156,0.38461538461538464
F,0.391304347826087,0.43478260869565216,0.4782608695652174,0.5217391304347826,0.391304347826087,0.5652173913043478,0.391304347826087,0.391304347826087,0.5217391304347826,0.391304347826087,0.43478260869565216,0.5217391304347826,0.34782608695652173,0.391304347826087,0.391304347826087,0.5217391304347826,0.34782608695652173,0.391304347826087,0.391304347826087,0.5217391304347826,0.43478260869565216,0.43478260869565216,0.391304347826087,0.391304347826087,0.391304347826087,0.5217391304347826,0.8695652173913043,0.8695652173913043,0.5217391304347826,0.391304347826087,0.43478260869565216,0.391304347826087,0.43478260869565216,0.391304347826087,0.43478260869565216,0.43478260869565216,0.34782608695652173,0.6086956521739131,0.391304347826087,0.34782608695652173,0.34782608695652173,0.391304347826087,0.6086956521739131,0.391304347826087,0.391304347826087,0.4782608695652174,0.43478260869565216,0.5652173913043478,0.43478260869565216,0.391304347826087
P,0.5217391304347826,0.5652173913043478,0.8260869565217391,0.6086956521739131,0.6956521739130435,0.782608695652174,0.5217391304347826,0.7391304347826086,0.4782608695652174,0.4782608695652174,0.9565217391304348,0.43478260869565216,0.9565217391304348,0.8695652173913043,0.4782608695652174,0.34782608695652173,0.5217391304347826,0.5217391304347826,0.4782608695652174,0.5217391304347826,0.4782608695652174,0.6956521739130435,0.5217391304347826,0.4782608695652174,0.4782608695652174,0.4782608695652174,0.391304347826087,0.391304347826087,0.43478260869565216,0.4782608695652174,0.43478260869565216,0.5652173913043478,0.5217391304347826,0.4782608695652174,0.5217391304347826,0.5217391304347826,0.4782608695652174,0.391304347826087,0.5217391304347826,0.4782608695652174,0.9565217391304348,0.4782608695652174,0.4782608695652174,0.5217391304347826,0.4782608695652174,0.8260869565217391,0.5217391304347826,0.4782608695652174,0.5217391304347826,0.4782608695652174
S,0.7142857142857143,0.7619047619047619,0.7619047619047619,0.5714285714285714,0.6190476190476191,0.6666666666666666,0.6666666666666666,0.6190476190476191,0.47619047619047616,0.5714285714285714,0.5714285714285714,0.47619047619047616,0.5238095238095238,0.6190476190476191,0.5714285714285714,0.38095238095238093,0.5714285714285714,0.5714285714285714,0.5238095238095238,0.6190476190476191,0.5714285714285714,0.7142857142857143,0.6190476190476191,0.5714285714285714,0.5238095238095238,0.5238095238095238,0.47619047619047616,0.47619047619047616,0.47619047619047616,0.5714285714285714,0.5238095238095238,0.6190476190476191,0.6666666666666666,0.5714285714285714,0.6666666666666666,0.6190476190476191,0.5714285714285714,0.42857142857142855,0.5714285714285714,0.5714285714285714,0.5238095238095238,0.5238095238095238,0.5714285714285714,0.6666666666666666,0.6190476190476191,0.6190476190476191,0.6666666666666666,0.5238095238095238,0.7142857142857143,0.5714285714285714
T,0.5652173913043478,0.6956521739130435,0.6086956521739131,0.6086956521739131,0.5652173913043478,0.6086956521739131,0.5652173913043478,0.5652173913043478,0.5217391304347826,0.5652173913043478,0.5652173913043478,0.5652173913043478,0.5217391304347826,0.5652173913043478,0.4782608695652174,0.43478260869565216,0.5217391304347826,0.5217391304347826,0.5217391304347826,0.6956521739130435,0.5652173913043478,0.7391304347826086,0.5652173913043478,0.5217391304347826,0.5217391304347826,0.6521739130434783,0.4782608695652174,0.4782608695652174,0.5652173913043478,0.5217391304347826,0.4782608695652174,0.6086956521739131,0.8260869565217391,0.5217391304347826,0.782608695652174,0.9130434782608695,0.5652173913043478,0.43478260869565216,0.6086956521739131,0.5217391304347826,0.5217391304347826,0.5217391304347826,0.7391304347826086,0.5652173913043478,0.6086956521739131,0.6086956521739131,0.6086956521739131,0.5652173913043478,0.782608695652174,0.5217391304347826
W,0.37037037037037035,0.4074074074074074,0.37037037037037035,0.4074074074074074,0.37037037037037035,0.4074074074074074,0.3333333333333333,0.37037037037037035,0.4074074074074074,0.37037037037037035,0.3333333333333333,0.4074074074074074,0.5555555555555556,0.37037037037037035,0.37037037037037035,0.9629629629629629,0.37037037037037035,0.37037037037037035,0.37037037037037035,0.4074074074074074,0.4074074074074074,0.4074074074074074,0.3333333333333333,0.37037037037037035,0.37037037037037035,0.4074074074074074,0.5555555555555556,0.5555555555555556,0.37037037037037035,0.3333333333333333,0.37037037037037035,0.37037037037037035,0.37037037037037035,0.37037037037037035,0.4074074074074074,0.37037037037037035,0.4074074074074074,0.9629629629629629,0.37037037037037035,0.2962962962962963,0.3333333333333333,0.37037037037037035,0.4444444444444444,0.4074074074074074,0.37037037037037035,0.4074074074074074,0.4074074074074074,0.4074074074074074,0.4074074074074074,0.37037037037037035
Y,0.4090909090909091,0.45454545454545453,0.4090909090909091,0.45454545454545453,0.45454545454545453,0.5,0.36363636363636365,0.4090909090909091,0.5,0.36363636363636365,0.36363636363636365,0.45454545454545453,0.36363636363636365,0.4090909090909091,0.36363636363636365,0.5909090909090909,0.4090909090909091,0.4090909090909091,0.4090909090909091,0.45454545454545453,0.5909090909090909,0.45454545454545453,0.36363636363636365,0.36363636363636365,0.4090909090909091,0.45454545454545453,0.8181818181818182,0.8181818181818182,0.45454545454545453,0.4090909090909091,0.5454545454545454,0.4090909090909091,0.4090909090909091,0.4090909090909091,0.45454545454545453,0.4090909090909091,0.4090909090909091,0.5909090909090909,0.4090909090909091,0.36363636363636365,0.36363636363636365,0.4090909090909091,0.5,0.5,0.4090909090909091,0.45454545454545453,0.45454545454545453,0.45454545454545453,0.4090909090909091,0.36363636363636365
V,0.5217391304347826,0.6086956521739131,0.5652173913043478,0.6956521739130435,0.5217391304347826,0.5652173913043478,0.5217391304347826,0.5217391304347826,0.6521739130434783,0.4782608695652174,0.5217391304347826,0.6521739130434783,0.5217391304347826,0.5217391304347826,0.4782608695652174,0.43478260869565216,0.4782608695652174,0.6086956521739131,0.4782608695652174,0.8260869565217391,0.4782608695652174,0.6521739130434783,0.4782608695652174,0.4782608695652174,0.4782608695652174,0.8260869565217391,0.5652173913043478,0.5652173913043478,0.8260869565217391,0.4782608695652174,0.43478260869565216,0.5217391304347826,0.6086956521739131,0.5217391304347826,0.6521739130434783,0.6086956521739131,0.5217391304347826,0.4782608695652174,0.5217391304347826,0.43478260869565216,0.4782608695652174,0.4782608695652174,0.6521739130434783,0.5217391304347826,0.5217391304347826,0.6956521739130435,0.6086956521739131,0.782608695652174,0.6086956521739131,0.4782608695652174
