,G,E,L,I,H,M,V,T,L.1,D,K,T.1,G.1,K.1,K.2,S,F,G.2,I.1,C,I.2,V.1,R,G.3,E.1,V.2,K.3,D.1,S.1,P,N,T.2,K.4,T.3,T.4,G.4,I.3,F.1,I.4,K.5,G.5,I.5,V.3,P.1,D.2,S.2,P.2,A,H.1,L.2,C.1,G.6,R.1,L.3,K.6,V.4,G.7,D.3,R.2,I.6,L.4,S.3,L.5,N.1,G.8,K.7,D.4,V.5,R.3,N.2,S.4,T.5,E.2,Q,A.1,V.6,I.7,D.5,L.6,I.8,K.8,E.3,A.2,D.6,F.2,K.9,I.9,E.4,L.7,E.5,I.10,Q.1,T.6,F.3,D.7
ASA,0.3400000000000001,0.6533333333333333,0.48923076923076925,0.3076923076923077,0.34205128205128205,0.4312820512820513,0.057948717948717955,0.3333333333333333,0.04512820512820513,0.38410256410256416,0.31794871794871793,0.46102564102564103,0.2815384615384615,0.6815384615384615,0.5630769230769231,0.1651282051282051,0.15282051282051282,0.041025641025641026,0.04307692307692308,0.12307692307692308,0.10461538461538461,0.20615384615384613,0.5235897435897436,0.1323076923076923,0.5148717948717949,0.34769230769230774,0.6092307692307692,0.49282051282051287,0.2641025641025641,0.4938461538461539,0.5753846153846154,0.38974358974358975,0.6517948717948718,0.20615384615384613,0.3082051282051282,0.05384615384615385,0.041025641025641026,0.21333333333333335,0.03230769230769231,0.42410256410256414,0.11025641025641025,0.16102564102564101,0.19025641025641027,0.4717948717948718,0.578974358974359,0.10461538461538461,0.18923076923076923,0.05025641025641026,0.4907692307692308,0.42000000000000004,0.14102564102564102,0.23487179487179485,0.5815384615384616,0.014358974358974357,0.5251282051282051,0.4041025641025642,0.1964102564102564,0.1123076923076923,0.41025641025641024,0.027692307692307693,0.2938461538461538,0.14923076923076922,0.06307692307692309,0.44512820512820517,0.3092307692307692,0.5035897435897436,0.3733333333333334,0.03076923076923077,0.5743589743589743,0.5805128205128205,0.1164102564102564,0.3246153846153846,0.2676923076923077,0.5635897435897436,0.24615384615384617,0.03487179487179488,0.15128205128205127,0.4256410256410256,0.16358974358974357,0.03076923076923077,0.5405128205128206,0.6543589743589744,0.09076923076923077,0.5964102564102565,0.3923076923076923,0.5092307692307693,0.03538461538461539,0.3482051282051282,0.026153846153846156,0.2717948717948718,0.055384615384615386,0.28615384615384615,0.19435897435897434,0.5630769230769231,0.6584615384615385
HSE_alpha_up,0.025806451612903226,0.17096774193548386,0.22580645161290322,0.4548387096774194,0.34838709677419355,0.3225806451612903,0.7290322580645162,0.1935483870967742,0.7967741935483871,0.15806451612903225,0.5645161290322581,0.132258064516129,0.07096774193548386,0.19677419354838707,0.1870967741935484,0.5193548387096775,0.6806451612903226,0.5838709677419355,0.7806451612903226,0.4709677419354839,0.7129032258064517,0.42580645161290326,0.3806451612903226,0.39032258064516134,0.23548387096774193,0.39032258064516134,0.19677419354838707,0.1935483870967742,0.2645161290322581,0.15483870967741936,0.11612903225806451,0.25483870967741934,0.1774193548387097,0.5193548387096775,0.31935483870967746,0.5645161290322581,0.7870967741935485,0.44516129032258067,0.8129032258064516,0.29677419354838713,0.2774193548387097,0.6870967741935484,0.3870967741935484,0.15483870967741936,0.054838709677419356,0.5290322580645161,0.5064516129032258,0.7,0.23548387096774193,0.2225806451612903,0.5645161290322581,0.1870967741935484,0.25483870967741934,0.9064516129032258,0.1064516129032258,0.3806451612903226,0.17419354838709675,0.6000000000000001,0.3870967741935484,0.8193548387096775,0.29677419354838713,0.25806451612903225,0.767741935483871,0.24838709677419354,0.06451612903225806,0.2032258064516129,0.32903225806451614,0.7709677419354839,0.3806451612903226,0.07096774193548386,0.5516129032258065,0.14516129032258066,0.635483870967742,0.12258064516129032,0.1935483870967742,0.7580645161290323,0.5709677419354838,0.0967741935483871,0.40645161290322585,0.8,0.2903225806451613,0.08064516129032258,0.6806451612903226,0.06774193548387096,0.3806451612903226,0.28064516129032263,0.8064516129032258,0.28064516129032263,0.8258064516129032,0.31935483870967746,0.7741935483870968,0.31935483870967746,0.4387096774193549,0.3064516129032258,0.06451612903225806
HSE_alpha_down,0.17915309446254074,0.24755700325732902,0.37133550488599343,0.35504885993485336,0.52442996742671,0.5895765472312703,0.39087947882736157,0.755700325732899,0.3355048859934854,0.7166123778501629,0.3127035830618893,0.4104234527687297,0.3583061889250814,0.3680781758957655,0.4788273615635179,0.46254071661237783,0.5504885993485341,0.7035830618892508,0.6514657980456027,0.7915309446254072,0.5374592833876222,0.5732899022801302,0.5276872964169381,0.46905537459283386,0.511400651465798,0.3322475570032573,0.37785016286644957,0.34201954397394135,0.2833876221498371,0.3452768729641694,0.32899022801302935,0.2899022801302931,0.4234527687296417,0.36482084690553745,0.6091205211726384,0.6026058631921825,0.5765472312703583,0.8208469055374593,0.4918566775244299,0.6449511400651466,0.755700325732899,0.4429967426710097,0.4853420195439739,0.5374592833876222,0.49837133550488605,0.29641693811074926,0.5081433224755699,0.39087947882736157,0.5439739413680782,0.5309446254071661,0.37133550488599343,0.5667752442996742,0.52442996742671,0.1693811074918567,0.7752442996742671,0.5146579804560261,0.5798045602605864,0.495114006514658,0.768729641693811,0.43322475570032576,0.6579804560260586,0.7752442996742671,0.3355048859934854,0.4657980456026059,0.4104234527687297,0.4006514657980456,0.5765472312703583,0.2768729641693811,0.4104234527687297,0.5570032573289901,0.20846905537459282,0.6938110749185669,0.32899022801302935,0.5895765472312703,0.5765472312703583,0.4364820846905537,0.5537459283387622,0.6938110749185669,0.5374592833876222,0.4136807817589576,0.5211726384364821,0.5570032573289901,0.1270358306188925,0.5635179153094463,0.4104234527687297,0.6677524429967426,0.39087947882736157,0.7947882736156352,0.45602605863192186,0.7980456026058632,0.504885993485342,0.6547231270358306,0.4723127035830619,0.3322475570032573,0.20846905537459282
P(C),0.993,0.9670000000000001,0.8009999999999999,0.534,0.212,0.092,0.038,0.027999999999999997,0.044000000000000004,0.09,0.392,0.753,0.937,0.9420000000000001,0.7120000000000001,0.774,0.818,0.556,0.185,0.063,0.109,0.313,0.593,0.675,0.46,0.508,0.677,0.853,0.9390000000000001,0.9359999999999999,0.905,0.818,0.81,0.8059999999999999,0.833,0.5589999999999999,0.11699999999999999,0.021,0.034,0.215,0.18100000000000002,0.192,0.868,0.983,0.99,0.98,0.153,0.09300000000000001,0.07400000000000001,0.099,0.426,0.943,0.9490000000000001,0.934,0.9690000000000001,0.997,1.0,0.995,0.035,0.013999999999999999,0.025,0.015,0.021,0.997,0.9990000000000001,0.046,0.078,0.937,0.978,0.9840000000000001,0.993,0.828,0.035,0.013000000000000001,0.004,0.002,0.001,0.002,0.002,0.006,0.133,0.48,0.996,0.998,0.9840000000000001,0.591,0.057999999999999996,0.009000000000000001,0.005,0.004,0.016,0.08900000000000001,0.418,0.938,0.998
P(H),0.002,0.009000000000000001,0.013999999999999999,0.002,0.002,0.001,0.0,0.0,0.0,0.001,0.005,0.018000000000000002,0.027999999999999997,0.024,0.023,0.027000000000000003,0.044000000000000004,0.027000000000000003,0.006,0.002,0.006,0.02,0.055999999999999994,0.035,0.04,0.051,0.045,0.016,0.003,0.052000000000000005,0.07400000000000001,0.094,0.064,0.033,0.013999999999999999,0.008,0.0,0.0,0.0,0.002,0.002,0.001,0.0,0.004,0.008,0.016,0.847,0.907,0.925,0.9,0.568,0.05,0.024,0.002,0.0,0.0,0.0,0.0,0.0,0.0,0.0,0.0,0.0,0.001,0.001,0.0,0.0,0.011000000000000001,0.015,0.012,0.001,0.005,0.965,0.987,0.996,0.998,0.9990000000000001,0.998,0.998,0.9940000000000001,0.867,0.519,0.002,0.001,0.001,0.002,0.0,0.0,0.0,0.0,0.0,0.0,0.004,0.002,0.0
P(E),0.005,0.024,0.185,0.46399999999999997,0.7859999999999999,0.907,0.9620000000000001,0.972,0.956,0.909,0.603,0.22899999999999998,0.036000000000000004,0.033,0.265,0.2,0.138,0.418,0.809,0.935,0.8859999999999999,0.6679999999999999,0.35100000000000003,0.29,0.501,0.44,0.278,0.131,0.057999999999999996,0.012,0.02,0.08800000000000001,0.127,0.16,0.153,0.433,0.882,0.9790000000000001,0.965,0.7829999999999999,0.8170000000000001,0.807,0.131,0.013000000000000001,0.003,0.004,0.0,0.0,0.0,0.001,0.006,0.006999999999999999,0.027000000000000003,0.063,0.031,0.003,0.0,0.005,0.965,0.986,0.9740000000000001,0.985,0.9790000000000001,0.001,0.0,0.9540000000000001,0.922,0.051,0.006999999999999999,0.005,0.006999999999999999,0.16699999999999998,0.0,0.0,0.0,0.0,0.0,0.0,0.0,0.0,0.0,0.0,0.002,0.001,0.015,0.406,0.9420000000000001,0.991,0.995,0.996,0.9840000000000001,0.9109999999999999,0.579,0.06,0.001
cosPhi,0.39689911632430486,0.478191762971263,0.4564235189703059,0.3705916063341825,0.24024117587597338,0.408025567609334,0.20823002862623768,0.41231789294485804,0.23875144491977834,0.30142697288074466,0.4808075600783365,0.3240801630012774,0.6141773059444905,0.5635340209217263,0.31675035151361963,0.5842464694972148,0.5331385742313197,0.3135070637082541,0.26990092977248764,0.17727169613794327,0.4720906855724233,0.3347438233303507,0.4407993585970188,0.0338382024691984,0.38922693684211457,0.43733471541422103,0.41231789294485804,0.5252980701861595,0.4269597863113581,0.6611348615451672,0.5235548201923863,0.4938930040649742,0.4633823129779964,0.40202815252528273,0.37481113971164287,0.1641402053376556,0.36470088795337496,0.29743011263308355,0.5287836242451806,0.500001523090192,0.021088816817486974,0.31593868606095754,0.39860756654859514,0.7041673752050037,0.7105200710494552,0.5392311904543937,0.7231011092446092,0.7176177356725745,0.7065543671977683,0.6808143589180741,0.5087277528904229,0.5816647529711744,0.5270410119494893,0.5052374310977865,0.20469778973452957,0.7347380195306702,0.5052374310977865,0.6218094000308383,0.3347438233303507,0.6065170406921723,0.44426688720979185,0.04043245353655447,0.16349424127654685,0.7824858852983626,0.5833861504520855,0.3030299682856577,0.6453530626549782,0.48953028125131925,0.7191877641635248,0.4790636324451947,0.5816647529711744,0.5911195633974072,0.7597618703044106,0.7223197899021362,0.6985760732996393,0.7073487760335222,0.7293269988969874,0.7128918173729912,0.7001766491363243,0.7057593291662297,0.68811422768336,0.49127529328996117,0.5790807976064348,0.5747694225678617,0.27534133942888395,0.490402772650911,0.25227143424574977,0.3355676988273363,0.2660359032605945,0.32653316888927597,0.3314533804521691,0.25075689397148965,0.3943388029957729,0.515706950470675,0.5244264823906039
cosPsi,0.005363833518505889,0.2365221022516612,0.1609201650659648,0.16543469682057088,0.11585823820323843,0.18737867183214757,0.11923084623163172,0.2139270632772418,0.12436793324824447,0.1833095636862248,0.19148206242962573,0.20964852214453011,0.2254885910009342,0.992097803984621,0.08450776536283594,0.1076118147334586,0.9875746771527816,0.0007796179090095445,0.128427587261303,0.08019006773279347,0.231350195826588,0.1628488062081383,0.29902611167202,0.0005550625190149927,0.1558227121531231,0.22040354826462666,0.25151301948622234,0.7530168820605818,0.1038551783224047,0.9990133642141358,0.9865894363885441,0.23282382530508683,0.3232625781103714,0.1680368936738792,0.5209378268645999,0.0009326007890664845,0.16543469682057088,0.17131237710295222,0.22112744551015495,0.9368861115177326,0.03075348862022198,0.1583631131596005,0.13136133159493796,0.1660837222644766,0.9865894363885441,0.05609230743179938,0.9240240480782129,0.879067168098826,0.8918467286629199,0.909576022144496,0.9911436253643444,0.9931428007686157,0.9892544925508893,0.129597701856625,0.061426918147205634,0.1278442268844231,0.99778098230154,0.08695085275211811,0.1826347433988661,0.20893851492135534,0.9299261357984367,0.05569138367252563,0.18196088986111797,0.8796356536674403,0.9990133642141358,0.11033101753426289,0.1990924884239758,0.9950118288582788,0.9299261357984367,0.999524110790929,0.08066471602728803,0.04043233037238281,0.8966766701456176,0.8902152036691648,0.8880232035332729,0.868638668405062,0.8744778603945011,0.8841417617967617,0.8744778603945011,0.876781696150819,0.9285836503510562,0.9979421993079852,0.09859126240444271,0.9981726480954531,0.08992406206311393,0.16478669052060047,0.13731281449385618,0.20258860662432943,0.15709082353631187,0.21321178182447692,0.18942610986084485,0.11810198568267888,0.13911988595081892,0.8590631488815944,0.7839218725265507
cosTheta,0.4995995598982075,0.5349432480110041,0.47140097892374216,0.4066580979396468,0.30693680824713687,0.44197613101050093,0.2663436026757517,0.47800120028332294,0.2806665274502819,0.3971554874585801,0.47965464634724925,0.4648226993131143,0.5811415394691719,0.7202701260601071,0.30841429636504963,0.45663119371974764,0.7400067574389942,0.29664706856542894,0.30841429636504963,0.2286808315332077,0.5062894322589223,0.41143064422930514,0.5264791882143218,0.37209916575593127,0.435500541088409,0.501270112515095,0.5146801987833775,0.6280957194460757,0.42101756470162316,0.7274388794800212,0.6899166051702665,0.5315540545558494,0.551959055534927,0.42743940671343666,0.5383371526776111,0.29518468479321863,0.38614186831603275,0.3689968558775661,0.5163620911406818,0.7382096430903309,0.0723844140371174,0.35973047632968996,0.405070379884999,0.6509421807736269,0.8141016662888393,0.34138357048071105,0.8869225971143573,0.86322004664864,0.86322004664864,0.8668649422946731,0.7778654903830264,0.7977765356277687,0.8014018440253943,0.38144611627213654,0.21781325967687082,0.5468422543709484,0.8613978627735588,0.405070379884999,0.4034842352493901,0.5434367527222953,0.7454013974477713,0.05567720346333985,0.2893542756630881,0.8741566897177764,0.8413671630595275,0.2908090001657502,0.5553758948234914,0.7923414155881822,0.8686876429626403,0.7959644444203854,0.3752081710495006,0.38614186831603275,0.914293093677317,0.8850985347690807,0.8668649422946731,0.8504688044512568,0.8686876429626403,0.8869225971143573,0.8595758622648653,0.85228980488783,0.8723335222271821,0.8032150501723183,0.41302460754775755,0.7887199616519883,0.30251559597311095,0.46975433943965944,0.29957754273512327,0.425831676054015,0.3247889495762096,0.4290486426519627,0.38928053301820237,0.31137487164519795,0.4066580979396468,0.6333549966916473,0.6298479249336872
cosTau,0.9896114053108829,0.31188786843031724,0.06918541977923709,0.06396536378393974,0.009020643651778182,0.1049224938121549,0.0027390523158634106,0.09807156969139136,0.004745268380845602,0.035433714232971814,0.09807156969139136,0.00030458649045211894,0.9164606203550497,0.9105746045668521,0.4183370188791888,0.3022272487185176,0.10815327133708014,0.3339194340581484,0.6141754350553279,0.004052778704985216,0.14768289501820264,0.013815039801161721,0.12610095475073396,0.48952879005832156,0.3672219412565956,0.08066471602728803,7.615433562091489e-07,0.05976132324541905,0.04984061429890324,0.30946481182486296,0.900887822121877,0.26603509286971316,0.05331430583608121,0.023404666103526595,0.004988171141721176,0.4011713298104369,0.6073676635835317,0.02639486112698558,0.13911988595081892,0.0003685417946894254,0.9992683351631058,0.09807156969139136,0.04611126073354571,0.4286855331472442,0.9655279079312642,0.22257778627600028,0.3355666766307084,0.8009075115760242,0.8036879198616433,0.816690436313775,0.8473291852294986,0.3463216911000965,0.4347369038899742,0.43127772698142663,0.012232728027071593,0.5165775891942632,0.9493970231495834,0.1826347433988661,0.10226325957255222,0.2269490194927855,0.0009866357858642205,0.9999809615320856,0.012425322847218423,0.9836338763879384,0.8247240241650918,0.3529798373838481,0.3070469788378407,0.014225440001176981,0.5069810901695727,0.8403604344794589,0.3110796065907664,0.2745612296552845,0.32489630937026637,0.7846397617154222,0.818039110138882,0.8153379037156432,0.8064535268264883,0.818039110138882,0.8220618148806933,0.8146601955249188,0.7910614850786447,0.8377951038078302,0.36385987647971285,0.1255221396054989,0.7393459289703035,0.22112744551015495,0.016145414759014376,0.048332353568349584,0.010388594689117014,0.030153689607045786,0.023404666103526595,0.00935366800387738,0.07736908338907195,0.08257606836829678,0.9090748587125117
sinPhi,0.9892544925508893,0.0004758892090711009,0.0019026509541272274,0.01703708685546579,0.07277058493359634,0.008532325425222809,0.0939582365540968,0.0077484100127815925,0.07367991782295386,0.041122687158009374,0.0003685417946894254,0.03197023213051331,0.98678945143658,0.004052778704985216,0.03479121600898771,0.007148265455573177,0.0010992658539749622,0.96391812694946,0.056092307431799326,0.11810198568267882,0.0007796179090095445,0.028099524208385185,0.003517245946731584,0.6808122850410461,0.012425322847218423,0.0039426493427611176,0.0077484100127815925,0.0006403214079068187,0.005363833518505778,0.026675369942151805,0.0005550625190149927,3.731516977401039e-05,0.0013427613877710076,0.009692670726693553,0.015926179810946184,0.8704022981433751,0.018654126786760594,0.04287302238286811,0.0008290916929857839,0.0,0.3563197400751441,0.035111757055874215,0.010388594689117181,0.043582911383478584,0.9535220071457324,0.0015413331334360736,0.052532819198987446,0.04984061429890324,0.044658169596911546,0.033838099392243914,7.615242180442072e-05,0.9932860808034847,0.0007316648368941858,2.741531724398394e-05,0.09651984392809909,0.05852620357053656,0.9999725846827561,0.015063992357626621,0.028099524208385185,0.011477212782368185,0.0031160404197018154,0.30302904520452456,0.13018445251069521,0.9125567491391475,0.9929980185352525,0.04043233037238281,0.021593207971196293,0.00010965826257719469,0.05060297685041654,0.0004385849505708084,0.006713919196515317,0.008372546218022692,0.07277058493359628,0.05214411988029355,0.041122687158009485,0.04501936456172839,0.055691383672525574,0.04758647376699021,0.041818635218880185,0.04429836168227741,0.03673568456408138,7.615242180442072e-05,0.006293096624544303,0.005621809476496986,0.05331430583608121,9.21439391778911e-05,0.0656842427809044,0.02781181488125939,0.05811718495565338,0.031055532694051202,0.029264727593981077,0.06655162553219857,0.011292052856952006,0.0002467198171342,0.0005969313292830125
sinPsi,0.426958485718794,0.924946346493432,0.8674572975749799,0.8715724127386971,0.8200548497424779,0.890215203669165,0.8240599505315656,0.9100759379368859,0.8300008339804684,0.886920104863253,0.8934675109806687,0.9070577591781597,0.08209631931586481,0.5885423701597916,0.7781478077501525,0.8098895158975702,0.38922575119026637,0.47208924750341824,0.8345653031794291,0.7715872249753355,0.9216957229064429,0.8692276703129419,0.9578312966697806,0.47644677464517876,0.862687185506144,0.9145187862775208,0.9338827266844643,0.9312568346036287,0.8050725819506339,0.4686047402353433,0.6150248685940523,0.9226309166109281,0.9677220154149335,0.8738990452492659,0.9995614150494292,0.4694757302325716,0.8715724127386971,0.876781696150819,0.9150061425476838,0.2568323097882548,0.6726490994992673,0.8650811383103763,0.8377951038078302,0.8721557731155769,0.6150248685940523,0.730099892391926,0.23504036788339755,0.1739507980848039,0.18942610986084485,0.21321178182447698,0.4063093427071377,0.5825238029303388,0.39689790730168517,0.835860294661495,0.7401117487215945,0.8339162777355235,0.45294584334074284,0.7817630244687859,0.8863667867486754,0.9065503805235138,0.24472854104419717,0.7293247772421576,0.88581229169386,0.8253871086329254,0.5313952597646567,0.8133019056822304,0.8993177550236464,0.4295493840312087,0.24472854104419717,0.521809693682668,0.7723195175075137,0.6969709547954754,0.19561928549563967,0.1873786718321474,0.18466209628435687,0.16220489619216988,0.16868997589213125,0.17994515025752228,0.16868997589213125,0.1713123771029521,0.24248096254497292,0.4546837099011099,0.7981124374828079,0.45729153843131626,0.7860729367227581,0.8709879204878082,0.844177287846877,0.9019284303086087,0.8638863788286053,0.9095760221444958,0.8918467286629199,0.8227288438619753,0.8460715869352033,0.8479563982961572,0.911568184267221
sinTheta,0.8387705839993062,0.8656412337988317,0.8153097792890824,0.7542051529794818,0.6379120626127395,0.7888275118696513,0.5816430845449163,0.8209662756162371,0.6021513092682509,0.7443382785514564,0.8223673356164986,0.8095698801802534,0.896707738352948,0.964532442628132,0.6398547065727674,0.8022781477070561,0.9711967598473807,0.6241830634050799,0.6398547065727674,0.5240408697366433,0.8440695922222728,0.7590707991099055,0.8594567775387871,0.7171502380908549,0.7827158205715634,0.8401032724229833,0.8505740663085575,0.9237941675755121,0.7686658422365006,0.9670353044458048,0.9528852370251948,0.863183523086986,0.8776072371133385,0.7749611905199943,0.8680774804788547,0.6222032078560216,0.7325996632940033,0.7136628469404005,0.8518590165514206,0.970619314630884,0.21042868032505335,0.7030831713155594,0.7525732112164666,0.9353981929607459,0.9899569806343341,0.6813989542940604,0.9989576550279643,0.9970438182214219,0.9970438182214219,0.9974017115692927,0.982006729501968,0.986663186853012,0.9874353132809867,0.7274943144737177,0.5063621526406227,0.8740739978771439,0.9968562218398896,0.7525732112164666,0.7509362478662144,0.8716915405751109,0.9728949632326284,0.16700797693320946,0.6142376016048455,0.9980482857103211,0.994412262684677,0.6162359186576144,0.8799357236040347,0.9854619902660253,0.9975720074454255,0.9862685210478004,0.7206179745254088,0.7325996632940033,0.9999537978387641,0.9988450585566723,0.9974017115692927,0.9956095847521328,0.9975720074454255,0.9989576550279643,0.9966628597427053,0.9958317662411548,0.997895295008335,0.987812771551718,0.7606826049653916,0.9846325354743227,0.6320561206173646,0.8138826126641087,0.6281288770205773,0.7733949761797171,0.6609137354765644,0.7765223150753671,0.7359784340923659,0.6437259539080745,0.7542051529794818,0.9265553886867162,0.9247201215237345
sinTau,0.3986063523217438,0.03673568456408138,0.24623081851964795,0.25530877412557673,0.4054522785050542,0.1935464731735116,0.4477357683661731,0.20258860662432937,0.4312777269814267,0.3151266213630855,0.20258860662432937,0.48255025164874943,0.22330422537832795,0.2146432161577842,0.9932860808034847,0.0407768093284564,0.18942610986084474,0.02838867102619952,0.01321054856341991,0.43646769569932464,0.1452146317317396,0.38327731807204724,0.1680368936738793,0.9998903417374227,0.017952297882945,0.22768048249248635,0.5008726641829492,0.2629558954764418,0.7176155496861638,0.03772698319384338,0.7988125734877606,0.9418828150443466,0.27534050069205174,0.3488150546247777,0.4295493840312088,0.009864412689139013,0.011663860832915984,0.339693504707162,0.1539284130647966,0.48080609545624003,0.4729605935076124,0.20258860662432937,0.2902739587769113,0.005111884546105505,0.6824383921688097,0.9159770610652412,0.02781181488125939,0.8993177550236464,0.8972073102677091,0.8869201048632531,0.8596699001693255,0.024202798060280917,0.9957224306869052,0.9952547316191545,0.3900768978235814,0.00027489202912139854,0.7191855733945387,0.8863667867486754,0.19700579986714428,0.08114064168978058,0.5313952597646565,0.495636732250813,0.38922575119026614,0.3731210277075972,0.11979701719998453,0.9778965073991651,0.03873095527187681,0.3815809269671907,0.9999512620046521,0.8662714493936894,0.9629352924049974,0.053707090773937316,0.031663905375801216,0.9110720205153686,0.88581229169386,0.8880232035332729,0.8950775061878452,0.88581229169386,0.8824607004592159,0.8885729807284855,0.9065503805235138,0.868638668405062,0.9811089967646427,0.1686899758921313,0.9389914877139902,0.08499385745231625,0.37396532087844325,0.28553243329842704,0.3986063523217438,0.32898992833716556,0.3488150546247777,0.40373901673704626,0.23282382530508677,0.2247596299575021,0.7875026260216393
hhm0,0.5089578602069139,0.39523929682900155,0.3642022037177222,0.3968374127344604,0.45445369669442337,0.4134073513331651,0.3635293128101606,0.3555387332828665,0.4235848263100345,0.4312389603835478,0.34494070148877115,0.36832366052653714,0.3438472537639835,0.2957355538733283,0.3192026242745395,0.4007906468163849,0.47665909664395656,0.4494911262511565,0.38523004457902255,0.3483892673900244,0.3921271763815291,0.27428715619480193,0.33409033560434015,0.3455294810328875,0.33038943561275125,0.3479687105727984,0.28766086298258897,0.2917823197914038,0.30103456977037596,0.3112961561106905,0.31785684245941626,0.3942299604676592,0.3404827992261754,0.33770712423248384,0.374968458238708,0.3606695264530238,0.28925897888804775,0.431743628564219,0.42736983766506853,0.291866431154849,0.3021280174951636,0.4306501808394314,0.3090251492976701,0.3205484060896627,0.395407519555892,0.3890991672975019,0.2633526789469257,0.06762553620994195,0.2096896290688872,0.32492219698881314,0.14483976785263689,0.43586508537303387,0.36554798553284545,0.5203128942720161,0.35831440827655814,0.2807637311800824,0.4474724535284717,0.4218184876776852,0.4642106148540667,0.5619480191773909,0.4720329716544705,0.20565228362351753,0.3616788628143662,0.38682816048448143,0.4769114307342922,0.39195895365463873,0.3456135923963327,0.39860375136680964,0.3149129447388342,0.37580957187316,0.3096139288417865,0.32416519471780636,0.361174194633695,0.31297838337959455,0.32946421061485404,0.2147363108755993,0.27310959710656907,0.30254857431238963,0.26478257212549416,0.3543611741946337,0.32122129699722435,0.2961561106905543,0.22970813356884515,0.4065943308941038,0.3619311969047018,0.3714357809740096,0.3398099083186138,0.38808983093615945,0.43712675582471194,0.43014551265876017,0.4412482126335267,0.353688283287072,0.470182521658676,0.361174194633695,0.3890991672975019
hhm1,0.7903264048051845,0.5503042756658499,0.4993282225559156,0.4046471192602545,0.5789931241602781,0.531731605152928,0.4383940567454358,0.5269106140836165,0.5167944361021102,0.4836007271002924,0.5054137358729155,0.6200900972101477,0.5540978424089148,0.43207144550699433,0.507152453963487,0.5606575515687979,0.5357622698174345,0.6070497115308622,0.5148186200900972,0.45269896467240966,0.5793092547222002,0.46020706551805896,0.4974314391843831,0.5239864063858373,0.45111831186279927,0.569667272583577,0.4893701098553702,0.49158302378882474,0.4771990832213704,0.5812060380937327,0.6845807318422508,0.6086303643404726,0.5374219552675255,0.5280961036908243,0.5488026554967201,0.48684106535999366,0.4152374930846439,0.4803603888405911,0.6072077768118233,0.4745910060855133,0.5243025369477594,0.6306014383940567,0.5588398008377459,0.6431676282304591,0.5710108274717458,0.5113411839089543,0.5378961511104086,0.4616296530467082,0.4828104006954872,0.5254880265549672,0.36062593851260566,0.5425590768987592,0.4421876234885007,0.5649253141547459,0.49980241839879863,0.5282541689717853,0.5697463052240574,0.6411127795779656,0.4906346321030585,0.5301509523433177,0.5283332016122658,0.5917964119181222,0.5079427803682921,0.5119734450327985,0.6226191417055243,0.5081798782897337,0.4983007982296688,0.44171342764561755,0.600015806528096,0.509918596380305,0.42100687583972174,0.5954319133802259,0.4595748043942148,0.490397534181617,0.6482257172212124,0.48771042440527934,0.4843910535050976,0.6098158539476803,0.5103927922231881,0.557180115387655,0.6089464949023946,0.5515687979135382,0.3750889117205406,0.6053900260807712,0.5850786374772781,0.6075239073737454,0.5159250770568244,0.5072314866039674,0.5636607919070575,0.4592586738322927,0.5601043230854342,0.47048130878052635,0.6055480913617324,0.6148739429384336,0.7903264048051845
hhm2,0.2434947299077734,0.32172266139657446,0.40942028985507245,0.65332674571805,0.462697628458498,0.36717720685111993,0.5880270092226614,0.344532279314888,0.6716073781291173,0.35638998682476947,0.39566864295125165,0.2425889328063241,0.2980895915678525,0.31859354413702246,0.34757905138339923,0.36289525691699603,0.5902503293807642,0.4562747035573123,0.7538702239789197,0.4183135704874836,0.49711791831357055,0.3591897233201581,0.33506258234519104,0.3077239789196311,0.3166172595520422,0.24110671936758896,0.366600790513834,0.27355072463768115,0.33390974967061926,0.3622364953886693,0.33061594202898553,0.2840085638998682,0.27750329380764166,0.2518939393939394,0.315135046113307,0.47019104084321484,0.5775691699604744,0.6627964426877471,0.5922266139657444,0.36050724637681164,0.3058300395256917,0.5931324110671937,0.28606719367588934,0.33646245059288543,0.2359189723320158,0.558300395256917,0.4086791831357049,0.5422430830039526,0.23929512516469043,0.3686594202898551,0.329874835309618,0.3751646903820817,0.44598155467720685,0.654397233201581,0.46796772068511205,0.42498353096179187,0.36610671936758893,0.04471343873517787,0.6094367588932806,0.7072628458498024,0.5481719367588933,0.47216732542819506,0.7304841897233202,0.2015810276679842,0.26177536231884063,0.4146903820816865,0.2630928853754941,0.56933465085639,0.3236989459815547,0.2574110671936759,0.4196310935441371,0.27173913043478265,0.23690711462450595,0.2754446640316206,0.23731884057971017,0.42448945981554675,0.4888833992094862,0.3189229249011858,0.4243247694334651,0.47208498023715423,0.3871870882740448,0.3478260869565218,0.3888339920948617,0.30558300395256915,0.22817852437417657,0.41180830039525695,0.5751811594202899,0.36618906455862976,0.7193675889328064,0.40555006587615283,0.6058959156785244,0.4404644268774704,0.37203557312252966,0.21022727272727276,0.20256916996047433
hhm3,0.23821280662631408,0.16406498884995221,0.2593182542210895,0.41900286715514495,0.3239885313794202,0.24649569926728257,0.49649569926728254,0.24267282574068175,0.5647499203568015,0.26441541892322395,0.369942656897101,0.26441541892322395,0.2973877030901561,0.3666772857597961,0.2528671551449506,0.35791653392800254,0.5841032175852182,0.4467187002230009,0.5562280981204205,0.3210417330359987,0.5064510990761389,0.3415100350430073,0.3060688117234788,0.36325262822554955,0.27277795476266326,0.28846766486142084,0.28201656578528195,0.35592545396623126,0.3446161197833705,0.327811404906021,0.34565148136349155,0.29826377827333544,0.3131570563873845,0.2923701815864925,0.31244026760114685,0.3849155782096209,0.49800892003822866,0.42553360942975466,0.6009079324625677,0.31610385473080593,0.25796431984708507,0.5805192736540299,0.2818572793883402,0.2473717744504619,0.32032494424976105,0.4369225868110863,0.44249761070404586,0.46686842943612616,0.22276202612296908,0.267601146862058,0.36970372730168843,0.42919719655941385,0.36349155782096204,0.6275087607518318,0.3018477222045237,0.2789901242433896,0.43899330997132846,0.38324307104173305,0.2495221408091749,0.5877668047148773,0.4138260592545396,0.22236381013061485,0.605527237973877,0.35393437400446004,0.3551290219815228,0.28058298821280664,0.3109270468302007,0.5403791016247212,0.28552086651799935,0.35258043963045554,0.40426887543803763,0.28735266008282895,0.2981841350748646,0.23319528512265053,0.18978974195603696,0.3704205160879261,0.3714558776680471,0.27524689391525964,0.3673144313475629,0.437081873208028,0.3399171710735903,0.2946798343421472,0.364606562599554,0.33529786556228103,0.2621854093660401,0.26043325899968145,0.5320962089837528,0.2949984071360306,0.5935011150047785,0.27277795476266326,0.5813953488372092,0.2641764893278114,0.42664861420834654,0.33179356482956357,0.26537113730487416
hhm4,0.80768920119538,0.3721831839108311,0.4593328487198126,0.38074468944350215,0.31039496001938455,0.3992407721508764,0.47419433002180755,0.46232129876423556,0.33866408206122284,0.5044826750666344,0.5471286648897504,0.5372748566351668,0.5894515790323883,0.4636136014861481,0.4964865519748001,0.4510136499475002,0.18883773523947986,0.6554397867700509,0.16016476859704387,0.4552944027138357,0.32081415071480496,0.5340440998303853,0.4443098295775786,0.4565059365156288,0.4542444067522817,0.40473305871900495,0.46054438252160573,0.48162507067280513,0.37993700024230675,0.35788708504967287,0.47330587190049267,0.4422098376544706,0.4363137064857443,0.5303287295048865,0.4549713270333576,0.5177287779662385,0.38777158549390195,0.2435990630805266,0.47039819077618933,0.5188595428479121,0.44309829577578547,0.4191099265002827,0.3930215653016719,0.5176480090461191,0.5745093288102738,0.5837169857039012,0.5123980292383491,0.4204022292221953,0.37929084888135045,0.534447944430983,0.5241095226556821,0.5366287052742105,0.4943057911315726,0.31273725870285113,0.49301348840966003,0.5177287779662385,0.618689928115661,0.47847508278814316,0.4578790081576609,0.46603666908973435,0.4872788950811727,0.5073095872708182,0.3753331717954931,0.5517324933365642,0.5914708020353767,0.5151441725224134,0.4999596155399402,0.3615216864550521,0.49139811000726924,0.5391325417979161,0.34294483482755833,0.5407479202003069,0.3628139891769647,0.3383410063807447,0.44770212422259914,0.3371294725789516,0.3952023261448995,0.4615943784831597,0.36200629997576933,0.35199095388094664,0.42759066311283417,0.5213633793716178,0.4661982069299734,0.5662708989580809,0.5882400452305953,0.48162507067280513,0.38712543413294564,0.4767789354656329,0.26338744850981344,0.4823519909538809,0.2890719651078265,0.39471771262418226,0.5626362975527017,0.43986753897100395,0.6275745093288103
hhm5,0.15366136514247847,0.24966865473823724,0.5181411530815109,0.5474652087475149,0.5025679257786614,0.4917163684559311,0.5879721669980119,0.455765407554672,0.5603048376408217,0.46164678595096087,0.43223989396951623,0.3241385023194168,0.23550364479787939,0.23293571901921803,0.19408548707753479,0.15399271040424123,0.6100066269052353,0.03520543406229291,0.5427435387673956,0.35362823061630216,0.4615639496355202,0.33084824387011263,0.17064280980781976,0.15738899933730946,0.3435222001325381,0.3343273691186216,0.255053015241882,0.3065772034459907,0.33962889330682566,0.24710072895957588,0.24055666003976142,0.2822233267064281,0.24511265738899932,0.2629224652087475,0.2470178926441352,0.10329688535453943,0.46305500331345256,0.5326375082836315,0.6115805168986083,0.3486580516898608,0.3024353876739562,0.5773691186216038,0.4609012591119947,0.44102054340622926,0.13361497680583168,0.17188535453943007,0.41459575878064936,0.35503644797879386,0.40043074884029156,0.3945493704440026,0.3532968853545394,0.061547382372432076,0.37259774685221997,0.5762922465208747,0.4465705765407555,0.4876573889993373,0.050944333996023855,0.4664512922465209,0.5911199469847581,0.6177932405566601,0.5864811133200795,0.34898939695162357,0.5516898608349899,0.2792412193505633,0.09261100066269051,0.5390987408880054,0.46785950960901257,0.48591782637508285,0.35288270377733594,0.22813121272365802,0.39479787939032474,0.37781643472498344,0.44582504970178927,0.4405235255135852,0.4433399602385686,0.5168986083499005,0.48707753479125243,0.4370444002650762,0.45907886017229954,0.4660371106693174,0.3863485752153744,0.27741882041086807,0.37392312789927107,0.13204108681245857,0.285453943008615,0.42039430086149765,0.47854539430086146,0.5331345261762757,0.621272365805169,0.4027501656726309,0.5443174287607687,0.4911365142478462,0.4484758117958913,0.26399933730947645,0.12475149105367794
hhm6,0.49528719890437445,0.591154434866672,0.44542012406348175,0.5709336985418513,0.337629904132764,0.3988560380246515,0.6287762829291871,0.3835495045516797,0.5449931523402883,0.3982921131072263,0.4598404898090711,0.45524852976717955,0.5354869894465479,0.4364778860871666,0.42544106984612906,0.5410456779183114,0.5308950294046564,0.5458793200676709,0.6523805687585595,0.4109401433980504,0.5871263997422057,0.4707161846451301,0.5627970675904294,0.47973898332393455,0.4715217916700234,0.4589543220816885,0.44316442439378073,0.43760573592201724,0.4486425521630548,0.4935954241520986,0.5093047611375171,0.4766776766293402,0.43816966083944253,0.4580681543543059,0.42826069443325543,0.45001208410537336,0.461048900346411,0.4686216063804076,0.7546926609200032,0.45041488761782006,0.3652622250866028,0.6320792717312494,0.45146217675018124,0.4691855312978329,0.44936759848545876,0.5797148151131878,0.531539515024571,0.5598163215983243,0.3970837025698864,0.47587206960444695,0.46209618947877223,0.5104326109723677,0.43873358575686777,0.6087166680093451,0.38717473616369935,0.6238620800773382,0.5838234109401433,0.5052767260130507,0.5093047611375171,0.6001772335454765,0.5438653025054379,0.5130105534520261,0.57705631193104,0.5723032304841699,0.49399822766454515,0.3497945702086522,0.5565133327962619,0.6100861999516636,0.4095706114557318,0.4234270522838959,0.5292032546523806,0.4492870377829694,0.25642471602352374,0.5099492467574317,0.5149440103117698,0.5154273745267058,0.44896479497301217,0.47442197695963906,0.48618383952308064,0.5181664384113429,0.4103762184806251,0.4456618061709498,0.4212519133166841,0.446950777410779,0.46467413195843066,0.48143075807621044,0.5866430355272697,0.4115040683154757,0.6242648835897849,0.46121002175138964,0.805607024893257,0.47216627728993793,0.4020784661242246,0.528317086924998,0.5362925964714411
hhm7,0.7675775253300584,0.4787381025483574,0.3087964384402825,0.16633404973902366,0.30603315934909425,0.2747159963156279,0.18076450721522874,0.3133251458397298,0.2027939821922014,0.3391157506908198,0.5122812404052809,0.4194043598403439,0.35615597175314706,0.4134172551427694,0.4385937979735954,0.40328523180841264,0.25460546515198035,0.5881178999078908,0.1856002456248081,0.4059717531470679,0.17600552655818238,0.32015658581516737,0.38647528400368436,0.40627878415719987,0.3526251151366288,0.35339269266195883,0.39453484801965,0.3649831132944427,0.40366902057107773,0.3890850475898066,0.38992938286766965,0.408044212465459,0.4058949953945349,0.35193429536383175,0.4546361682529936,0.46108381946576604,0.20064476512127727,0.24785078292907586,0.12711083819465765,0.3444120356155972,0.49324531777709546,0.16902057107767884,0.29789683758059565,0.5082898372735647,0.5800583358919251,0.5449032852318084,0.341495241019343,0.3939975437519189,0.460700030703101,0.4323764200184219,0.38778016579674546,0.5336966533619896,0.407737181455327,0.17255142769419712,0.44365980964077373,0.30334663801043904,0.6133712004912497,0.5689284617746392,0.1945809026711698,0.07975130488179306,0.21530549585508138,0.5304728277556033,0.11598096407737182,0.5642462388701259,0.604083512434756,0.26627264353699726,0.43345102855388395,0.1697113908504759,0.42009517961314097,0.47451642615904205,0.3035769112680381,0.41257291986490635,0.3878569235492785,0.3615290144304575,0.38778016579674546,0.27310408351243476,0.2581363217684986,0.3233804114215536,0.2608228431071538,0.19841879029782009,0.4321461467608228,0.4793521645686215,0.3570770647835432,0.48986797666564325,0.47290451335584893,0.38386552041756217,0.18007368744243168,0.3616825299355235,0.1894381332514584,0.34533312864599325,0.17293521645686216,0.3016579674547129,0.5756063862450108,0.3892385630948726,0.7675775253300584
hhm8,0.5086447295036252,0.40697952354394074,0.3085809895625846,0.4351047725280854,0.27878256712612537,0.3923990120309138,0.4565373277029718,0.3276232969484503,0.5336626563620428,0.3174249063819615,0.14437096645685601,0.26029798422436456,0.36762010995139827,0.27926061668392954,0.28388176240936974,0.36674368576209065,0.5131862003027646,0.5060154569357023,0.5723846705441797,0.3402916102302605,0.4634690462911321,0.3224444267389052,0.32842004621145726,0.3999681300294797,0.28491753645127876,0.39606405864074573,0.3347940403155127,0.3709664568560274,0.38435184447454385,0.33837941199904387,0.3013305712692215,0.3556688710062943,0.31662815711895465,0.31638913234005256,0.28268663851485937,0.36156481555254555,0.5539797625687196,0.35471277189068595,0.5509521153692932,0.30459724324754994,0.29065413114492866,0.5053780575252967,0.3381403872201418,0.28475818659867735,0.3618038403314477,0.4107242450800732,0.4085730220699546,0.4773324834674527,0.36188351525774837,0.2050832602979842,0.3602103418054338,0.34610787985021113,0.22181499482112976,0.5229862162377499,0.2061190343398932,0.29790454943829175,0.4322364751812604,0.5684805991554458,0.3209306031391921,0.6085570870846945,0.39582503386184364,0.25264919129949803,0.5473667436857621,0.5132658752290654,0.37973069874910365,0.23942315353358296,0.300693171858816,0.5602740817464744,0.27471914588479,0.3743128037606565,0.34108835949326743,0.3320850928212891,0.4241893076248904,0.3506493506493506,0.31344116006692696,0.41486734124770935,0.38419249462194244,0.27910126683132813,0.3461875547765118,0.4067404987650386,0.20707513345550155,0.24300852521711414,0.32188670225480037,0.3031630945741375,0.26890287626483944,0.2708150744960561,0.5142219743446736,0.28802485857700577,0.6431360050991952,0.26268823201338537,0.6240140227870289,0.2696996255278464,0.3659469364990837,0.3555095211536929,0.3512070751334555
hhm9,0.8271982794275787,0.445859872611465,0.2854661262304574,0.23997022086194061,0.3469269583919265,0.29224915212176356,0.2758706261890975,0.3397303333609066,0.11266440565803622,0.35883861361568364,0.35701877740094295,0.4480105881379766,0.33782777731822317,0.4235255190669203,0.38448176027793857,0.4086359500372239,0.12432790139796507,0.567127140375548,0.17114732401356603,0.3666969972702457,0.1641988584663744,0.3470096782198693,0.41045578625196455,0.331044751426917,0.40838779055339564,0.3222764496649847,0.35726693688477124,0.3186367772355033,0.3986268508561502,0.31665150136487713,0.29191827280999255,0.30953759616179993,0.3710811481512118,0.3253370832988667,0.3465133592522127,0.46339647613532964,0.21134916039374638,0.24923484159152948,0.3188849367193316,0.31433534618247994,0.4739846141120026,0.25221275539746874,0.2546943502357515,0.451650260567458,0.4753081313590867,0.42393911820663405,0.31309454876333853,0.3441972040698155,0.4570270493837372,0.3186367772355033,0.34940855323020925,0.4572752088675655,0.29787410042187107,0.09339068574737364,0.3265778807180081,0.3691785921085284,0.5174952436098933,0.5537265282488212,0.3151625444619075,0.1710646041856233,0.14641409545868142,0.5500868558193399,0.2617255356108859,0.556208123087104,0.5372652824882124,0.38026304905285796,0.3764579369674911,0.23657870791628755,0.35809413516419886,0.43336917859210855,0.21937298370419386,0.38448176027793857,0.27280999255521543,0.252130035569526,0.3905203077177599,0.23111919927206548,0.25320539333278186,0.2614773761270576,0.20233269914798577,0.14806849201753658,0.3051534452808338,0.42286376044337826,0.3427082471668459,0.4647199933824137,0.46926958391926543,0.39697245429729505,0.2038216560509554,0.3249234841591529,0.10844569443295557,0.27363719083464305,0.2177185871453387,0.25196459591364045,0.5493423773678551,0.3684341136570436,0.61667631731326
hhm10,0.7923302432453847,0.4787259329688614,0.42183662150384277,0.40060217098486656,0.41327945487679263,0.3377703826955075,0.44917201489580855,0.5328420885825211,0.32913398304413277,0.4903731875445686,0.5699231439664052,0.5772125822042627,0.5021789081689249,0.5020204421202757,0.5385468663338879,0.5028127723635212,0.37960541953886384,0.682750970604548,0.3349179938198241,0.5501941209095952,0.4374455272957769,0.48411377862293004,0.4468742571903969,0.43649473100388236,0.570477775136677,0.3678789319388321,0.48284605023373744,0.4250059424768243,0.5483717613501308,0.5056651612392045,0.4475873544093178,0.493225576420252,0.5234925917122256,0.5207194358608668,0.41430948419301167,0.54591553759607,0.422153553601141,0.4166072418984233,0.46969336819586405,0.4667617462958561,0.5268203787338563,0.4731796212661437,0.43728706124712774,0.5484509943744553,0.5940099833610649,0.4998811504635132,0.5248395531257428,0.4971872276364788,0.5921876238016005,0.47476428175263446,0.46779177561207513,0.6663497345693685,0.48672846842563977,0.36629427145234134,0.45368829728230725,0.5659614927501783,0.6054195388637984,0.44481419855795895,0.4788843990175105,0.548847159496078,0.3915696062118691,0.47959749623643133,0.4175580381903177,0.6237223674827668,0.6585056651612392,0.49615719832025984,0.5794311068853498,0.371840583155059,0.5090721812851596,0.5934553521907933,0.31621900007923304,0.5457570715474209,0.4502020442120276,0.4727042231201965,0.4737342524364155,0.44639885904444976,0.35749940575231753,0.42033119404167657,0.3443467237144442,0.3674827668172094,0.4784882338958878,0.522937960541954,0.49370097456619916,0.5958323429205292,0.5350606132636083,0.48609460423104356,0.4250851755011489,0.5154108232311227,0.36344188257665794,0.4986134220743206,0.4770620394580461,0.436573964028207,0.6094604231043499,0.49481023690674275,0.6018540527691942
hhm11,0.32936121919584954,0.32279507133592733,0.374594682230869,0.5637970168612192,0.44276913099870296,0.40110246433203633,0.5265888456549934,0.38805123216601817,0.5961413748378729,0.32044422827496755,0.40158884565499353,0.34176394293125806,0.36219195849546043,0.3017185473411154,0.3694876783398184,0.4344195849546044,0.5423962386511024,0.4078307392996109,0.6094357976653697,0.35781452658884566,0.5123216601815823,0.43279831387808043,0.36932555123216604,0.321011673151751,0.3775129701686122,0.3491407263294423,0.3532749675745785,0.3227140077821012,0.35619325551232167,0.314121271076524,0.2852626459143969,0.32117380025940334,0.32238975356679633,0.3112029831387808,0.311689364461738,0.4619001297016861,0.6624513618677043,0.6000324254215305,0.5652561608300908,0.433852140077821,0.3458171206225681,0.5429636835278858,0.4182879377431907,0.3958333333333333,0.23557068741893647,0.5268320363164721,0.4400129701686121,0.48508430609597925,0.45971141374837876,0.35230220492866404,0.4293125810635538,0.3858625162127108,0.376215953307393,0.611624513618677,0.4307717250324254,0.445201037613489,0.30633916990920884,0.5238326848249028,0.5506647211413749,0.6695038910505836,0.5157263294422827,0.5029993514915694,0.7058203631647212,0.0941958495460441,0.2784533073929961,0.40199416342412453,0.3345492866407263,0.6141374837872893,0.34135862516212706,0.23743514915693903,0.45500972762645914,0.30714980544747084,0.36843385214007784,0.36105706874189364,0.3848086900129702,0.41528858625162124,0.4179636835278858,0.31971465629053175,0.4059662775616083,0.42242217898832685,0.33106355382619973,0.2933690012970169,0.36146238651102464,0.3239299610894942,0.3125,0.36202983138780803,0.5059987029831388,0.3779182879377432,0.5908722438391699,0.45979247730220496,0.6482652399481192,0.4568741893644617,0.3858625162127108,0.26361867704280156,0.2706712062256809
hhm12,0.36126426962801894,0.41942999145763765,0.2931583443348606,0.36926302710258596,0.5348295410421682,0.3837850431001009,0.494758095829774,0.3442572027646191,0.429603168439854,0.3565271414149258,0.29727420983148245,0.30573891434340295,0.2102974295255106,0.35505164246330667,0.32375553312106853,0.2794129067329347,0.48466257668711654,0.44140716005280733,0.5836763221247185,0.37081618389376403,0.4032771608293857,0.4369030053583909,0.3001475498951619,0.3897646967461365,0.3444125184437369,0.30806864953017005,0.312106857187233,0.3397530480702027,0.24718490331598975,0.2557272656674691,0.29680826279412903,0.2391084880018638,0.30806864953017005,0.3051953094664906,0.3114855944707618,0.28477129766249903,0.34845072610079986,0.4801584219927001,0.5280733090005436,0.44948357536693323,0.45305583598664284,0.4139939426885144,0.4209831482488157,0.13815329657528927,0.4419507649297197,0.43628174264191966,0.1117496311252621,0.44754212937796073,0.4661800108720975,0.4469985245010484,0.46035567290517976,0.4803913955113769,0.48994330977712197,0.5161916595480314,0.4125184437368952,0.2053273277937408,0.49180709792653565,0.6168362196163703,0.5038440630581658,0.4922730449638891,0.4933602547177137,0.5686107012502911,0.5224819445523025,0.5296264657917217,0.4427273433253087,0.45825891123708934,0.1953094664906422,0.42393414615205405,0.39535606119437755,0.42929253708161835,0.3490719888172711,0.3519453288809505,0.3736895239574435,0.4207501747301389,0.4526675467888483,0.445678341228547,0.4180321503455774,0.4928166498408014,0.5010483808340451,0.42323522559602395,0.4717713753203386,0.3626621107400792,0.2512231109730527,0.3139706453366467,0.3377339442416712,0.25254329424555405,0.48551681292226445,0.36623437135978876,0.6584608216199425,0.48668168051564803,0.5352954880795217,0.5616214956899899,0.33082239652092876,0.26030907820144444,0.5931505785509047
hhm13,0.5921642671701677,0.32766894815514125,0.28447801117142635,0.42427818424986236,0.2923452128078043,0.37290535756431437,0.35929509873338056,0.3799858390370545,0.4715600660844938,0.2975375658878137,0.4160176225316656,0.3655101880261192,0.3760522382188656,0.3583510345370152,0.3308158288096924,0.37510817402250024,0.6064825741483755,0.4839902446699709,0.669420187239399,0.34521280780426405,0.5484226260719063,0.31547478561875547,0.38116591928251126,0.36425143576429864,0.31657619384784835,0.35111320903154747,0.353788057587916,0.3581936905042876,0.28298324286051457,0.3903705451970734,0.3279049642042326,0.35064117693336483,0.3652741719770278,0.3518212571788215,0.331681220989694,0.3729840295806782,0.4885532216190701,0.3733773896624971,0.5248210211627725,0.33592950987333814,0.31925104240421687,0.5147510030682086,0.3435606954606247,0.3589804106679254,0.3988671229643616,0.4628274722681143,0.40594760443710176,0.46070332782629225,0.3492250806388168,0.2797576901895996,0.38926913696798054,0.4125560538116592,0.30288726300055074,0.5711588388010385,0.21563999685311938,0.3882464007552514,0.49736448745181344,0.45204940602627647,0.28109511446778385,0.6235544016993155,0.45496027063173633,0.2999763983950909,0.5877586342537959,0.39705766658799474,0.413342773975297,0.25961765400047204,0.3599244748642908,0.5200220281645819,0.3544174337188262,0.4203445834316734,0.44386751632444343,0.363779403666116,0.3218472189442216,0.3103611045551098,0.25584139721501065,0.4460703327826293,0.3021792148532767,0.3009204625914563,0.36283533946975066,0.421918023758949,0.29250255684053184,0.2922665407914405,0.40681299661710335,0.3693651168279443,0.30076311855872867,0.32892770041696173,0.5053890331209189,0.3248367555660452,0.6323656675320589,0.37927779088978053,0.6163165761938478,0.29486271733144526,0.45810715128628754,0.37164660530249394,0.41798442294076
hhm14,0.5087392216266604,0.24912607783733393,0.298531810766721,0.436494989512934,0.17245397343276625,0.3687563116600637,0.41590926745902274,0.31585489008001244,0.42678474326108906,0.29651207954633724,0.1661617338615707,0.29573525984618965,0.3459954944457391,0.30917424065874305,0.3285170511924182,0.3251767264817836,0.5401227375126233,0.43882544861337675,0.5015924803853026,0.2767031771925736,0.489163365182941,0.2426784743261089,0.3146119785597763,0.34972422900644756,0.3242445428416064,0.33947020896449936,0.29954167637691287,0.3410238483647945,0.26683756700069916,0.3646391672492814,0.36759108210984226,0.32074885419094223,0.3464615862658277,0.3804862891322924,0.3075429192884331,0.30575623397809365,0.49281441777363466,0.29084129573525985,0.5823817292006525,0.3356637924337761,0.2688572982210829,0.5610191874465935,0.3529091897770527,0.334731608793599,0.38701157461353214,0.4648489085683213,0.44597218985473475,0.4981744737046531,0.393847587974831,0.21401382739066263,0.4473704653150003,0.40425697195680876,0.19226287578652992,0.5847121883010953,0.18900023304591002,0.2767031771925736,0.4100831197079158,0.4779771615008156,0.23693000854501667,0.5486677542142468,0.4049561096869416,0.30311504699759184,0.4992620212848598,0.4377379010331702,0.38203992853258756,0.2955798959061602,0.3080090111085217,0.5543385380253243,0.2726637147518061,0.3609881146585877,0.3546181931173774,0.3500349568865066,0.3477044977860638,0.3640953934591781,0.28478210207410853,0.3640953934591781,0.3359745203138351,0.2977549910665734,0.3312359201429348,0.3961780470752738,0.22551075895284703,0.298531810766721,0.385768663093296,0.3303037365027577,0.3152334343198943,0.29503612211605684,0.5384137341722987,0.2714208032315699,0.49118309640332475,0.312747611279422,0.5003495688650664,0.2356094150547658,0.07154509438359356,0.3579585178280121,0.3840596597529713
hhm15,0.15015748031496062,0.3504724409448819,0.32763779527559056,0.4308661417322835,0.37,0.3616535433070866,0.4437795275590551,0.3062204724409449,0.4263779527559055,0.27960629921259844,0.36685039370078737,0.2648031496062992,0.2822834645669291,0.26551181102362204,0.31070866141732284,0.24228346456692912,0.43999999999999995,0.4054330708661417,0.45220472440944887,0.1978740157480315,0.4504724409448819,0.29874015748031496,0.2952755905511811,0.2805511811023622,0.2848031496062992,0.2922047244094488,0.23559055118110236,0.24921259842519686,0.24708661417322836,0.2622047244094488,0.2809448818897638,0.2822047244094488,0.27196850393700783,0.28598425196850397,0.2636220472440945,0.3262204724409449,0.4552755905511811,0.4437007874015748,0.47236220472440943,0.2243307086614173,0.23062992125984252,0.42299212598425195,0.3077952755905512,0.2848031496062992,0.3080314960629921,0.09582677165354331,0.2835433070866141,0.3336220472440945,0.28511811023622047,0.3384251968503937,0.2356692913385827,0.34937007874015746,0.28283464566929134,0.48488188976377955,0.35889763779527556,0.3392913385826772,0.42464566929133857,0.3732283464566929,0.40889763779527555,0.5318897637795276,0.4221259842519685,0.1851968503937008,0.5311023622047244,0.402992125984252,0.32188976377952755,0.37866141732283465,0.23803149606299212,0.43047244094488185,0.2628346456692913,0.21118110236220472,0.3228346456692913,0.21496062992125986,0.3552755905511811,0.30503937007874016,0.31850393700787405,0.34874015748031495,0.35913385826771654,0.28874015748031495,0.3215748031496063,0.34433070866141735,0.3080314960629921,0.24795275590551183,0.23503937007874015,0.29000000000000004,0.27976377952755904,0.2746456692913386,0.4754330708661417,0.2681102362204725,0.48165354330708665,0.33992125984251964,0.481259842519685,0.32456692913385826,0.3010236220472441,0.33062992125984253,0.3791338582677165
hhm16,0.424981643142694,0.3642000489516195,0.3591417149384025,0.35073835359386474,0.37570367953006445,0.2326017785755079,0.40621685567430854,0.22101656196459163,0.44611242555274533,0.23953659133556338,0.45541323325446686,0.2937097168964673,0.35081993962633595,0.33458431916455905,0.36387370482173453,0.35220690217834705,0.43069266541568085,0.5176633760300237,0.530309211063066,0.2485926409398711,0.45035489924124994,0.30668189605939467,0.352533246308232,0.3602839193929999,0.3052949335073835,0.3380925185608224,0.37186913600391613,0.30358162682548745,0.33409480296973154,0.3170433221832422,0.3238965489108265,0.34380354083380926,0.32471240923553885,0.3316472219955943,0.341682303989557,0.44635718365015914,0.4173941421228686,0.33466590519703027,0.5356123031736967,0.2543036632128579,0.38484131516684345,0.40034266133637925,0.32585461369013624,0.42449212694786653,0.44831524842946885,0.30602920779962467,0.41772048625275354,0.45688178183894923,0.40956188300562946,0.3600391612955862,0.3727665823610998,0.4825813820673901,0.3553071714122542,0.5410785673492698,0.3834543526148323,0.3666476299257567,0.5268010116668027,0.42196295994125804,0.36754507628294036,0.5792608305458106,0.27380272497348457,0.39699763400505833,0.588561638247532,0.48984253895733054,0.4280003263441298,0.2978706045525006,0.3331973566125479,0.3184302847352533,0.26409398710940685,0.26629680998613037,0.3622419841723097,0.2334176389002203,0.38598351962144084,0.3961001876478747,0.35571510157461045,0.39104185363465777,0.354899241249898,0.3761931957248919,0.3739087868156971,0.3894917190177042,0.35612303173696663,0.3473117402300726,0.33874520682059234,0.371134861711675,0.3066003100269234,0.24271844660194172,0.39822142449212694,0.2217508362568328,0.5475238639144978,0.1955617198335645,0.4363221016561965,0.3702374153544913,0.3580810965162764,0.399934731174023,0.4195153789671208
hhm17,0.6261326107206368,0.4718435091879075,0.3077313913117114,0.16605978490981455,0.3336438309763739,0.288000677449403,0.11482767380811244,0.301634346684732,0.25421288847489204,0.3727665339994919,0.5317977813532052,0.40071132187314756,0.39148107375730373,0.4122279617241087,0.449487678888983,0.48793293250910325,0.3513421966296892,0.5263781861292235,0.2733508341095774,0.33703107799136245,0.19688373274621052,0.26649165890422555,0.4194258616309594,0.38885595732068756,0.31450588534168855,0.3532051824879329,0.38614615970869676,0.35947158946566177,0.4389872131425184,0.42865610974680324,0.47201287153865695,0.38496062325345076,0.40105004657464643,0.39207384198492673,0.418663731052587,0.4205267169108307,0.1652129731560674,0.22576001354898806,0.09916165636379032,0.3243289016851553,0.4551613176390888,0.10373443983402489,0.3061224489795918,0.4316199508849183,0.5519519010923871,0.5495808281818951,0.3762384621898551,0.421627572190702,0.4575323905495808,0.4485561859598611,0.3684477940553815,0.5108815310356507,0.34329748496909135,0.2730121094080786,0.45583876704208653,0.23693792869845032,0.5922601405707512,0.5227368955881107,0.22321957828774663,0.23117960877296978,0.2069607926158015,0.48446100431873995,0.14311118638326698,0.5417901600474214,0.5431450588534168,0.2653061224489796,0.4189177745787111,0.14438140401388772,0.38911000084681174,0.5570327716148701,0.28740790922177994,0.4226437462951985,0.36184266237615376,0.36057244474553307,0.43991870607164024,0.2159369972055212,0.23905495808281818,0.3797103903802185,0.3361842662376154,0.3074773477855872,0.45880260818020147,0.4826826996358709,0.36963333051062747,0.5210432720806164,0.4714201033110339,0.33999491912947755,0.13676009823016344,0.31281226183419425,0.23803878397832162,0.2642052671691083,0.13040901007705985,0.35532221187230073,0.5674485561859599,0.41375222288085356,0.5662630197307138
hhm18,0.48473253233335883,0.6351113492002755,0.5874339940307645,0.7652865998316369,0.7652865998316369,0.5444248871202265,0.7016147547256447,0.6716155200122447,0.6541669855360833,0.4509833932807837,0.6095507767658989,0.6863090227290121,0.6382490242595853,0.669931889492615,0.6602127496747532,0.39129103849391594,0.36129180378051584,0.7417157725568225,0.5503941225989133,0.582536159791842,0.44991199204101934,0.6813346598301063,0.6606719216346522,0.5831483890717074,0.4673605265171807,0.4494528200811204,0.7652865998316369,0.6775847554909313,0.4740950485956991,0.5564398867375833,0.6552383867758476,0.5492461926991659,0.6407744700390297,0.5847554909313538,0.6913599142879008,0.5794750133925155,0.500267850309941,0.5076146016683248,0.6090150761460167,0.5485574347593174,0.5723578480140813,0.587204408050815,0.5048595699089309,0.5751128797734751,0.5565929440575496,0.6331981327006965,0.5723578480140813,0.6146016683247877,0.3839442871355323,0.6879161245886585,0.6704675901124971,0.5504706512588965,0.44424887120226525,0.609627305425882,0.7146246269227826,0.6651105839136757,0.5115175633274661,0.5125124359072473,0.6084028468661514,0.6442947883982552,0.5777913828728859,0.5866687074309329,0.5500880079589806,0.6097038340858651,0.5538379122981557,0.4961353026708502,0.5451901737200582,0.6842427489094666,0.5285069258437285,0.5178694421060687,0.3391750210453815,0.5742710645136604,0.5340935180224994,0.5079207163082574,0.5800107140123977,0.513354251167062,0.5151144103466748,0.5011861942297391,0.4610851763985613,0.6088620188260504,0.5912604270299227,0.6255452667023801,0.4913905257518941,0.6873038953087932,0.6121527512053264,0.5797811280324482,0.5784036121527513,0.5582765745771792,0.5447310017601592,0.6745236090916048,0.5061605571286447,0.43169817096502644,0.734445549858422,0.6080202035662355,0.5210836458253616
hhm19,0.8254911672445104,0.4235595179131583,0.36346376093775795,0.47507016674921576,0.35438335809806837,0.3921908535578669,0.5239392438500908,0.5104011887072808,0.4620274063067525,0.39144791150734687,0.5029717682020802,0.4979362720818887,0.5383853392768697,0.42743932639920756,0.47341918441472675,0.41167244510483736,0.3230972428595014,0.6717847119035826,0.49067194981013706,0.4635132904077926,0.45624896813604093,0.4659072147928017,0.47275879148093114,0.5238566947333664,0.371883770843652,0.47399702823179796,0.46698035331021953,0.46153211160640584,0.45311210170051186,0.49612019151395076,0.4753178140993891,0.4337956083869902,0.38079907544989267,0.5764404820868417,0.4814264487369985,0.454432887568103,0.4236420670298828,0.27975895657916455,0.5436684827472346,0.4916625392108305,0.3824500577843817,0.6146607231302625,0.3912002641571735,0.5557206537890045,0.5702492983325078,0.6005448241703814,0.5352484728413406,0.5452369159649991,0.3339937262671289,0.48968136040944354,0.5020637279181113,0.59699521215123,0.6540366518078257,0.5762753838533928,0.5544824170381376,0.5568763414231468,0.506769027571405,0.509162951956414,0.4442793462109955,0.6001320785867591,0.4705299653293709,0.5213802212316329,0.5006603929337956,0.5773485223708106,0.5573716361234935,0.4281822684497276,0.5526663364701997,0.5127125639755654,0.41984480766055804,0.48761763249133233,0.42801717021627866,0.4968631335644708,0.376093775796599,0.4252930493643718,0.49512960211325735,0.45253425788344065,0.3748555390457322,0.46978702327885097,0.40531616311705465,0.47193330031368663,0.39838203731220073,0.49323097242859504,0.4728413405976556,0.564058114578174,0.6071487535083375,0.49991745088327555,0.5582796764074625,0.4803533102195806,0.500908040283969,0.5299653293709757,0.36296846623741125,0.40085851081393425,0.4839854713554565,0.40457322106653454,0.5494469209179461
A,0.5454545454545454,0.5,0.5,0.5454545454545454,0.5,0.5454545454545454,0.5,0.5909090909090909,0.5,0.5454545454545454,0.5,0.6363636363636364,0.6363636363636364,0.5454545454545454,0.5909090909090909,0.5909090909090909,0.45454545454545453,0.5,0.45454545454545453,0.5454545454545454,0.45454545454545453,0.5454545454545454,0.5454545454545454,0.5454545454545454,0.5454545454545454,0.6363636363636364,0.5454545454545454,0.5909090909090909,0.6363636363636364,0.5909090909090909,0.5454545454545454,0.6363636363636364,0.6363636363636364,0.5909090909090909,0.5909090909090909,0.5,0.45454545454545453,0.4090909090909091,0.45454545454545453,0.5,0.5,0.5,0.5909090909090909,0.5909090909090909,0.5454545454545454,0.5454545454545454,0.6363636363636364,0.9545454545454546,0.7272727272727273,0.5,0.5454545454545454,0.5909090909090909,0.6818181818181818,0.45454545454545453,0.5454545454545454,0.5909090909090909,0.5,0.4090909090909091,0.45454545454545453,0.45454545454545453,0.5,0.7272727272727273,0.5,0.5454545454545454,0.5454545454545454,0.5454545454545454,0.45454545454545453,0.5,0.5,0.5454545454545454,0.8636363636363636,0.5909090909090909,0.4090909090909091,0.5909090909090909,0.5909090909090909,0.9090909090909091,0.5909090909090909,0.6363636363636364,0.7727272727272727,0.45454545454545453,0.5,0.6363636363636364,0.9090909090909091,0.5909090909090909,0.5454545454545454,0.5909090909090909,0.5,0.5909090909090909,0.45454545454545453,0.5454545454545454,0.5454545454545454,0.5,0.5454545454545454,0.5,0.5909090909090909
R,0.3333333333333333,0.8095238095238095,0.5238095238095238,0.38095238095238093,0.8095238095238095,0.47619047619047616,0.3333333333333333,0.5714285714285714,0.3333333333333333,0.5714285714285714,0.9047619047619048,0.5238095238095238,0.38095238095238093,0.47619047619047616,0.6190476190476191,0.42857142857142855,0.3333333333333333,0.3333333333333333,0.3333333333333333,0.42857142857142855,0.2857142857142857,0.3333333333333333,0.5714285714285714,0.47619047619047616,0.7619047619047619,0.5714285714285714,0.7619047619047619,0.47619047619047616,0.5714285714285714,0.5238095238095238,0.47619047619047616,0.5238095238095238,0.5238095238095238,0.47619047619047616,0.6666666666666666,0.3333333333333333,0.3333333333333333,0.3333333333333333,0.3333333333333333,0.5714285714285714,0.6666666666666666,0.3333333333333333,0.42857142857142855,0.38095238095238093,0.42857142857142855,0.38095238095238093,0.3333333333333333,0.38095238095238093,0.42857142857142855,0.8095238095238095,0.42857142857142855,0.47619047619047616,0.6666666666666666,0.3333333333333333,0.7142857142857143,0.5714285714285714,0.3333333333333333,0.3333333333333333,0.9047619047619048,0.3333333333333333,0.3333333333333333,0.47619047619047616,0.3333333333333333,0.42857142857142855,0.42857142857142855,0.5238095238095238,0.38095238095238093,0.3333333333333333,0.8571428571428571,0.47619047619047616,0.42857142857142855,0.42857142857142855,0.42857142857142855,0.47619047619047616,0.6666666666666666,0.38095238095238093,0.3333333333333333,0.47619047619047616,0.42857142857142855,0.2857142857142857,0.8095238095238095,0.6190476190476191,0.38095238095238093,0.47619047619047616,0.47619047619047616,0.5238095238095238,0.3333333333333333,0.6666666666666666,0.3333333333333333,0.6190476190476191,0.3333333333333333,0.5714285714285714,0.7142857142857143,0.42857142857142855,0.47619047619047616
N,0.42857142857142855,0.5238095238095238,0.6190476190476191,0.3333333333333333,0.47619047619047616,0.5714285714285714,0.2857142857142857,0.5714285714285714,0.2857142857142857,0.5714285714285714,0.42857142857142855,0.5238095238095238,0.47619047619047616,0.7619047619047619,0.5238095238095238,0.47619047619047616,0.2857142857142857,0.42857142857142855,0.2857142857142857,0.6190476190476191,0.2857142857142857,0.2857142857142857,0.42857142857142855,0.42857142857142855,0.5714285714285714,0.5714285714285714,0.6666666666666666,0.5238095238095238,0.5714285714285714,0.7619047619047619,0.6666666666666666,0.6190476190476191,0.6666666666666666,0.5238095238095238,0.5238095238095238,0.42857142857142855,0.3333333333333333,0.2857142857142857,0.2857142857142857,0.42857142857142855,0.7619047619047619,0.2857142857142857,0.38095238095238093,0.38095238095238093,0.7619047619047619,0.47619047619047616,0.3333333333333333,0.38095238095238093,0.47619047619047616,0.5714285714285714,0.7142857142857143,0.5714285714285714,0.5714285714285714,0.2857142857142857,0.6666666666666666,0.42857142857142855,0.47619047619047616,0.47619047619047616,0.42857142857142855,0.2857142857142857,0.2857142857142857,0.5238095238095238,0.2857142857142857,0.8571428571428571,0.5238095238095238,0.5714285714285714,0.6190476190476191,0.2857142857142857,0.47619047619047616,0.8571428571428571,0.42857142857142855,0.5714285714285714,0.5714285714285714,0.5238095238095238,0.47619047619047616,0.38095238095238093,0.2857142857142857,0.6190476190476191,0.38095238095238093,0.2857142857142857,0.42857142857142855,0.8095238095238095,0.38095238095238093,0.5238095238095238,0.8571428571428571,0.42857142857142855,0.2857142857142857,0.5714285714285714,0.2857142857142857,0.42857142857142855,0.3333333333333333,0.42857142857142855,0.47619047619047616,0.3333333333333333,0.7142857142857143
D,0.4090909090909091,0.6363636363636364,0.6363636363636364,0.45454545454545453,0.45454545454545453,0.6363636363636364,0.3181818181818182,0.5909090909090909,0.3181818181818182,0.6363636363636364,0.4090909090909091,0.6818181818181818,0.5909090909090909,0.5909090909090909,0.5,0.45454545454545453,0.3181818181818182,0.4090909090909091,0.3181818181818182,0.45454545454545453,0.3181818181818182,0.3181818181818182,0.4090909090909091,0.4090909090909091,0.5,0.5909090909090909,0.6818181818181818,0.6363636363636364,0.5909090909090909,0.5909090909090909,0.5909090909090909,0.5909090909090909,0.5909090909090909,0.5909090909090909,0.5,0.4090909090909091,0.36363636363636365,0.3181818181818182,0.3181818181818182,0.45454545454545453,0.5454545454545454,0.3181818181818182,0.4090909090909091,0.5909090909090909,0.8636363636363636,0.45454545454545453,0.4090909090909091,0.36363636363636365,0.7272727272727273,0.5,0.6818181818181818,0.45454545454545453,0.5,0.3181818181818182,0.45454545454545453,0.45454545454545453,0.4090909090909091,0.9545454545454546,0.4090909090909091,0.3181818181818182,0.3181818181818182,0.5454545454545454,0.3181818181818182,0.7727272727272727,0.6818181818181818,0.45454545454545453,0.9090909090909091,0.3181818181818182,0.45454545454545453,0.7727272727272727,0.4090909090909091,0.45454545454545453,0.4090909090909091,0.6818181818181818,0.6818181818181818,0.36363636363636365,0.3181818181818182,0.7272727272727273,0.4090909090909091,0.3181818181818182,0.4090909090909091,0.6363636363636364,0.4090909090909091,0.5454545454545454,0.7272727272727273,0.5,0.3181818181818182,0.5454545454545454,0.3181818181818182,0.45454545454545453,0.3181818181818182,0.45454545454545453,0.45454545454545453,0.36363636363636365,0.8181818181818182
C,0.37037037037037035,0.37037037037037035,0.4444444444444444,0.48148148148148145,0.37037037037037035,0.4444444444444444,0.4074074074074074,0.4074074074074074,0.5555555555555556,0.48148148148148145,0.3333333333333333,0.4074074074074074,0.37037037037037035,0.4074074074074074,0.5185185185185185,0.4074074074074074,0.4074074074074074,0.3333333333333333,0.4074074074074074,0.5925925925925926,0.4074074074074074,0.4444444444444444,0.48148148148148145,0.37037037037037035,0.5185185185185185,0.4444444444444444,0.4074074074074074,0.5185185185185185,0.5555555555555556,0.4444444444444444,0.4444444444444444,0.4444444444444444,0.5185185185185185,0.48148148148148145,0.5185185185185185,0.37037037037037035,0.4074074074074074,0.37037037037037035,0.4074074074074074,0.37037037037037035,0.37037037037037035,0.4444444444444444,0.4444444444444444,0.37037037037037035,0.37037037037037035,0.4074074074074074,0.37037037037037035,0.4444444444444444,0.4074074074074074,0.48148148148148145,0.7777777777777778,0.4444444444444444,0.6296296296296297,0.4074074074074074,0.4074074074074074,0.4444444444444444,0.3333333333333333,0.2962962962962963,0.3333333333333333,0.4074074074074074,0.4444444444444444,0.4074074074074074,0.4074074074074074,0.5925925925925926,0.4444444444444444,0.5925925925925926,0.5925925925925926,0.4444444444444444,0.37037037037037035,0.37037037037037035,0.5185185185185185,0.4444444444444444,0.3333333333333333,0.37037037037037035,0.37037037037037035,0.5555555555555556,0.4444444444444444,0.37037037037037035,0.48148148148148145,0.4074074074074074,0.3333333333333333,0.5555555555555556,0.5185185185185185,0.4074074074074074,0.4074074074074074,0.48148148148148145,0.4444444444444444,0.5925925925925926,0.4074074074074074,0.5925925925925926,0.4444444444444444,0.3333333333333333,0.4074074074074074,0.4444444444444444,0.4444444444444444
Q,0.3333333333333333,0.5238095238095238,0.6666666666666666,0.3333333333333333,0.5238095238095238,0.5238095238095238,0.2857142857142857,0.5714285714285714,0.3333333333333333,0.5714285714285714,0.47619047619047616,0.5714285714285714,0.5238095238095238,0.5238095238095238,0.7142857142857143,0.47619047619047616,0.2857142857142857,0.2857142857142857,0.2857142857142857,0.42857142857142855,0.23809523809523808,0.2857142857142857,0.3333333333333333,0.3333333333333333,0.6190476190476191,0.42857142857142855,0.5238095238095238,0.5238095238095238,0.5714285714285714,0.5238095238095238,0.47619047619047616,0.5714285714285714,0.5238095238095238,0.5238095238095238,0.5238095238095238,0.3333333333333333,0.2857142857142857,0.23809523809523808,0.2857142857142857,0.47619047619047616,0.6666666666666666,0.2857142857142857,0.38095238095238093,0.47619047619047616,0.47619047619047616,0.38095238095238093,0.3333333333333333,0.3333333333333333,0.42857142857142855,0.6190476190476191,0.42857142857142855,0.47619047619047616,0.6190476190476191,0.3333333333333333,0.6190476190476191,0.47619047619047616,0.2857142857142857,0.38095238095238093,0.5714285714285714,0.2857142857142857,0.3333333333333333,0.5714285714285714,0.2857142857142857,0.42857142857142855,0.3333333333333333,0.5714285714285714,0.38095238095238093,0.3333333333333333,0.6666666666666666,0.5714285714285714,0.38095238095238093,0.5238095238095238,0.5238095238095238,0.7142857142857143,0.6666666666666666,0.3333333333333333,0.2857142857142857,0.6190476190476191,0.38095238095238093,0.2857142857142857,0.6190476190476191,0.5714285714285714,0.38095238095238093,0.5238095238095238,0.47619047619047616,0.47619047619047616,0.2857142857142857,0.5238095238095238,0.2857142857142857,0.42857142857142855,0.2857142857142857,0.9047619047619048,0.42857142857142855,0.3333333333333333,0.47619047619047616
E,0.35,0.7,0.85,0.4,0.65,0.75,0.35,0.85,0.35,0.65,0.5,0.85,0.7,0.55,0.7,0.55,0.35,0.35,0.3,0.45,0.3,0.35,0.4,0.4,0.65,0.5,0.7,0.55,0.6,0.6,0.6,0.75,0.7,0.55,0.55,0.35,0.35,0.3,0.3,0.5,0.5,0.35,0.45,0.8,0.6,0.45,0.4,0.4,0.55,0.5,0.55,0.5,0.65,0.35,0.55,0.55,0.35,0.55,0.5,0.3,0.35,0.85,0.35,0.5,0.55,0.55,0.55,0.35,0.6,0.65,0.45,0.5,0.6,0.9,0.85,0.4,0.35,0.85,0.5,0.3,0.5,0.6,0.45,0.55,0.55,0.5,0.35,0.6,0.3,0.6,0.35,0.6,0.45,0.35,0.65
G,0.9545454545454546,0.5,0.5454545454545454,0.4090909090909091,0.45454545454545453,0.5,0.36363636363636365,0.45454545454545453,0.36363636363636365,0.5,0.4090909090909091,0.6363636363636364,0.6818181818181818,0.8181818181818182,0.5909090909090909,0.7727272727272727,0.36363636363636365,0.9545454545454546,0.36363636363636365,0.5909090909090909,0.3181818181818182,0.36363636363636365,0.9545454545454546,0.9545454545454546,0.5454545454545454,0.5454545454545454,0.5909090909090909,0.5454545454545454,0.6363636363636364,0.6363636363636364,0.8636363636363636,0.6363636363636364,0.6363636363636364,0.5454545454545454,0.5454545454545454,0.9545454545454546,0.36363636363636365,0.36363636363636365,0.36363636363636365,0.5909090909090909,0.6363636363636364,0.36363636363636365,0.4090909090909091,0.5,0.7727272727272727,0.7272727272727273,0.4090909090909091,0.5454545454545454,0.8636363636363636,0.45454545454545453,0.5,0.9545454545454546,0.5454545454545454,0.36363636363636365,0.5,0.45454545454545453,0.9545454545454546,0.4090909090909091,0.4090909090909091,0.36363636363636365,0.36363636363636365,0.5454545454545454,0.36363636363636365,0.6363636363636364,0.9545454545454546,0.45454545454545453,0.45454545454545453,0.36363636363636365,0.45454545454545453,0.6363636363636364,0.5454545454545454,0.5454545454545454,0.4090909090909091,0.45454545454545453,0.5,0.5,0.36363636363636365,0.5,0.5,0.36363636363636365,0.45454545454545453,0.5454545454545454,0.5909090909090909,0.8636363636363636,0.5909090909090909,0.45454545454545453,0.36363636363636365,0.5,0.36363636363636365,0.5,0.36363636363636365,0.5454545454545454,0.5,0.5,0.5454545454545454
H,0.3333333333333333,0.5416666666666666,0.625,0.2916666666666667,0.7083333333333334,0.5416666666666666,0.25,0.4583333333333333,0.2916666666666667,0.625,0.375,0.4166666666666667,0.4166666666666667,0.5416666666666666,0.5,0.375,0.2916666666666667,0.2916666666666667,0.2916666666666667,0.3333333333333333,0.25,0.25,0.3333333333333333,0.4583333333333333,0.5416666666666666,0.375,0.5833333333333334,0.375,0.4583333333333333,0.5833333333333334,0.4583333333333333,0.5416666666666666,0.4166666666666667,0.4166666666666667,0.4166666666666667,0.2916666666666667,0.5416666666666666,0.3333333333333333,0.25,0.375,0.75,0.25,0.3333333333333333,0.3333333333333333,0.4583333333333333,0.3333333333333333,0.2916666666666667,0.2916666666666667,0.5833333333333334,0.5833333333333334,0.375,0.4166666666666667,0.4166666666666667,0.2916666666666667,0.5,0.375,0.5,0.3333333333333333,0.375,0.25,0.2916666666666667,0.4166666666666667,0.25,0.4166666666666667,0.3333333333333333,0.5416666666666666,0.3333333333333333,0.2916666666666667,0.5,0.5416666666666666,0.3333333333333333,0.375,0.9166666666666666,0.5416666666666666,0.5,0.3333333333333333,0.25,0.4583333333333333,0.3333333333333333,0.25,0.375,0.5833333333333334,0.3333333333333333,0.375,0.4583333333333333,0.375,0.25,0.5,0.3333333333333333,0.4583333333333333,0.2916666666666667,0.375,0.625,0.3333333333333333,0.4166666666666667
I,0.375,0.4583333333333333,0.5416666666666666,0.875,0.5416666666666666,0.625,0.7083333333333334,0.625,0.7916666666666666,0.5833333333333334,0.375,0.4583333333333333,0.4166666666666667,0.4166666666666667,0.5,0.4166666666666667,0.6666666666666666,0.3333333333333333,0.875,0.4583333333333333,0.9583333333333334,0.75,0.375,0.375,0.5,0.6666666666666666,0.4583333333333333,0.625,0.5,0.5416666666666666,0.4583333333333333,0.5416666666666666,0.625,0.7083333333333334,0.5416666666666666,0.375,0.9166666666666666,0.5,0.9583333333333334,0.4166666666666667,0.4166666666666667,0.8333333333333334,0.7083333333333334,0.4166666666666667,0.4166666666666667,0.4166666666666667,0.5416666666666666,0.4583333333333333,0.4166666666666667,0.5,0.5,0.375,0.5416666666666666,0.75,0.5,0.6666666666666666,0.3333333333333333,0.375,0.375,0.9166666666666666,0.7916666666666666,0.4583333333333333,0.6666666666666666,0.4166666666666667,0.375,0.75,0.375,0.75,0.5416666666666666,0.4583333333333333,0.5,0.4583333333333333,0.375,0.4166666666666667,0.4166666666666667,0.625,0.75,0.4583333333333333,0.7083333333333334,0.9166666666666666,0.4166666666666667,0.5,0.4583333333333333,0.4583333333333333,0.5,0.4583333333333333,0.7916666666666666,0.5833333333333334,0.5833333333333334,0.6666666666666666,0.7916666666666666,0.4166666666666667,0.4166666666666667,0.7083333333333334,0.4583333333333333
L,0.4090909090909091,0.5454545454545454,0.5454545454545454,0.6818181818181818,0.5909090909090909,0.6363636363636364,0.5909090909090909,0.5454545454545454,0.9090909090909091,0.6363636363636364,0.5,0.5,0.45454545454545453,0.45454545454545453,0.5454545454545454,0.45454545454545453,0.9090909090909091,0.36363636363636365,0.7727272727272727,0.45454545454545453,0.6363636363636364,0.6363636363636364,0.45454545454545453,0.4090909090909091,0.5909090909090909,0.5909090909090909,0.5454545454545454,0.7727272727272727,0.5454545454545454,0.5454545454545454,0.5,0.5454545454545454,0.6363636363636364,0.7727272727272727,0.6363636363636364,0.4090909090909091,0.6818181818181818,0.5909090909090909,0.6363636363636364,0.45454545454545453,0.5,0.6363636363636364,0.8636363636363636,0.45454545454545453,0.45454545454545453,0.4090909090909091,0.5454545454545454,0.5,0.5,0.7272727272727273,0.5909090909090909,0.4090909090909091,0.6363636363636364,0.9545454545454546,0.5,0.5909090909090909,0.36363636363636365,0.36363636363636365,0.45454545454545453,0.7272727272727273,0.9090909090909091,0.5,0.6818181818181818,0.4090909090909091,0.4090909090909091,0.6363636363636364,0.4090909090909091,0.9090909090909091,0.5,0.45454545454545453,0.5909090909090909,0.5909090909090909,0.4090909090909091,0.45454545454545453,0.5,0.5454545454545454,0.6363636363636364,0.5454545454545454,0.7727272727272727,0.7272727272727273,0.5454545454545454,0.5,0.5,0.45454545454545453,0.5454545454545454,0.5454545454545454,0.6818181818181818,0.5909090909090909,0.8636363636363636,0.7727272727272727,0.7272727272727273,0.5,0.45454545454545453,0.9090909090909091,0.5
K,0.4090909090909091,0.5909090909090909,0.5909090909090909,0.4090909090909091,0.5909090909090909,0.5454545454545454,0.36363636363636365,0.6363636363636364,0.36363636363636365,0.5909090909090909,0.7727272727272727,0.6818181818181818,0.5,0.6363636363636364,0.7272727272727273,0.45454545454545453,0.36363636363636365,0.4090909090909091,0.36363636363636365,0.45454545454545453,0.3181818181818182,0.36363636363636365,0.45454545454545453,0.5,0.7727272727272727,0.5909090909090909,0.6363636363636364,0.5,0.6363636363636364,0.5909090909090909,0.5,0.5909090909090909,0.6363636363636364,0.5,0.6818181818181818,0.4090909090909091,0.36363636363636365,0.5,0.36363636363636365,0.9090909090909091,0.5454545454545454,0.36363636363636365,0.5454545454545454,0.5454545454545454,0.45454545454545453,0.45454545454545453,0.4090909090909091,0.4090909090909091,0.45454545454545453,0.6818181818181818,0.45454545454545453,0.5454545454545454,0.6818181818181818,0.36363636363636365,0.8636363636363636,0.5454545454545454,0.4090909090909091,0.4090909090909091,0.7272727272727273,0.36363636363636365,0.36363636363636365,0.5909090909090909,0.36363636363636365,0.45454545454545453,0.4090909090909091,0.5909090909090909,0.45454545454545453,0.36363636363636365,0.6363636363636364,0.5,0.5909090909090909,0.5454545454545454,0.4090909090909091,0.5909090909090909,0.6363636363636364,0.4090909090909091,0.36363636363636365,0.5909090909090909,0.45454545454545453,0.36363636363636365,0.8636363636363636,0.6363636363636364,0.45454545454545453,0.5909090909090909,0.5454545454545454,0.5909090909090909,0.36363636363636365,0.6818181818181818,0.36363636363636365,0.5454545454545454,0.36363636363636365,0.5909090909090909,0.5,0.4090909090909091,0.5454545454545454
M,0.34615384615384615,0.4230769230769231,0.5,0.5384615384615384,0.5,0.5769230769230769,0.46153846153846156,0.4230769230769231,0.5384615384615384,0.5,0.38461538461538464,0.4230769230769231,0.38461538461538464,0.38461538461538464,0.46153846153846156,0.38461538461538464,0.5384615384615384,0.3076923076923077,0.5,0.38461538461538464,0.46153846153846156,0.6153846153846154,0.5384615384615384,0.34615384615384615,0.46153846153846156,0.5,0.5,0.5384615384615384,0.5,0.46153846153846156,0.4230769230769231,0.46153846153846156,0.5769230769230769,0.6538461538461539,0.46153846153846156,0.34615384615384615,0.5,0.4230769230769231,0.5,0.38461538461538464,0.4230769230769231,0.5384615384615384,0.5769230769230769,0.34615384615384615,0.34615384615384615,0.34615384615384615,0.34615384615384615,0.38461538461538464,0.38461538461538464,0.46153846153846156,0.4230769230769231,0.34615384615384615,0.5769230769230769,0.6538461538461539,0.5384615384615384,0.6538461538461539,0.3076923076923077,0.3076923076923077,0.46153846153846156,0.5,0.5384615384615384,0.38461538461538464,0.46153846153846156,0.34615384615384615,0.34615384615384615,0.5384615384615384,0.34615384615384615,0.5769230769230769,0.4230769230769231,0.38461538461538464,0.6153846153846154,0.4230769230769231,0.34615384615384615,0.38461538461538464,0.4230769230769231,0.4230769230769231,0.5,0.5769230769230769,0.5,0.6153846153846154,0.38461538461538464,0.46153846153846156,0.4230769230769231,0.38461538461538464,0.38461538461538464,0.38461538461538464,0.5769230769230769,0.46153846153846156,0.5769230769230769,0.5769230769230769,0.5,0.4230769230769231,0.38461538461538464,0.5384615384615384,0.4230769230769231
F,0.30434782608695654,0.5217391304347826,0.391304347826087,0.5652173913043478,0.6956521739130435,0.43478260869565216,0.391304347826087,0.4782608695652174,0.4782608695652174,0.6086956521739131,0.30434782608695654,0.34782608695652173,0.34782608695652173,0.34782608695652173,0.43478260869565216,0.391304347826087,0.782608695652174,0.30434782608695654,0.7391304347826086,0.34782608695652173,0.43478260869565216,0.43478260869565216,0.34782608695652173,0.30434782608695654,0.391304347826087,0.4782608695652174,0.391304347826087,0.4782608695652174,0.391304347826087,0.43478260869565216,0.391304347826087,0.391304347826087,0.43478260869565216,0.5652173913043478,0.5217391304347826,0.30434782608695654,0.43478260869565216,0.9565217391304348,0.43478260869565216,0.30434782608695654,0.43478260869565216,0.43478260869565216,0.4782608695652174,0.30434782608695654,0.34782608695652173,0.34782608695652173,0.30434782608695654,0.34782608695652173,0.34782608695652173,0.391304347826087,0.391304347826087,0.30434782608695654,0.43478260869565216,0.5217391304347826,0.43478260869565216,0.43478260869565216,0.30434782608695654,0.2608695652173913,0.30434782608695654,0.43478260869565216,0.4782608695652174,0.34782608695652173,0.43478260869565216,0.34782608695652173,0.30434782608695654,0.43478260869565216,0.30434782608695654,0.4782608695652174,0.34782608695652173,0.34782608695652173,0.4782608695652174,0.391304347826087,0.391304347826087,0.34782608695652173,0.43478260869565216,0.391304347826087,0.43478260869565216,0.34782608695652173,0.4782608695652174,0.5652173913043478,0.34782608695652173,0.391304347826087,0.34782608695652173,0.34782608695652173,0.4782608695652174,0.34782608695652173,0.43478260869565216,0.43478260869565216,0.8695652173913043,0.4782608695652174,0.43478260869565216,0.30434782608695654,0.34782608695652173,0.7391304347826086,0.391304347826087
P,0.391304347826087,0.4782608695652174,0.6086956521739131,0.4782608695652174,0.43478260869565216,0.5652173913043478,0.391304347826087,0.5217391304347826,0.391304347826087,0.5217391304347826,0.5652173913043478,0.5217391304347826,0.9130434782608695,0.43478260869565216,0.5217391304347826,0.6086956521739131,0.391304347826087,0.391304347826087,0.391304347826087,0.43478260869565216,0.34782608695652173,0.391304347826087,0.43478260869565216,0.391304347826087,0.4782608695652174,0.4782608695652174,0.4782608695652174,0.6956521739130435,0.5217391304347826,0.6956521739130435,0.5217391304347826,0.5217391304347826,0.6086956521739131,0.5217391304347826,0.6521739130434783,0.5217391304347826,0.391304347826087,0.34782608695652173,0.391304347826087,0.43478260869565216,0.43478260869565216,0.391304347826087,0.43478260869565216,0.9130434782608695,0.43478260869565216,0.43478260869565216,0.9565217391304348,0.43478260869565216,0.43478260869565216,0.43478260869565216,0.4782608695652174,0.43478260869565216,0.4782608695652174,0.391304347826087,0.43478260869565216,0.6086956521739131,0.391304347826087,0.391304347826087,0.391304347826087,0.391304347826087,0.391304347826087,0.4782608695652174,0.391304347826087,0.43478260869565216,0.391304347826087,0.43478260869565216,0.43478260869565216,0.391304347826087,0.43478260869565216,0.43478260869565216,0.4782608695652174,0.5652173913043478,0.391304347826087,0.5652173913043478,0.4782608695652174,0.43478260869565216,0.391304347826087,0.4782608695652174,0.4782608695652174,0.34782608695652173,0.43478260869565216,0.4782608695652174,0.5652173913043478,0.6956521739130435,0.6086956521739131,0.9130434782608695,0.391304347826087,0.4782608695652174,0.34782608695652173,0.4782608695652174,0.391304347826087,0.43478260869565216,0.4782608695652174,0.391304347826087,0.5217391304347826
S,0.47619047619047616,0.5238095238095238,0.5238095238095238,0.42857142857142855,0.47619047619047616,0.6666666666666666,0.38095238095238093,0.5714285714285714,0.42857142857142855,0.5714285714285714,0.47619047619047616,0.6190476190476191,0.5714285714285714,0.6666666666666666,0.6190476190476191,0.9047619047619048,0.38095238095238093,0.5238095238095238,0.38095238095238093,0.9047619047619048,0.38095238095238093,0.42857142857142855,0.6190476190476191,0.6190476190476191,0.5714285714285714,0.6666666666666666,0.5714285714285714,0.6190476190476191,0.8095238095238095,0.6666666666666666,0.6666666666666666,0.7142857142857143,0.6190476190476191,0.5714285714285714,0.7619047619047619,0.47619047619047616,0.38095238095238093,0.38095238095238093,0.38095238095238093,0.7142857142857143,0.7142857142857143,0.42857142857142855,0.5714285714285714,0.5238095238095238,0.5714285714285714,0.9523809523809523,0.5238095238095238,0.5714285714285714,0.5714285714285714,0.5238095238095238,0.7142857142857143,0.5714285714285714,0.5714285714285714,0.38095238095238093,0.5238095238095238,0.5714285714285714,0.47619047619047616,0.47619047619047616,0.47619047619047616,0.38095238095238093,0.38095238095238093,0.7619047619047619,0.42857142857142855,0.7142857142857143,0.5238095238095238,0.5238095238095238,0.7142857142857143,0.38095238095238093,0.5714285714285714,0.6190476190476191,0.6666666666666666,0.8095238095238095,0.42857142857142855,0.5714285714285714,0.5238095238095238,0.5238095238095238,0.42857142857142855,0.5714285714285714,0.5238095238095238,0.38095238095238093,0.47619047619047616,0.6666666666666666,0.6666666666666666,0.6190476190476191,0.7142857142857143,0.5714285714285714,0.42857142857142855,0.6666666666666666,0.38095238095238093,0.5238095238095238,0.42857142857142855,0.47619047619047616,0.9047619047619048,0.42857142857142855,0.7619047619047619
T,0.43478260869565216,0.5652173913043478,0.5652173913043478,0.5652173913043478,0.5217391304347826,0.7391304347826086,0.4782608695652174,0.6956521739130435,0.4782608695652174,0.6521739130434783,0.4782608695652174,0.6086956521739131,0.4782608695652174,0.5217391304347826,0.6086956521739131,0.5652173913043478,0.43478260869565216,0.43478260869565216,0.4782608695652174,0.6086956521739131,0.43478260869565216,0.4782608695652174,0.43478260869565216,0.43478260869565216,0.6086956521739131,0.6521739130434783,0.5217391304347826,0.5652173913043478,0.5652173913043478,0.6521739130434783,0.5652173913043478,0.6956521739130435,0.6521739130434783,0.6086956521739131,0.6521739130434783,0.43478260869565216,0.4782608695652174,0.391304347826087,0.4782608695652174,0.4782608695652174,0.5217391304347826,0.4782608695652174,0.5652173913043478,0.4782608695652174,0.4782608695652174,0.5217391304347826,0.5652173913043478,0.4782608695652174,0.4782608695652174,0.5217391304347826,0.7391304347826086,0.4782608695652174,0.7391304347826086,0.4782608695652174,0.4782608695652174,0.8260869565217391,0.43478260869565216,0.43478260869565216,0.43478260869565216,0.4782608695652174,0.4782608695652174,0.5652173913043478,0.4782608695652174,0.5217391304347826,0.43478260869565216,0.6086956521739131,0.4782608695652174,0.4782608695652174,0.6086956521739131,0.6086956521739131,0.5652173913043478,0.8260869565217391,0.391304347826087,0.4782608695652174,0.5652173913043478,0.4782608695652174,0.4782608695652174,0.5652173913043478,0.6086956521739131,0.4782608695652174,0.4782608695652174,0.6086956521739131,0.6086956521739131,0.5652173913043478,0.6086956521739131,0.6956521739130435,0.4782608695652174,0.7391304347826086,0.43478260869565216,0.6956521739130435,0.5217391304347826,0.43478260869565216,0.6521739130434783,0.4782608695652174,0.5652173913043478
W,0.3333333333333333,0.4444444444444444,0.37037037037037035,0.37037037037037035,0.4074074074074074,0.37037037037037035,0.2962962962962963,0.37037037037037035,0.37037037037037035,0.7407407407407407,0.2962962962962963,0.3333333333333333,0.3333333333333333,0.3333333333333333,0.4074074074074074,0.3333333333333333,0.4074074074074074,0.2962962962962963,0.37037037037037035,0.2962962962962963,0.2962962962962963,0.3333333333333333,0.3333333333333333,0.3333333333333333,0.37037037037037035,0.37037037037037035,0.37037037037037035,0.4074074074074074,0.37037037037037035,0.4074074074074074,0.37037037037037035,0.37037037037037035,0.4074074074074074,0.4074074074074074,0.37037037037037035,0.3333333333333333,0.3333333333333333,0.4444444444444444,0.3333333333333333,0.2962962962962963,0.3333333333333333,0.3333333333333333,0.37037037037037035,0.2962962962962963,0.2962962962962963,0.2962962962962963,0.2962962962962963,0.2962962962962963,0.4074074074074074,0.5555555555555556,0.3333333333333333,0.3333333333333333,0.37037037037037035,0.37037037037037035,0.3333333333333333,0.37037037037037035,0.3333333333333333,0.2222222222222222,0.2962962962962963,0.3333333333333333,0.37037037037037035,0.3333333333333333,0.2962962962962963,0.2962962962962963,0.3333333333333333,0.37037037037037035,0.25925925925925924,0.37037037037037035,0.3333333333333333,0.3333333333333333,0.37037037037037035,0.3333333333333333,0.3333333333333333,0.3333333333333333,0.37037037037037035,0.3333333333333333,0.3333333333333333,0.3333333333333333,0.37037037037037035,0.3333333333333333,0.3333333333333333,0.3333333333333333,0.3333333333333333,0.3333333333333333,0.3333333333333333,0.3333333333333333,0.3333333333333333,0.37037037037037035,0.4444444444444444,0.37037037037037035,0.3333333333333333,0.3333333333333333,0.3333333333333333,0.4074074074074074,0.3333333333333333
Y,0.2727272727272727,0.7727272727272727,0.5454545454545454,0.5454545454545454,0.6363636363636364,0.4090909090909091,0.36363636363636365,0.45454545454545453,0.4090909090909091,0.5909090909090909,0.36363636363636365,0.36363636363636365,0.4090909090909091,0.36363636363636365,0.5,0.45454545454545453,0.45454545454545453,0.2727272727272727,0.45454545454545453,0.36363636363636365,0.36363636363636365,0.36363636363636365,0.3181818181818182,0.3181818181818182,0.5,0.4090909090909091,0.4090909090909091,0.45454545454545453,0.4090909090909091,0.5454545454545454,0.36363636363636365,0.4090909090909091,0.45454545454545453,0.45454545454545453,0.4090909090909091,0.2727272727272727,0.36363636363636365,0.6363636363636364,0.36363636363636365,0.3181818181818182,0.45454545454545453,0.36363636363636365,0.4090909090909091,0.3181818181818182,0.3181818181818182,0.3181818181818182,0.2727272727272727,0.3181818181818182,0.36363636363636365,0.45454545454545453,0.36363636363636365,0.3181818181818182,0.4090909090909091,0.4090909090909091,0.4090909090909091,0.4090909090909091,0.2727272727272727,0.2727272727272727,0.36363636363636365,0.36363636363636365,0.4090909090909091,0.36363636363636365,0.36363636363636365,0.3181818181818182,0.2727272727272727,0.45454545454545453,0.2727272727272727,0.4090909090909091,0.36363636363636365,0.36363636363636365,0.45454545454545453,0.36363636363636365,0.5909090909090909,0.36363636363636365,0.5454545454545454,0.36363636363636365,0.36363636363636365,0.4090909090909091,0.5,0.4090909090909091,0.36363636363636365,0.4090909090909091,0.36363636363636365,0.36363636363636365,0.5,0.3181818181818182,0.36363636363636365,0.4090909090909091,0.5,0.4090909090909091,0.4090909090909091,0.36363636363636365,0.36363636363636365,0.5454545454545454,0.4090909090909091
V,0.391304347826087,0.5217391304347826,0.5652173913043478,0.8260869565217391,0.4782608695652174,0.6086956521739131,0.9565217391304348,0.6521739130434783,0.7391304347826086,0.6086956521739131,0.43478260869565216,0.5652173913043478,0.4782608695652174,0.5217391304347826,0.6086956521739131,0.4782608695652174,0.6086956521739131,0.391304347826087,0.6956521739130435,0.6086956521739131,0.6956521739130435,0.9565217391304348,0.43478260869565216,0.391304347826087,0.6086956521739131,0.8260869565217391,0.5217391304347826,0.6956521739130435,0.5652173913043478,0.5652173913043478,0.5652173913043478,0.5652173913043478,0.6521739130434783,0.6956521739130435,0.6086956521739131,0.391304347826087,0.7391304347826086,0.4782608695652174,0.7391304347826086,0.43478260869565216,0.43478260869565216,0.9130434782608695,0.782608695652174,0.4782608695652174,0.43478260869565216,0.43478260869565216,0.43478260869565216,0.5217391304347826,0.4782608695652174,0.5217391304347826,0.5652173913043478,0.43478260869565216,0.5652173913043478,0.6086956521739131,0.4782608695652174,0.7391304347826086,0.391304347826087,0.34782608695652173,0.43478260869565216,0.7391304347826086,0.6956521739130435,0.4782608695652174,0.9565217391304348,0.43478260869565216,0.391304347826087,0.8260869565217391,0.391304347826087,0.7391304347826086,0.5217391304347826,0.4782608695652174,0.6086956521739131,0.5217391304347826,0.391304347826087,0.4782608695652174,0.4782608695652174,0.7391304347826086,0.9565217391304348,0.4782608695652174,0.782608695652174,0.6521739130434783,0.43478260869565216,0.5217391304347826,0.5217391304347826,0.5652173913043478,0.4782608695652174,0.6086956521739131,0.9130434782608695,0.7391304347826086,0.5652173913043478,0.782608695652174,0.9130434782608695,0.6086956521739131,0.4782608695652174,0.6086956521739131,0.4782608695652174
