,S,Q,T,I,A,L,L.1,N,I.1,Y,R,N.1,P,Q.1,D,G,L.2,R.1,S.1,A.1,V,S.2,D.1,V.1,E,M,Q.2,E.1,H,Y.1,D.2,E.2,F,F.1,E.3,E.4,V.2,F.2,T.1,E.5,M.1,E.6,E.7,K,Y.2,G.1,E.8,V.3,E.9,E.10,M.2,N.2,V.4,C,D.3,N.3,L.3,G.2,D.4,H.1,L.4,V.5,G.3,N.4,V.6,Y.3,V.7,K.1,F.3,R.2,R.3,E.11,E.12,D.5,A.2,E.13,K.2,A.3,V.8,I.2,D.6,L.5,N.5,N.6,R.4,W,F.4,N.7,G.4,Q.3,P.1,I.3,H.2,A.4,E.14,L.6,S.3,P.2
ASA,0.06153846153846154,0.2846153846153846,0.038974358974358976,0.010256410256410256,0.03538461538461539,0.014358974358974357,0.17538461538461536,0.2907692307692307,0.04256410256410257,0.17230769230769233,0.48512820512820515,0.28974358974358977,0.19230769230769232,0.6292307692307693,0.4517948717948718,0.24923076923076923,0.4312820512820513,0.7523076923076923,0.15743589743589742,0.3507692307692308,0.17743589743589744,0.27794871794871795,0.45333333333333337,0.49743589743589745,0.43641025641025644,0.12615384615384614,0.4235897435897436,0.578974358974359,0.22153846153846152,0.12923076923076923,0.3958974358974359,0.4897435897435897,0.10717948717948718,0.1523076923076923,0.5025641025641026,0.40666666666666673,0.03487179487179488,0.14410256410256408,0.35179487179487184,0.2907692307692307,0.0441025641025641,0.38974358974358975,0.7025641025641025,0.5266666666666667,0.28410256410256407,0.09897435897435895,0.5082051282051282,0.04358974358974359,0.4630769230769231,0.3343589743589744,0.05076923076923077,0.23846153846153847,0.0558974358974359,0.12512820512820513,0.3866666666666667,0.4230769230769231,0.36512820512820515,0.19589743589743588,0.5728205128205128,0.45333333333333337,0.21179487179487178,0.28717948717948716,0.08564102564102563,0.19692307692307692,0.024102564102564103,0.14051282051282052,0.02051282051282051,0.37230769230769234,0.06256410256410257,0.6297435897435898,0.5082051282051282,0.4369230769230769,0.6666666666666666,0.20512820512820512,0.018974358974358972,0.42871794871794877,0.558974358974359,0.027692307692307693,0.047692307692307694,0.4312820512820513,0.2717948717948718,0.03794871794871795,0.27076923076923076,0.5964102564102565,0.36512820512820515,0.6107692307692308,0.12358974358974358,0.617948717948718,0.31794871794871793,0.457948717948718,0.32666666666666666,0.054871794871794874,0.41589743589743594,0.05128205128205128,0.4476923076923078,0.3123076923076923,0.2076923076923077,0.5605128205128206
HSE_alpha_up,0.6935483870967742,0.44193548387096776,0.7419354838709677,0.8580645161290323,0.6838709677419355,0.8451612903225806,0.4774193548387097,0.3645161290322581,0.7806451612903226,0.6483870967741936,0.3612903225806452,0.3387096774193548,0.5741935483870968,0.10322580645161289,0.16451612903225804,0.14838709677419354,0.2903225806451613,0.15483870967741936,0.5193548387096775,0.19677419354838707,0.5870967741935483,0.14193548387096772,0.2903225806451613,0.07096774193548386,0.19032258064516128,0.6064516129032258,0.2935483870967742,0.06774193548387096,0.44516129032258067,0.6612903225806451,0.19032258064516128,0.132258064516129,0.5967741935483871,0.6225806451612903,0.16774193548387098,0.20645161290322578,0.7193548387096774,0.6322580645161291,0.14193548387096772,0.2774193548387097,0.732258064516129,0.4032258064516129,0.04516129032258065,0.19677419354838707,0.5064516129032258,0.20967741935483872,0.2129032258064516,0.7935483870967742,0.1870967741935484,0.22580645161290322,0.7903225806451613,0.3096774193548388,0.7483870967741936,0.5129032258064516,0.31935483870967746,0.2709677419354839,0.3774193548387097,0.16451612903225804,0.11612903225806451,0.32903225806451614,0.5709677419354838,0.33548387096774196,0.44516129032258067,0.5387096774193548,0.803225806451613,0.5741935483870968,0.8258064516129032,0.3225806451612903,0.767741935483871,0.24516129032258063,0.14838709677419354,0.4967741935483871,0.04838709677419355,0.34838709677419355,0.803225806451613,0.33225806451612905,0.09999999999999999,0.635483870967742,0.7580645161290323,0.18064516129032257,0.267741935483871,0.7451612903225807,0.4548387096774194,0.10322580645161289,0.42258064516129035,0.2612903225806452,0.6612903225806451,0.08387096774193548,0.04516129032258065,0.19032258064516128,0.3612903225806452,0.7806451612903226,0.25806451612903225,0.7645161290322581,0.1870967741935484,0.5225806451612903,0.4129032258064516,0.1193548387096774
HSE_alpha_down,0.5374592833876222,0.7296416938110749,0.7296416938110749,0.768729641693811,0.8403908794788274,0.6579804560260586,0.7785016286644951,0.7100977198697069,0.5211726384364821,0.4918566775244299,0.5700325732899023,0.48859934853420195,0.2833876221498371,0.39087947882736157,0.3452768729641694,0.3973941368078176,0.27361563517915305,0.45602605863192186,0.2899022801302931,0.504885993485342,0.244299674267101,0.5765472312703583,0.3355048859934854,0.48859934853420195,0.4788273615635179,0.3745928338762215,0.5374592833876222,0.6416938110749185,0.4918566775244299,0.44625407166123776,0.6058631921824104,0.6416938110749185,0.495114006514658,0.52442996742671,0.6449511400651466,0.6319218241042345,0.501628664495114,0.5472312703583062,0.6579804560260586,0.5765472312703583,0.3876221498371335,0.43322475570032576,0.4918566775244299,0.4169381107491857,0.2899022801302931,0.5928338762214984,0.6547231270358306,0.33876221498371334,0.6514657980456027,0.742671009771987,0.4169381107491857,0.7785016286644951,0.5537459283387622,0.52442996742671,0.5342019543973942,0.4527687296416938,0.3322475570032573,0.4039087947882736,0.40716612377850164,0.4234527687296417,0.4039087947882736,0.5993485342019543,0.5993485342019543,0.7068403908794788,0.6351791530944626,0.8110749185667753,0.5732899022801302,0.7947882736156352,0.4299674267100977,0.6091205211726384,0.7133550488599348,0.3973941368078176,0.6188925081433225,0.49837133550488605,0.3811074918566775,0.6384364820846905,0.758957654723127,0.5374592833876222,0.5635179153094463,0.6775244299674268,0.6058631921824104,0.4234527687296417,0.4397394136807818,0.5374592833876222,0.3583061889250814,0.5798045602605864,0.2638436482084691,0.4527687296416938,0.3811074918566775,0.36482084690553745,0.5342019543973942,0.3322475570032573,0.7752442996742671,0.4039087947882736,0.7263843648208469,0.4039087947882736,0.3061889250814332,0.3192182410423453
P(C),0.9640000000000001,0.888,0.054000000000000006,0.008,0.011000000000000001,0.091,0.461,0.775,0.885,0.862,0.9259999999999999,0.9590000000000001,0.583,0.583,0.645,0.902,0.735,0.68,0.7,0.777,0.919,0.9840000000000001,0.08900000000000001,0.075,0.053,0.021,0.017,0.018000000000000002,0.035,0.018000000000000002,0.017,0.013999999999999999,0.006,0.002,0.003,0.006999999999999999,0.004,0.002,0.005,0.013000000000000001,0.045,0.146,0.259,0.353,0.509,0.912,0.509,0.078,0.025,0.009000000000000001,0.006999999999999999,0.013000000000000001,0.099,0.344,0.705,0.7879999999999999,0.855,0.858,0.825,0.764,0.72,0.633,0.52,0.314,0.053,0.005,0.004,0.026000000000000002,0.324,0.993,0.996,0.017,0.004,0.001,0.0,0.001,0.001,0.001,0.001,0.002,0.01,0.124,0.8420000000000001,0.998,0.981,0.1,0.036000000000000004,0.9990000000000001,0.9990000000000001,0.096,0.045,0.107,0.062,0.073,0.11800000000000001,0.361,0.927,0.998
P(H),0.0,0.002,0.0,0.0,0.0,0.002,0.027999999999999997,0.08199999999999999,0.019,0.015,0.015,0.019,0.408,0.41,0.34600000000000003,0.094,0.24,0.285,0.251,0.165,0.022000000000000002,0.012,0.9109999999999999,0.924,0.9470000000000001,0.9790000000000001,0.983,0.982,0.965,0.982,0.983,0.986,0.9940000000000001,0.998,0.997,0.993,0.996,0.998,0.995,0.987,0.955,0.8540000000000001,0.74,0.645,0.48700000000000004,0.006,0.006,0.0,0.0,0.0,0.0,0.0,0.001,0.01,0.057999999999999996,0.085,0.091,0.106,0.146,0.16399999999999998,0.094,0.026000000000000002,0.006999999999999999,0.004,0.0,0.0,0.0,0.0,0.002,0.0,0.001,0.983,0.996,0.9990000000000001,1.0,0.9990000000000001,0.9990000000000001,0.9990000000000001,0.9990000000000001,0.998,0.99,0.8759999999999999,0.155,0.001,0.0,0.0,0.0,0.001,0.001,0.0,0.0,0.0,0.0,0.001,0.001,0.005,0.0,0.0
P(E),0.036000000000000004,0.11,0.945,0.992,0.988,0.9079999999999999,0.512,0.14300000000000002,0.096,0.12300000000000001,0.059000000000000004,0.022000000000000002,0.008,0.006999999999999999,0.009000000000000001,0.004,0.024,0.035,0.049,0.059000000000000004,0.059000000000000004,0.004,0.0,0.0,0.0,0.0,0.0,0.0,0.0,0.0,0.0,0.0,0.0,0.0,0.0,0.0,0.0,0.0,0.0,0.0,0.0,0.0,0.002,0.002,0.004,0.08199999999999999,0.485,0.922,0.975,0.991,0.993,0.987,0.9,0.6459999999999999,0.23800000000000002,0.128,0.054000000000000006,0.036000000000000004,0.028999999999999998,0.07200000000000001,0.185,0.341,0.474,0.6809999999999999,0.9470000000000001,0.995,0.996,0.9740000000000001,0.675,0.006999999999999999,0.003,0.0,0.0,0.0,0.0,0.0,0.0,0.0,0.0,0.0,0.0,0.0,0.003,0.0,0.019,0.9,0.9640000000000001,0.0,0.0,0.904,0.955,0.893,0.938,0.9259999999999999,0.8809999999999999,0.635,0.073,0.002
cosPhi,0.24849078363032737,0.5876851532355261,0.24024117587597338,0.2823853105078096,0.3926335324453897,0.31512758129561774,0.5979748936551013,0.7223197899021362,0.59197747857105,0.2863219404920256,0.4304147606369742,0.39604536101305526,0.6759228831791068,0.6669054611250307,0.5113452244314379,0.5790807976064348,0.5357503541535911,0.5279123606079607,0.4869130090664023,0.6099249601122083,0.42437088258271066,0.5130900371139817,0.7431699540345852,0.7121018805568672,0.6921497697365305,0.7105200710494552,0.7254409801620674,0.7081425532535844,0.6864959824721298,0.7215377933396668,0.7191877641635248,0.7001766491363243,0.7033704641246838,0.7231011092446092,0.7152577272015687,0.69777487682315,0.7073487760335222,0.7231011092446092,0.7113112976462711,0.6993766648836112,0.7017747859022699,0.7065543671977683,0.668549665728215,0.5026195129807469,0.3232635628264957,0.3714347348764086,0.49825619206600325,0.5979748936551013,0.4555542392629396,0.055291981783188476,0.1514179098175794,0.3191886872623099,0.30865922404626467,0.45990193877556756,0.5026195129807469,0.5218112832091212,0.5061100421154097,0.4295506925161164,0.5945495325945523,0.5034921638722618,0.5340092720162383,0.352147047678138,0.2357815508697738,0.395191922370304,0.1680374055445685,0.2575959745582459,0.2652650266497138,0.3571569042585549,0.24698387029454705,0.5764946742434378,0.11087876349267502,0.7492461522088945,0.7238817489870518,0.6937599065374325,0.7254409801620674,0.7293269988969874,0.7128918173729912,0.7113112976462711,0.7223197899021362,0.7136811056883583,0.694564090831167,0.6677278188883152,0.5008741899314337,0.7269974644284428,0.40716793261040246,0.3380423206356746,0.18874325662544486,0.7889312154112248,0.5790807976064348,0.34715340500711844,0.6644353473530478,0.42092224857394933,0.28474531897881544,0.24024117587597338,0.19909309489560864,0.5331385742313197,0.4851683558632712,0.6353021582270091
cosPsi,0.04216870333021938,0.8977367404274479,0.09703585887574218,0.17131237710295222,0.223304225378328,0.2269490194927855,0.12901207951219185,0.9254055547120257,0.9486291848371642,0.15079235728449697,0.2500000000000001,0.5618007383702464,0.9524135262330098,0.947077118419684,0.9999809615320856,0.9979421993079852,0.3680634750173135,0.6701897751065251,0.1278442268844231,0.9849360076423734,0.14583008113773566,0.025287261179048115,0.900887822121877,0.8950775061878452,0.895611766483745,0.8796356536674403,0.879067168098826,0.8885729807284855,0.8869201048632531,0.872155773115577,0.8846997775234475,0.88581229169386,0.8674572975749799,0.8727379998414311,0.8841417617967617,0.8852566213878945,0.8638863788286053,0.8733190911426957,0.8818980143173211,0.879067168098826,0.872155773115577,0.8998423292435453,0.9202833017478422,0.9451064023055633,0.9959472212950148,0.003517245946731584,0.13195145644013284,0.20893851492135534,0.9263200821770461,0.07141634964894389,0.11810198568267888,0.2182369755312143,0.20469716619003725,0.14215363314813223,0.9667902132486008,0.8377951038078302,0.9983186934090182,0.023404666103526595,0.9990673992109333,0.9922515899872183,0.5174497483512506,0.23949518407971182,0.012619402904389176,0.1833095636862248,0.08793690568899215,0.13851642704521577,0.16738482267281962,0.20681382163210532,0.09703585887574218,0.9648882429441257,0.054496737905816106,0.8993177550236464,0.8923881852665416,0.8891215742630105,0.8698155474893049,0.8779267345838198,0.8835825759076499,0.8620859307187337,0.8698155474893049,0.8813341648478441,0.8863667867486755,0.902446898677957,0.999597197557223,0.9338827266844643,0.13432314919041477,0.13551568628929417,0.22112744551015495,0.8796356536674403,0.999597197557223,0.129597701856625,0.12379254555213776,0.17927518421542105,0.14276366018359843,0.12436793324824447,0.10869592157379304,0.1602793478692417,0.11641742409235029,0.14215363314813223
cosTheta,0.22731495390280124,0.6668412884346369,0.2635028306260976,0.3520555171699238,0.46154188789838096,0.416217176891701,0.49793029274808315,0.8050286169205682,0.6916967212324558,0.3535870578560153,0.5163620911406818,0.6210958912816684,0.8032150501723183,0.8286352843229204,0.7562050206236179,0.7328216736475179,0.5794163744934324,0.6368655805449582,0.43873539431256126,0.7760579120749974,0.41302460754775755,0.34747132321559654,0.86322004664864,0.8741566897177764,0.86322004664864,0.8559324335465859,0.8668649422946731,0.8887467650732546,0.8486480206728793,0.8559324335465859,0.8741566897177764,0.8723335222271821,0.8486480206728793,0.8577540506726897,0.8759800017091586,0.8668649422946731,0.8504688044512568,0.8595758622648653,0.8778034526472047,0.86322004664864,0.8486480206728793,0.8705105047910613,0.8759800017091586,0.7634175852405393,0.6686118078730706,0.2578453769248242,0.4290486426519627,0.5400358587944194,0.7526017391603238,0.09868261919621107,0.21781325967687082,0.43065937896758133,0.3940006794718206,0.45010345364229426,0.6333549966916473,0.6810267191551437,0.6952590488486456,0.40983823495542443,0.750800867852382,0.700607697600674,0.5932464377358866,0.47140097892374216,0.3338136810025616,0.435500541088409,0.21243079363085038,0.32030106466777947,0.33532409635984006,0.43873539431256126,0.2663436026757517,0.7887199616519883,0.14082168710466503,0.8759800017091586,0.9051681123627268,0.86322004664864,0.8723335222271821,0.8814507491446919,0.8942198470628439,0.8650424083394216,0.8595758622648653,0.8759800017091586,0.8686876429626403,0.8322716312149072,0.7580074198027501,0.85228980488783,0.42743940671343666,0.3736528338415495,0.3505257113953375,0.9088179936986103,0.8705105047910613,0.33230505612458544,0.5062894322589223,0.435500541088409,0.3489976451923102,0.2850016753132923,0.2806665274502819,0.4730489897723562,0.4403550296935927,0.5949797519100501
cosTau,0.04501936456172839,0.21249737397836072,0.21607812747344946,0.046846106481674976,0.05730318712279203,0.016145414759014376,0.14460026306350376,0.9968839595802982,0.20258860662432943,0.907563897864277,0.0700738642015632,0.9869879836395258,0.0077484100127815925,0.7582666644333209,0.8273704068586698,0.40888223725392625,0.19561928549563967,0.0631138884822674,0.06184665997806832,0.10653248901933138,0.4217827674798846,0.1489234735024188,0.3630203906537838,0.7931861783678946,0.8187119948743449,0.8112573183188098,0.7981124374828079,0.8233948897552297,0.8280295144952536,0.8119397983546931,0.8105738901391552,0.820724815784579,0.8247240241650918,0.8126213281678527,0.8153379037156432,0.8213938048432696,0.8213938048432696,0.8126213281678527,0.8173652566011338,0.8227288438619753,0.8260492019151962,0.8064535268264883,0.8193839087577989,0.900887822121877,0.9316977753033858,0.24623081851964784,0.9150061425476838,0.24773618809249043,4.873799534788059e-05,0.9994030686707169,0.008214264593306986,0.025838172396900394,0.018184773395688525,0.07322460136233633,0.07597595192178702,0.9791612872325666,0.06698729810778065,0.5600684194173235,0.8227288438619753,0.7168295422937722,0.25835880837249875,0.03739514080710904,0.9140301673112472,0.7230989065549044,0.00213765090770901,0.03197023213051342,0.02314152462588659,0.04501936456172839,0.005237105465515313,0.0631138884822674,0.9727592877996585,0.3421754815264487,0.7924788374936077,0.8200548497424778,0.8064535268264883,0.8022995574311875,0.8220618148806933,0.8220618148806933,0.816690436313775,0.8160146513324255,0.8260492019151962,0.8280295144952536,0.8479563982961571,0.3306310398773543,0.1415446961747585,0.11252775564791012,0.0002467198171342,0.9789112474226573,0.8253871086329254,0.33145237078845896,0.3054380249298968,0.08353937964495028,0.03415438620722561,0.016811960339335408,0.006572141796596376,0.188060201645307,0.11866583515215595,0.44253142475356677
sinPhi,0.06786259902314767,0.0077484100127817035,0.07277058493359634,0.04984061429890324,0.011663860832915984,0.035433714232971925,0.009692670726693553,0.9478558801197065,0.008532325425222809,0.047958725169610805,0.004865965629214819,0.010926199633097211,0.03197023213051342,0.028679254453910785,0.00012869533865078608,0.9937069033754558,0.001279608534527965,0.0007796179090095445,0.00017133751222142557,0.012232728027071704,0.005753056595658224,0.00017133751222142557,0.0631138884822674,0.04721560049443019,0.038394891443509604,0.046477992854267625,0.05370709077393726,0.04538194547646579,0.03608187305054,0.05175678480827972,0.05060297685041654,0.041818635218880185,0.04322727117869962,0.052532819198987446,0.0487073578250698,0.0407768093284564,0.04501936456172839,0.052532819198987446,0.046846106481674976,0.04146996280743798,0.04252016607508757,0.044658169596911546,0.02926472759398102,6.8538762866277025e-06,0.03227798458506642,0.9831880396606646,3.046171104803541e-06,0.009692670726693553,0.001979467294615178,0.27145103647065294,0.14154469617475857,0.033838099392243914,0.038060233744356575,0.0016105607718763792,6.8538762866277025e-06,0.0004758892090711009,3.731516977401039e-05,0.9950118288582788,0.009020643651778182,1.2184647302626583e-05,0.001157860582197412,0.022360818938828186,0.9244858438145708,0.011108381620696883,0.12610095475073407,0.06269014643030207,0.05852620357053656,0.020838712767433376,0.06874316539637132,0.005885809276723608,0.18601847117533105,0.06655162553219862,0.05292288158031594,0.0390684242057498,0.05370709077393726,0.055691383672525574,0.04758647376699021,0.046846106481674976,0.05214411988029355,0.047958725169610805,0.039407297217139425,0.0289712736063516,7.615433562091489e-07,0.9455032620941839,0.00869360172819239,0.026957320586227407,0.10869592157379299,0.9080687950400801,0.9937069033754558,0.023935303628930593,0.0278118148812595,0.006293096624544192,0.048707357825069575,0.07277058493359634,0.10068224497635364,0.0010992658539749622,0.00022006994030798754,0.018654126786760594
sinPsi,0.7009738883279799,0.8029942001328555,0.7960065893996098,0.876781696150819,0.9164606203550498,0.9188593583102194,0.8352133094793996,0.7627358255361338,0.27924707360412737,0.8578463668518679,0.9330127018922194,0.9961659689427445,0.28711035421746367,0.27612045608061514,0.5043632677491869,0.54531629009889,0.9822787092288989,0.9701440635052094,0.8339162777355235,0.37819249410698874,0.8529357853393406,0.6569962279837026,0.20118742651223942,0.1935464731735118,0.19423647990708443,0.17461289136707453,0.1739507980848039,0.1853398044750813,0.18330956368622492,0.1660837222644767,0.18061609124220113,0.18196088986111797,0.16092016506596468,0.1667337648752738,0.17994515025752228,0.18128800512565513,0.15709082353631193,0.16738482267281957,0.1772711561380247,0.1739507980848039,0.1660837222644767,0.199789887337058,0.22914589485863013,0.2722275463832422,0.43646769569932475,0.4407980158467494,0.8384379848413304,0.9065503805235138,0.2387507176420256,0.7575190374550271,0.8227288438619753,0.9130491472478819,0.9034801560719009,0.8492076427155031,0.6791839747726501,0.868638668405062,0.5409692543150204,0.3488150546247777,0.46947573023257155,0.5876833630459936,0.9996954135095479,0.9267753986376637,0.38837494199452416,0.886920104863253,0.7832031184624164,0.845441205538429,0.8733190911426957,0.905020820222898,0.7960065893996098,0.31593772365766104,0.7269952498697735,0.19909248842397587,0.19011048410243003,0.1860184711753311,0.16349374324511334,0.17262959314133014,0.1792751842154211,0.1551902281321651,0.16349374324511334,0.1766051102447702,0.1826347433988662,0.20329055669814927,0.5200658962662799,0.7484869805137777,0.8409991800312493,0.8422735529643443,0.9150061425476838,0.8253871086329254,0.5200658962662799,0.835860294661495,0.8293447300593402,0.8835825759076498,0.8498316702566828,0.8300008339804684,0.8112573183188099,0.8668649322514381,0.820724815784579,0.8492076427155031
sinTheta,0.5218460987267227,0.9428798399759295,0.5774872277751953,0.6941327784568236,0.8066687418476048,0.7638910729123258,0.8374326114162464,0.9881844916547154,0.9536155246332483,0.695932566049185,0.8518590165514206,0.9200349486823807,0.987812771551718,0.9924941883966378,0.9761376215742095,0.968852871343087,0.89562770371863,0.9283684495981216,0.7857819117062003,0.9815490655588617,0.7606826049653916,0.6887043762780951,0.9970438182214219,0.9980482857103211,0.9970438182214219,0.9962588407750017,0.9974017115692927,0.9990644793822748,0.9953816413449323,0.9962588407750017,0.9980482857103211,0.997895295008335,0.9953816413449323,0.9964637325188842,0.9981955070654223,0.9974017115692927,0.9956095847521328,0.9966628597427053,0.9983369586251768,0.9970438182214219,0.9953816413449323,0.9977365354255,0.9981955070654223,0.9781853637754164,0.9436831608702037,0.5691217061937207,0.7765223150753671,0.8692875455201764,0.9750795285731538,0.2739317846120767,0.5063621526406227,0.7780783450903795,0.741009294744139,0.7963516213627504,0.9265553886867162,0.9491493674907825,0.9550591956509676,0.7574539518744037,0.9745419321923995,0.9571824088278426,0.9041149005637666,0.8153097792890824,0.6721591118005722,0.7827158205715634,0.49742006018033363,0.6552269479927678,0.6740166561530435,0.7857819117062003,0.5816430845449163,0.9846325354743227,0.36530452023022025,0.9981955070654223,0.9997661054180715,0.9970438182214219,0.997895295008335,0.9986025506526787,0.9993503165771815,0.9972256483158515,0.9966628597427053,0.9981955070654223,0.9975720074454255,0.9930709847210485,0.976658114971376,0.9958317662411548,0.7749611905199943,0.7188865657940682,0.6923281472969192,0.9998585070665057,0.9977365354255,0.6702967908161576,0.8440695922222728,0.7827158205715634,0.6905186780666905,0.6082150737075919,0.6021513092682509,0.8167317332203528,0.7873072754845358,0.9051511593093365
sinTau,0.7073466213281197,0.0909251412874883,0.911568184267221,0.28869086912965025,0.2675789771376903,0.37396532087844325,0.14830264859474807,0.5557344661031627,0.9019284303086087,0.7896405861713394,0.24472854104419728,0.6133256537184275,0.41231663695400655,0.9281335423001641,0.8779267345838198,0.008372546218022692,0.8966766701456176,0.25683230978825466,0.7408768370508578,0.19148206242962568,0.9938441702975689,0.14398697700450175,0.01912934522539439,0.905020820222898,0.8852566213878946,0.891304078426207,0.9014087375955573,0.8813341648478441,0.877354790111386,0.8907602362094094,0.8918467286629199,0.8835825759076498,0.8802029828000155,0.8902152036691648,0.8880232035332729,0.883022221559489,0.883022221559489,0.8902152036691648,0.8863667867486755,0.8818980143173211,0.8790671680988261,0.8950775061878452,0.8846997775234475,0.7988125734877606,0.7522638119075096,0.06918541977923715,0.22112744551015495,0.06830222469661412,0.4930189098304273,0.5244248848978066,0.40974042737472005,0.34134767179745396,0.36638081196087147,0.2394951840797117,0.23504036788339755,0.6428441837024867,0.75,0.0036213290352771765,0.11810198568267893,0.9505385106610458,0.9377322635000089,0.6897280797645027,0.7803194972816209,0.052532819198987446,0.45381470627671916,0.3240791757976491,0.3496471002478634,0.2926533786718804,0.42782189949951316,0.25683230978825466,0.6627840772285783,0.02556199417775179,0.9055319094946633,0.8841417617967617,0.8950775061878452,0.8982649590120981,0.8824607004592159,0.8824607004592159,0.8869201048632531,0.8874722443520897,0.8790671680988261,0.877354790111386,0.8590631488815944,0.029559615522887217,0.8485825514272821,0.18398534866757466,0.48429462046093563,0.356319740075144,0.1203643463325596,0.970735272406019,0.039407297217139425,0.22330422537832795,0.31837438476351076,0.37143360342265175,0.4191980894483193,0.10923976379059047,0.1766051102447701,0.003313617199801777
hhm0,0.3670619900748591,0.4295567331146438,0.4532761376061906,0.491883253427538,0.4302296240222053,0.8411136344520144,0.4035663218100765,0.6093868281604845,0.4595003785011355,0.37782824459584485,0.39473462864833037,0.38094036504331735,0.33720245605181254,0.28118428799730844,0.31701572882496426,0.2767263857347127,0.37690301959794764,0.30137101522415677,0.3855664900328034,0.3493986037513668,0.4286315081167466,0.433425855833123,0.3160063924636218,0.3780805786861805,0.3978467490958028,0.4346034149213559,0.3451930355791067,0.31070737656657416,0.33972579695516864,0.45420136260408783,0.336529565144251,0.2673059130288502,0.46799562620910085,0.3875851627554882,0.35284716965262003,0.35957607872823616,0.43889309445706115,0.43998654218184874,0.3228194129026831,0.30490369248885524,0.38523004457902255,0.3488098242072504,0.2857263016233493,0.33762301286903856,0.397930860459248,0.4155942467827403,0.3729497855160232,0.5135839851964,0.38144503322398854,0.376230128690386,0.2885860879804862,0.4224913785852468,0.43779964673227345,0.3393893515013878,0.4123139036083775,0.3996971990915973,0.3960804104634536,0.3313987719740937,0.38363192867356377,0.39296829001598116,0.3927159559256455,0.34367903103709313,0.3708470014298932,0.46471528303473797,0.12456892926234335,0.6194801917739087,0.35318361510640084,0.4496593489780469,0.6151064008747581,0.270165699385987,0.46580873075952556,0.29590377660021866,0.2747077130120279,0.25931533350155606,0.040373454453696694,0.2668853562116242,0.25208175624526874,0.04331735217427874,0.3629405332660442,0.3132307174699302,0.2038859449911683,0.4275380603919589,0.42173437631424,0.4593321557742451,0.360333080999243,0.4088653377071242,0.5458827487593574,0.31264193792581374,0.47859365800319614,0.5397426192278577,0.40482799226175453,0.559088232820254,0.386659937757591,0.21204474724535283,0.3200437379089915,0.46177138531415585,0.17898898141138866,0.4839767852636891
hhm1,0.5326799968386944,0.37327116098948865,0.2821465265154509,0.7903264048051845,0.3756421402039042,0.5147395874496167,0.7903264048051845,0.6024658183829921,0.45917964119181215,0.4902394689006559,0.7903264048051845,0.42282462657077374,0.51829605627124,0.4217181696040464,0.5308622461076424,0.38164862088042356,0.7903264048051845,0.7903264048051845,0.4578360863036434,0.5175057298664348,0.4136568402750335,0.569825337864538,0.7903264048051845,0.7903264048051845,0.7903264048051845,0.6575515687979135,0.6159013672646803,0.6074448747332648,0.6656128981269264,0.5406622935272267,0.5864221923654469,0.548170394372876,0.5818382992175768,0.5454042519560578,0.7903264048051845,0.6728048684106535,0.6710661503200821,0.6858452540899391,0.6055480913617324,0.7003872599383545,0.21813008772623094,0.3744566505966964,0.595273848099265,0.5480123290919149,0.3436339208092942,0.6101319845096025,0.4918201217102663,0.6023077531020311,0.6785742511657314,0.6017545246186674,0.27700940488421716,0.6616612661029005,0.5008298427250455,0.34086777839247606,0.4677151663637082,0.6660870939698095,0.6819726547063937,0.5212202639690191,0.617244922152849,0.5888722042203429,0.4383150241049553,0.47664585473800675,0.40369872757448827,0.35319687030743696,0.32103058563186593,0.5043863115466687,0.44052793803840984,0.4057535762269817,0.4616296530467082,0.6336046787323164,0.5283332016122658,0.5405042282462656,0.5425590768987592,0.4395795463526436,0.3914486683000079,0.5148976527305776,0.587212518770252,0.27416422982691846,0.4290682051687347,0.5237493084643957,0.5265154508812139,0.46961194973524056,0.55638978898285,0.5572591480281356,0.44526989646724097,0.569825337864538,0.5962222397850312,0.4337311309570852,0.5469849047656682,0.4621038488895914,0.5493558839800837,0.5326009641982139,0.46763613372322765,0.34134197423535917,0.48067651940251316,0.5605785189283173,0.41460523196079974,0.7903264048051845
hhm2,0.5023056653491437,0.43280632411067194,0.8234519104084322,0.8234519104084322,0.8234519104084322,0.5774868247694336,0.48484848484848486,0.5038702239789197,0.8234519104084322,0.44795783926218713,0.21805006587615283,0.38973978919631097,0.4281126482213439,0.2686100131752306,0.2971837944664032,0.21459156785243744,0.34057971014492755,0.31044137022397894,0.35770750988142297,0.303606719367589,0.42860671936758893,0.20833333333333334,0.2150856389986825,0.23410737812911728,0.23056653491436105,0.3147233201581028,0.18741765480895917,0.21895586297760214,0.2282608695652174,0.44301712779973645,0.19137022397891965,0.1935935441370224,0.4377470355731225,0.351366930171278,0.2154973649538867,0.10853096179183136,0.39855072463768115,0.6172595520421608,0.26811594202898553,0.3486495388669302,0.6668313570487484,0.4407114624505929,0.503705533596838,0.4166666666666667,0.7201086956521741,0.4836956521739131,0.36618906455862976,0.6286231884057971,0.3943511198945982,0.25683465085639,0.5842391304347827,0.3304512516469038,0.585638998682477,0.3511198945981555,0.2633399209486166,0.19161725955204217,0.37467061923583667,0.28038537549407117,0.320899209486166,0.37335309617918316,0.4135375494071146,0.46450922266139666,0.4911890645586298,0.4938241106719368,0.5800395256916997,0.6740777338603426,0.8234519104084322,0.3917160737812912,0.6937582345191041,0.2898550724637682,0.21072134387351782,0.48303689064558636,0.24011857707509884,0.16888998682476944,0.8234519104084322,0.3111001317523057,0.3419795783926219,0.8234519104084322,0.6648550724637682,0.30434782608695654,0.37623517786561267,0.5972496706192358,0.21607378129117263,0.36067193675889325,0.5579710144927537,0.3677536231884058,0.6081192358366272,0.20298089591567853,0.29603096179183136,0.5004117259552042,0.5767457180500659,0.6022727272727274,0.47834321475625824,0.6904644268774704,0.2658102766798419,0.5842391304347827,0.3637187088274045,0.3852931488801054
hhm3,0.4535680152914941,0.36691621535520863,0.6333227142402039,0.5942179037910162,0.6666135712010195,0.5923064670277158,0.36038547308059893,0.381650207072316,0.579404268875438,0.552245938196878,0.297945205479452,0.3924816820643517,0.33999681427206113,0.2764415418923224,0.2872730168843581,0.25422108951895506,0.36436763300414143,0.29921949665498565,0.40490602102580436,0.2754061803122013,0.36357120101943297,0.222284166932144,0.14980885632366994,0.16685250079643196,0.1173144313475629,0.4006849315068493,0.23088563236699583,0.15291494106403314,0.20898375278751197,0.6166772857597961,0.18532972284166932,0.20022300095571838,0.41940108314749913,0.16788786237655304,0.12384517362217266,0.1607199745141765,0.3434214718063078,0.29595412551768074,0.17457789104810448,0.1404109589041096,0.508521822236381,0.22427524689391526,0.2241956036954444,0.28894552405224594,0.6998247849633641,0.48638101306148457,0.21750557502389295,0.5602899012424339,0.22108951895508125,0.23526600828289262,0.5699267282574068,0.3059095253265371,0.5295476266326856,0.4135871296591271,0.3536158012105766,0.3284485504937878,0.3178560050971647,0.2722204523733673,0.32749283211213764,0.29284804077731763,0.3509079324625677,0.367792290538388,0.46782414781777637,0.46033768716151635,0.5991557820962089,0.5289104810449188,0.6068015291494107,0.18915259636827014,0.5672985027078687,0.19624084103217584,0.30367951576935326,0.22961134119146223,0.13300414144632047,0.20762981841350747,0.5501752150366358,0.21081554635234148,0.30519273654029944,0.5076457470532016,0.6506849315068494,0.2172666454284804,0.23375278751194645,0.4960178400764575,0.4084103217585218,0.3509875756610385,0.4005256451099076,0.22427524689391526,0.48128384835935006,0.2895826696400127,0.3547308059891685,0.4448072634597005,0.328368907295317,0.7044440904746734,0.35465116279069764,0.6067218859509398,0.1832589996814272,0.44568333864287984,0.535680152914941,0.3484389933099713
hhm4,0.6787012357644778,0.48760197076165096,0.668201276148938,0.5242710604959212,0.27017203779985466,0.3642678297391164,0.4901865762054761,0.80768920119538,0.3658024392213876,0.18520313383410064,0.4136176399321541,0.4791212341490994,0.36604474598174624,0.6079476617397626,0.5393748485582748,0.35142557144010983,0.47354817866085136,0.4863096680397383,0.5495517324933366,0.80768920119538,0.3128180276229707,0.5425248364429367,0.5128018738389468,0.5393748485582748,0.6193360794766174,0.39479848154430175,0.5371133187949277,0.80768920119538,0.33721024149907114,0.13536871012034568,0.5870285114288022,0.5342864065907439,0.269929731039496,0.36604474598174624,0.7426702204991519,0.6004361521686454,0.43502140376383164,0.33034488328891043,0.5272595105403441,0.3658024392213876,0.11283418140699458,0.20297229626039903,0.6810435344479444,0.6242629836039093,0.12131491801954608,0.6854050561343995,0.5715208787658509,0.5321864146676359,0.5895323479525079,0.5556094015023019,0.3544947904046523,0.38922542605605365,0.4279137387933124,0.3498101930377191,0.46684435829092963,0.49220579920846463,0.3819562232452952,0.48703658832081415,0.5313787254664406,0.4726597205395364,0.41700993457717467,0.5120749535578709,0.6929973346256361,0.16549551732493337,0.5462402067684355,0.08230352960180923,0.7146434052176722,0.49050965188595425,0.07083434294483483,0.5048057507471125,0.583393910023423,0.46175591632339874,0.5991438494467329,0.6039899846539052,0.6826589128503352,0.6049592116953397,0.637589855423633,0.49761731685647365,0.35231402956142477,0.5284710443421371,0.5278248929811808,0.2956142476375091,0.5543170987803894,0.5478555851708263,0.3757370163960908,0.33616024553751717,0.1396494628866812,0.42702528067199735,0.6698166545513287,0.5816169937807931,0.526936434859866,0.5262095145787901,0.36604474598174624,0.5585978515467248,0.5480171230110653,0.1836685243518294,0.3992407721508764,0.45254825942977145
hhm5,0.3986083499005964,0.5105202120609674,0.6358515573227302,0.8283631544068919,0.8283631544068919,0.5661033797216699,0.30732273028495694,0.2983764082173625,0.8283631544068919,0.5167329357190192,0.398194168323393,0.3465043074884029,0.5210404241219351,0.3103876739562624,0.35130881378396284,0.3336646785950961,0.4109509609012591,0.4385354539430086,0.44872432074221336,0.4687707090788601,0.640987408880053,0.3288601722995361,0.5656891981444665,0.3300198807157057,0.40125911199469844,0.4391981444665341,0.39214711729622265,0.4743207422133863,0.5906229290921139,0.7215871438038436,0.44955268389662023,0.4469019218025182,0.5439860834990059,0.4937044400265076,0.41550695825049705,0.4596587143803843,0.5299867461895295,0.4377070907886017,0.4500497017892644,0.4462392312789927,0.4444168323392975,0.31651756129887343,0.25530152418820407,0.43787276341948306,0.5110172299536117,0.022945659377070906,0.421388336646786,0.7208416169648774,0.47340954274353875,0.4535288270377733,0.5509443339960238,0.55649436713055,0.5830848243870113,0.47191848906560635,0.4739065606361829,0.3336646785950961,0.3724320742213386,0.30682571239231277,0.12359178263750828,0.4284294234592445,0.325960901259112,0.41782637508283627,0.05243538767395626,0.5405897945659377,0.17967196819085487,0.6357687210072895,0.576457919151756,0.45941020543406225,0.8283631544068919,0.400844930417495,0.45783631544068915,0.45551689860834993,0.42147117296222664,0.34443339960238567,0.4027501656726309,0.47705434062292906,0.5477965540092776,0.5129224652087475,0.5806825712392312,0.5023194168323393,0.29506295559973494,0.5564115308151093,0.4809476474486415,0.07803180914512922,0.4140159045725646,0.5284128561961564,0.6686547382372432,0.22249834327369117,0.07388999337309476,0.444831013916501,0.5382703777335984,0.5393472498343274,0.5084493041749503,0.49660371106693174,0.4370444002650762,0.8283631544068919,0.5006626905235255,0.44715043074884026
hhm6,0.805607024893257,0.4681382421654716,0.702731007814388,0.6033191009425601,0.4793361798114879,0.805607024893257,0.41867397083702573,0.3356158865705309,0.805607024893257,0.4614517038588576,0.4420365745589301,0.3435108354144848,0.5313783936195923,0.44179489245146214,0.36598727140900666,0.44727302022073634,0.4416337710464835,0.36131475066462576,0.805607024893257,0.5175219527914283,0.5880931281720776,0.5772174333360187,0.5477322162249254,0.6530250543784741,0.4345444292274228,0.5611052928381535,0.4551679690646902,0.418996213646983,0.24554902118746474,0.4710384274550874,0.4542818013373076,0.4641102070410053,0.5387899782486103,0.48473374687827275,0.4757109481994683,0.4808668331587851,0.5601385644082816,0.4188350922420043,0.4622573108837509,0.38685249335374206,0.5638443567227905,0.6053331185047933,0.805607024893257,0.47917505840650926,0.33803270764521065,0.6118585354064286,0.5022154193184564,0.6170144203657456,0.4804640296463385,0.33432691533070164,0.5740755659389349,0.3420607427696769,0.5975992910658181,0.3926528639329735,0.4391363892693144,0.40570369773624426,0.4461451703858857,0.4139208893901555,0.4726496415048739,0.2863932973495529,0.44018367840167566,0.5590912752759204,0.6237815193748489,0.5042294368806896,0.6958027874003061,0.48513655039071935,0.6386046886328848,0.4307580762104245,0.6397325384677355,0.45355675501490367,0.4931926206396519,0.36075082574720047,0.5393539031660356,0.3902360428582937,0.7440586481914122,0.4799001047289132,0.4704745025376621,0.805607024893257,0.45927656489164587,0.41778780310964303,0.39627809554499316,0.805607024893257,0.24925481350197373,0.549101748167244,0.40505921211632967,0.4826391686135503,0.5887376137919922,0.3963586562474825,0.47877225489406267,0.42495770563119306,0.4867477644405059,0.7455893015387094,0.3535003625231612,0.805607024893257,0.4522677837750745,0.4460646096833964,0.5323451220494643,0.45049544832030936
hhm7,0.605541909732883,0.5112833896223519,0.2655818237642002,0.13862450107460855,0.23871661037764816,0.1682529935523488,0.4900214921707092,0.5988639852625115,0.22827755603315936,0.39230887319619284,0.526020878108689,0.3621430764507215,0.2998925391464538,0.4813478661344796,0.329137242861529,0.47689591648756524,0.2587503837887627,0.7675775253300584,0.33788762665029165,0.36766963463309793,0.23856309487258215,0.4527939821922014,0.6342493091802273,0.4457322689591649,0.5601013202333436,0.19504144918636782,0.46154436598096404,0.4111145225667792,0.4133404973902364,0.3590727663494013,0.5026865213386552,0.3775713847098557,0.20033773411114525,0.41249616211237333,0.5271722443966841,0.5429843414184833,0.1866748541602702,0.3081056186674854,0.5015351550506602,0.3365827448572306,0.3196192815474363,0.5007675775253301,0.4157967454712926,0.5646300276327909,0.3573840957936752,0.6168252993552349,0.43851704022106236,0.11928154743629107,0.2972827755603316,0.5023027325759902,0.1778477126189745,0.3081056186674854,0.1367055572612834,0.2910653976051581,0.3576143690512742,0.42531470678538535,0.3787995087503838,0.5274792754068162,0.5105158120970218,0.42155357691126805,0.37833896223518576,0.4043598403438748,0.5208013509364446,0.35984034387473135,0.2813939207859994,0.3871661037764814,0.16103776481424623,0.3953024255449801,0.45425237949032854,0.5355388394227817,0.4979275406816089,0.3470985569542524,0.47459318391157507,0.48848633712004913,0.4946269573226896,0.3749616211237335,0.4173319005219527,0.4325299355234879,0.1566625729198649,0.4644611605772183,0.4638470985569542,0.34878722750997854,0.5969450414491864,0.5592569849554806,0.3858612219834204,0.341955787534541,0.21837580595640158,0.5317777095486644,0.6367823150138164,0.4775099785078293,0.28254528707399446,0.1285692354927848,0.30442124654590114,0.2340343874731348,0.5197267424009825,0.2569081977279705,0.3307491556647221,0.40604851089960087
hhm8,0.4274559796032188,0.23998087801768783,0.3731176798661461,0.7967492630069316,0.4227551589514779,0.7967492630069316,0.21791092343239582,0.3650705123097761,0.6262449207234482,0.5625049796828937,0.2951956019440682,0.22715321488327622,0.5097601784718349,0.3079435901521791,0.2493028443948689,0.32674687275914266,0.365867261572783,0.353676997848777,0.39558600908294156,0.4177356385945343,0.5983586965182056,0.35025097601784716,0.33025256951637316,0.28627201019839055,0.3391761612620508,0.514142299418373,0.30627041669986454,0.28029639072583856,0.47669508405704725,0.43669827105409925,0.2894590072504183,0.43574217193849096,0.405864074575731,0.27304597243247547,0.30252569516373196,0.3811648474225161,0.43478607282288256,0.2332085092821289,0.26029798422436456,0.3593339176161262,0.5280854115209943,0.3343159907577085,0.26037765915066524,0.13783762250019918,0.6147717313361484,0.5491195920643773,0.21695482431678748,0.581945661700263,0.25695163731973547,0.2619711576766791,0.57931638913234,0.23966217831248504,0.4958170663692135,0.3476217034499243,0.23129631105091225,0.3022069954585292,0.24324754999601625,0.3007728467851167,0.3281810214325551,0.2178312485060951,0.4092104214803601,0.15942952752768702,0.4437096645685602,0.350808700501952,0.6092741614214007,0.47000239024778895,0.6883116883116882,0.2693012508963429,0.6043343159907576,0.2624492072344833,0.30850131463628394,0.2942395028284599,0.3363078639152258,0.5127878256712611,0.5476854433909648,0.27224922316946853,0.17074336706238544,0.6738108517249621,0.37566727750776824,0.22117759541072424,0.2751971954425942,0.4837064775715082,0.4021990279658991,0.32587044856983505,0.228507688630388,0.29408015297585843,0.5966855230658912,0.33049159429527525,0.39566568400924224,0.21074018006533343,0.2449207234483308,0.6389929089315592,0.2528882160784001,0.5581228587363556,0.339654210819855,0.42602183092980633,0.5008365867261573,0.7967492630069316
hhm9,0.5452891057986599,0.722226817768219,0.4581024071469931,0.126065017784763,0.21292083712465878,0.11522872032426172,0.3318719497063446,0.5344528083381587,0.10811481512118455,0.28472164777897263,0.4162461742079576,0.4319629415170816,0.3937463810075275,0.4424683596658119,0.21192819918934566,0.3044916866572917,0.13400612126726777,0.3736454628174373,0.3428736868227314,0.2822400529406899,0.3038299280337497,0.45471089420134,0.38332368268673994,0.24733228554884604,0.4001985275870626,0.14500785838365457,0.4067333939945405,0.3943254198031268,0.3063115228720324,0.3285631565886343,0.41914136818595416,0.3832409628587972,0.21457523368351394,0.326247001406237,0.44536355364380836,0.5300686574571924,0.1354950781702374,0.19877574654644717,0.38274464389114066,0.2338489535941765,0.20804036727603606,0.36024485069071055,0.4850690710563322,0.45950864422202,0.3958970965340392,0.6449664984696831,0.46496815286624205,0.2648688890727107,0.25949210025643143,0.48465547191661834,0.2708247166845893,0.3507320704772934,0.1948051948051948,0.3290594755562908,0.3657870791628753,0.4475969889982629,0.34138472991976176,0.43171478203325336,0.44519811398792286,0.33650426007113904,0.33046571263131774,0.33840681611382245,0.5058317478699644,0.38820415253536267,0.4884605840019853,0.3720737860865249,0.3070560013235172,0.3916783853089585,0.3671105964099594,0.4199685664653818,0.4732401356605178,0.322524609148813,0.44561171312763664,0.47687980808999914,0.45446273471751175,0.34742327735958306,0.34552072131689965,0.5318884936719331,0.22160641905864836,0.4060716353709984,0.4025146827694598,0.09372156505914467,0.5572834808503597,0.5110430970303581,0.3432872859624452,0.34030937215650586,0.18711225080651833,0.39300190255604267,0.7764083050707253,0.3888659111589048,0.33154107039457353,0.12714037554801885,0.4305567044420547,0.3445280833815865,0.48184299776656464,0.20746132848043677,0.42145752336835135,0.36057573000248155
hhm10,0.5081213849932652,0.7923302432453847,0.5136676966959829,0.4692972030742414,0.3985421123524285,0.36867126218207746,0.4589969099120514,0.5629506378258459,0.15585135884636717,0.582838126931305,0.595356944774582,0.4945725378337691,0.48165755486886935,0.5585928214879962,0.37120671896046276,0.39204500435781636,0.3616195230171935,0.5031297044608193,0.7923302432453847,0.21004674748435148,0.3685127961334284,0.6152444338800411,0.7923302432453847,0.5051897630932572,0.5103399096743523,0.5879090404880755,0.4929086443229538,0.6570794707233976,0.5576420251961017,0.5468663338879646,0.5366452737500991,0.47999366135805405,0.35924253228745745,0.5697646779177561,0.5657237936772047,0.5623167736312495,0.34204896600903256,0.4723080579985738,0.506774423579748,0.4494097139687822,0.34735757863877664,0.5352983123365819,0.48815466286348147,0.6077965295935346,0.48894699310672685,0.7923302432453847,0.5573250930988036,0.5203232707392441,0.46398859044449725,0.5261072815149355,0.436732430076856,0.5443308771095793,0.3423658981063307,0.3292924490927819,0.47088186356073214,0.5637429680690912,0.40068140400919106,0.5253941842960146,0.5702400760637033,0.5330005546311702,0.3792884874415657,0.5487679264717534,0.647888439901751,0.4782505348229142,0.570636241185326,0.6136597733935504,0.49465177085809364,0.5330797876554948,0.2960145788764757,0.5798272720069725,0.7393233499722685,0.4716741938039775,0.5683384834799144,0.5415577212582204,0.4965533634418826,0.4688218049282941,0.5433800808176847,0.5811742334204897,0.33230330401711433,0.4670786783931543,0.4524205688931147,0.19039695745186594,0.5203232707392441,0.632279534109817,0.4028999286902781,0.3861817605578005,0.3909357420172728,0.3685127961334284,0.6054195388637984,0.5276127089771017,0.4599477062039458,0.3360272561603676,0.4693764360985659,0.46890103795261867,0.4596307741066476,0.3815070121226527,0.5035258695824419,0.36201568813881624
hhm11,0.38302529182879375,0.29101815823605703,0.4974059662775616,0.5116731517509727,0.4563067444876783,0.5884403372243839,0.37937743190661477,0.05560959792477302,0.6385376134889753,0.324254215304799,0.3416018158236057,0.16885538261997407,0.49610894941634237,0.41196498054474706,0.44528210116731515,0.3398994811932555,0.547908560311284,0.3330090791180285,0.10919260700389104,0.3353599221789883,0.623784046692607,0.3949416342412451,0.3431420233463035,0.41447795071335924,0.45614461738002593,0.4006160830090791,0.4495784695201037,0.35027561608300906,0.3690012970168612,0.5592574578469519,0.3142023346303502,0.3495460440985733,0.48711089494163423,0.40637159533073924,0.3746757457846952,0.4489299610894941,0.5587710765239948,0.5312905317769131,0.33941309987029833,0.5255350194552529,0.6179474708171205,0.41909857328145267,0.41293774319066145,0.40150778210116733,0.5735246433203631,0.4696011673151751,0.3420071335927367,0.5821984435797665,0.4290693904020752,0.30544747081712065,0.6453469520103762,0.38302529182879375,0.5490434500648509,0.4291504539559014,0.386754215304799,0.21652075226977952,0.35903047989623865,0.29442282749675747,0.3134727626459144,0.3438715953307393,0.3779993514915694,0.4413099870298314,0.4282587548638132,0.35092412451361865,0.5866569390402075,0.5692282749675746,0.6673962386511024,0.35959792477302205,0.8106355382619974,0.39145590142671854,0.24100194552529183,0.504458495460441,0.4246108949416343,0.45582036316472113,0.6021400778210116,0.39291504539559013,0.3118514915693904,0.5728761348897535,0.6924448767833982,0.30552853437094685,0.3139591439688716,0.5400453955901426,0.11843385214007783,0.27926394293125806,0.49238002594033725,0.4069390402075227,0.7266536964980544,0.259727626459144,0.29069390402075224,0.34338521400778205,0.4040207522697795,0.8106355382619974,0.38278210116731515,0.6779345006485085,0.33365758754863817,0.7385700389105059,0.5059987029831388,0.38497081712062253
hhm12,0.46167585617768114,0.2709482022210142,0.46120990914032767,0.7765783955890346,0.6131086433175429,0.6117108022054826,0.2969635784732469,0.4538324143822319,0.5107556107789081,0.23429370194921179,0.24050632911392403,0.3923274054515803,0.10444979420672516,0.3979964277393802,0.3927156946493749,0.4433486060417799,0.29711889415236464,0.24656364059951852,0.3254640055913644,0.3212704822551837,0.32453211151665756,0.4176438611477828,0.24858274442805,0.43402966529471143,0.7765783955890346,0.4385338199891279,0.2752193833967539,0.3729906034014134,0.3948124563174652,0.4337190339364759,0.3936475887240817,0.5192203152908286,0.7765783955890346,0.456162149568999,0.4685097460588646,0.5306360177059875,0.6454919624136056,0.6292614739457948,0.4423390541275141,0.5525355284615981,0.6688669721208356,0.6232818202997592,0.6412984390774248,0.27343325308689914,0.5362273821542285,0.6013823095441484,0.24501048380834045,0.5046206414537547,0.5340529626465791,0.4893997049002096,0.594470761823406,0.5464005591364448,0.4919624136056534,0.19072765395666694,0.3623514793818436,0.2660557583288033,0.2683854935155704,0.3149025394113536,0.3142812766948823,0.3670109497553778,0.2367010949755378,0.39318164168672826,0.4501048380834045,0.56232041624602,0.5512153451890968,0.65651937563097,0.5991302321969402,0.6777199658305506,0.5853847945950144,0.3736118661178846,0.5745903548963267,0.2280810747844995,0.44816339209443184,0.5499728197561544,0.490719888172711,0.48807952162770823,0.5585928399471927,0.490719888172711,0.5582045507493981,0.5707074629183816,0.5705521472392638,0.5367709870311408,0.5517589500660092,0.5508270559913023,0.560767259454842,0.381299992234216,0.5116098470140561,0.5068727188009629,0.4692863244544536,0.6100799875747456,0.22179078978022831,0.6981439776345422,0.6478993554399317,0.41810980818513627,0.7186456472780927,0.4201289120136678,0.44925060184825655,0.09668401025083481
hhm13,0.47848320352450635,0.2690582959641256,0.4278184249862324,0.6154511840138464,0.35449610573519,0.5359137754700654,0.37054519707340106,0.4164109826134844,0.5990874046101802,0.5852411297301551,0.31877901030603417,0.3867516324443396,0.4072063566989222,0.2830619148768783,0.4450475965699001,0.3950121941625364,0.37502950200613644,0.36244197938793177,0.23829753756588784,0.3873810085752498,0.5494453622846354,0.42294075997167807,0.3697584769097632,0.3828967036425144,0.2898277082841634,0.4579498072535599,0.2518291243804579,0.32302729918967826,0.4791125796554166,0.5799701046337817,0.3187003382896704,0.42010856738258207,0.5289906380300528,0.3675556604515774,0.28101644245142005,0.34481944772244516,0.514278970970026,0.37762567854614115,0.3145307214223901,0.3703091810243097,0.6511682794430022,0.34041381480607347,0.3389190464951617,0.24994099598772718,0.5119188104791126,0.48029265990087333,0.3146093934387538,0.6748485563684998,0.3504051608842735,0.3641727637479349,0.6293761309102354,0.39674297852253954,0.5400833923373457,0.44056329163716473,0.3881677287388876,0.42089528754621985,0.3389977185115255,0.3800645110534183,0.40366611596255214,0.3157894736842105,0.44315946817716945,0.3932814098025333,0.5023994964990953,0.3295570765478719,0.7867201636377941,0.5108174022500197,0.6179686885374872,0.2869955156950673,0.6140350877192983,0.35937377074974436,0.4419007159153489,0.3589804106679254,0.3385256864133428,0.32310597120604206,0.5698214145228543,0.2513570922822752,0.3231846432224058,0.6825584139721502,0.40547557233891907,0.2812524585005114,0.3232633152387696,0.5304854063409645,0.3244433954842263,0.43875383526079775,0.35252930532609555,0.33065848477696486,0.656596648572103,0.39336008181889703,0.4155455904334828,0.33459208559515385,0.27944300212414447,0.6129336794902054,0.33884037447879795,0.7867201636377941,0.29124380457871135,0.48076469199905597,0.5022421524663677,0.3726693415152231
hhm14,0.49436805717392984,0.1558300318496077,0.3574147440379088,0.7768197001475957,0.3529091897770527,0.6056086382350656,0.22714208032315697,0.36650353452963563,0.7768197001475957,0.7768197001475957,0.28074263963334106,0.25099044511768814,0.5609415054765788,0.4700536005593101,0.41893886428959837,0.3326341956032005,0.47976384681115514,0.22084984075196146,0.526295346849996,0.3911287190243144,0.444573914394469,0.4201817758098345,0.3889536238639012,0.393536860094772,0.40674279499728105,0.44566146197467565,0.3334110153033481,0.4034801522566612,0.4011496931562184,0.4023149227064398,0.3670473083197389,0.40627670317719256,0.44208809135399674,0.2963567156063078,0.34521867474559154,0.42499805795074963,0.5214013827390662,0.19521479064709082,0.2505243532975996,0.42297832673036584,0.6780859162588363,0.35943447525829253,0.3548512390274217,0.27445040006214555,0.5654470597374349,0.48683290608249824,0.30490173230793133,0.4724617416297677,0.3406354385147207,0.23405577565447058,0.590616018022217,0.22815194593334887,0.5214013827390662,0.4091509360677386,0.18224190165462595,0.3150780703798648,0.24617416297677308,0.34366503534529635,0.33185737590305286,0.2084984075196147,0.35951215722830726,0.16779305523188068,0.38670084673347316,0.3044356404878428,0.49848520158471216,0.4135788083585799,0.5093606773867785,0.28773401693466943,0.5899168802920841,0.33185737590305286,0.3498019109764623,0.3014060436572671,0.3167870737201895,0.5981511691136487,0.5004272508350811,0.30389186669773943,0.22589916880292082,0.5102928610269556,0.36440612133923717,0.25479686164841137,0.40581061135710395,0.4834148994018488,0.4082187524275615,0.33807193350423365,0.16087935990056706,0.3439757632253554,0.5901499262021285,0.3518216421968461,0.42095859550998216,0.0962479608482871,0.26893498019109763,0.5514643051347782,0.1986327973277402,0.5484347083042025,0.298221082886662,0.45645925580672725,0.5183717859084906,0.40340247028664644
hhm15,0.05196850393700787,0.295748031496063,0.30685039370078737,0.6709448818897638,0.551259842519685,0.4938582677165354,0.23102362204724408,0.4625196850393701,0.4605511811023622,0.2935433070866142,0.30614173228346453,0.31763779527559055,0.3144881889763779,0.26346456692913384,0.3392913385826772,0.3486614173228347,0.40244094488188975,0.2817322834645669,0.3075590551181102,0.2594488188976378,0.44110236220472443,0.18511811023622046,0.382755905511811,0.3153543307086614,0.3499212598425197,0.38133858267716536,0.3671653543307086,0.3332283464566929,0.28960629921259845,0.402755905511811,0.297007874015748,0.31984251968503935,0.30976377952755907,0.382992125984252,0.3674015748031496,0.36236220472440944,0.4498425196850394,0.4373228346456693,0.3340157480314961,0.42078740157480315,0.5403937007874016,0.1879527559055118,0.1395275590551181,0.3311811023622047,0.5888976377952756,0.5093700787401575,0.32070866141732285,0.5028346456692913,0.3561417322834646,0.19897637795275588,0.4032283464566929,0.3411811023622047,0.46204724409448816,0.37818897637795273,0.35645669291338583,0.322992125984252,0.2615748031496063,0.2721259842519685,0.31881889763779525,0.3048818897637795,0.14133858267716534,0.36606299212598425,0.4088188976377953,0.34511811023622047,0.4373228346456693,0.435748031496063,0.5503937007874016,0.31929133858267716,0.6562992125984252,0.23685039370078742,0.19732283464566927,0.3074015748031496,0.2800787401574803,0.20566929133858267,0.3386614173228346,0.33141732283464564,0.3250393700787402,0.39236220472440947,0.4982677165354331,0.29000000000000004,0.2777165354330709,0.4685826771653543,0.30913385826771655,0.3448031496062992,0.30858267716535437,0.3325984251968504,0.5562992125984252,0.3677952755905512,0.3222047244094488,0.33078740157480313,0.3482677165354331,0.4831496062992126,0.3062204724409449,0.4638582677165354,0.23866141732283463,0.4676377952755905,0.1704724409448819,0.2918897637795275
hhm16,0.2870196622338256,0.3567757199967366,0.1244186995186424,0.8158603247124092,0.5401811209920862,0.5640858285061597,0.25724076038182264,0.6082238720731011,0.5116260096271518,0.44195153789671204,0.32430447907318266,0.3983030105245982,0.41331484049930656,0.2707840417720486,0.39805825242718446,0.38108835767316634,0.4097250550705719,0.31924614505996574,0.4226972342334992,0.3096189932283593,0.31377988088439257,0.20845231296402056,0.42383943868809654,0.41103043159011177,0.323733376845884,0.31369829485192136,0.45223137798808843,0.4342008648119442,0.3593864730358163,0.4381169943705638,0.3570204780941503,0.2590356530961899,0.2129395447499388,0.29950232520192543,0.44170677979929834,0.41339642653177777,0.42457371298033775,0.4071143020314922,0.35204373011340456,0.39936362894672434,0.5537244023823121,0.4163335237007424,0.4487231785918251,0.3761931957248919,0.5186424084196786,0.5724891898506975,0.2809007097984825,0.45321041037774334,0.273965897038427,0.44415436077343556,0.4428489842538957,0.2996654972668679,0.45712653993636293,0.4515786897283185,0.2985232928122705,0.39422370890103614,0.3817410459329363,0.21783470669821328,0.37472464714040954,0.3846781431019009,0.37056375948437625,0.3391531369829485,0.4830708982622175,0.3391531369829485,0.6437137961980909,0.4186179326099372,0.5558456392265644,0.23472301541976015,0.6572570775883169,0.3288732968915722,0.20241494656114872,0.3607734355878274,0.4080117483886758,0.44178836583176956,0.5028147181202578,0.34723015419760134,0.3760300236599494,0.5219874357509995,0.4915558456392266,0.36811617851023903,0.36746349025046915,0.47319898833319735,0.4260422615648201,0.4606347393326262,0.2840009790323897,0.3331157705800767,0.6314758913274048,0.5660438932854694,0.4584319164559027,0.4384433385004487,0.28897772701313534,0.5653096189932283,0.2959941258056621,0.4044219629599412,0.3132087786570939,0.5144815207636453,0.38223056212776374,0.32748633433956104
hhm17,0.5235837073418579,0.46989584215428903,0.2046744008806842,0.15310356507748327,0.17139469895842152,0.17808451181302395,0.5696502667457024,0.6664408501990008,0.3280548734016428,0.290371750359895,0.43068845795579647,0.624269624862393,0.29020238800914555,0.2946904903040054,0.33626894741299007,0.41468371580997543,0.30552968075196885,0.45465323058684054,0.5223134897112371,0.3604877635701584,0.13320348886442543,0.6650859513930053,0.3469387755102041,0.35456008129392835,0.39402150901854516,0.2627656871877382,0.42247438394444914,0.3915657549326784,0.4594800575831992,0.376577186891354,0.4374629519857735,0.3559996612752985,0.27995596578880516,0.37090354814124815,0.4810737573037514,0.6017444322127191,0.21017867728004064,0.3941908713692946,0.4930138030315861,0.3555762553984249,0.39148107375730373,0.5041070370056736,0.4872554831061055,0.46244389872131425,0.42078076043695484,0.5861630959437717,0.38496062325345076,0.11169447031924802,0.23947836395969174,0.5890422559065119,0.13701414175628757,0.28266576340079597,0.16428148022694553,0.26522144127360486,0.39512236429841646,0.4485561859598611,0.4046066559403844,0.4806503514268778,0.4496570412397324,0.4155305275637226,0.47404521974765,0.3900414937759336,0.36506054704039287,0.3404183250063511,0.22118723007875346,0.4123973240748582,0.07722923194173935,0.33550681683461764,0.46633923278855105,0.41028029469049027,0.5428063341519179,0.3058684054534677,0.4930138030315861,0.48590058430011,0.40773985942924884,0.374798882208485,0.45609281056821066,0.3687018375815056,0.1921415869252265,0.4690490304005419,0.4288254720975527,0.4030823947836396,0.522059446185113,0.5550004234058769,0.42806334151918024,0.3184859005843001,0.2839359810314167,0.5535608434245066,0.6489965280718096,0.4806503514268778,0.30739266661021253,0.21407401134727752,0.31281226183419425,0.09831484461004318,0.4373782708103988,0.3637056482343975,0.37259717164874245,0.4446608518926243
hhm18,0.7652865998316369,0.7652865998316369,0.5236090916048061,0.7652865998316369,0.5976888344685084,0.7652865998316369,0.6116170505854442,0.7652865998316369,0.7652865998316369,0.468431927756945,0.5699854595546032,0.7652865998316369,0.43659600520394887,0.7652865998316369,0.7652865998316369,0.7652865998316369,0.7652865998316369,0.43697864850386475,0.5727404913139971,0.6035050126272289,0.5023341241294865,0.7652865998316369,0.5816943445320273,0.5735823065738119,0.7652865998316369,0.7652865998316369,0.7652865998316369,0.7652865998316369,0.40024489171194616,0.34744011632356314,0.7652865998316369,0.6497283232570599,0.4635340935180225,0.44042243820310706,0.5433534858804622,0.6748297237315375,0.6904415703681028,0.5039412259891329,0.6368715083798884,0.6276115405219255,0.625086094742481,0.6406214127190633,0.7652865998316369,0.6834009336496518,0.5267467666641158,0.7652865998316369,0.7652865998316369,0.6820234177699549,0.559118389836994,0.6198056172036427,0.6164383561643836,0.44914670544118773,0.5966939618887273,0.5187877860258666,0.5865921787709497,0.7123287671232876,0.5381495370016072,0.6620494375143491,0.6415397566388613,0.6792683860105609,0.6110813499655621,0.5172572128262034,0.5901124971301752,0.5699854595546032,0.5575878166373307,0.4471569602816255,0.5288895691436444,0.5555215428177853,0.5400627535011862,0.7046759011249712,0.5433534858804622,0.6366419223999388,0.5994489936481212,0.629218642381572,0.5712099181143337,0.5210836458253616,0.7043697864850387,0.7006198821458636,0.5365424351419606,0.7652865998316369,0.5710568607943675,0.4770031376750593,0.6125353945052422,0.7652865998316369,0.5403688681411188,0.3048901813729242,0.468431927756945,0.4734828193158338,0.6018979107675825,0.6623555521542819,0.7181449452820081,0.44876406214127196,0.5650876253156807,0.5340935180224994,0.6093977194459326,0.29065585061605576,0.342695339404607,0.4947577867911533
hhm19,0.6581641076440482,0.44122502889219084,0.5557206537890045,0.6384348687469044,0.2776952286610533,0.6215948489351164,0.5967475648010566,0.6227505365692586,0.8254911672445104,0.23229321446260523,0.38344064718507515,0.5005778438170712,0.6471850751196963,0.4528644543503384,0.4184414726762424,0.8254911672445104,0.5914644213306918,0.38558692421991086,0.8254911672445104,0.5510979032524351,0.40870067690275713,0.8254911672445104,0.6552748885586923,0.8254911672445104,0.4939739144791151,0.6295195641406637,0.38847614330526664,0.5816410764404821,0.4169555885752022,0.156843321776457,0.5856034340432558,0.5776787188377084,0.5349182763744428,0.32466567607726593,0.6179626877992406,0.543751031863959,0.7034835727257718,0.3545484563315172,0.5056958890539871,0.4791150734687139,0.46821859006108635,0.6800396235760277,0.6262175994716856,0.7086841670794123,0.1429750701667492,0.6665841175499422,0.5948489351163943,0.5240217929668153,0.5648010566286941,0.4688789829948819,0.5727257718342413,0.3868251609707776,0.5251774806009576,0.4134885256727753,0.4323922734026746,0.4820042925540696,0.42867756315007427,0.6357107478949975,0.5831269605415222,0.5264157173518244,0.5671124318969787,0.4811788013868251,0.6432227175169225,0.22989929007759619,0.599389136536239,0.18557041439656596,0.8254911672445104,0.5152715865940234,0.17847119035826317,0.47135545649661553,0.5146937427769523,0.5652138022123163,0.6349678058444774,0.5704969456826812,0.6066534588079907,0.45435033845137857,0.6116889549281822,0.7227175169225689,0.4082053822024104,0.5233614000330197,0.4845633151725277,0.48126135050354957,0.5742116559352815,0.6221726927521876,0.395492818226845,0.3375433382862803,0.25301304276044245,0.4733366352980023,0.573221066534588,0.4498101370315338,0.4864619448571901,0.5828793131913488,0.33126960541522205,0.6530460624071323,0.45567112431896983,0.21008750206372792,0.2537559848109625,0.5180782565626548
A,0.5,0.45454545454545453,0.4090909090909091,0.4090909090909091,0.6818181818181818,0.4090909090909091,0.6363636363636364,0.4090909090909091,0.4090909090909091,0.3181818181818182,0.45454545454545453,0.5,0.45454545454545453,0.6818181818181818,0.5454545454545454,0.6818181818181818,0.6363636363636364,0.6363636363636364,0.5909090909090909,0.8181818181818182,0.5454545454545454,0.6818181818181818,0.5454545454545454,0.6363636363636364,0.5454545454545454,0.6818181818181818,0.5454545454545454,0.5454545454545454,0.5,0.5,0.5,0.6818181818181818,0.45454545454545453,0.45454545454545453,0.5909090909090909,0.45454545454545453,0.5454545454545454,0.5,0.5909090909090909,0.5,0.5454545454545454,0.7272727272727273,0.6363636363636364,0.5454545454545454,0.5,0.5454545454545454,0.5909090909090909,0.5909090909090909,0.5454545454545454,0.5909090909090909,0.5909090909090909,0.5454545454545454,0.5454545454545454,0.5909090909090909,0.5909090909090909,0.5454545454545454,0.6363636363636364,0.6818181818181818,0.5454545454545454,0.45454545454545453,0.5,0.5909090909090909,0.5454545454545454,0.5,0.5909090909090909,0.5,0.6818181818181818,0.5454545454545454,0.45454545454545453,0.5909090909090909,0.5454545454545454,0.5,0.5909090909090909,0.5909090909090909,0.9545454545454546,0.6818181818181818,0.6818181818181818,0.9545454545454546,0.5454545454545454,0.6818181818181818,0.7272727272727273,0.5,0.5,0.5454545454545454,0.4090909090909091,0.36363636363636365,0.36363636363636365,0.8181818181818182,0.5909090909090909,0.45454545454545453,0.6818181818181818,0.45454545454545453,0.5,0.8636363636363636,0.4090909090909091,0.4090909090909091,0.5454545454545454,0.4090909090909091
R,0.3333333333333333,0.5714285714285714,0.2857142857142857,0.2857142857142857,0.38095238095238093,0.2857142857142857,0.6190476190476191,0.42857142857142855,0.2857142857142857,0.23809523809523808,0.7619047619047619,0.6666666666666666,0.3333333333333333,0.5238095238095238,0.42857142857142855,0.42857142857142855,0.47619047619047616,0.6666666666666666,0.47619047619047616,0.5714285714285714,0.42857142857142855,0.47619047619047616,0.42857142857142855,0.6666666666666666,0.5238095238095238,0.42857142857142855,0.5238095238095238,0.6190476190476191,0.47619047619047616,0.3333333333333333,0.47619047619047616,0.5238095238095238,0.3333333333333333,0.38095238095238093,0.5238095238095238,0.42857142857142855,0.38095238095238093,0.38095238095238093,0.5238095238095238,0.5238095238095238,0.38095238095238093,0.5238095238095238,0.5714285714285714,0.6190476190476191,0.38095238095238093,0.47619047619047616,0.5714285714285714,0.38095238095238093,0.6190476190476191,0.47619047619047616,0.42857142857142855,0.5238095238095238,0.38095238095238093,0.5714285714285714,0.6190476190476191,0.47619047619047616,0.5238095238095238,0.5238095238095238,0.5714285714285714,0.42857142857142855,0.42857142857142855,0.6190476190476191,0.38095238095238093,0.42857142857142855,0.42857142857142855,0.42857142857142855,0.42857142857142855,0.7142857142857143,0.38095238095238093,0.8095238095238095,0.7619047619047619,0.47619047619047616,0.5238095238095238,0.42857142857142855,0.3333333333333333,0.5238095238095238,0.7142857142857143,0.3333333333333333,0.47619047619047616,0.5714285714285714,0.47619047619047616,0.3333333333333333,0.5238095238095238,0.42857142857142855,0.9523809523809523,0.2857142857142857,0.2857142857142857,0.38095238095238093,0.38095238095238093,0.8571428571428571,0.5238095238095238,0.2857142857142857,0.47619047619047616,0.3333333333333333,0.42857142857142855,0.2857142857142857,0.3333333333333333,0.2857142857142857
N,0.38095238095238093,0.5238095238095238,0.3333333333333333,0.23809523809523808,0.2857142857142857,0.23809523809523808,0.47619047619047616,0.9523809523809523,0.23809523809523808,0.23809523809523808,0.6190476190476191,0.9047619047619048,0.2857142857142857,0.47619047619047616,0.7142857142857143,0.5714285714285714,0.5714285714285714,0.6190476190476191,0.6666666666666666,0.5238095238095238,0.5238095238095238,0.6190476190476191,0.5714285714285714,0.5238095238095238,0.5238095238095238,0.42857142857142855,0.42857142857142855,0.6190476190476191,0.5238095238095238,0.42857142857142855,0.5714285714285714,0.6190476190476191,0.3333333333333333,0.42857142857142855,0.47619047619047616,0.5238095238095238,0.3333333333333333,0.3333333333333333,0.5238095238095238,0.42857142857142855,0.38095238095238093,0.5238095238095238,0.5714285714285714,0.6666666666666666,0.42857142857142855,0.42857142857142855,0.5238095238095238,0.38095238095238093,0.47619047619047616,0.6666666666666666,0.38095238095238093,0.8095238095238095,0.38095238095238093,0.38095238095238093,0.5714285714285714,0.9047619047619048,0.5714285714285714,0.6666666666666666,0.5714285714285714,0.47619047619047616,0.38095238095238093,0.5714285714285714,0.47619047619047616,0.9523809523809523,0.38095238095238093,0.42857142857142855,0.42857142857142855,0.5238095238095238,0.38095238095238093,0.5238095238095238,0.6190476190476191,0.42857142857142855,0.47619047619047616,0.5238095238095238,0.3333333333333333,0.47619047619047616,0.6190476190476191,0.3333333333333333,0.42857142857142855,0.6190476190476191,0.6666666666666666,0.3333333333333333,0.9523809523809523,0.8571428571428571,0.38095238095238093,0.23809523809523808,0.2857142857142857,0.8095238095238095,0.47619047619047616,0.42857142857142855,0.3333333333333333,0.2857142857142857,0.47619047619047616,0.3333333333333333,0.42857142857142855,0.2857142857142857,0.42857142857142855,0.2857142857142857
D,0.36363636363636365,0.45454545454545453,0.3181818181818182,0.2727272727272727,0.2727272727272727,0.2727272727272727,0.4090909090909091,0.4090909090909091,0.2727272727272727,0.22727272727272727,0.5,0.5,0.36363636363636365,0.7272727272727273,0.8181818181818182,0.7727272727272727,0.5454545454545454,0.5909090909090909,0.5,0.5454545454545454,0.6363636363636364,0.7272727272727273,0.8181818181818182,0.5909090909090909,0.5909090909090909,0.45454545454545453,0.5,0.6363636363636364,0.6363636363636364,0.4090909090909091,0.8636363636363636,0.7272727272727273,0.5,0.36363636363636365,0.5909090909090909,0.9090909090909091,0.36363636363636365,0.4090909090909091,0.5454545454545454,0.5454545454545454,0.4090909090909091,0.5454545454545454,0.5909090909090909,0.5,0.45454545454545453,0.5,0.5909090909090909,0.4090909090909091,0.6363636363636364,0.6363636363636364,0.4090909090909091,0.5454545454545454,0.4090909090909091,0.4090909090909091,0.8636363636363636,0.5909090909090909,0.5,0.5,0.8181818181818182,0.45454545454545453,0.4090909090909091,0.5909090909090909,0.5454545454545454,0.5454545454545454,0.4090909090909091,0.4090909090909091,0.5,0.5,0.36363636363636365,0.5,0.6363636363636364,0.5909090909090909,0.7272727272727273,0.8636363636363636,0.36363636363636365,0.5909090909090909,0.5454545454545454,0.36363636363636365,0.36363636363636365,0.6818181818181818,0.7727272727272727,0.3181818181818182,0.5454545454545454,0.5909090909090909,0.4090909090909091,0.22727272727272727,0.2727272727272727,0.6363636363636364,0.45454545454545453,0.4090909090909091,0.36363636363636365,0.3181818181818182,0.45454545454545453,0.4090909090909091,0.7272727272727273,0.2727272727272727,0.4090909090909091,0.36363636363636365
C,0.3333333333333333,0.6666666666666666,0.3333333333333333,0.4444444444444444,0.48148148148148145,0.5925925925925926,0.4444444444444444,0.2962962962962963,0.37037037037037035,0.2962962962962963,0.48148148148148145,0.48148148148148145,0.2962962962962963,0.4444444444444444,0.37037037037037035,0.4074074074074074,0.4444444444444444,0.5555555555555556,0.7777777777777778,0.4074074074074074,0.5185185185185185,0.4074074074074074,0.37037037037037035,0.4074074074074074,0.37037037037037035,0.48148148148148145,0.4074074074074074,0.4074074074074074,0.5925925925925926,0.6296296296296297,0.48148148148148145,0.48148148148148145,0.5925925925925926,0.48148148148148145,0.37037037037037035,0.37037037037037035,0.6296296296296297,0.5555555555555556,0.6296296296296297,0.37037037037037035,0.5925925925925926,0.5925925925925926,0.5185185185185185,0.4074074074074074,0.5185185185185185,0.48148148148148145,0.4074074074074074,0.6296296296296297,0.4444444444444444,0.4444444444444444,0.4444444444444444,0.48148148148148145,0.4444444444444444,0.9259259259259259,0.5925925925925926,0.4444444444444444,0.5185185185185185,0.5925925925925926,0.4444444444444444,0.37037037037037035,0.5925925925925926,0.48148148148148145,0.4074074074074074,0.4074074074074074,0.6666666666666666,0.6666666666666666,0.5925925925925926,0.4444444444444444,0.4074074074074074,0.5555555555555556,0.4074074074074074,0.4074074074074074,0.4444444444444444,0.4444444444444444,0.5925925925925926,0.5185185185185185,0.4074074074074074,0.7037037037037037,0.6296296296296297,0.4444444444444444,0.4074074074074074,0.5185185185185185,0.4444444444444444,0.3333333333333333,0.2962962962962963,0.4444444444444444,0.48148148148148145,0.5555555555555556,0.4074074074074074,0.4074074074074074,0.4074074074074074,0.4074074074074074,0.4074074074074074,0.8518518518518519,0.2962962962962963,0.37037037037037035,0.7037037037037037,0.2962962962962963
Q,0.2857142857142857,0.8571428571428571,0.2857142857142857,0.23809523809523808,0.2857142857142857,0.23809523809523808,0.6190476190476191,0.38095238095238093,0.2857142857142857,0.23809523809523808,0.7619047619047619,0.38095238095238093,0.3333333333333333,0.7619047619047619,0.5714285714285714,0.47619047619047616,0.5714285714285714,0.6190476190476191,0.6190476190476191,0.47619047619047616,0.42857142857142855,0.38095238095238093,0.5238095238095238,0.5238095238095238,0.6666666666666666,0.47619047619047616,0.9047619047619048,0.6666666666666666,0.6190476190476191,0.38095238095238093,0.42857142857142855,0.5238095238095238,0.2857142857142857,0.38095238095238093,0.6190476190476191,0.47619047619047616,0.3333333333333333,0.3333333333333333,0.5714285714285714,0.47619047619047616,0.38095238095238093,0.6190476190476191,0.5714285714285714,0.47619047619047616,0.38095238095238093,0.3333333333333333,0.5714285714285714,0.3333333333333333,0.5714285714285714,0.6190476190476191,0.38095238095238093,0.42857142857142855,0.3333333333333333,0.38095238095238093,0.47619047619047616,0.42857142857142855,0.47619047619047616,0.47619047619047616,0.47619047619047616,0.47619047619047616,0.38095238095238093,0.5714285714285714,0.38095238095238093,0.42857142857142855,0.38095238095238093,0.38095238095238093,0.42857142857142855,0.7142857142857143,0.3333333333333333,0.5238095238095238,0.5238095238095238,0.47619047619047616,0.5238095238095238,0.5714285714285714,0.3333333333333333,0.6666666666666666,0.5238095238095238,0.3333333333333333,0.38095238095238093,0.6190476190476191,0.47619047619047616,0.2857142857142857,0.5714285714285714,0.5238095238095238,0.38095238095238093,0.23809523809523808,0.23809523809523808,0.38095238095238093,0.38095238095238093,0.7619047619047619,0.6666666666666666,0.23809523809523808,0.5714285714285714,0.2857142857142857,0.5238095238095238,0.23809523809523808,0.3333333333333333,0.2857142857142857
E,0.35,0.45,0.3,0.25,0.3,0.3,0.5,0.35,0.3,0.25,0.55,0.4,0.35,0.65,0.55,0.55,0.65,0.6,0.55,0.7,0.5,0.55,0.75,0.75,0.9,0.55,0.65,0.85,0.6,0.35,0.8,0.8,0.45,0.45,0.9,0.8,0.5,0.4,0.7,0.95,0.45,0.7,0.7,0.6,0.45,0.55,0.85,0.4,0.85,0.85,0.4,0.5,0.4,0.4,0.7,0.5,0.55,0.6,0.65,0.45,0.4,0.5,0.4,0.45,0.45,0.45,0.45,0.6,0.35,0.6,0.7,0.95,0.9,0.7,0.4,0.85,0.55,0.4,0.4,0.65,0.7,0.3,0.5,0.5,0.6,0.25,0.3,0.5,0.5,0.5,0.4,0.3,0.5,0.35,0.95,0.3,0.4,0.35
G,0.4090909090909091,0.36363636363636365,0.36363636363636365,0.3181818181818182,0.5,0.3181818181818182,0.45454545454545453,0.5454545454545454,0.3181818181818182,0.2727272727272727,0.45454545454545453,0.6363636363636364,0.36363636363636365,0.5454545454545454,0.5,0.7727272727272727,0.5454545454545454,0.7272727272727273,0.5454545454545454,0.5454545454545454,0.45454545454545453,0.5909090909090909,0.5,0.5454545454545454,0.45454545454545453,0.5454545454545454,0.5,0.5,0.5,0.4090909090909091,0.5,0.5,0.4090909090909091,0.4090909090909091,0.45454545454545453,0.5,0.45454545454545453,0.4090909090909091,0.5,0.5909090909090909,0.45454545454545453,0.5454545454545454,0.6818181818181818,0.5,0.6363636363636364,0.9090909090909091,0.5,0.45454545454545453,0.6363636363636364,0.6363636363636364,0.45454545454545453,0.6363636363636364,0.45454545454545453,0.45454545454545453,0.5909090909090909,0.6363636363636364,0.5909090909090909,0.8636363636363636,0.5909090909090909,0.45454545454545453,0.45454545454545453,0.5454545454545454,0.9545454545454546,0.5909090909090909,0.5,0.45454545454545453,0.5909090909090909,0.5,0.4090909090909091,0.5454545454545454,0.5,0.5,0.5,0.5,0.5454545454545454,0.5454545454545454,0.5454545454545454,0.5454545454545454,0.4090909090909091,0.5,0.6363636363636364,0.36363636363636365,0.5,0.8181818181818182,0.36363636363636365,0.3181818181818182,0.3181818181818182,0.6818181818181818,0.9545454545454546,0.4090909090909091,0.4090909090909091,0.3181818181818182,0.4090909090909091,0.45454545454545453,0.45454545454545453,0.3181818181818182,0.45454545454545453,0.36363636363636365
H,0.25,0.4166666666666667,0.20833333333333334,0.20833333333333334,0.25,0.25,0.4166666666666667,0.7083333333333334,0.25,0.4583333333333333,0.6666666666666666,0.5416666666666666,0.25,0.5,0.6666666666666666,0.375,0.4166666666666667,0.625,0.4583333333333333,0.5833333333333334,0.4583333333333333,0.3333333333333333,0.375,0.5,0.4166666666666667,0.3333333333333333,0.4166666666666667,0.5,0.875,0.375,0.375,0.5,0.3333333333333333,0.4166666666666667,0.4583333333333333,0.4166666666666667,0.3333333333333333,0.625,0.4166666666666667,0.5416666666666666,0.3333333333333333,0.4583333333333333,0.4583333333333333,0.5833333333333334,0.625,0.3333333333333333,0.5,0.3333333333333333,0.4166666666666667,0.5833333333333334,0.375,0.625,0.3333333333333333,0.3333333333333333,0.4166666666666667,0.4583333333333333,0.5,0.4166666666666667,0.4583333333333333,0.9166666666666666,0.375,0.4166666666666667,0.3333333333333333,0.5,0.3333333333333333,0.5416666666666666,0.375,0.5833333333333334,0.4166666666666667,0.5416666666666666,0.5416666666666666,0.375,0.375,0.5833333333333334,0.2916666666666667,0.4583333333333333,0.4166666666666667,0.2916666666666667,0.5,0.4583333333333333,0.4166666666666667,0.25,0.5416666666666666,0.375,0.5,0.2916666666666667,0.4583333333333333,0.4166666666666667,0.2916666666666667,0.4166666666666667,0.2916666666666667,0.4583333333333333,0.8333333333333334,0.2916666666666667,0.3333333333333333,0.2916666666666667,0.2916666666666667,0.25
I,0.3333333333333333,0.375,0.5,0.875,0.625,0.7916666666666666,0.5,0.2916666666666667,0.75,0.375,0.5416666666666666,0.4166666666666667,0.4166666666666667,0.5,0.625,0.5,0.625,0.5416666666666666,0.5833333333333334,0.5,0.7083333333333334,0.4583333333333333,0.5,0.5416666666666666,0.4583333333333333,0.75,0.5,0.5416666666666666,0.5,0.5416666666666666,0.4583333333333333,0.5,0.5416666666666666,0.5416666666666666,0.4583333333333333,0.4166666666666667,0.75,0.5833333333333334,0.625,0.4583333333333333,0.625,0.5416666666666666,0.625,0.5,0.5833333333333334,0.4166666666666667,0.4583333333333333,0.8333333333333334,0.625,0.4583333333333333,0.6666666666666666,0.625,0.75,0.5,0.5,0.4583333333333333,0.6666666666666666,0.5,0.5416666666666666,0.4583333333333333,0.625,0.7083333333333334,0.4166666666666667,0.4583333333333333,0.7083333333333334,0.5,0.7083333333333334,0.5,0.5416666666666666,0.5,0.5,0.5,0.4166666666666667,0.4583333333333333,0.4583333333333333,0.5416666666666666,0.5,0.5,0.6666666666666666,0.625,0.5,0.6666666666666666,0.4583333333333333,0.375,0.3333333333333333,0.375,0.4583333333333333,0.4166666666666667,0.375,0.375,0.4583333333333333,0.875,0.7083333333333334,0.5416666666666666,0.3333333333333333,0.5416666666666666,0.375,0.3333333333333333
L,0.36363636363636365,0.4090909090909091,0.4090909090909091,0.8181818181818182,0.9090909090909091,0.9090909090909091,0.7272727272727273,0.3181818181818182,0.8181818181818182,0.45454545454545453,0.5909090909090909,0.4090909090909091,0.5454545454545454,0.5909090909090909,0.5909090909090909,0.5454545454545454,0.7727272727272727,0.5454545454545454,0.6818181818181818,0.5454545454545454,0.7727272727272727,0.45454545454545453,0.5,0.5909090909090909,0.5,0.7727272727272727,0.5454545454545454,0.5454545454545454,0.5,0.5909090909090909,0.5909090909090909,0.5909090909090909,0.6363636363636364,0.5909090909090909,0.5,0.5909090909090909,0.7272727272727273,0.6818181818181818,0.6363636363636364,0.45454545454545453,0.8636363636363636,0.5909090909090909,0.6818181818181818,0.5454545454545454,0.5909090909090909,0.5909090909090909,0.5,0.7272727272727273,0.5909090909090909,0.5454545454545454,0.8181818181818182,0.5909090909090909,0.6818181818181818,0.5454545454545454,0.5454545454545454,0.5,0.8181818181818182,0.5454545454545454,0.5909090909090909,0.6363636363636364,0.9090909090909091,0.7272727272727273,0.45454545454545453,0.6363636363636364,0.6363636363636364,0.5909090909090909,0.7272727272727273,0.5454545454545454,0.6363636363636364,0.5909090909090909,0.5454545454545454,0.6818181818181818,0.5,0.45454545454545453,0.45454545454545453,0.6363636363636364,0.6363636363636364,0.5,0.7727272727272727,0.6363636363636364,0.5909090909090909,0.9545454545454546,0.45454545454545453,0.4090909090909091,0.5454545454545454,0.5,0.5909090909090909,0.5454545454545454,0.4090909090909091,0.5,0.5909090909090909,0.7727272727272727,0.5454545454545454,0.5,0.36363636363636365,0.9090909090909091,0.5454545454545454,0.36363636363636365
K,0.36363636363636365,0.6363636363636364,0.4090909090909091,0.3181818181818182,0.3181818181818182,0.3181818181818182,0.7272727272727273,0.45454545454545453,0.3181818181818182,0.2727272727272727,0.5909090909090909,0.5,0.36363636363636365,0.6363636363636364,0.45454545454545453,0.5,0.5454545454545454,0.5909090909090909,0.5,0.6363636363636364,0.45454545454545453,0.5,0.5454545454545454,0.6363636363636364,0.6818181818181818,0.5,0.5454545454545454,0.5909090909090909,0.5,0.5,0.5,0.5454545454545454,0.36363636363636365,0.4090909090909091,0.5909090909090909,0.5,0.4090909090909091,0.36363636363636365,0.5454545454545454,0.5454545454545454,0.4090909090909091,0.5454545454545454,0.5909090909090909,0.8636363636363636,0.4090909090909091,0.45454545454545453,0.6363636363636364,0.4090909090909091,0.5909090909090909,0.5909090909090909,0.45454545454545453,0.6818181818181818,0.4090909090909091,0.45454545454545453,0.5909090909090909,0.5909090909090909,0.5454545454545454,0.5,0.5454545454545454,0.45454545454545453,0.45454545454545453,0.5454545454545454,0.45454545454545453,0.5,0.5,0.45454545454545453,0.45454545454545453,0.7727272727272727,0.4090909090909091,0.6818181818181818,0.5909090909090909,0.5,0.5454545454545454,0.45454545454545453,0.4090909090909091,0.5454545454545454,0.8181818181818182,0.4090909090909091,0.5,0.6363636363636364,0.5454545454545454,0.3181818181818182,0.5,0.5,0.5454545454545454,0.2727272727272727,0.3181818181818182,0.5,0.4090909090909091,0.7727272727272727,0.45454545454545453,0.3181818181818182,0.5,0.36363636363636365,0.5,0.3181818181818182,0.4090909090909091,0.36363636363636365
M,0.3076923076923077,0.34615384615384615,0.34615384615384615,0.5769230769230769,0.5769230769230769,0.6538461538461539,0.46153846153846156,0.2692307692307692,0.8461538461538461,0.3076923076923077,0.46153846153846156,0.34615384615384615,0.38461538461538464,0.46153846153846156,0.46153846153846156,0.4230769230769231,0.5384615384615384,0.46153846153846156,0.5,0.4230769230769231,0.6923076923076923,0.4230769230769231,0.38461538461538464,0.46153846153846156,0.4230769230769231,0.7307692307692307,0.46153846153846156,0.5384615384615384,0.38461538461538464,0.4230769230769231,0.38461538461538464,0.46153846153846156,0.4230769230769231,0.4230769230769231,0.38461538461538464,0.4230769230769231,0.5769230769230769,0.46153846153846156,0.5769230769230769,0.38461538461538464,0.7307692307692307,0.5,0.5,0.46153846153846156,0.5769230769230769,0.38461538461538464,0.4230769230769231,0.5384615384615384,0.46153846153846156,0.46153846153846156,0.7692307692307693,0.46153846153846156,0.5384615384615384,0.4230769230769231,0.4230769230769231,0.4230769230769231,0.5384615384615384,0.4230769230769231,0.4230769230769231,0.4230769230769231,0.7307692307692307,0.5769230769230769,0.38461538461538464,0.38461538461538464,0.6153846153846154,0.4230769230769231,0.5,0.5,0.46153846153846156,0.5,0.46153846153846156,0.4230769230769231,0.38461538461538464,0.46153846153846156,0.46153846153846156,0.5384615384615384,0.46153846153846156,0.38461538461538464,0.6153846153846154,0.5384615384615384,0.5,0.6153846153846154,0.38461538461538464,0.34615384615384615,0.34615384615384615,0.46153846153846156,0.38461538461538464,0.4230769230769231,0.46153846153846156,0.4230769230769231,0.46153846153846156,0.5384615384615384,0.5,0.46153846153846156,0.3076923076923077,0.5,0.34615384615384615,0.3076923076923077
F,0.2608695652173913,0.34782608695652173,0.2608695652173913,0.43478260869565216,0.43478260869565216,0.5652173913043478,0.43478260869565216,0.21739130434782608,0.6086956521739131,0.5652173913043478,0.391304347826087,0.34782608695652173,0.5652173913043478,0.34782608695652173,0.4782608695652174,0.391304347826087,0.4782608695652174,0.43478260869565216,0.43478260869565216,0.34782608695652173,0.5217391304347826,0.34782608695652173,0.43478260869565216,0.391304347826087,0.391304347826087,0.4782608695652174,0.391304347826087,0.391304347826087,0.4782608695652174,0.8695652173913043,0.4782608695652174,0.43478260869565216,0.9565217391304348,0.8260869565217391,0.4782608695652174,0.43478260869565216,0.6086956521739131,0.8695652173913043,0.5652173913043478,0.6086956521739131,0.6956521739130435,0.5217391304347826,0.4782608695652174,0.391304347826087,0.7391304347826086,0.6086956521739131,0.391304347826087,0.4782608695652174,0.391304347826087,0.391304347826087,0.6956521739130435,0.43478260869565216,0.4782608695652174,0.391304347826087,0.391304347826087,0.391304347826087,0.5652173913043478,0.43478260869565216,0.5652173913043478,0.43478260869565216,0.5217391304347826,0.5217391304347826,0.34782608695652173,0.391304347826087,0.4782608695652174,0.6086956521739131,0.5217391304347826,0.43478260869565216,0.9130434782608695,0.4782608695652174,0.5217391304347826,0.391304347826087,0.34782608695652173,0.391304347826087,0.34782608695652173,0.43478260869565216,0.391304347826087,0.30434782608695654,0.6086956521739131,0.43478260869565216,0.43478260869565216,0.6956521739130435,0.391304347826087,0.30434782608695654,0.2608695652173913,0.7391304347826086,0.8695652173913043,0.391304347826087,0.34782608695652173,0.34782608695652173,0.2608695652173913,0.43478260869565216,0.5652173913043478,0.391304347826087,0.2608695652173913,0.8260869565217391,0.43478260869565216,0.21739130434782608
P,0.34782608695652173,0.7391304347826086,0.34782608695652173,0.34782608695652173,0.34782608695652173,0.34782608695652173,0.7391304347826086,0.30434782608695654,0.30434782608695654,0.2608695652173913,0.5652173913043478,0.5217391304347826,0.9565217391304348,0.6521739130434783,0.4782608695652174,0.6086956521739131,0.7391304347826086,0.6521739130434783,0.5652173913043478,0.6956521739130435,0.43478260869565216,0.5217391304347826,0.782608695652174,0.6086956521739131,0.43478260869565216,0.4782608695652174,0.43478260869565216,0.4782608695652174,0.43478260869565216,0.391304347826087,0.4782608695652174,0.4782608695652174,0.391304347826087,0.43478260869565216,0.4782608695652174,0.43478260869565216,0.43478260869565216,0.391304347826087,0.6086956521739131,0.43478260869565216,0.43478260869565216,0.5217391304347826,0.6521739130434783,0.4782608695652174,0.43478260869565216,0.43478260869565216,0.6086956521739131,0.6086956521739131,0.4782608695652174,0.4782608695652174,0.43478260869565216,0.4782608695652174,0.43478260869565216,0.6521739130434783,0.5217391304347826,0.4782608695652174,0.5217391304347826,0.5217391304347826,0.6521739130434783,0.6086956521739131,0.43478260869565216,0.4782608695652174,0.43478260869565216,0.43478260869565216,0.4782608695652174,0.43478260869565216,0.4782608695652174,0.6086956521739131,0.391304347826087,0.5217391304347826,0.4782608695652174,0.5217391304347826,0.4782608695652174,0.5217391304347826,0.43478260869565216,0.4782608695652174,0.4782608695652174,0.43478260869565216,0.4782608695652174,0.5217391304347826,0.5217391304347826,0.34782608695652173,0.391304347826087,0.391304347826087,0.43478260869565216,0.30434782608695654,0.30434782608695654,0.43478260869565216,0.391304347826087,0.5652173913043478,0.9130434782608695,0.34782608695652173,0.391304347826087,0.5652173913043478,0.391304347826087,0.5652173913043478,0.391304347826087,1.0
S,1.0,0.5238095238095238,0.47619047619047616,0.3333333333333333,0.38095238095238093,0.3333333333333333,0.6666666666666666,0.5238095238095238,0.38095238095238093,0.47619047619047616,0.5238095238095238,0.5714285714285714,0.47619047619047616,0.5714285714285714,0.5714285714285714,0.6190476190476191,0.6666666666666666,0.5714285714285714,0.6666666666666666,0.6190476190476191,0.47619047619047616,0.8095238095238095,0.6190476190476191,0.6190476190476191,0.6190476190476191,0.5238095238095238,0.5238095238095238,0.5238095238095238,0.5714285714285714,0.47619047619047616,0.5238095238095238,0.6190476190476191,0.42857142857142855,0.5714285714285714,0.5238095238095238,0.47619047619047616,0.42857142857142855,0.42857142857142855,0.6190476190476191,0.47619047619047616,0.47619047619047616,0.7142857142857143,0.6190476190476191,0.5714285714285714,0.47619047619047616,0.5238095238095238,0.6666666666666666,0.47619047619047616,0.5714285714285714,0.6190476190476191,0.47619047619047616,0.5714285714285714,0.5714285714285714,0.5714285714285714,0.6190476190476191,0.6666666666666666,0.5714285714285714,0.6666666666666666,0.5714285714285714,0.47619047619047616,0.5714285714285714,0.5714285714285714,0.6190476190476191,0.6190476190476191,0.47619047619047616,0.5714285714285714,0.5714285714285714,0.5714285714285714,0.42857142857142855,0.6190476190476191,0.6666666666666666,0.5238095238095238,0.5714285714285714,0.7142857142857143,0.5238095238095238,0.5714285714285714,0.5714285714285714,0.5238095238095238,0.47619047619047616,0.6190476190476191,0.6666666666666666,0.38095238095238093,0.6190476190476191,0.6190476190476191,0.42857142857142855,0.42857142857142855,0.3333333333333333,0.6190476190476191,0.5238095238095238,0.47619047619047616,0.47619047619047616,0.5238095238095238,0.5238095238095238,0.5714285714285714,0.47619047619047616,0.38095238095238093,0.9523809523809523,0.38095238095238093
T,0.4782608695652174,0.4782608695652174,0.9565217391304348,0.4782608695652174,0.43478260869565216,0.43478260869565216,0.5652173913043478,0.391304347826087,0.43478260869565216,0.30434782608695654,0.5217391304347826,0.4782608695652174,0.391304347826087,0.4782608695652174,0.5652173913043478,0.6086956521739131,0.6086956521739131,0.5652173913043478,0.6521739130434783,0.6086956521739131,0.5217391304347826,0.6956521739130435,0.5217391304347826,0.5652173913043478,0.5217391304347826,0.5652173913043478,0.4782608695652174,0.5217391304347826,0.4782608695652174,0.43478260869565216,0.4782608695652174,0.5652173913043478,0.43478260869565216,0.4782608695652174,0.5217391304347826,0.4782608695652174,0.5217391304347826,0.43478260869565216,0.7391304347826086,0.4782608695652174,0.4782608695652174,0.5652173913043478,0.6086956521739131,0.5217391304347826,0.4782608695652174,0.43478260869565216,0.5652173913043478,0.5652173913043478,0.5217391304347826,0.5652173913043478,0.6086956521739131,0.5652173913043478,0.5652173913043478,0.5217391304347826,0.5217391304347826,0.5217391304347826,0.5652173913043478,0.5652173913043478,0.5652173913043478,0.43478260869565216,0.5217391304347826,0.5652173913043478,0.4782608695652174,0.5652173913043478,0.5652173913043478,0.4782608695652174,0.5652173913043478,0.5217391304347826,0.43478260869565216,0.5652173913043478,0.6086956521739131,0.4782608695652174,0.5217391304347826,0.4782608695652174,0.5217391304347826,0.5217391304347826,0.5652173913043478,0.5652173913043478,0.5217391304347826,0.6086956521739131,0.5652173913043478,0.43478260869565216,0.6086956521739131,0.6086956521739131,0.391304347826087,0.34782608695652173,0.391304347826087,0.4782608695652174,0.43478260869565216,0.43478260869565216,0.43478260869565216,0.4782608695652174,0.6086956521739131,0.5217391304347826,0.391304347826087,0.43478260869565216,0.6086956521739131,0.391304347826087
W,0.2222222222222222,0.2962962962962963,0.25925925925925924,0.2962962962962963,0.3333333333333333,0.3333333333333333,0.48148148148148145,0.2222222222222222,0.3333333333333333,0.4074074074074074,0.4444444444444444,0.2962962962962963,0.25925925925925924,0.3333333333333333,0.3333333333333333,0.3333333333333333,0.4074074074074074,0.37037037037037035,0.37037037037037035,0.3333333333333333,0.4074074074074074,0.3333333333333333,0.3333333333333333,0.4074074074074074,0.3333333333333333,0.37037037037037035,0.37037037037037035,0.3333333333333333,0.4444444444444444,0.4444444444444444,0.3333333333333333,0.37037037037037035,0.4444444444444444,0.48148148148148145,0.5185185185185185,0.3333333333333333,0.5925925925925926,0.6666666666666666,0.4444444444444444,0.3333333333333333,0.4074074074074074,0.6666666666666666,0.4444444444444444,0.37037037037037035,0.48148148148148145,0.37037037037037035,0.37037037037037035,0.37037037037037035,0.37037037037037035,0.37037037037037035,0.6666666666666666,0.37037037037037035,0.37037037037037035,0.37037037037037035,0.37037037037037035,0.37037037037037035,0.4444444444444444,0.4074074074074074,0.4074074074074074,0.6296296296296297,0.4074074074074074,0.4074074074074074,0.37037037037037035,0.3333333333333333,0.37037037037037035,0.5185185185185185,0.4074074074074074,0.4074074074074074,0.5555555555555556,0.5555555555555556,0.5555555555555556,0.3333333333333333,0.4074074074074074,0.3333333333333333,0.2962962962962963,0.37037037037037035,0.4444444444444444,0.2962962962962963,0.37037037037037035,0.5185185185185185,0.3333333333333333,0.48148148148148145,0.2962962962962963,0.2962962962962963,0.48148148148148145,0.9259259259259259,0.4444444444444444,0.2962962962962963,0.2962962962962963,0.4444444444444444,0.25925925925925924,0.2962962962962963,0.5185185185185185,0.2962962962962963,0.25925925925925924,0.4074074074074074,0.2962962962962963,0.2222222222222222
Y,0.2727272727272727,0.4090909090909091,0.2727272727272727,0.3181818181818182,0.3181818181818182,0.36363636363636365,0.5,0.2727272727272727,0.36363636363636365,1.0,0.45454545454545453,0.5,0.2727272727272727,0.4090909090909091,0.5454545454545454,0.36363636363636365,0.45454545454545453,0.45454545454545453,0.4090909090909091,0.36363636363636365,0.6363636363636364,0.4090909090909091,0.36363636363636365,0.45454545454545453,0.36363636363636365,0.4090909090909091,0.5909090909090909,0.4090909090909091,0.5909090909090909,0.8181818181818182,0.36363636363636365,0.4090909090909091,0.5454545454545454,0.9090909090909091,0.4090909090909091,0.4090909090909091,0.45454545454545453,0.7272727272727273,0.45454545454545453,0.4090909090909091,0.45454545454545453,0.5,0.5,0.4090909090909091,0.8636363636363636,0.36363636363636365,0.4090909090909091,0.5454545454545454,0.45454545454545453,0.45454545454545453,0.5,0.5,0.4090909090909091,0.45454545454545453,0.4090909090909091,0.4090909090909091,0.5,0.4090909090909091,0.5454545454545454,0.5909090909090909,0.5909090909090909,0.45454545454545453,0.3181818181818182,0.4090909090909091,0.4090909090909091,0.9090909090909091,0.45454545454545453,0.5,0.7727272727272727,0.5,0.6363636363636364,0.4090909090909091,0.36363636363636365,0.45454545454545453,0.3181818181818182,0.4090909090909091,0.4090909090909091,0.3181818181818182,0.6363636363636364,0.4090909090909091,0.4090909090909091,0.4090909090909091,0.5,0.3181818181818182,0.3181818181818182,0.7727272727272727,0.9090909090909091,0.3181818181818182,0.4090909090909091,0.36363636363636365,0.2727272727272727,0.36363636363636365,0.7727272727272727,0.3181818181818182,0.2727272727272727,0.6818181818181818,0.3181818181818182,0.22727272727272727
V,0.391304347826087,0.4782608695652174,0.5652173913043478,0.782608695652174,0.7391304347826086,0.6956521739130435,0.5217391304347826,0.30434782608695654,0.6521739130434783,0.391304347826087,0.5217391304347826,0.391304347826087,0.43478260869565216,0.5217391304347826,0.6086956521739131,0.5652173913043478,0.6086956521739131,0.5652173913043478,0.6086956521739131,0.5652173913043478,0.782608695652174,0.4782608695652174,0.4782608695652174,0.7391304347826086,0.4782608695652174,0.7391304347826086,0.5217391304347826,0.5217391304347826,0.4782608695652174,0.5217391304347826,0.4782608695652174,0.5652173913043478,0.5652173913043478,0.5217391304347826,0.4782608695652174,0.43478260869565216,0.8695652173913043,0.6086956521739131,0.6521739130434783,0.43478260869565216,0.6521739130434783,0.6086956521739131,0.6086956521739131,0.5217391304347826,0.5652173913043478,0.4782608695652174,0.4782608695652174,0.782608695652174,0.6521739130434783,0.5217391304347826,0.6521739130434783,0.6956521739130435,0.9130434782608695,0.5652173913043478,0.5217391304347826,0.4782608695652174,0.6521739130434783,0.5217391304347826,0.6086956521739131,0.4782608695652174,0.6521739130434783,0.782608695652174,0.43478260869565216,0.4782608695652174,0.9130434782608695,0.5217391304347826,0.8260869565217391,0.5217391304347826,0.5652173913043478,0.6086956521739131,0.5217391304347826,0.4782608695652174,0.5217391304347826,0.4782608695652174,0.6086956521739131,0.6086956521739131,0.5652173913043478,0.5652173913043478,0.8695652173913043,0.5652173913043478,0.5652173913043478,0.6086956521739131,0.43478260869565216,0.391304347826087,0.391304347826087,0.5217391304347826,0.43478260869565216,0.4782608695652174,0.43478260869565216,0.43478260869565216,0.4782608695652174,0.782608695652174,0.6086956521739131,0.7391304347826086,0.391304347826087,0.5217391304347826,0.43478260869565216,0.391304347826087
