,G,P,I,P.1,E,V,L,K,N,Y,M,D,A,Q,Y.1,Y.2,G.1,E.1,I.1,G.2,I.2,G.3,T,P.2,P.3,Q.1,C,F,T.1,V.1,V.2,F.1,D.1,T.2,G.4,S,S.1,N.1,L.1,W,V.3,P.4,S.2,I.3,H,C.1,K.1,L.2,L.3,D.2,I.4,A.1,C.2,W.1,I.5,H.1,H.2,K.2,Y.3,N.2,S.3,D.3,K.3,S.4,S.5,T.3,Y.4,V.4,K.4,N.3,G.5,T.4,S.6,F.2,D.4,I.6,H.3,Y.5,G.6,S.7,G.7,S.8,L.4,S.9,G.8,Y.6,L.5,S.10,Q.2,D.5,T.5,V.5,S.11,V.6,P.5,C.3,Q.3
ASA,0.2805128205128205,0.5241025641025642,0.4753846153846154,0.3153846153846154,0.47692307692307695,0.378974358974359,0.1317948717948718,0.5620512820512821,0.2687179487179487,0.4825641025641026,0.39487179487179486,0.478974358974359,0.11487179487179486,0.3502564102564103,0.12512820512820513,0.39538461538461545,0.03948717948717949,0.39487179487179486,0.022564102564102566,0.0887179487179487,0.12512820512820513,0.12974358974358974,0.37948717948717947,0.37076923076923085,0.34666666666666673,0.10974358974358973,0.31333333333333335,0.04358974358974359,0.21435897435897436,0.01641025641025641,0.13076923076923078,0.02923076923076923,0.17846153846153845,0.07487179487179486,0.21897435897435896,0.15948717948717947,0.2374358974358974,0.18205128205128204,0.038461538461538464,0.057948717948717955,0.018974358974358972,0.08358974358974358,0.06205128205128205,0.4282051282051282,0.5897435897435898,0.09589743589743589,0.6476923076923078,0.4041025641025642,0.2969230769230769,0.38051282051282054,0.25384615384615383,0.15333333333333332,0.15948717948717947,0.6948717948717948,0.5128205128205128,0.41948717948717956,0.48307692307692307,0.45333333333333337,0.1282051282051282,0.32666666666666666,0.10666666666666665,0.5548717948717948,0.6497435897435898,0.04307692307692308,0.37538461538461537,0.33282051282051284,0.11846153846153845,0.36923076923076925,0.5743589743589743,0.22717948717948716,0.2907692307692307,0.25846153846153846,0.34461538461538466,0.10974358974358973,0.3769230769230769,0.059487179487179485,0.4307692307692308,0.18769230769230769,0.15128205128205127,0.3584615384615385,0.14307692307692307,0.23179487179487177,0.08,0.22,0.05128205128205128,0.43846153846153846,0.21128205128205127,0.05641025641025641,0.36820512820512824,0.04666666666666666,0.28,0.026153846153846156,0.21743589743589742,0.07128205128205128,0.2676923076923077,0.3625641025641026,0.7497435897435898
HSE_alpha_up,0.04838709677419355,0.13548387096774195,0.267741935483871,0.4032258064516129,0.3064516129032258,0.32903225806451614,0.6806451612903226,0.18387096774193548,0.503225806451613,0.3806451612903226,0.3451612903225807,0.20967741935483872,0.5483870967741935,0.3451612903225807,0.6903225806451614,0.3548387096774194,0.5903225806451613,0.31612903225806455,0.8387096774193549,0.32903225806451614,0.6870967741935484,0.3032258064516129,0.24516129032258063,0.20967741935483872,0.37419354838709684,0.6774193548387096,0.22903225806451613,0.7741935483870968,0.3419354838709678,0.8451612903225806,0.44193548387096776,0.8225806451612904,0.39032258064516134,0.7419354838709677,0.23225806451612904,0.4612903225806452,0.44516129032258067,0.535483870967742,0.7838709677419355,0.7419354838709677,0.8193548387096775,0.6161290322580646,0.7129032258064517,0.3387096774193548,0.16451612903225804,0.6935483870967742,0.16451612903225804,0.3451612903225807,0.46774193548387094,0.31612903225806455,0.4967741935483871,0.43548387096774194,0.4967741935483871,0.3064516129032258,0.17096774193548386,0.35161290322580646,0.40645161290322585,0.3032258064516129,0.7290322580645162,0.24838709677419354,0.6935483870967742,0.08387096774193548,0.1064516129032258,0.7838709677419355,0.16129032258064516,0.267741935483871,0.7516129032258064,0.23548387096774193,0.2870967741935484,0.4645161290322581,0.06774193548387096,0.3064516129032258,0.15161290322580645,0.7064516129032259,0.20645161290322578,0.7774193548387097,0.20645161290322578,0.6516129032258065,0.33548387096774196,0.2129032258064516,0.23225806451612904,0.31935483870967746,0.7451612903225807,0.2161290322580645,0.3870967741935484,0.3451612903225807,0.567741935483871,0.6064516129032258,0.3096774193548388,0.7354838709677419,0.2612903225806452,0.8193548387096775,0.23548387096774193,0.7258064516129032,0.3806451612903226,0.3387096774193548,0.1193548387096774
HSE_alpha_down,0.21498371335504887,0.34201954397394135,0.3127035830618893,0.3355048859934854,0.4234527687296417,0.4918566775244299,0.3192182410423453,0.6416938110749185,0.4006514657980456,0.4299674267100977,0.39087947882736157,0.5374592833876222,0.35504885993485336,0.6644951140065146,0.495114006514658,0.755700325732899,0.5863192182410424,0.755700325732899,0.47557003257328984,0.7947882736156352,0.5342019543973942,0.5602605863192183,0.5928338762214984,0.6221498371335504,0.5276872964169381,0.40716612377850164,0.762214983713355,0.4429967426710097,0.7947882736156352,0.5342019543973942,0.8208469055374593,0.5928338762214984,0.745928338762215,0.47557003257328984,0.6482084690553745,0.52442996742671,0.6384364820846905,0.7003257328990228,0.7068403908794788,0.8208469055374593,0.755700325732899,0.755700325732899,0.5081433224755699,0.6058631921824104,0.5863192182410424,0.19218241042345274,0.5928338762214984,0.46905537459283386,0.4136807817589576,0.5374592833876222,0.48859934853420195,0.5309446254071661,0.45602605863192186,0.4657980456026059,0.4788273615635179,0.37133550488599343,0.49837133550488605,0.6026058631921825,0.4136807817589576,0.7035830618892508,0.29967426710097717,0.5211726384364821,0.5439739413680782,0.15309446254071662,0.5993485342019543,0.5407166123778501,0.24755700325732902,0.5993485342019543,0.5146579804560261,0.3192182410423453,0.5081433224755699,0.3322475570032573,0.6221498371335504,0.3452768729641694,0.739413680781759,0.4104234527687297,0.7654723127035831,0.4169381107491857,0.52442996742671,0.5407166123778501,0.5211726384364821,0.6482084690553745,0.4234527687296417,0.7947882736156352,0.5602605863192183,0.7133550488599348,0.6058631921824104,0.5798045602605864,0.742671009771987,0.45602605863192186,0.7915309446254072,0.42019543973941365,0.7915309446254072,0.44951140065146583,0.5211726384364821,0.34201954397394135,0.24104234527687296
P(C),0.997,0.99,0.977,0.977,0.8190000000000001,0.767,0.784,0.595,0.6409999999999999,0.767,0.877,0.912,0.708,0.23600000000000002,0.083,0.044000000000000004,0.052000000000000005,0.048,0.040999999999999995,0.07,0.228,0.815,0.9390000000000001,0.987,0.976,0.248,0.094,0.035,0.022000000000000002,0.005,0.003,0.012,0.243,0.932,0.986,0.963,0.987,0.902,0.09,0.02,0.034,0.134,0.7390000000000001,0.927,0.909,0.898,0.81,0.795,0.752,0.7809999999999999,0.596,0.569,0.62,0.644,0.736,0.848,0.857,0.69,0.7120000000000001,0.914,0.46299999999999997,0.452,0.45399999999999996,0.9490000000000001,0.95,0.8009999999999999,0.42,0.065,0.076,0.813,0.985,0.677,0.13699999999999998,0.021,0.011000000000000001,0.013000000000000001,0.027999999999999997,0.18899999999999997,0.731,0.8029999999999999,0.507,0.218,0.055,0.043,0.042,0.01,0.012,0.022000000000000002,0.036000000000000004,0.05,0.026000000000000002,0.025,0.048,0.36700000000000005,0.835,0.95,0.995
P(H),0.0,0.002,0.001,0.009000000000000001,0.021,0.021,0.018000000000000002,0.033,0.057999999999999996,0.14,0.09699999999999999,0.054000000000000006,0.013000000000000001,0.004,0.001,0.0,0.0,0.0,0.0,0.0,0.001,0.001,0.0,0.0,0.001,0.002,0.0,0.0,0.0,0.0,0.0,0.0,0.0,0.002,0.001,0.001,0.004,0.006999999999999999,0.0,0.0,0.0,0.0,0.011000000000000001,0.048,0.064,0.078,0.159,0.17300000000000001,0.21,0.18899999999999997,0.327,0.34299999999999997,0.306,0.29100000000000004,0.21899999999999997,0.124,0.08199999999999999,0.036000000000000004,0.013999999999999999,0.004,0.531,0.544,0.5429999999999999,0.019,0.015,0.005,0.002,0.0,0.0,0.003,0.0,0.001,0.0,0.0,0.0,0.0,0.0,0.004,0.017,0.01,0.01,0.002,0.0,0.0,0.0,0.0,0.0,0.0,0.0,0.0,0.0,0.0,0.0,0.002,0.01,0.006,0.002
P(E),0.003,0.008,0.023,0.013999999999999999,0.16,0.212,0.198,0.37200000000000005,0.301,0.09300000000000001,0.026000000000000002,0.034,0.27899999999999997,0.76,0.9159999999999999,0.955,0.948,0.951,0.958,0.93,0.7709999999999999,0.183,0.061,0.012,0.023,0.75,0.9059999999999999,0.965,0.978,0.995,0.997,0.988,0.757,0.065,0.013000000000000001,0.035,0.01,0.091,0.91,0.98,0.966,0.866,0.25,0.025,0.027000000000000003,0.024,0.031,0.032,0.038,0.03,0.077,0.08800000000000001,0.075,0.065,0.045,0.027999999999999997,0.06,0.27399999999999997,0.27399999999999997,0.081,0.006,0.004,0.004,0.032,0.035,0.19399999999999998,0.5770000000000001,0.935,0.924,0.184,0.015,0.322,0.863,0.9790000000000001,0.9890000000000001,0.987,0.972,0.8079999999999999,0.252,0.188,0.483,0.78,0.945,0.9570000000000001,0.958,0.99,0.988,0.977,0.9640000000000001,0.95,0.9740000000000001,0.975,0.9520000000000001,0.632,0.155,0.044000000000000004,0.003
cosPhi,0.09600535049970935,0.649522374684333,0.44166597684047004,0.6677278188883152,0.37988713596258467,0.5721798434581925,0.5261695809240456,0.2722283756374541,0.4642526920267928,0.5548688457709675,0.48778539680145455,0.787505024896691,0.46512317997272834,0.34632274605843844,0.16478719249058468,0.18601903782114906,0.00869362821047144,0.45468509494970794,0.27300558175194123,0.15645672119173182,0.3943388029957729,0.25227143424574977,0.34134871160403585,0.5261695809240456,0.6545104909384191,0.19909309489560864,0.3672230598808696,0.12552252196857833,0.37819364614954565,0.2553095518421564,0.32817115237267375,0.33309758505535314,0.3765016405270468,0.558337069339914,0.6141773059444905,0.24248170118572446,0.557470273396272,0.3554851843964611,0.24548003989901868,0.303832367223597,0.25227143424574977,0.6218094000308383,0.48342388339760184,0.6082216597162966,0.48778539680145455,0.5043648041306795,0.5122176493789296,0.46512317997272834,0.3824301083962509,0.4425327727841121,0.3790402068214917,0.5069826345254247,0.48778539680145455,0.6693709991412417,0.5392311904543937,0.38327848560389527,0.9581842835743976,0.26835279988861416,0.41145888321436924,0.4503414969454358,0.7033704641246838,0.6636109709621165,0.4816796129252406,0.5971189945366133,0.557470273396272,0.44426688720979185,0.39092957014008944,0.300626381296773,0.6693709991412417,0.41403671108696083,0.5496615492349483,0.38497630410964145,0.5461869575022086,0.1209332002843942,0.2815999636178211,0.2575959745582459,0.24623156858313716,0.21036005462138052,0.414896514262757,0.40974167551797247,0.20823002862623768,0.22621907735574173,0.1596400518114541,0.13972486978569573,0.011292087254581914,0.20469778973452957,0.3314533804521691,0.0879371735606693,0.22040421965359194,0.12207363727336676,0.3143170396883666,0.2032911759578554,0.25454889859192925,0.2950393818196533,0.639497501038424,0.48342388339760184,0.4633823129779964
cosPsi,0.0005550625190149927,0.11307989513674693,0.21607812747344946,0.09042397785550405,0.1539284130647965,0.1558227121531231,0.15204360170384285,0.1266809088573042,0.2606540710296966,0.9869879836395258,0.9998713046613492,0.9347474647526095,0.07971669825215788,0.13731281449385618,0.08257606836829678,0.09703585887574218,0.0032140721617062162,0.1615620151586697,0.1680368936738792,0.0364080727166064,0.17527597583490823,0.015277325052430457,0.07924460902734687,0.08161784327051919,0.1049224938121549,0.09344961947648622,0.16934406733817403,0.06100851228600973,0.18533980447508136,0.1609201650659648,0.22621838825372492,0.20048820074220713,0.3546489032008737,0.9784067920288038,0.9972609476841365,0.059348273967503806,0.9973514085585871,0.19011048410242992,0.1097847963308351,0.1615620151586697,0.19354647317351187,0.13372855060631067,0.14644660940672627,0.9741618276030997,0.9999992384566438,0.1489234735024188,0.9334483744678014,0.38922575119026637,0.16934406733817403,0.36385987647971285,0.20118742651223942,0.2061073738537635,0.2974292066100688,0.9462929092260628,0.9752578658138917,0.7752403700424978,0.8233948897552297,0.10815327133708014,0.13254270242502003,0.42264480685026595,0.9385730818527944,0.96391812694946,0.9985925667625578,0.11474337861210532,0.9763307406267931,0.998900734146025,0.09549150281252633,0.14768289501820264,0.1609201650659648,0.9998507448905916,0.9945079316809584,0.0849938574523163,0.1097847963308351,0.06100851228600973,0.16673376487527364,0.1634937432451133,0.14460026306350376,0.12321830384918103,0.035433714232971814,0.9931428007686157,0.0077484100127815925,0.08353937964495028,0.09243610213572295,0.06962898649802812,7.615242180442072e-05,0.09142755083243564,0.1583631131596005,0.03258716180199278,0.12379254555213776,0.05730318712279203,0.17994515025752217,0.12379254555213776,0.1415446961747585,0.19770044256881258,0.15267081477050132,0.43906532829742634,0.4148952504169837
cosTheta,0.2749136839632729,0.5845949753895969,0.4730489897723562,0.5214151541315819,0.41302460754775755,0.509641979357046,0.4681090763360572,0.3520555171699238,0.5129995459545956,0.7184794572263012,0.7202701260601071,0.7742507770936462,0.37209916575593127,0.37832383387602486,0.2110905674698525,0.2466277941250283,0.06186396896242713,0.4468481811726924,0.3398660392704277,0.18474593169374104,0.4178157731920731,0.28210963022643654,0.37209916575593127,0.41143064422930514,0.49126618045370296,0.24384387385761624,0.416217176891701,0.1481491135290557,0.43227161075371034,0.3217952007332334,0.4371172298010969,0.40189966886449263,0.5434367527222953,0.7706378591289966,0.8231829015773611,0.2508190843563691,0.7688320871512729,0.42101756470162316,0.28355468098139835,0.36127062148803085,0.355120328788274,0.4995995598982075,0.4468481811726924,0.7814819549529968,0.7490005168084555,0.44847509680712117,0.6368655805449582,0.5536669147950974,0.45010345364229426,0.5485467201255698,0.4664651946246928,0.5383371526776111,0.551959055534927,0.7796735065115366,0.7382096430903309,0.5776922518485966,0.700607697600674,0.31731829200591355,0.3845749801938092,0.6001856428304446,0.8832745835938351,0.8850985347690807,0.8159172805945597,0.41143064422930514,0.8268175328582282,0.7292325600595816,0.3128579497890072,0.36281247348707146,0.5434367527222953,0.7220614081598619,0.8122863794219237,0.30989365233319494,0.4403550296935927,0.1481491135290557,0.3736528338415495,0.32778997029444323,0.33230505612458544,0.30989365233319494,0.4178157731920731,0.6263444080036411,0.25925671826790153,0.2677669848727657,0.20309480355028328,0.17190830075396854,0.047576010199697434,0.25925671826790153,0.3752081710495006,0.1228794450259275,0.29664706856542894,0.15432012728001243,0.40189966886449263,0.25925671826790153,0.3338136810025616,0.3845749801938092,0.5690874572951323,0.5742471545563521,0.5690874572951323
cosTau,0.9869879836395258,0.7612492823579744,0.15141744857271777,0.30946481182486296,0.09042397785550405,0.21321178182447692,0.19285739995052836,0.02261960024860138,0.12379254555213776,0.0132105485634198,0.8523171049817972,0.30785233867009826,0.09092514128748819,0.09807156969139136,0.00213765090770901,0.018891003235357418,0.09651984392809898,0.6150248685940523,0.0289712736063516,1.903846791440067e-05,0.19285739995052836,0.8891215742630105,0.8547853682682605,0.9998286624877786,0.617571056551295,0.006020067115305394,0.10332332985438247,0.00010965826257719469,0.12207326541618024,0.01912934522539439,0.03415438620722561,0.02261960024860138,0.028388671026199574,0.0025596455856058964,0.6759208242023509,0.7362753824345271,0.11866583515215595,0.49476410794187714,0.0034146752307570027,0.0407768093284564,0.017491752763844293,0.20399341060039022,0.1278442268844231,0.0718664576998359,0.8253871086329254,0.3815809269671907,0.041818635218880185,0.6742860236609076,0.00012869533865078608,0.05529181335435124,0.016145414759014376,0.04252016607508757,0.013612060895301814,0.09549150281252633,0.8454412055384293,0.8835825759076499,0.17395079808480396,0.12321830384918103,0.1203643463325596,0.09042397785550405,0.028679254453910785,0.7362753824345271,0.8260492019151962,0.3951907185480892,0.04216870333021938,0.8009075115760242,0.452077123739888,0.0490837367974431,0.3413476717974539,0.0009866357858642205,0.4278218994995134,0.2417333355666791,0.2621878954648623,6.8538762866277025e-06,0.07830427709355714,0.011292052856952006,0.016811960339335408,0.0020578006920147773,0.9968839595802982,0.9394085563309826,0.940238676754581,0.8220618148806933,0.006020067115305394,0.002648591441412884,0.35966664553960614,0.6090716206982713,0.0840229389347587,0.005111884546105505,0.08019006773279347,6.8538762866277025e-06,0.1076118147334586,0.004988171141721176,0.017952297882945,0.022103492600834884,0.231350195826588,0.08114064168978063,0.0023019008164105736
sinPhi,0.794598178676671,0.022879835741861587,0.0034146752307570027,0.0289712736063516,0.014641759210904604,0.005237105465515202,0.0006852326227130834,0.05489359769443669,0.001279608534527965,0.003019522272410202,0.00014925510940838604,0.9090748587125117,0.0012179748700879012,0.024202798060280917,0.1290120795121918,0.11087842573698947,0.40716669230721136,0.0020578006920147773,0.05449673790581605,0.13671266451451203,0.011292052856952006,0.9343157572190957,0.025838172396900394,0.0006852326227130834,0.02447174185242318,0.10068224497635364,0.017952297882945,0.1686899758921313,0.015063992357626621,0.06396536378393974,0.0304528739526454,0.028679254453910785,0.015492134296565208,0.0034146752307570027,0.01321054856341991,0.07141634964894383,0.003313617199801777,0.02134025123396638,0.06962898649802818,0.040089251339131216,0.0656842427809044,0.015063992357626621,0.00027489202912139854,0.011851996440033319,0.00014925510940838604,1.903846791440067e-05,0.00014925510940838604,0.0012179748700879012,0.014019499710726802,0.003313617199801777,0.014852136862001819,4.873799534788059e-05,0.00014925510940838604,0.029559615522887217,0.0015413331334360736,0.01381503980116161,0.2998254837215525,0.05689821038439258,0.007902196015379004,0.0024722150193868253,0.04322727117869962,0.027525543921234574,0.00033580311067188395,0.009522422325404178,0.003313617199801777,0.0031160404197018154,0.012041619030626283,0.04146996280743798,0.029559615522887217,0.007445336922613011,0.9975277849806131,0.013410563611455817,0.00213765090770901,0.17395079808480396,0.050221110522409906,0.06269014643030207,0.06918541977923715,0.0924361021357229,0.992703949241745,0.008214264593306986,0.9060417634459033,0.08161784327051913,0.13372855060631061,0.1532990858620935,0.6056623982276942,0.09651984392809909,0.029264727593981077,0.21679688153758359,0.08548121372247913,0.17262959314133008,0.03575708655954318,0.09755310132204292,0.06439309443990526,0.04393994191386347,0.019853157161528412,0.00027489202912139854,0.0013427613877710076
sinPsi,0.47644677464517876,0.816690436313775,0.911568184267221,0.786788218175523,0.860880114049181,0.862687185506144,0.8590631488815944,0.8326151773271804,0.9389914877139902,0.3866743462815725,0.5113436667863906,0.7469709332921155,0.77085410514137,0.844177287846877,0.7752403700424979,0.7960065893996098,0.5566016068839534,0.8680485435598673,0.8738990452492659,0.6873032967079561,0.8802029828000154,0.3773463070605988,0.7701201602388275,0.7737816117462751,0.8064535268264884,0.7910614850786448,0.8750555348152297,0.7393459289703035,0.8885729807284855,0.8674572975749799,0.9183821567294809,0.9003656854743667,0.9784067920288038,0.3546489032008738,0.44773576836617324,0.7362753824345268,0.4486037316063766,0.8923881852665414,0.8126213281678525,0.8680485435598673,0.8950775061878453,0.840360434479459,0.8535533905932737,0.34134767179745396,0.4991273358170508,0.8560130229954983,0.7492438698769152,0.9875746771527816,0.8750555348152297,0.9811089967646427,0.900887822121877,0.9045084971874737,0.9571269776171318,0.2745612296552846,0.3446617851846341,0.9174239316317032,0.8813341648478441,0.8105738901391553,0.8390798349340353,0.9939799328846946,0.25988825127840554,0.31350610871209555,0.46251063658683617,0.8187119948743448,0.3479834695372549,0.46686304979999993,0.7938926261462367,0.8547853682682605,0.8674572975749799,0.4877839109236734,0.5739047055648053,0.7788725544898452,0.8126213281678525,0.7393459289703035,0.8727379998414311,0.8698155474893048,0.8516973514052519,0.8286876228970479,0.3151266213630855,0.5825238029303388,0.41231663695400655,0.776695774621672,0.7896405861713396,0.7545207078751855,0.4912737967813583,0.7882161580848965,0.8650811383103763,0.6775534812040687,0.8293447300593402,0.7324210228623097,0.8841417617967616,0.8293447300593402,0.8485825514272821,0.8982649590120981,0.8596699001693255,0.996273075820661,0.992703949241745
sinTheta,0.5940024317763319,0.8988514224102371,0.8167317332203528,0.855681907530276,0.7606826049653916,0.8466873106286904,0.8124502376928284,0.6941327784568236,0.8492837959508579,0.9638925542358968,0.964532442628132,0.9810856825283564,0.7171502380908549,0.724066013990787,0.49517390914214043,0.5521768624676897,0.18338970296881008,0.7933574104348203,0.6795605729076252,0.4493702064211426,0.7654877252302247,0.6041771356807859,0.7171502380908549,0.7590707991099055,0.832027961245295,0.5478964105350119,0.7638910729123258,0.3800588479210756,0.7796292758250943,0.65712727658784,0.7842514251811671,0.7492942679152003,0.8716915405751109,0.980141764868746,0.9915858530047575,0.5585644405628988,0.9796612331149779,0.7686658422365006,0.6061983925462657,0.7048586591288974,0.6977275045915382,0.8387705839993062,0.7933574104348203,0.9829048945669149,0.9739986380691902,0.7948570910944194,0.9283684495981216,0.878774183367329,0.7963516213627504,0.8752571407888462,0.8110126587385054,0.8680774804788547,0.8776072371133385,0.9824586729635518,0.970619314630884,0.8945422117282823,0.9571824088278426,0.6514121214448376,0.7309028342014408,0.9082270048063592,0.9987266903113869,0.9988450585566723,0.9902942485641469,0.7590707991099055,0.9921971611485837,0.9676468374322145,0.6456545454908621,0.7066292707017995,0.8716915405751109,0.9651666637685528,0.9896139680051544,0.6417926723056722,0.7873072754845358,0.3800588479210756,0.7188865657940682,0.6646812248734246,0.6702967908161576,0.6417926723056722,0.7654877252302247,0.922862670471327,0.5712197966931419,0.5837142647345787,0.48160825570039445,0.4258501539579388,0.14498466968123128,0.5712197966931419,0.7206179745254088,0.3278171837939444,0.6241830634050799,0.3922473019438538,0.7492942679152003,0.5712197966931419,0.6721591118005722,0.7309028342014408,0.8890330077482596,0.8923548689224977,0.8890330077482596
sinTau,0.6133256537184275,0.07367991782295391,0.14154469617475857,0.03772698319384338,0.21321178182447703,0.09042397785550416,0.1054579575826547,0.3513125629611068,0.17065526994065983,0.38582456494467215,0.8547853682682605,0.03839489144350955,0.7875026260216391,0.20258860662432937,0.45381470627671916,0.3638598764797127,0.7953028338099626,0.013410563611455817,0.33227421512487243,0.5043632677491869,0.1054579575826547,0.8139815288246689,0.1476828950182027,0.5130884741539365,0.014019499710726802,0.42264480685026584,0.19561928549563956,0.5104712099416784,0.17262959314133008,0.36302039065378366,0.31837438476351076,0.3513125629611068,0.33391943405814817,0.4494718514085268,0.9680297678694866,0.940651726032496,0.1766051102447701,0.9999725846827561,0.5583353685496666,0.30222724871851747,0.3689054106795676,0.09703585887574212,0.16608372226447654,0.24173333556667903,0.8796356536674403,0.985774559998823,0.2998254837215526,0.9686409947459458,0.5113436667863906,0.27145103647065294,0.37396532087844325,0.29822735182380494,0.38412604825292124,0.20610737385376338,0.8614835729547841,0.8207248157845789,0.12093283190117377,0.8286876228970479,0.17461289136707453,0.21321178182447703,0.3330965703831144,0.940651726032496,0.8790671680988261,0.9888916183793031,0.2990261116720201,0.8993177550236464,0.9976980991835894,0.283957125599009,0.025838172396900394,0.5313952597646565,0.005237105465515202,0.9281335423001641,0.06017571356669177,0.4973820180842901,0.2313501958265881,0.3943376017723058,0.37143360342265175,0.45468370990111,0.44426553389683726,0.2614206198701958,0.2629558954764418,0.11753929954078413,0.42264480685026584,0.4486037316063766,0.9799026459875935,0.012041619030626283,0.2225777862760004,0.5713144668527557,0.22841277502466445,0.4973820180842901,0.1901104841024298,0.4295493840312088,0.36722194125659546,0.35297983738384814,0.0783042770935572,0.2269490194927854,0.45207712373988806
hhm0,0.2767263857347127,0.2981747834132391,0.2958196652367735,0.3647909832618386,0.32954832197829925,0.3206325174531079,0.4419211035410884,0.34998738329548323,0.36403398099083184,0.3658003196231811,0.32534275380603916,0.41988392631844557,0.30751114475565644,0.3034737993102868,0.5889477668433005,0.34216502649507946,0.22348389267390023,0.41525780132895956,0.3599966355454622,0.37833291277651604,0.48372445117335344,0.4532761376061906,0.45622003532677263,0.4536125830599714,0.255950878963748,0.41811758768609636,0.4248464967617125,0.47371519892337455,0.40844478088989816,0.31995962654554627,0.31743628564219023,0.41963159222811003,0.4773319875515182,0.47287408528892255,0.31508116746572457,0.3819497014046597,0.24114727899739255,0.4454537808057868,0.4346034149213559,0.410463453612583,0.372445117335352,0.2895113129783834,0.30784759020943725,0.2898477584321642,0.33400622424089493,0.34998738329548323,0.36008074690890735,0.3281184287997308,0.3927159559256455,0.3038943561275128,0.30616536294053326,0.2514929767011523,0.37126755824711916,0.31188493565480696,0.34695937421145595,0.37639835141727646,0.362015308268147,0.33535200605601817,0.5526116578349735,0.3956598536462276,0.31070737656657416,0.27134325847421986,0.27605349482715114,0.4851543443519219,0.37639835141727646,0.4124821263352679,0.26596013121372697,0.3582302969131129,0.33669778787114135,0.36756665825553037,0.3729497855160232,0.3843889309445706,0.35217427874505847,0.38834216502649505,0.3459500378501135,0.33484733787534693,0.3519219446547228,0.4912103625199764,0.27908150391117836,0.41508957860206913,0.3978467490958028,0.33543611741946333,0.19396080410463454,0.326099756077046,0.35982841281857175,0.3940617377407688,0.40423921271763813,0.21725965177895531,0.40911767179745984,0.3816132559508789,0.4286315081167466,0.4462107830767936,0.3668096559845235,0.520649339725797,0.22886701993439312,0.4901169147951888,0.3509967196568256
hhm1,0.7903264048051845,0.7903264048051845,0.7903264048051845,0.6455386074448747,0.6014383940567453,0.7903264048051845,0.7903264048051845,0.6818936220659132,0.6098158539476803,0.6841065359993678,0.5299928870623567,0.7903264048051845,0.6331304828894333,0.6821307199873547,0.5825495929819015,0.6152691061408361,0.49189915435074677,0.7144550699438867,0.7496245949577175,0.5269106140836165,0.7903264048051845,0.704575989883822,0.6373982454753813,0.7903264048051845,0.7903264048051845,0.6255433494033035,0.511736347111357,0.5180589583497984,0.6004900023709792,0.578202797755473,0.539476803920019,0.7310519244447957,0.575910851181538,0.7353196870307437,0.5799415158460444,0.6221449458626412,0.6256223820437841,0.7418793961906267,0.6238836639532126,0.5168734687425907,0.6180352485576542,0.6386627677230696,0.22966885323638664,0.4988540267130324,0.44353117837666955,0.07223583339919386,0.39397771279538446,0.26886904291472374,0.16422982691851734,0.5023314628941753,0.22468979688611396,0.4179246028609816,0.07120840907294712,0.4052793803840986,0.4983007982296688,0.5659527384809926,0.5764640796649017,0.46036513079902,0.520429937564214,0.5299138544218762,0.4330198371927606,0.5449300561131747,0.4809926499644353,0.5945625543349402,0.483995890302695,0.6029400142258753,0.37311309570852763,0.6515450881213941,0.6224610764245633,0.7512842804078084,0.5572591480281356,0.209910693116257,0.7123211886509128,0.5217734924523828,0.6683790405437445,0.5672962933691614,0.6456176400853552,0.6118707026001738,0.7608472299059511,0.616454595748044,0.5322848336362918,0.5531494507231486,0.5180589583497984,0.5903738243894728,0.5535446139255512,0.49592981901525324,0.6457757053663162,0.5486445902157591,0.6973049869596143,0.7903264048051845,0.5512526673516162,0.6483837825021733,0.47759424642377296,0.6963565952738481,0.6997549988145103,0.4854975104718248,0.7903264048051845
hhm2,0.25823451910408435,0.3892457180500659,0.45594532279314887,0.3881752305665349,0.3863636363636364,0.300971673254282,0.5938735177865613,0.3416501976284585,0.22916666666666669,0.30220685111989465,0.31406455862977606,0.13726943346508563,0.40217391304347827,0.41205533596837945,0.7140151515151515,0.5101284584980238,0.5863801054018445,0.27972661396574444,0.689064558629776,0.3892457180500659,0.6453392621870883,0.46483860342556,0.377635046113307,0.409667325428195,0.46796772068511205,0.41633728590250335,0.36182476943346514,0.6576910408432147,0.39295125164690387,0.7145092226613966,0.4183959156785244,0.6074604743083004,0.02865612648221344,0.561429512516469,0.435441370223979,0.5629117259552042,0.2907608695652174,0.14204545454545453,0.7037220026350461,0.6674901185770751,0.8234519104084322,0.4629446640316206,0.29388998682476947,0.33654479578392626,0.27091567852437415,0.5547595520421608,0.351366930171278,0.31859354413702246,0.35729578392621875,0.2366600790513834,0.3269104084321476,0.3399209486166008,0.45067523056653497,0.3709650856389987,0.34000329380764166,0.39566864295125165,0.38027009222661395,0.5482542819499341,0.5949440052700923,0.14986824769433466,0.4539690382081687,0.3289690382081687,0.3455204216073781,0.4819664031620554,0.41773715415019763,0.46870882740447967,0.5065876152832675,0.45734519104084326,0.26811594202898553,0.32262845849802374,0.2644104084321476,0.3664361001317523,0.3412384716732543,0.470602766798419,0.3295454545454546,0.5111989459815547,0.3652009222661397,0.5009057971014492,0.3596014492753623,0.14846837944664032,0.4176548089591568,0.3866106719367589,0.5632411067193677,0.39295125164690387,0.5853919631093545,0.3057476943346509,0.5223155467720685,0.6174242424242424,0.5367259552042162,0.04421936758893281,0.2961956521739131,0.8234519104084322,0.4407114624505929,0.7290843214756259,0.431735836627141,0.19927536231884058,0.3644598155467721
hhm3,0.7964319847085058,0.397658489964957,0.5223797387703091,0.3093341828607837,0.2243548900923861,0.40387065944568334,0.5434055431666136,0.33251035361580117,0.3414303918445365,0.35417330359987254,0.33131570563873847,0.37113730487416374,0.4284804077731761,0.27620261229690984,0.6561006690028671,0.5211054475947754,0.594297546989487,0.24139853456514812,0.7485664224275246,0.30551130933418286,0.5837846447913347,0.6030582988212806,0.4121535520866518,0.4145428480407773,0.34230646702771583,0.36564192417967506,0.2429913985345651,0.5189550812360624,0.32175852182223635,0.7964319847085058,0.43644472762026115,0.7964319847085058,0.6065625995539982,0.6126154826377828,0.4794520547945205,0.6490124243389614,0.4222682382924498,0.3509875756610385,0.6948072634597005,0.6507645747053202,0.5974832749283211,0.43803759158967825,0.46033768716151635,0.3337050015928639,0.30367951576935326,0.49832749283211214,0.3607836890729531,0.36588085377508756,0.375278751194648,0.31634278432621854,0.30893596686842945,0.3866677285759796,0.48319528512265053,0.33338642879898056,0.3509875756610385,0.4146224912392481,0.4414622491239248,0.45675374323032814,0.5761388977381332,0.3950302644154189,0.3771901879579484,0.3325899968142721,0.31793564829563553,0.5452373367314431,0.3912073908888181,0.47674418604651164,0.5598916852500796,0.30662631411277474,0.3360942975469895,0.3419082510353616,0.3712169480726346,0.29667091430391845,0.32359031538706595,0.47029308697037275,0.27293724115960494,0.39383561643835613,0.30344058617394076,0.5947754061803122,0.38332271424020387,0.350748646065626,0.41024211532335136,0.3077413188913667,0.49800892003822866,0.30909525326537113,0.6661357120101943,0.3356164383561644,0.38969417011787194,0.53090156100669,0.31642242752468935,0.2218063077413189,0.41374641605606877,0.7964319847085058,0.3497132844855049,0.7964319847085058,0.3959859827970691,0.33450143357757245,0.4483115641924179
hhm4,0.5661093611178418,0.5715208787658509,0.2842258299006542,0.4995557709393426,0.4889750424036831,0.5300056538244083,0.3362410144576367,0.43348679428156045,0.4228252968257814,0.28866812050722884,0.3712139568693967,0.535497940392537,0.34254099022696066,0.31588724658751316,0.2484451982876989,0.27041434456021324,0.4330829496809628,0.5473709716501091,0.3152410952265568,0.4583636216783782,0.2965834746789436,0.735481786608513,0.5873515871092804,0.5999515386479283,0.5620709151118649,0.5244325983361603,0.5318633389871578,0.140214845327518,0.43009449963653984,0.35352556336321783,0.4309829577578548,0.19796462321298766,0.6564090138114853,0.5135287941200226,0.5947015588401583,0.49422502221145304,0.4825135287941201,0.38631774493175025,0.27235279864308215,0.33212179953154025,0.36749858654389794,0.3512640335998708,0.6025361440917535,0.5127211049188273,0.5011711493417333,0.38026007592278493,0.4742750989419272,0.3544947904046523,0.43332525644132136,0.5207979969307811,0.45682901219610694,0.3473063565140134,0.5573055488248122,0.38300621920684924,0.3733139487925046,0.4115176480090461,0.46684435829092963,0.3716985703901139,0.11170341652532106,0.5667555124787982,0.5028672966642437,0.49091349648655197,0.5643324448752121,0.515386479282772,0.5350133268718197,0.4573136257168242,0.17801469994346178,0.5064211291495033,0.43986753897100395,0.494063484371214,0.6077053549794039,0.5172441644455213,0.4273483563524756,0.1409417656085938,0.41111380340844844,0.3876908165737824,0.41046765204749214,0.2406106130361037,0.5140134076407398,0.5103788062353607,0.5233018334544868,0.41289071965107826,0.32800258460544385,0.4412406106130361,0.575882400452306,0.29197964623212985,0.2820450690574267,0.31984492367337053,0.37032549874808174,0.5543170987803894,0.5082788143122526,0.24238752927873353,0.5455940554074792,0.17664162830142963,0.7171472417413779,0.7038203699216541,0.41022534528713356
hhm5,0.08184227965540092,0.38228959575878063,0.39993373094764745,0.3909045725646123,0.4024188204108681,0.43016898608349896,0.47224983432736917,0.4010934393638171,0.36746189529489726,0.35777004638833665,0.30160702451954935,0.22531477799867464,0.24014247846255796,0.3162690523525513,0.553015241882041,0.45054671968190857,0.22224983432736908,0.46777667329357187,0.6184559310801856,0.2697978793903247,0.5504473161033797,0.02277998674618953,0.2926607024519549,0.4274353876739563,0.25041418157720347,0.6027170311464546,0.46943339960238567,0.6013088137839628,0.4575878064943671,0.4575878064943671,0.5246023856858847,0.605284956925116,0.46388336646785955,0.635934393638171,0.05707422133863486,0.4157554671968191,0.3557819748177601,0.39007620941020543,0.6843936381709742,0.6352717031146454,0.6466202783300198,0.44715043074884026,0.25132538104705104,0.37152087475149104,0.27559642147117297,0.4570907886017229,0.3441020543406229,0.2884360503644798,0.34940357852882703,0.33358184227965537,0.36953280318091447,0.31254141815772035,0.36994698475811794,0.293157720344599,0.27236580516898606,0.227882703777336,0.20501988071570576,0.37682239893969516,0.5308151093439364,0.4261928429423459,0.3904075546719682,0.3709410205434062,0.4172465208747515,0.4977634194831014,0.439777998674619,0.41260768721007285,0.4048210735586481,0.46669980119284293,0.41666666666666663,0.33714380384360504,0.17892644135188868,0.3270377733598409,0.3619118621603711,0.4835155732273028,0.36779324055666,0.4551027170311464,0.33142809807819745,0.45278330019880714,0.11224320742213387,0.2732770046388337,0.07231610337972166,0.35636182902584496,0.4038270377733598,0.3975314777998674,0.029489728296885353,0.5914512922465209,0.5942677269715043,0.18116302186878727,0.5071239231278992,0.44574221338634856,0.5870609675281643,0.6678263750828363,0.35321404903909875,0.6568919814446652,0.08880053015241882,0.1312127236580517,0.3225646123260437
hhm6,0.5253363409328929,0.5184081205188109,0.5222750342382985,0.5187303633287682,0.48360589704342216,0.4345444292274228,0.6190284379279787,0.37041811004591957,0.517441392088939,0.43478611133489076,0.47216627728993793,0.4527511479900105,0.5406428744058648,0.4767582373318295,0.4170627567872392,0.43116087972287115,0.5806815435430597,0.43800853943446383,0.7347941674051397,0.4600016112140498,0.7164263272375735,0.5304922258922097,0.5197776524611294,0.5797148151131878,0.5076129863852412,0.5193748489486828,0.514218963989366,0.4960928059292677,0.4069121082735841,0.646821880286796,0.42785789092080884,0.6873439136389269,0.5076935470877305,0.6048497542898574,0.6004189156529445,0.46483525336340936,0.5357286715540159,0.5058406509304761,0.5839039716426326,0.567147345524853,0.7481672440183678,0.45605413679207285,0.4521872230725852,0.48368645774591157,0.4900507532425682,0.5668251027148956,0.44493675984854586,0.464513010553452,0.4942399097720132,0.4151292999274953,0.5366148392813985,0.4404253605091436,0.4707161846451301,0.37170708128574875,0.44018367840167566,0.23153145895432206,0.3788769838072988,0.49133972448239743,0.5413679207282688,0.4179489245146218,0.4383307822444212,0.5251752195279142,0.44429227422863127,0.6847659711592684,0.5012486908885845,0.5113993394022396,0.4775638443567228,0.42084910980423745,0.4151292999274953,0.4949649560944171,0.4335777007975509,0.48360589704342216,0.4230242487714493,0.5029404656408604,0.3961975348425038,0.48827841778780307,0.40699266897607345,0.5561910899863046,0.6574558930153871,0.5531297832917103,0.4517038588576492,0.4297913477805526,0.6858132602916297,0.47297188431483117,0.718520905502296,0.40763715459598804,0.651736083138645,0.5506324015145412,0.451139933940224,0.6982196084749859,0.5256585837428502,0.729154918230887,0.38193829050189315,0.7861918955933295,0.6466607588818174,0.5724643518891485,0.5163135422540884
hhm7,0.4583205403745778,0.4008289837273565,0.16211237334970832,0.4071998771875959,0.2602087810868898,0.35884249309180233,0.2589806570463617,0.3432606693276021,0.4811175928768806,0.3103315934909426,0.394304574762051,0.47098556954252385,0.29805035308566163,0.35055265581823764,0.4190973288302119,0.33213079521031624,0.22774025176542834,0.4405894995394535,0.14430457476205097,0.44857230580288615,0.11344795824378262,0.605618667485416,0.46668713540067547,0.7050967147681916,0.5201105311636476,0.4776634940128953,0.41249616211237333,0.24378262204482654,0.43168560024562486,0.38094872582130795,0.21507522259748235,0.20026097635861223,0.540451335584894,0.3331286459932453,0.5323150138163955,0.539299969296899,0.4392078599938594,0.35277863064169485,0.28177770954866443,0.3665950260976359,0.21062327295056799,0.31532084740558797,0.47689591648756524,0.35561866748541604,0.4496469143383482,0.44995394534848027,0.38678231501381644,0.4114215535769113,0.34878722750997854,0.4642308873196193,0.4006754682222905,0.38194657660423703,0.46077678845563397,0.4612373349708321,0.37150752225974826,0.4584740558796439,0.5946423088731962,0.30442124654590114,0.5058335891925085,0.4580902671169788,0.3705864292293522,0.473518575376113,0.4589346023948419,0.447037150752226,0.47804728277556036,0.5343874731347866,0.42155357691126805,0.3397298127110838,0.42163033466380107,0.32813939207859993,0.4847252072459318,0.3592262818544673,0.37849247774025174,0.35876573533926925,0.42017193736567393,0.15750690819772797,0.4025944120356156,0.5415259441203562,0.4133404973902364,0.39998464844949344,0.5052195271722444,0.39783543137856925,0.2658120970217992,0.3784157199877188,0.47290451335584893,0.2959778937672705,0.25191894381332514,0.33773411114522567,0.3790297820079828,0.7675775253300584,0.32691126803807186,0.19534848019649986,0.44112680380718455,0.15743015044519498,0.6988793368130182,0.4980042984341419,0.36221983420325454
hhm8,0.32937614532706555,0.44426738905266505,0.48442355190821446,0.3425225081666799,0.5082463548721217,0.3156720580033463,0.5579635088837542,0.3054736674368576,0.4546251294717552,0.3841128196956417,0.32834037128515653,0.4500836586726157,0.5024300852521711,0.41630148992112176,0.6113457095052186,0.5899928292566329,0.7967492630069316,0.31798263086606643,0.7967492630069316,0.2969484503226834,0.7389849414389291,0.5917456776352482,0.4022787028921998,0.5137439247868696,0.3312086686319815,0.3151940084455422,0.2763126444108039,0.6211457254402039,0.31415823440363316,0.7967492630069316,0.5226675165325471,0.5856903832363954,0.5878416062465142,0.5903912038881364,0.6771571986295912,0.5166122221336945,0.5680025495976415,0.5615488805672855,0.7967492630069316,0.7001832523304915,0.5969245478447932,0.4895227471914588,0.5147796988287785,0.28188988925185243,0.3159907577085491,0.5087244044299258,0.2833240379252649,0.3831567205800334,0.3774998008126842,0.36451278782567126,0.35144609991235753,0.3787745996334953,0.407935622659549,0.3367062385467293,0.31113058720420683,0.26093538363477015,0.3155923830770456,0.2959923512070751,0.5938969006453668,0.3471436538921201,0.4174966138156322,0.3112102621305075,0.2099434308023265,0.5059357820094016,0.29256632937614535,0.5189227949964146,0.4603617241654051,0.2375109553023663,0.29487690223886537,0.3488965022707354,0.3286590709903593,0.3049159429527527,0.3312086686319815,0.47151621384750214,0.35033065094414784,0.5277667118157915,0.3559078957851964,0.5362122540036649,0.5239423153533582,0.3833160704326348,0.4313600509919528,0.3461875547765118,0.5817066369213608,0.30571269221575964,0.7967492630069316,0.35909489283722407,0.5373277029718747,0.5732610947334873,0.2748784957373914,0.7967492630069316,0.3275436220221496,0.7967492630069316,0.3209306031391921,0.7967492630069316,0.5817863118476615,0.5306350091626164,0.32101027806549276
hhm9,0.5552982049797336,0.519645959136405,0.24013566051782612,0.41798329059475553,0.29092563487467943,0.31334270824716687,0.08379518570601373,0.35966581189511126,0.47439821325171644,0.3625610058731078,0.28910579865993874,0.4169906526594424,0.2814128546612623,0.2684258416742493,0.4028455620812309,0.24518157002233434,0.3221937298370419,0.4136818595417321,0.19306807841839688,0.3760443378277773,0.2124245181570022,0.6629994209612043,0.5058317478699644,0.5341219290263877,0.4053271569195136,0.5347009678219868,0.3697576309041277,0.21110100090991807,0.3336090660931425,0.13657043593349324,0.16932748779882537,0.15443791876912896,0.5994705931011663,0.35883861361568364,0.47423277359583094,0.41459177764910243,0.531557614360162,0.24749772520473157,0.14029282819091735,0.3581768549921416,0.23657870791628755,0.3480023161551824,0.42501447596989,0.38770783356770616,0.3835718421705683,0.43758788981718916,0.3873769542559351,0.35420630325088925,0.3094548763338572,0.4235255190669203,0.4095458681445942,0.3468442385639838,0.40483083795185704,0.35859045413185536,0.378195053354289,0.3534618247994044,0.4091322690048804,0.2429481346678799,0.36744147572173047,0.3885350318471337,0.38985854909421785,0.3954834973943254,0.299280337496898,0.4432128381172967,0.409297708660766,0.4551244933410538,0.30912399702208615,0.34609976011249893,0.3506493506493506,0.26462072958888244,0.37637521713954836,0.39597981636198193,0.36611795847464634,0.29737778145421456,0.4169079328314997,0.24485069071056334,0.3895276697824468,0.4113657043593349,0.31243279013979647,0.42145752336835135,0.4128546612623045,0.42460087683017617,0.2984531392174704,0.40334188104888735,0.45131938125568694,0.3163206220531061,0.17735131110927288,0.46050128215733305,0.3477541566713541,0.5946728430804863,0.4307221440979403,0.18330713872115145,0.5134419720406982,0.15658863429564066,0.5351145669617007,0.515179088427496,0.3037472082058069
hhm10,0.5177878139608588,0.6230885032881704,0.41399255209571345,0.492354013152682,0.42865066159575316,0.5496394897393233,0.36716583471991127,0.48641153632834166,0.604310276523255,0.586958244196181,0.32342920529276603,0.5648522304096347,0.38491403216860787,0.41565644560652876,0.5372791379446954,0.4339592742254972,0.3662150384280168,0.5713493384042468,0.3833293716821171,0.6292686791854846,0.45202440377149194,0.7495444101101338,0.7129387528721972,0.6379843118611838,0.5986054987718881,0.6286348149908882,0.5311781950717059,0.3766737976388559,0.4731796212661437,0.30520560969812216,0.37683226368750494,0.3937881308929562,0.7923302432453847,0.5238095238095238,0.5990808969178354,0.6583471991125901,0.6253070279692576,0.4999603834878377,0.37532683622533874,0.5636637350447666,0.42841296252277944,0.4165280088740987,0.6232469693368196,0.5486094604231043,0.6581887330639411,0.5291181364392679,0.5617621424609778,0.51588622137707,0.49417637271214643,0.5751525235718248,0.45939307503367405,0.5134299976230093,0.6104904524205689,0.4805482925283258,0.4693764360985659,0.5658822597258537,0.5922668568259251,0.46977260122018855,0.5948815466286348,0.5231756596149275,0.5206402028365423,0.6165913952935583,0.5271373108311544,0.7007368671262182,0.59828856667459,0.5904444972664606,0.5755486886934474,0.5487679264717534,0.5181839790824816,0.4716741938039775,0.6135013073449014,0.49972268441486417,0.5143807939149038,0.4647809206877427,0.5649314634339593,0.40472228824974255,0.5409238570636241,0.5837889232231994,0.45337136518500915,0.5499564218366215,0.6009824895016243,0.5195309404959987,0.45028127723635214,0.5085967831392124,0.5734886300610095,0.5672292211393709,0.35543934711987957,0.44441803343633624,0.4549560256714999,0.6360034862530702,0.5515410823231123,0.34783297678472386,0.5073290547500198,0.3731083115442516,0.6432136914666032,0.6885349813802394,0.5223040963473576
hhm11,0.3550583657587548,0.4356355382619974,0.6710440985732814,0.3022859922178988,0.4680609597924773,0.3388456549935149,0.53818093385214,0.29896238651102464,0.1252431906614786,0.33779182879377434,0.2838845654993515,0.2169260700389105,0.3789721141374838,0.4785181582360571,0.5339656290531777,0.5153210116731518,0.6416990920881971,0.2157911802853437,0.6395103761348898,0.4170719844357976,0.6701523994811932,0.45711738002594027,0.2833981841763943,0.38286316472114135,0.4041828793774319,0.45500972762645914,0.3016374837872892,0.6182717250324254,0.26548313878080415,0.6284857328145266,0.46611543450064846,0.7290045395590142,0.4885700389105058,0.6074092088197146,0.4178826199740596,0.4393644617380026,0.3411154345006485,0.2733463035019455,0.5826037613488976,0.5843871595330739,0.7834792477302205,0.364461738002594,0.3755674448767834,0.38853761348897536,0.2473249027237354,0.3739461738002594,0.3087710765239948,0.33617055771725035,0.32571335927367057,0.303177691309987,0.29871919584954604,0.3105544747081712,0.3974546044098573,0.3475194552529183,0.29361219195849547,0.35676070038910507,0.26580739299610895,0.4412289234760052,0.5368028534370947,0.17923151750972763,0.4194228274967574,0.2733463035019455,0.3035019455252918,0.48824578469520097,0.384727626459144,0.4625486381322957,0.49708171206225676,0.36551556420233466,0.2506485084306096,0.3024481193255512,0.25997081712062253,0.35319390402075224,0.33779182879377434,0.5985732814526589,0.26621271076523995,0.487435149156939,0.33446822308690016,0.43401426718547337,0.4148832684824903,0.35400453955901423,0.37094682230869,0.3491407263294423,0.5917639429312581,0.29863813229571984,0.7007944228274968,0.3151750972762646,0.5371271076523995,0.5303177691309987,0.3061770428015564,0.5895752269779506,0.32506485084306097,0.8106355382619974,0.36243514915693903,0.7718060959792477,0.33025291828793774,0.21911478599221787,0.2620784695201037
hhm12,0.7765783955890346,0.1522093655354508,0.44226139628795524,0.239729750718335,0.3036421526753126,0.1564028888716316,0.42533198726411425,0.4273510910926458,0.43736895239574436,0.4031218451502679,0.4167896249126349,0.5592141026636639,0.49351557039683147,0.5805700085423624,0.505241904170226,0.5987419429991456,0.5635629416789625,0.26722062592218687,0.5535450803758639,0.5344412518443737,0.5283062825192203,0.4657140638347441,0.4835753669332919,0.043721363671662655,0.11508891822629494,0.4983303564494836,0.26116331443659235,0.5269860992467189,0.30853459656752347,0.4873029432321192,0.5588258134658693,0.3263958996660713,0.4796924749553467,0.4757319251378427,0.5780072998369185,0.5631746524811679,0.26318241826512384,0.5564184204395434,0.5161140017084724,0.6619554244000931,0.5556418420439543,0.15174341849809736,0.3543527219072765,0.27211306981439776,0.28609148093500036,0.4075483420051254,0.2770055137066087,0.3236002174419508,0.3241438223188631,0.2844606663042634,0.30589423002252075,0.32996816028578085,0.3959773239108488,0.2958763687194222,0.3385105226372602,0.3675545546322901,0.22551836607905565,0.320959850896948,0.5698532266832337,0.38192125495068724,0.12650462064145374,0.4202065698532267,0.37283528772229557,0.49157412440785897,0.33035644948357534,0.42913722140250055,0.5120757940514095,0.41228547021821854,0.25215500504775956,0.34619864875359163,0.3241438223188631,0.4551525976547332,0.24097227615127748,0.5626310476042556,0.45204628407237707,0.47945950143667,0.40102508348217747,0.5192203152908286,0.40568455385571167,0.4307680360332375,0.5054748776889026,0.47961481711578785,0.5775413527995651,0.5342859361652558,0.5988196008387047,0.3564494835753669,0.5345965675234915,0.6430069115477207,0.5865496621883979,0.7017938960938106,0.4818668944629961,0.6463461986487535,0.6586161372990603,0.6060417799176826,0.2959540265589811,0.422380989360876,0.35481866894462993
hhm13,0.35410274565337113,0.5051530170718276,0.5505467705137282,0.31807096215876013,0.2966721737078121,0.4496892455353631,0.5432302729918969,0.3568562662261034,0.39257336165525925,0.34938242467154434,0.3219258909605853,0.3472582802297223,0.3699158209424908,0.27330658484776965,0.591692235071985,0.5294626701282353,0.5967272441192668,0.31531744158602787,0.5546377153646448,0.2941546691841712,0.6269372984029582,0.58846668240107,0.4394618834080718,0.4064196365352844,0.38714499252615847,0.06687121390921251,0.32452206750059004,0.35551884194791916,0.3006057745260011,0.7515537723231848,0.2961214695932657,0.6798835654157817,0.5697427425064905,0.6352765321375188,0.49185744630634887,0.42089528754621985,0.46754779324994106,0.41035323735347334,0.5184485878373063,0.6660372905357566,0.586657226024703,0.2864448115805208,0.40421682007709864,0.3804578711352372,0.3569349382424672,0.4358429706553379,0.32688222799150346,0.3726693415152231,0.4131067579262057,0.30202187082054915,0.3412792069860751,0.33561482180788293,0.4798992998190544,0.28376996302415236,0.3474942962788136,0.3172055699787586,0.3702305090079459,0.33537880575879164,0.5252143812445913,0.4039021320116435,0.4337974982298797,0.37392809377704356,0.3157894736842105,0.47376288254267956,0.41169066163165763,0.5343403351427898,0.5015341043190937,0.2887263000550705,0.36401541971520734,0.37369207772795215,0.37644559830068447,0.3033592950987334,0.3297930925969633,0.4373377389662497,0.3454488238533554,0.38926913696798054,0.26772087168594133,0.5116041224136575,0.426166312642593,0.3952482102116277,0.3917079694752577,0.39572024230981045,0.6185193926520337,0.3403351427897097,0.6912123357721659,0.39957517111163565,0.45732043112264975,0.6030996774447329,0.29250255684053184,0.48871056565179766,0.35929509873338056,0.6613169695539297,0.31398001730784364,0.6897962394776179,0.43851781921170646,0.4491385414208166,0.15506254425300922
hhm14,0.4904839586731919,0.4632952691680261,0.5642041482171987,0.30552318806804935,0.49234832595354616,0.41800668064942126,0.46974287267925113,0.31282529324943675,0.3406354385147207,0.3515885962868018,0.3160879359900567,0.38374893187291226,0.3992853258758642,0.3515885962868018,0.5406665113027266,0.4912607783733395,0.5158082808980036,0.3648722131593257,0.6276703177192573,0.3592014293482482,0.5555814495455604,0.5089722675367047,0.503068437815583,0.4329216188922551,0.38118542686242524,0.36494989512934045,0.36518294103938476,0.5289365338304979,0.2788005903829721,0.562495144876874,0.3672803542297832,0.5361609570418706,0.6077060514254641,0.5562805872756932,0.48861959139283767,0.4595665346073176,0.544395245863435,0.4878427716926901,0.5372485046220772,0.5057096247960847,0.7246174162976772,0.37846655791190864,0.4734716072399596,0.3894197156839897,0.3515885962868018,0.4524974753359745,0.33209042181309717,0.38297211217276467,0.42297832673036584,0.3733395478909345,0.39912996193583467,0.418084362619436,0.4068204769672959,0.3062223257981822,0.318884486910588,0.3106501980890235,0.30117299774722284,0.28602501359434473,0.515963644838033,0.4149770838188456,0.38817680416375355,0.3729511380408607,0.31096092596908254,0.5097490872368523,0.361221160568632,0.4558378000466091,0.452342111395945,0.27538258370232266,0.37846655791190864,0.3840596597529713,0.37939874155208575,0.3365959760739532,0.33387710712343666,0.5172065563582692,0.3098733783888759,0.4810067583313912,0.300784587897149,0.5335197700613686,0.42344441855045445,0.4570030295968306,0.40953934591781244,0.38087469898236614,0.6573448302648954,0.34537403868562105,0.48186126000155355,0.37924337761205623,0.4389808125534064,0.5865765555814495,0.2973665812164996,0.5203138351588595,0.37380563971102304,0.5845568243610657,0.30964033247883166,0.7133535306455371,0.633574147440379,0.39812009632564277,0.7768197001475957
hhm15,0.3715748031496063,0.2437795275590551,0.41653543307086616,0.2115748031496063,0.30283464566929136,0.31070866141732284,0.4229133858267717,0.2939370078740158,0.3133070866141732,0.3291338582677165,0.3059055118110236,0.3332283464566929,0.24236220472440945,0.26149606299212597,0.5347244094488189,0.30606299212598426,0.3652755905511811,0.3026771653543307,0.5188976377952756,0.19960629921259843,0.538267716535433,0.4562992125984252,0.18559055118110235,0.3369291338582677,0.3307086614173228,0.3714173228346457,0.2703149606299213,0.4548818897637795,0.2501574803149606,0.5044094488188976,0.3725984251968504,0.48795275590551185,0.31181102362204727,0.31133858267716535,0.3059055118110236,0.04716535433070866,0.11921259842519685,0.35811023622047244,0.2948031496062992,0.4782677165354331,0.45866141732283466,0.42748031496062994,0.1516535433070866,0.20842519685039368,0.25614173228346454,0.3062992125984252,0.24440944881889765,0.22480314960629919,0.25291338582677164,0.23551181102362204,0.2354330708661417,0.24433070866141735,0.35440944881889763,0.27535433070866144,0.2447244094488189,0.31,0.2759842519685039,0.3024409448818898,0.44165354330708656,0.29181102362204725,0.24763779527559054,0.15850393700787402,0.2566929133858268,0.03283464566929134,0.1163779527559055,0.1589763779527559,0.26,0.26204724409448815,0.2626771653543307,0.2674803149606299,0.25700787401574804,0.2805511811023622,0.24960629921259841,0.3851968503937008,0.20976377952755906,0.34385826771653544,0.22385826771653541,0.4446456692913386,0.29968503937007873,0.21236220472440945,0.31031496062992125,0.15015748031496062,0.30401574803149606,0.17346456692913384,0.4222834645669291,0.34503937007874014,0.44598425196850394,0.2641732283464567,0.2520472440944882,0.5019685039370079,0.2803149606299213,0.7032283464566929,0.194251968503937,0.6727559055118111,0.31401574803149607,0.2938582677165354,0.37015748031496065
hhm16,0.4336297625846455,0.17957085746920126,0.3407032715999021,0.260422615648201,0.3012972179162927,0.3036632128579587,0.4086644366484458,0.22893040711430204,0.36672921595822794,0.32805743656685976,0.4145386309863751,0.42302357836338417,0.3006445296565228,0.3432324386065106,0.5578852900383454,0.22224035245166027,0.26784694460308395,0.2661336379211879,0.4802153871257241,0.21652933017867343,0.48143917761279265,0.5427918740311659,0.11307824100513993,0.4707514073590602,0.45068124337113485,0.36036550542547113,0.22738027249734846,0.4801338010932529,0.2512033939789508,0.5160316553805988,0.40197438198580404,0.5380598841478339,0.5011014114383617,0.043077425144815204,0.3482907726197275,0.36085502162029864,0.3362976258464551,0.3427429224116831,0.1633352370074243,0.5201109570041609,0.3726034102961573,0.368442522640124,0.32332544668352775,0.2645835033042343,0.3331973566125479,0.38590193358896957,0.24671616219303255,0.30203149220853387,0.3977319082972995,0.29795219058497185,0.36281308639960835,0.29917598107204046,0.39136819776454274,0.32161214000163174,0.27796361262951785,0.40360610263522884,0.33768458839846616,0.27461858529819694,0.5775475238639145,0.4142938728889614,0.3159011177286448,0.27918740311658646,0.3331157705800767,0.38834951456310685,0.21881373908786814,0.08542057599738925,0.42408419678551035,0.2858774577792282,0.3173696663131272,0.21228685649016887,0.3275679203720323,0.2894672432079628,0.2541404911479155,0.38965489108264667,0.2725789344864159,0.343395610671453,0.24247368850452805,0.5328383780696745,0.4142122868564902,0.2782899567594028,0.3927551603165538,0.2535693889206168,0.28661173207146934,0.2476136085502162,0.5172554458676675,0.2711103859019336,0.4576160561311903,0.4364036876886677,0.20249653259361997,0.44382801664355065,0.13624867422697232,0.5971281716570123,0.16676185037121644,0.6080607000081586,0.3725218242636861,0.4634086644366484,0.34127437382720077
hhm17,0.846811753747142,0.38512998560420014,0.21830807011601316,0.36412905411127106,0.24184943687018376,0.30984842069607926,0.28783131509865356,0.3559149800999238,0.46998052332966384,0.3829282750444576,0.4520281141502244,0.4744686256245237,0.28935557625539843,0.3387247014988568,0.4907274112964688,0.26005588957574727,0.18985519519010924,0.4208654416123296,0.1461597086967567,0.47345245152002713,0.15750698619696843,0.5453467694131594,0.5162164450842578,0.5958167499364891,0.4946227453637056,0.35921754593953764,0.38419849267507833,0.23321195698196287,0.4371242272842747,0.12219493606571259,0.24557540858667115,0.20518248793293248,0.7414683715809975,0.4516893894487255,0.4615970869675671,0.5013125582183081,0.4964857312219494,0.3662460834956389,0.33914810737573037,0.41595393344059617,0.08620543653145905,0.32593784401727494,0.5233296638157338,0.34930984842069607,0.503429587602676,0.4433059530866288,0.39283597256329916,0.45262088237784737,0.3932593784401727,0.4573630281988314,0.4211194851384537,0.4236599203996951,0.4353459226014057,0.4508425776949784,0.43873316961639425,0.3953764078245406,0.4297569650266745,0.32797019222626805,0.49580828181895165,0.4190871369294606,0.4446608518926243,0.553476162249132,0.4468625624523668,0.5000423405876874,0.4946227453637056,0.5408586671182997,0.45677025997120835,0.26954018121771534,0.4048606994665086,0.35921754593953764,0.517910068591752,0.4074858159031247,0.39088830552968074,0.3123888559573207,0.38318231857058177,0.21966296892200865,0.39503768312304177,0.5359471589465662,0.34007960030485224,0.48623930900160894,0.5375561012786857,0.40274367008214074,0.17596748242865612,0.4083326276568719,0.45287492590397155,0.2914726056397663,0.22576001354898806,0.2307562028960962,0.40333643830976373,0.5931069523244983,0.2730967905834533,0.11880768905072403,0.4252688627318147,0.20789228554492334,0.4991108476585655,0.5936150393767465,0.40181217715301887
hhm18,0.7652865998316369,0.5832249177316905,0.7652865998316369,0.7652865998316369,0.7652865998316369,0.7652865998316369,0.5057013851687457,0.5572051733374148,0.6107752353256295,0.43154511364506004,0.4797581694344532,0.6982474936863856,0.490395653172113,0.6819468891099717,0.32241524450906867,0.4280247952858346,0.6806459018902579,0.5399096961812199,0.563327466136068,0.5373077217417923,0.5595010331369098,0.7652865998316369,0.6580699471952246,0.7652865998316369,0.6333511900206628,0.5978418917884748,0.6080202035662355,0.6599066350348205,0.5036351113492002,0.7652865998316369,0.5691436442947885,0.5901124971301752,0.6172036427642152,0.4764674370551772,0.5850616055712864,0.4378969924236627,0.5634805234560343,0.4822070865539144,0.6204943751434913,0.045075380730083416,0.5734292492538455,0.5447310017601592,0.5715160327542665,0.6821764750899212,0.6088620188260504,0.535777148542129,0.6135302670850233,0.553531797658223,0.49843116247034513,0.5376903650417081,0.5683018290349736,0.6687839595928675,0.5969235478686769,0.46835539909696183,0.5625621795362363,0.5915665416698553,0.6387847248794674,0.569449758934721,0.56240912221627,0.7218183209612,0.534858804622331,0.6032754266472794,0.5832249177316905,0.6377133236397031,0.6533251702762685,0.7652865998316369,0.3570061988214587,0.5733527205938624,0.585750363511135,0.5823065738118925,0.6226371776230198,0.5242978495446545,0.5341700466824826,0.3029004362133619,0.6509527818167904,0.5159562256064897,0.6612076222545344,0.4647585520777531,0.7444708043162165,0.5787097267926838,0.5608020203566235,0.566618198515344,0.42649422208617127,0.5359302058620954,0.7072013469044157,0.5361597918420449,0.3093288436519477,0.5087625315680722,0.4828193158337798,0.7652865998316369,0.7296242442794827,0.6506466671768577,0.4822070865539144,0.6018979107675825,0.640468355399097,0.4310859416851611,0.7652865998316369
hhm19,0.8254911672445104,0.4200924550107314,0.3450553079082054,0.44642562324583124,0.5573716361234935,0.568268119531121,0.4536073964008585,0.32020802377414564,0.40548126135050355,0.21561829288426612,0.34134059765560504,0.504952947003467,0.40564635958395245,0.32598646194485714,0.05522535908865775,0.21685652963513288,0.5433382862803368,0.5228661053326729,0.6286940729734192,0.3745253425788344,0.7876011226679874,0.6710417698530625,0.561499091959716,0.5837048043585933,0.5761102856199438,0.7112431896978703,0.4357767871883771,0.3383688294535248,0.39730889879478287,0.5652963513290408,0.4451873864949645,0.5429255406967145,0.758791480931154,0.8254911672445104,0.6573386164768037,0.5432557371636123,0.44584777942876014,0.36750866765725604,0.6071487535083375,0.4023443949149744,0.6584117549942216,0.3417533432392273,0.5904738319299984,0.45864289252105,0.46087171867261023,0.5179957074459303,0.4764735017335315,0.4549281822684497,0.48984645864289256,0.48778273072478123,0.47019976886247317,0.3612349347861978,0.5535743767541687,0.3972263496780584,0.4596334819217434,0.37576357932970117,0.48588410104011887,0.34711903582631665,0.10731385174178637,0.48241703813769193,0.3947498761763249,0.4367673765890705,0.5817236255572065,0.6627868581806174,0.5680204721809476,0.6015354135710748,0.19572395575367343,0.4610368169060591,0.4373452204061417,0.5250949314842331,0.5425127951130922,0.4246326564305762,0.42917285785042103,0.2090969126630345,0.402096747564801,0.35892355951791316,0.43247482251939906,0.05448241703813769,0.4964503879808486,0.4878652798415057,0.4841505695889054,0.362555720653789,0.39384183589235594,0.40548126135050355,0.5456496615486214,0.2886742611854053,0.2550767706785537,0.2590391282813274,0.34910021462770346,0.7011721974574873,0.49389136536239064,0.6131748390292224,0.4695393759286775,0.67970942710913,0.6900280666996863,0.8254911672445104,0.3643718012217269
A,0.6363636363636364,0.5909090909090909,0.6363636363636364,0.5,0.5454545454545454,0.6818181818181818,0.45454545454545453,0.5909090909090909,0.45454545454545453,0.4090909090909091,0.5,0.45454545454545453,0.9090909090909091,0.5454545454545454,0.4090909090909091,0.4090909090909091,0.5454545454545454,0.5909090909090909,0.45454545454545453,0.6363636363636364,0.45454545454545453,0.5,0.5454545454545454,0.45454545454545453,0.6363636363636364,0.45454545454545453,0.5454545454545454,0.4090909090909091,0.5454545454545454,0.5454545454545454,0.5,0.4090909090909091,0.4090909090909091,0.5,0.5,0.5454545454545454,0.6818181818181818,0.4090909090909091,0.45454545454545453,0.36363636363636365,0.5,0.5,0.5909090909090909,0.6818181818181818,0.5,0.45454545454545453,0.6363636363636364,0.5454545454545454,0.5454545454545454,0.5454545454545454,0.5454545454545454,0.9545454545454546,0.45454545454545453,0.5,0.5,0.4090909090909091,0.6363636363636364,0.5,0.4090909090909091,0.5,0.6818181818181818,0.6363636363636364,0.6818181818181818,0.5454545454545454,0.5909090909090909,0.5454545454545454,0.45454545454545453,0.5909090909090909,0.7272727272727273,0.45454545454545453,0.5,0.5454545454545454,0.6818181818181818,0.7272727272727273,0.8181818181818182,0.45454545454545453,0.5,0.4090909090909091,0.5454545454545454,0.5909090909090909,0.5454545454545454,0.7272727272727273,0.5,0.6363636363636364,0.5454545454545454,0.45454545454545453,0.5,0.5454545454545454,0.5454545454545454,0.4090909090909091,0.5909090909090909,0.5454545454545454,0.5909090909090909,0.5,0.5909090909090909,0.5909090909090909,0.5909090909090909
R,0.38095238095238093,0.42857142857142855,0.47619047619047616,0.38095238095238093,0.42857142857142855,0.5714285714285714,0.38095238095238093,0.6190476190476191,0.42857142857142855,0.3333333333333333,0.38095238095238093,0.38095238095238093,0.38095238095238093,0.47619047619047616,0.3333333333333333,0.3333333333333333,0.3333333333333333,0.42857142857142855,0.2857142857142857,0.42857142857142855,0.3333333333333333,0.3333333333333333,0.38095238095238093,0.3333333333333333,0.3333333333333333,0.47619047619047616,0.5238095238095238,0.2857142857142857,0.6190476190476191,0.3333333333333333,0.3333333333333333,0.2857142857142857,0.3333333333333333,0.38095238095238093,0.3333333333333333,0.38095238095238093,0.38095238095238093,0.38095238095238093,0.3333333333333333,0.23809523809523808,0.3333333333333333,0.3333333333333333,0.38095238095238093,0.5714285714285714,0.6666666666666666,0.23809523809523808,0.5714285714285714,0.42857142857142855,0.42857142857142855,0.42857142857142855,0.38095238095238093,0.38095238095238093,0.23809523809523808,0.5238095238095238,0.42857142857142855,0.38095238095238093,0.6666666666666666,0.7619047619047619,0.3333333333333333,0.5714285714285714,0.42857142857142855,0.5714285714285714,0.6666666666666666,0.38095238095238093,0.5238095238095238,0.38095238095238093,0.3333333333333333,0.6190476190476191,0.6190476190476191,0.42857142857142855,0.3333333333333333,0.6190476190476191,0.5238095238095238,0.3333333333333333,0.47619047619047616,0.2857142857142857,0.7142857142857143,0.3333333333333333,0.38095238095238093,0.5238095238095238,0.3333333333333333,0.5714285714285714,0.38095238095238093,0.5238095238095238,0.3333333333333333,0.38095238095238093,0.38095238095238093,0.42857142857142855,0.5238095238095238,0.3333333333333333,0.47619047619047616,0.3333333333333333,0.5714285714285714,0.3333333333333333,0.38095238095238093,0.38095238095238093,0.7142857142857143
N,0.47619047619047616,0.5238095238095238,0.5238095238095238,0.5238095238095238,0.42857142857142855,0.47619047619047616,0.2857142857142857,0.5714285714285714,0.9523809523809523,0.42857142857142855,0.3333333333333333,0.7619047619047619,0.38095238095238093,0.42857142857142855,0.3333333333333333,0.3333333333333333,0.42857142857142855,0.5238095238095238,0.2857142857142857,0.5238095238095238,0.2857142857142857,0.42857142857142855,0.5238095238095238,0.3333333333333333,0.38095238095238093,0.42857142857142855,0.7142857142857143,0.2857142857142857,0.6666666666666666,0.2857142857142857,0.3333333333333333,0.2857142857142857,0.47619047619047616,0.42857142857142855,0.42857142857142855,0.47619047619047616,0.5238095238095238,1.0,0.2857142857142857,0.19047619047619047,0.2857142857142857,0.3333333333333333,0.47619047619047616,0.5238095238095238,0.5238095238095238,0.2857142857142857,0.5714285714285714,0.42857142857142855,0.42857142857142855,0.7619047619047619,0.3333333333333333,0.38095238095238093,0.2857142857142857,0.38095238095238093,0.47619047619047616,0.47619047619047616,0.8095238095238095,0.47619047619047616,0.3333333333333333,0.7619047619047619,0.47619047619047616,0.5714285714285714,0.5238095238095238,0.47619047619047616,0.5714285714285714,0.42857142857142855,0.3333333333333333,0.47619047619047616,0.47619047619047616,0.9523809523809523,0.47619047619047616,0.47619047619047616,0.5238095238095238,0.3333333333333333,0.5238095238095238,0.2857142857142857,0.5238095238095238,0.3333333333333333,0.42857142857142855,0.47619047619047616,0.42857142857142855,0.5238095238095238,0.3333333333333333,0.5238095238095238,0.42857142857142855,0.3333333333333333,0.3333333333333333,0.47619047619047616,0.6190476190476191,0.5238095238095238,0.7142857142857143,0.3333333333333333,0.6190476190476191,0.3333333333333333,0.47619047619047616,0.5238095238095238,0.5714285714285714
D,0.45454545454545453,0.5454545454545454,0.5909090909090909,0.6363636363636364,0.5454545454545454,0.45454545454545453,0.3181818181818182,0.5909090909090909,0.6363636363636364,0.3181818181818182,0.36363636363636365,0.9090909090909091,0.4090909090909091,0.5,0.2727272727272727,0.3181818181818182,0.4090909090909091,0.6363636363636364,0.3181818181818182,0.5,0.3181818181818182,0.4090909090909091,0.4090909090909091,0.36363636363636365,0.45454545454545453,0.4090909090909091,0.5909090909090909,0.2727272727272727,0.5,0.3181818181818182,0.36363636363636365,0.2727272727272727,0.9545454545454546,0.4090909090909091,0.4090909090909091,0.45454545454545453,0.45454545454545453,0.5454545454545454,0.3181818181818182,0.22727272727272727,0.3181818181818182,0.36363636363636365,0.45454545454545453,0.5,0.5,0.2727272727272727,0.5454545454545454,0.5,0.4090909090909091,0.7727272727272727,0.36363636363636365,0.4090909090909091,0.2727272727272727,0.5,0.4090909090909091,0.36363636363636365,0.5,0.45454545454545453,0.2727272727272727,0.8636363636363636,0.5454545454545454,0.5909090909090909,0.5454545454545454,0.45454545454545453,0.45454545454545453,0.4090909090909091,0.3181818181818182,0.5,0.5,0.6363636363636364,0.5,0.5,0.6363636363636364,0.3181818181818182,0.5909090909090909,0.3181818181818182,0.45454545454545453,0.3181818181818182,0.4090909090909091,0.45454545454545453,0.45454545454545453,0.5,0.36363636363636365,0.5454545454545454,0.4090909090909091,0.3181818181818182,0.4090909090909091,0.5,0.5,0.9545454545454546,0.5909090909090909,0.3181818181818182,0.5909090909090909,0.36363636363636365,0.45454545454545453,0.5909090909090909,0.5454545454545454
C,0.4074074074074074,0.4074074074074074,0.48148148148148145,0.37037037037037035,0.37037037037037035,0.5185185185185185,0.4444444444444444,0.4444444444444444,0.37037037037037035,0.37037037037037035,0.4074074074074074,0.3333333333333333,0.4444444444444444,0.3333333333333333,0.3333333333333333,0.37037037037037035,0.37037037037037035,0.37037037037037035,0.4074074074074074,0.4444444444444444,0.4074074074074074,0.37037037037037035,0.4444444444444444,0.3333333333333333,0.37037037037037035,0.3333333333333333,0.5555555555555556,0.3333333333333333,0.4444444444444444,0.48148148148148145,0.4444444444444444,0.37037037037037035,0.2962962962962963,0.4074074074074074,0.37037037037037035,0.4074074074074074,0.4074074074074074,0.3333333333333333,0.4074074074074074,0.3333333333333333,0.4444444444444444,0.3333333333333333,0.4074074074074074,0.48148148148148145,0.37037037037037035,1.0,0.5185185185185185,0.4444444444444444,0.4444444444444444,0.4074074074074074,0.4444444444444444,0.4444444444444444,1.0,0.4444444444444444,0.4444444444444444,0.2962962962962963,0.4444444444444444,0.37037037037037035,0.3333333333333333,0.37037037037037035,0.48148148148148145,0.48148148148148145,0.4074074074074074,0.4074074074074074,0.48148148148148145,0.4074074074074074,0.3333333333333333,0.4444444444444444,0.4074074074074074,0.3333333333333333,0.37037037037037035,0.4074074074074074,0.4444444444444444,0.6666666666666666,0.4444444444444444,0.4074074074074074,0.37037037037037035,0.3333333333333333,0.37037037037037035,0.4444444444444444,0.37037037037037035,0.4444444444444444,0.5185185185185185,0.4444444444444444,0.37037037037037035,0.37037037037037035,0.48148148148148145,0.4074074074074074,0.4074074074074074,0.2962962962962963,0.4444444444444444,0.6296296296296297,0.5925925925925926,0.4444444444444444,0.37037037037037035,0.8888888888888888,0.4444444444444444
Q,0.38095238095238093,0.42857142857142855,0.47619047619047616,0.38095238095238093,0.5238095238095238,0.47619047619047616,0.3333333333333333,0.47619047619047616,0.38095238095238093,0.3333333333333333,0.42857142857142855,0.42857142857142855,0.38095238095238093,0.9523809523809523,0.2857142857142857,0.2857142857142857,0.3333333333333333,0.5238095238095238,0.23809523809523808,0.42857142857142855,0.2857142857142857,0.2857142857142857,0.38095238095238093,0.2857142857142857,0.38095238095238093,0.9523809523809523,0.5238095238095238,0.23809523809523808,0.5238095238095238,0.2857142857142857,0.2857142857142857,0.23809523809523808,0.38095238095238093,0.3333333333333333,0.2857142857142857,0.38095238095238093,0.38095238095238093,0.38095238095238093,0.2857142857142857,0.23809523809523808,0.2857142857142857,0.2857142857142857,0.38095238095238093,0.5238095238095238,0.6190476190476191,0.19047619047619047,0.47619047619047616,0.38095238095238093,0.38095238095238093,0.42857142857142855,0.3333333333333333,0.38095238095238093,0.19047619047619047,0.47619047619047616,0.38095238095238093,0.38095238095238093,0.47619047619047616,0.5714285714285714,0.2857142857142857,0.47619047619047616,0.38095238095238093,0.47619047619047616,0.6190476190476191,0.38095238095238093,0.47619047619047616,0.38095238095238093,0.2857142857142857,0.5714285714285714,0.5238095238095238,0.38095238095238093,0.2857142857142857,0.47619047619047616,0.5238095238095238,0.2857142857142857,0.47619047619047616,0.23809523809523808,0.8095238095238095,0.2857142857142857,0.3333333333333333,0.42857142857142855,0.3333333333333333,0.42857142857142855,0.3333333333333333,0.47619047619047616,0.3333333333333333,0.2857142857142857,0.3333333333333333,0.38095238095238093,0.8095238095238095,0.38095238095238093,0.47619047619047616,0.3333333333333333,0.6190476190476191,0.3333333333333333,0.3333333333333333,0.38095238095238093,0.7142857142857143
E,0.4,0.6,0.5,0.5,0.9,0.5,0.35,0.55,0.45,0.4,0.45,0.55,0.45,0.6,0.35,0.35,0.35,0.9,0.3,0.5,0.3,0.35,0.45,0.4,0.45,0.55,0.6,0.3,0.5,0.35,0.35,0.3,0.55,0.4,0.35,0.45,0.45,0.45,0.3,0.25,0.35,0.4,0.45,0.55,0.6,0.25,0.55,0.45,0.5,0.55,0.4,0.45,0.25,0.5,0.4,0.45,0.5,0.5,0.35,0.6,0.45,0.55,0.65,0.45,0.5,0.45,0.35,0.6,0.7,0.45,0.35,0.6,0.75,0.35,0.7,0.3,0.6,0.35,0.35,0.45,0.35,0.5,0.4,0.65,0.35,0.4,0.35,0.45,0.7,0.55,0.5,0.35,0.65,0.35,0.4,0.45,0.65
G,0.9545454545454546,0.6363636363636364,0.5454545454545454,0.45454545454545453,0.45454545454545453,0.5,0.36363636363636365,0.5454545454545454,0.5,0.36363636363636365,0.4090909090909091,0.5,0.5454545454545454,0.4090909090909091,0.3181818181818182,0.36363636363636365,0.9545454545454546,0.45454545454545453,0.3181818181818182,0.8181818181818182,0.36363636363636365,1.0,0.45454545454545453,0.4090909090909091,0.5454545454545454,0.4090909090909091,0.5,0.36363636363636365,0.5,0.36363636363636365,0.36363636363636365,0.36363636363636365,0.45454545454545453,0.4090909090909091,0.9545454545454546,0.5,0.5,0.45454545454545453,0.36363636363636365,0.36363636363636365,0.36363636363636365,0.4090909090909091,0.5,0.5454545454545454,0.5,0.36363636363636365,0.6363636363636364,0.5,0.45454545454545453,0.5,0.4090909090909091,0.5454545454545454,0.36363636363636365,0.45454545454545453,0.4090909090909091,0.36363636363636365,0.5,0.45454545454545453,0.36363636363636365,0.5,0.5454545454545454,0.6363636363636364,0.5,0.5,0.5,0.45454545454545453,0.36363636363636365,0.45454545454545453,0.5,0.5454545454545454,0.9545454545454546,0.45454545454545453,0.5909090909090909,0.45454545454545453,0.5454545454545454,0.3181818181818182,0.45454545454545453,0.4090909090909091,0.9545454545454546,0.5454545454545454,0.9545454545454546,0.5454545454545454,0.4090909090909091,0.5909090909090909,0.9545454545454546,0.36363636363636365,0.4090909090909091,0.5,0.5,0.45454545454545453,0.5,0.4090909090909091,0.5454545454545454,0.4090909090909091,0.9545454545454546,0.6363636363636364,0.5454545454545454
H,0.3333333333333333,0.375,0.625,0.3333333333333333,0.375,0.375,0.2916666666666667,0.5,0.4166666666666667,0.4583333333333333,0.3333333333333333,0.375,0.3333333333333333,0.375,0.4583333333333333,0.4166666666666667,0.2916666666666667,0.375,0.25,0.4166666666666667,0.25,0.2916666666666667,0.3333333333333333,0.2916666666666667,0.3333333333333333,0.375,0.4166666666666667,0.3333333333333333,0.375,0.25,0.2916666666666667,0.3333333333333333,0.3333333333333333,0.2916666666666667,0.2916666666666667,0.3333333333333333,0.3333333333333333,0.4166666666666667,0.2916666666666667,0.25,0.25,0.2916666666666667,0.3333333333333333,0.4166666666666667,0.7083333333333334,0.20833333333333334,0.625,0.4583333333333333,0.375,0.4583333333333333,0.2916666666666667,0.3333333333333333,0.20833333333333334,0.4166666666666667,0.3333333333333333,0.9583333333333334,0.7083333333333334,0.4166666666666667,0.4583333333333333,0.5,0.5833333333333334,0.4166666666666667,0.5,0.3333333333333333,0.4166666666666667,0.3333333333333333,0.5416666666666666,0.4583333333333333,0.4166666666666667,0.4166666666666667,0.2916666666666667,0.375,0.4583333333333333,0.3333333333333333,0.4583333333333333,0.25,0.75,0.4583333333333333,0.2916666666666667,0.375,0.2916666666666667,0.375,0.3333333333333333,0.4166666666666667,0.2916666666666667,0.4166666666666667,0.3333333333333333,0.3333333333333333,0.4166666666666667,0.3333333333333333,0.5416666666666666,0.2916666666666667,0.4166666666666667,0.2916666666666667,0.3333333333333333,0.375,0.5416666666666666
I,0.4166666666666667,0.5,0.7083333333333334,0.625,0.5833333333333334,0.5833333333333334,0.6666666666666666,0.5,0.4166666666666667,0.4583333333333333,0.625,0.375,0.5,0.375,0.4166666666666667,0.4583333333333333,0.375,0.5,0.9583333333333334,0.4583333333333333,0.9166666666666666,0.3333333333333333,0.4583333333333333,0.375,0.4166666666666667,0.375,0.5416666666666666,0.5,0.5,0.6666666666666666,0.8333333333333334,0.5,0.375,0.4583333333333333,0.375,0.4166666666666667,0.4166666666666667,0.3333333333333333,0.5833333333333334,0.3333333333333333,0.7083333333333334,0.375,0.4166666666666667,0.625,0.5,0.4166666666666667,0.5416666666666666,0.6666666666666666,0.5833333333333334,0.4166666666666667,0.875,0.4583333333333333,0.4166666666666667,0.5833333333333334,0.6666666666666666,0.3333333333333333,0.4583333333333333,0.5,0.4166666666666667,0.4166666666666667,0.4166666666666667,0.4583333333333333,0.4583333333333333,0.4166666666666667,0.4583333333333333,0.4583333333333333,0.4583333333333333,0.625,0.4583333333333333,0.5,0.3333333333333333,0.4583333333333333,0.4583333333333333,0.5833333333333334,0.5,0.9583333333333334,0.4166666666666667,0.4166666666666667,0.375,0.4583333333333333,0.375,0.4583333333333333,0.7916666666666666,0.4583333333333333,0.375,0.625,0.7083333333333334,0.5416666666666666,0.5416666666666666,0.375,0.625,0.6666666666666666,0.5,0.8333333333333334,0.4583333333333333,0.5416666666666666,0.5
L,0.45454545454545453,0.5,0.6363636363636364,0.5454545454545454,0.5454545454545454,0.5909090909090909,0.9545454545454546,0.5454545454545454,0.4090909090909091,0.5,0.9090909090909091,0.4090909090909091,0.5454545454545454,0.45454545454545453,0.5,0.5454545454545454,0.4090909090909091,0.5454545454545454,0.6363636363636364,0.5,0.7727272727272727,0.36363636363636365,0.5,0.4090909090909091,0.45454545454545453,0.4090909090909091,0.5454545454545454,0.5909090909090909,0.5909090909090909,0.5909090909090909,0.7272727272727273,0.6818181818181818,0.36363636363636365,0.5,0.36363636363636365,0.4090909090909091,0.45454545454545453,0.36363636363636365,0.9545454545454546,0.45454545454545453,0.6363636363636364,0.4090909090909091,0.4090909090909091,0.5454545454545454,0.5,0.45454545454545453,0.5909090909090909,0.7272727272727273,0.7727272727272727,0.45454545454545453,0.7727272727272727,0.5,0.45454545454545453,0.7727272727272727,0.8636363636363636,0.4090909090909091,0.5,0.5454545454545454,0.5,0.45454545454545453,0.45454545454545453,0.5454545454545454,0.5454545454545454,0.4090909090909091,0.45454545454545453,0.5,0.5,0.5909090909090909,0.5,0.45454545454545453,0.36363636363636365,0.5,0.5454545454545454,0.5909090909090909,0.5,0.6363636363636364,0.5,0.5,0.4090909090909091,0.5454545454545454,0.4090909090909091,0.5454545454545454,0.8636363636363636,0.5,0.4090909090909091,0.6363636363636364,0.8636363636363636,0.45454545454545453,0.5454545454545454,0.36363636363636365,0.5909090909090909,0.7727272727272727,0.5454545454545454,0.7272727272727273,0.4090909090909091,0.5909090909090909,0.5454545454545454
K,0.45454545454545453,0.5,0.5,0.5,0.5,0.5,0.36363636363636365,0.7727272727272727,0.5,0.36363636363636365,0.4090909090909091,0.45454545454545453,0.45454545454545453,0.5,0.36363636363636365,0.36363636363636365,0.4090909090909091,0.5454545454545454,0.3181818181818182,0.5,0.36363636363636365,0.4090909090909091,0.45454545454545453,0.4090909090909091,0.45454545454545453,0.5,0.7272727272727273,0.3181818181818182,0.7272727272727273,0.36363636363636365,0.36363636363636365,0.3181818181818182,0.4090909090909091,0.4090909090909091,0.4090909090909091,0.45454545454545453,0.45454545454545453,0.45454545454545453,0.36363636363636365,0.2727272727272727,0.36363636363636365,0.4090909090909091,0.45454545454545453,0.7272727272727273,0.8636363636363636,0.2727272727272727,0.6363636363636364,0.45454545454545453,0.45454545454545453,0.5,0.45454545454545453,0.45454545454545453,0.2727272727272727,0.5454545454545454,0.5,0.4090909090909091,0.5909090909090909,0.8636363636363636,0.36363636363636365,0.7272727272727273,0.5,0.6818181818181818,0.8181818181818182,0.45454545454545453,0.5909090909090909,0.45454545454545453,0.36363636363636365,0.7727272727272727,0.8181818181818182,0.45454545454545453,0.4090909090909091,0.6818181818181818,0.6818181818181818,0.36363636363636365,0.5454545454545454,0.3181818181818182,0.5909090909090909,0.36363636363636365,0.4090909090909091,0.5,0.4090909090909091,0.5909090909090909,0.4090909090909091,0.6363636363636364,0.4090909090909091,0.36363636363636365,0.4090909090909091,0.45454545454545453,0.5909090909090909,0.4090909090909091,0.5454545454545454,0.36363636363636365,0.6818181818181818,0.36363636363636365,0.45454545454545453,0.45454545454545453,0.7727272727272727
M,0.38461538461538464,0.38461538461538464,0.5,0.46153846153846156,0.5,0.5,0.5769230769230769,0.46153846153846156,0.34615384615384615,0.38461538461538464,0.8076923076923077,0.4230769230769231,0.5769230769230769,0.38461538461538464,0.38461538461538464,0.38461538461538464,0.34615384615384615,0.4230769230769231,0.5,0.4230769230769231,0.5384615384615384,0.3076923076923077,0.38461538461538464,0.3076923076923077,0.38461538461538464,0.38461538461538464,0.5384615384615384,0.4230769230769231,0.46153846153846156,0.46153846153846156,0.5384615384615384,0.4230769230769231,0.3076923076923077,0.38461538461538464,0.3076923076923077,0.34615384615384615,0.38461538461538464,0.34615384615384615,0.5384615384615384,0.34615384615384615,0.5,0.3076923076923077,0.38461538461538464,0.46153846153846156,0.4230769230769231,0.34615384615384615,0.46153846153846156,0.5384615384615384,0.5384615384615384,0.38461538461538464,0.5384615384615384,0.38461538461538464,0.34615384615384615,0.5769230769230769,0.6153846153846154,0.34615384615384615,0.4230769230769231,0.4230769230769231,0.38461538461538464,0.38461538461538464,0.4230769230769231,0.4230769230769231,0.4230769230769231,0.34615384615384615,0.38461538461538464,0.38461538461538464,0.38461538461538464,0.5384615384615384,0.4230769230769231,0.34615384615384615,0.3076923076923077,0.4230769230769231,0.4230769230769231,0.5384615384615384,0.4230769230769231,0.5,0.4230769230769231,0.38461538461538464,0.34615384615384615,0.4230769230769231,0.34615384615384615,0.4230769230769231,0.6923076923076923,0.4230769230769231,0.34615384615384615,0.46153846153846156,0.5384615384615384,0.38461538461538464,0.46153846153846156,0.3076923076923077,0.5,0.5769230769230769,0.46153846153846156,0.5769230769230769,0.34615384615384615,0.46153846153846156,0.5
F,0.34782608695652173,0.34782608695652173,0.6086956521739131,0.5217391304347826,0.391304347826087,0.43478260869565216,0.4782608695652174,0.391304347826087,0.30434782608695654,0.7391304347826086,0.5217391304347826,0.30434782608695654,0.391304347826087,0.2608695652173913,0.6086956521739131,0.782608695652174,0.30434782608695654,0.34782608695652173,0.43478260869565216,0.391304347826087,0.4782608695652174,0.30434782608695654,0.391304347826087,0.2608695652173913,0.30434782608695654,0.2608695652173913,0.391304347826087,0.9565217391304348,0.391304347826087,0.391304347826087,0.4782608695652174,0.9565217391304348,0.2608695652173913,0.34782608695652173,0.30434782608695654,0.30434782608695654,0.34782608695652173,0.30434782608695654,0.5217391304347826,0.43478260869565216,0.43478260869565216,0.2608695652173913,0.34782608695652173,0.43478260869565216,0.34782608695652173,0.30434782608695654,0.4782608695652174,0.7391304347826086,0.782608695652174,0.391304347826087,0.5217391304347826,0.34782608695652173,0.30434782608695654,0.6956521739130435,0.782608695652174,0.34782608695652173,0.391304347826087,0.34782608695652173,0.6521739130434783,0.34782608695652173,0.34782608695652173,0.391304347826087,0.43478260869565216,0.30434782608695654,0.34782608695652173,0.34782608695652173,0.6956521739130435,0.391304347826087,0.34782608695652173,0.30434782608695654,0.30434782608695654,0.34782608695652173,0.43478260869565216,0.9130434782608695,0.391304347826087,0.4782608695652174,0.34782608695652173,0.6086956521739131,0.30434782608695654,0.34782608695652173,0.30434782608695654,0.34782608695652173,0.5217391304347826,0.391304347826087,0.34782608695652173,0.9130434782608695,0.7391304347826086,0.34782608695652173,0.391304347826087,0.2608695652173913,0.43478260869565216,0.5217391304347826,0.391304347826087,0.4782608695652174,0.34782608695652173,0.43478260869565216,0.43478260869565216
P,0.43478260869565216,0.9130434782608695,0.5217391304347826,0.9130434782608695,0.43478260869565216,0.8695652173913043,0.43478260869565216,0.4782608695652174,0.391304347826087,0.34782608695652173,0.391304347826087,0.43478260869565216,0.4782608695652174,0.43478260869565216,0.34782608695652173,0.34782608695652173,0.391304347826087,0.6956521739130435,0.34782608695652173,0.4782608695652174,0.391304347826087,0.391304347826087,0.43478260869565216,1.0,0.9565217391304348,0.391304347826087,0.6521739130434783,0.30434782608695654,0.4782608695652174,0.391304347826087,0.391304347826087,0.30434782608695654,0.391304347826087,0.43478260869565216,0.391304347826087,0.43478260869565216,0.43478260869565216,0.391304347826087,0.34782608695652173,0.2608695652173913,0.391304347826087,1.0,0.43478260869565216,0.4782608695652174,0.5217391304347826,0.34782608695652173,0.6956521739130435,0.6521739130434783,0.43478260869565216,0.4782608695652174,0.4782608695652174,0.6521739130434783,0.34782608695652173,0.391304347826087,0.43478260869565216,0.34782608695652173,0.5217391304347826,0.43478260869565216,0.34782608695652173,0.43478260869565216,0.5652173913043478,0.4782608695652174,0.4782608695652174,0.43478260869565216,0.4782608695652174,0.43478260869565216,0.34782608695652173,0.4782608695652174,0.6956521739130435,0.391304347826087,0.391304347826087,0.4782608695652174,0.6521739130434783,0.391304347826087,0.4782608695652174,0.34782608695652173,0.43478260869565216,0.34782608695652173,0.4782608695652174,0.4782608695652174,0.391304347826087,0.4782608695652174,0.43478260869565216,0.4782608695652174,0.391304347826087,0.34782608695652173,0.391304347826087,0.43478260869565216,0.4782608695652174,0.43478260869565216,0.4782608695652174,0.391304347826087,0.4782608695652174,0.391304347826087,0.6086956521739131,0.4782608695652174,0.5217391304347826
S,0.5238095238095238,0.6190476190476191,0.6666666666666666,0.5238095238095238,0.5238095238095238,0.5714285714285714,0.38095238095238093,0.7619047619047619,0.5238095238095238,0.47619047619047616,0.42857142857142855,0.47619047619047616,0.5714285714285714,0.47619047619047616,0.38095238095238093,0.38095238095238093,0.5714285714285714,0.5238095238095238,0.38095238095238093,0.8095238095238095,0.38095238095238093,0.47619047619047616,0.7142857142857143,0.47619047619047616,0.5238095238095238,0.47619047619047616,0.6666666666666666,0.3333333333333333,0.6666666666666666,0.42857142857142855,0.42857142857142855,0.38095238095238093,0.47619047619047616,0.6190476190476191,0.47619047619047616,0.9523809523809523,0.9523809523809523,0.5238095238095238,0.38095238095238093,0.2857142857142857,0.42857142857142855,0.42857142857142855,0.9523809523809523,0.7619047619047619,0.5714285714285714,0.42857142857142855,0.7619047619047619,0.5238095238095238,0.6190476190476191,0.8095238095238095,0.47619047619047616,0.5714285714285714,0.42857142857142855,0.47619047619047616,0.5238095238095238,0.42857142857142855,0.7619047619047619,0.5238095238095238,0.38095238095238093,0.5238095238095238,0.9047619047619048,0.8095238095238095,0.6190476190476191,0.9523809523809523,0.9047619047619048,0.7619047619047619,0.38095238095238093,0.5238095238095238,0.6190476190476191,0.5238095238095238,0.47619047619047616,0.6190476190476191,0.7619047619047619,0.42857142857142855,0.7619047619047619,0.38095238095238093,0.5714285714285714,0.38095238095238093,0.5238095238095238,0.8571428571428571,0.5238095238095238,0.9047619047619048,0.5238095238095238,0.8571428571428571,0.47619047619047616,0.38095238095238093,0.5238095238095238,0.9523809523809523,0.5714285714285714,0.47619047619047616,0.6666666666666666,0.42857142857142855,0.7142857142857143,0.42857142857142855,0.5238095238095238,0.5714285714285714,0.6190476190476191
T,0.4782608695652174,0.6086956521739131,0.6956521739130435,0.5217391304347826,0.5652173913043478,0.6086956521739131,0.4782608695652174,0.6956521739130435,0.4782608695652174,0.43478260869565216,0.4782608695652174,0.4782608695652174,0.6086956521739131,0.43478260869565216,0.391304347826087,0.391304347826087,0.4782608695652174,0.5217391304347826,0.4782608695652174,0.6956521739130435,0.4782608695652174,0.43478260869565216,0.9130434782608695,0.43478260869565216,0.4782608695652174,0.43478260869565216,0.6956521739130435,0.391304347826087,0.8260869565217391,0.4782608695652174,0.5652173913043478,0.391304347826087,0.43478260869565216,0.9565217391304348,0.43478260869565216,0.5652173913043478,0.5652173913043478,0.4782608695652174,0.4782608695652174,0.34782608695652173,0.4782608695652174,0.43478260869565216,0.5652173913043478,0.6521739130434783,0.5217391304347826,0.43478260869565216,0.6086956521739131,0.5217391304347826,0.7391304347826086,0.5652173913043478,0.5652173913043478,0.5652173913043478,0.43478260869565216,0.4782608695652174,0.6086956521739131,0.391304347826087,0.6086956521739131,0.5217391304347826,0.391304347826087,0.5217391304347826,0.5652173913043478,0.6956521739130435,0.5217391304347826,0.5652173913043478,0.6521739130434783,0.9130434782608695,0.391304347826087,0.6086956521739131,0.5217391304347826,0.4782608695652174,0.43478260869565216,0.8695652173913043,0.6086956521739131,0.43478260869565216,0.6086956521739131,0.4782608695652174,0.5217391304347826,0.391304347826087,0.43478260869565216,0.8260869565217391,0.43478260869565216,0.5652173913043478,0.5217391304347826,0.6956521739130435,0.43478260869565216,0.43478260869565216,0.4782608695652174,0.5652173913043478,0.7391304347826086,0.43478260869565216,0.782608695652174,0.5217391304347826,0.782608695652174,0.5217391304347826,0.4782608695652174,0.5652173913043478,0.5652173913043478
W,0.37037037037037035,0.3333333333333333,0.5185185185185185,0.3333333333333333,0.3333333333333333,0.3333333333333333,0.37037037037037035,0.3333333333333333,0.25925925925925924,0.48148148148148145,0.37037037037037035,0.25925925925925924,0.3333333333333333,0.3333333333333333,0.48148148148148145,0.48148148148148145,0.3333333333333333,0.3333333333333333,0.2962962962962963,0.3333333333333333,0.3333333333333333,0.3333333333333333,0.4074074074074074,0.25925925925925924,0.2962962962962963,0.3333333333333333,0.37037037037037035,0.4444444444444444,0.3333333333333333,0.2962962962962963,0.3333333333333333,0.4444444444444444,0.2222222222222222,0.2962962962962963,0.3333333333333333,0.2962962962962963,0.2962962962962963,0.25925925925925924,0.37037037037037035,1.0,0.2962962962962963,0.25925925925925924,0.2962962962962963,0.37037037037037035,0.3333333333333333,0.2962962962962963,0.5555555555555556,0.6296296296296297,0.5555555555555556,0.3333333333333333,0.5185185185185185,0.3333333333333333,0.2962962962962963,0.7777777777777778,0.4444444444444444,0.2962962962962963,0.3333333333333333,0.5185185185185185,0.48148148148148145,0.3333333333333333,0.3333333333333333,0.3333333333333333,0.37037037037037035,0.2962962962962963,0.3333333333333333,0.3333333333333333,0.5185185185185185,0.37037037037037035,0.3333333333333333,0.25925925925925924,0.3333333333333333,0.3333333333333333,0.37037037037037035,0.48148148148148145,0.3333333333333333,0.3333333333333333,0.3333333333333333,0.48148148148148145,0.3333333333333333,0.3333333333333333,0.3333333333333333,0.3333333333333333,0.37037037037037035,0.3333333333333333,0.3333333333333333,0.48148148148148145,0.4074074074074074,0.2962962962962963,0.37037037037037035,0.25925925925925924,0.37037037037037035,0.3333333333333333,0.37037037037037035,0.3333333333333333,0.3333333333333333,0.4074074074074074,0.4074074074074074
Y,0.3181818181818182,0.36363636363636365,0.5,0.4090909090909091,0.36363636363636365,0.4090909090909091,0.4090909090909091,0.4090909090909091,0.3181818181818182,0.9545454545454546,0.4090909090909091,0.3181818181818182,0.36363636363636365,0.3181818181818182,1.0,0.9545454545454546,0.2727272727272727,0.36363636363636365,0.36363636363636365,0.36363636363636365,0.36363636363636365,0.2727272727272727,0.36363636363636365,0.2727272727272727,0.2727272727272727,0.3181818181818182,0.45454545454545453,0.5909090909090909,0.36363636363636365,0.36363636363636365,0.4090909090909091,0.5454545454545454,0.2727272727272727,0.3181818181818182,0.2727272727272727,0.3181818181818182,0.36363636363636365,0.3181818181818182,0.36363636363636365,0.5,0.36363636363636365,0.2727272727272727,0.3181818181818182,0.4090909090909091,0.45454545454545453,0.2727272727272727,0.5,0.7727272727272727,0.5909090909090909,0.5454545454545454,0.45454545454545453,0.3181818181818182,0.2727272727272727,0.7727272727272727,0.5,0.45454545454545453,0.45454545454545453,0.36363636363636365,1.0,0.5,0.4090909090909091,0.4090909090909091,0.4090909090909091,0.3181818181818182,0.36363636363636365,0.36363636363636365,1.0,0.4090909090909091,0.4090909090909091,0.3181818181818182,0.2727272727272727,0.36363636363636365,0.4090909090909091,0.5454545454545454,0.4090909090909091,0.36363636363636365,0.45454545454545453,1.0,0.2727272727272727,0.36363636363636365,0.2727272727272727,0.4090909090909091,0.4090909090909091,0.4090909090909091,0.45454545454545453,0.7727272727272727,0.5454545454545454,0.3181818181818182,0.5454545454545454,0.2727272727272727,0.45454545454545453,0.4090909090909091,0.4090909090909091,0.4090909090909091,0.3181818181818182,0.4090909090909091,0.45454545454545453
V,0.43478260869565216,0.5652173913043478,0.7391304347826086,0.5217391304347826,0.782608695652174,0.6086956521739131,0.6521739130434783,0.5217391304347826,0.391304347826087,0.4782608695652174,0.6086956521739131,0.391304347826087,0.6086956521739131,0.43478260869565216,0.43478260869565216,0.4782608695652174,0.391304347826087,0.6956521739130435,0.6956521739130435,0.5217391304347826,0.6956521739130435,0.391304347826087,0.5217391304347826,0.391304347826087,0.4782608695652174,0.391304347826087,0.5652173913043478,0.4782608695652174,0.5217391304347826,0.9565217391304348,0.8695652173913043,0.4782608695652174,0.391304347826087,0.5217391304347826,0.4782608695652174,0.43478260869565216,0.4782608695652174,0.391304347826087,0.6086956521739131,0.34782608695652173,0.9565217391304348,0.391304347826087,0.43478260869565216,0.6521739130434783,0.4782608695652174,0.4782608695652174,0.5652173913043478,0.6086956521739131,0.6086956521739131,0.5217391304347826,0.782608695652174,0.5217391304347826,0.4782608695652174,0.5652173913043478,0.6521739130434783,0.34782608695652173,0.5217391304347826,0.4782608695652174,0.4782608695652174,0.43478260869565216,0.4782608695652174,0.5217391304347826,0.5217391304347826,0.43478260869565216,0.4782608695652174,0.5217391304347826,0.4782608695652174,0.782608695652174,0.5217391304347826,0.43478260869565216,0.391304347826087,0.5217391304347826,0.5217391304347826,0.5652173913043478,0.5652173913043478,0.6521739130434783,0.4782608695652174,0.4782608695652174,0.5217391304347826,0.5217391304347826,0.43478260869565216,0.4782608695652174,0.7391304347826086,0.5217391304347826,0.5217391304347826,0.5652173913043478,0.6956521739130435,0.4782608695652174,0.5652173913043478,0.391304347826087,0.7391304347826086,0.9130434782608695,0.5652173913043478,0.8695652173913043,0.4782608695652174,0.5652173913043478,0.5217391304347826
