,E,T,H,R,R.1,V,R.2,L,L.1,K,H.1,G,S,D,K.1,P,L.2,G.1,F,Y,I,R.3,D.1,G.2,T.1,S.1,V.1,R.4,V.2,T.2,A,S.2,G.3,L.3,E.1,K.2,Q,P.1,G.4,I.1,F.1,I.2,S.3,R.5,L.4,V.3,P.2,G.5,G.6,L.5,A.1,E.2,S.4,T.3,G.7,L.6,L.7,A.2,V.4,N,D.2,E.3,V.5,I.3,E.4,V.6,N.1,G.8,I.4,E.5,V.7,A.3,G.9,K.3,T.4,L.8,D.3,Q.1,V.8,T.5,D.4,M,M.1,V.9,A.4,N.2,S.5,S.6,N.3,L.9,I.5,I.6,T.6,V.10,K.4,P.3,A.5,N.4
ASA,0.7743589743589744,0.4507692307692308,0.45333333333333337,0.5635897435897436,0.5430769230769231,0.06256410256410257,0.497948717948718,0.0758974358974359,0.26666666666666666,0.4174358974358975,0.518974358974359,0.31333333333333335,0.2723076923076923,0.6102564102564103,0.5087179487179487,0.2235897435897436,0.0758974358974359,0.03743589743589744,0.02512820512820513,0.2405128205128205,0.08461538461538462,0.3564102564102564,0.43487179487179495,0.24769230769230768,0.4374358974358975,0.3230769230769231,0.3107692307692308,0.6512820512820513,0.28974358974358977,0.2276923076923077,0.4517948717948718,0.37128205128205133,0.18615384615384614,0.2353846153846154,0.5533333333333333,0.6297435897435898,0.17538461538461536,0.2866666666666667,0.0441025641025641,0.03333333333333333,0.15487179487179487,0.029743589743589746,0.1856410256410256,0.36923076923076925,0.14102564102564102,0.19846153846153844,0.4297435897435898,0.2282051282051282,0.07846153846153847,0.27487179487179486,0.04153846153846154,0.5092307692307693,0.3984615384615385,0.25999999999999995,0.2733333333333333,0.21641025641025638,0.019487179487179485,0.2482051282051282,0.38000000000000006,0.47076923076923083,0.12974358974358974,0.39692307692307693,0.038461538461538464,0.29846153846153844,0.3194871794871795,0.054358974358974355,0.4235897435897436,0.30358974358974355,0.32871794871794874,0.5800000000000001,0.05641025641025641,0.3343589743589744,0.31487179487179484,0.28410256410256407,0.30358974358974355,0.20666666666666667,0.4733333333333334,0.4312820512820513,0.03333333333333333,0.13538461538461538,0.4420512820512821,0.22717948717948716,0.05897435897435897,0.3169230769230769,0.34153846153846157,0.3348717948717949,0.32923076923076927,0.33641025641025646,0.34051282051282056,0.05025641025641026,0.2323076923076923,0.02923076923076923,0.18769230769230769,0.04717948717948719,0.3974358974358974,0.2835897435897436,0.28307692307692306,0.6882051282051282
HSE_alpha_up,0.12258064516129032,0.2161290322580645,0.3645161290322581,0.28064516129032263,0.3387096774193548,0.7258064516129032,0.2387096774193548,0.7580645161290323,0.3580645161290323,0.42580645161290326,0.33225806451612905,0.04516129032258065,0.2387096774193548,0.08064516129032258,0.22903225806451613,0.4903225806451613,0.7451612903225807,0.635483870967742,0.8161290322580645,0.4612903225806452,0.7193548387096774,0.40645161290322585,0.267741935483871,0.14838709677419354,0.17096774193548386,0.22903225806451613,0.4,0.1870967741935484,0.44193548387096776,0.28064516129032263,0.08709677419354837,0.10967741935483871,0.25483870967741934,0.5451612903225808,0.22903225806451613,0.2032258064516129,0.5774193548387098,0.3548387096774194,0.5870967741935483,0.7935483870967742,0.5290322580645161,0.8096774193548387,0.3870967741935484,0.2903225806451613,0.7064516129032259,0.37419354838709684,0.23548387096774193,0.14516129032258066,0.4580645161290323,0.44193548387096776,0.7096774193548387,0.25806451612903225,0.07419354838709677,0.3870967741935484,0.0967741935483871,0.4741935483870968,0.8516129032258065,0.15161290322580645,0.40645161290322585,0.16451612903225804,0.5645161290322581,0.31290322580645163,0.8,0.32903225806451614,0.2709677419354839,0.7580645161290323,0.2612903225806452,0.07096774193548386,0.33548387096774196,0.18064516129032257,0.7290322580645162,0.24516129032258063,0.029032258064516134,0.4806451612903226,0.15483870967741936,0.6548387096774194,0.11290322580645161,0.1870967741935484,0.7548387096774194,0.5451612903225808,0.09032258064516129,0.37419354838709684,0.7483870967741936,0.3806451612903226,0.14516129032258066,0.3806451612903226,0.2645161290322581,0.22580645161290322,0.31612903225806455,0.7774193548387097,0.3258064516129033,0.8161290322580645,0.31290322580645163,0.7838709677419355,0.2838709677419355,0.3838709677419355,0.3806451612903226,0.08709677419354837
HSE_alpha_down,0.13355048859934857,0.2899022801302931,0.3355048859934854,0.4527687296416938,0.5635179153094463,0.4039087947882736,0.752442996742671,0.43322475570032576,0.6026058631921825,0.43322475570032576,0.3745928338762215,0.3615635179153095,0.2931596091205212,0.4006514657980456,0.45602605863192186,0.5342019543973942,0.5700325732899023,0.7133550488599348,0.6905537459283387,0.8143322475570033,0.5439739413680782,0.4788273615635179,0.43322475570032576,0.3843648208469056,0.3485342019543974,0.39413680781758964,0.3355048859934854,0.4788273615635179,0.36482084690553745,0.39087947882736157,0.3843648208469056,0.3583061889250814,0.4169381107491857,0.30293159609120524,0.49837133550488605,0.5276872964169381,0.3811074918566775,0.6482084690553745,0.6319218241042345,0.6547231270358306,0.8241042345276873,0.5570032573289901,0.6807817589576547,0.755700325732899,0.45602605863192186,0.5602605863192183,0.5667752442996742,0.5439739413680782,0.4136807817589576,0.504885993485342,0.3355048859934854,0.45602605863192186,0.501628664495114,0.3485342019543974,0.5439739413680782,0.4657980456026059,0.27361563517915305,0.7785016286644951,0.5146579804560261,0.5895765472312703,0.44951140065146583,0.758957654723127,0.40716612377850164,0.6254071661237784,0.7361563517915309,0.3355048859934854,0.45928338762214976,0.4267100977198697,0.33876221498371334,0.6254071661237784,0.2768729641693811,0.47557003257328984,0.4527687296416938,0.2638436482084691,0.6775244299674268,0.3452768729641694,0.5798045602605864,0.5765472312703583,0.43322475570032576,0.5276872964169381,0.6677524429967426,0.5472312703583062,0.4299674267100977,0.48859934853420195,0.504885993485342,0.3322475570032573,0.43322475570032576,0.482084690553746,0.5895765472312703,0.44951140065146583,0.7817589576547231,0.4723127035830619,0.7915309446254072,0.4788273615635179,0.6514657980456027,0.482084690553746,0.30944625407166126,0.23452768729641696
P(C),0.995,0.958,0.507,0.187,0.055,0.033,0.025,0.063,0.114,0.449,0.843,0.973,0.96,0.977,0.9279999999999999,0.897,0.795,0.45399999999999996,0.077,0.011000000000000001,0.018000000000000002,0.156,0.862,0.9590000000000001,0.8320000000000001,0.638,0.461,0.379,0.392,0.754,0.88,0.872,0.868,0.6990000000000001,0.662,0.715,0.8640000000000001,0.915,0.535,0.078,0.011000000000000001,0.013000000000000001,0.052000000000000005,0.034,0.081,0.5589999999999999,0.9229999999999999,0.9590000000000001,0.892,0.191,0.109,0.084,0.14,0.486,0.98,0.972,0.8170000000000001,0.938,0.992,0.998,0.988,0.069,0.027000000000000003,0.025,0.017,0.028999999999999998,0.997,0.998,0.061,0.064,0.63,0.91,0.978,0.99,0.9690000000000001,0.027000000000000003,0.017,0.005,0.002,0.001,0.002,0.002,0.01,0.08900000000000001,0.35200000000000004,0.868,0.903,0.934,0.588,0.099,0.012,0.005,0.003,0.01,0.065,0.364,0.96,0.9990000000000001
P(H),0.0,0.001,0.004,0.002,0.0,0.0,0.0,0.001,0.002,0.008,0.011000000000000001,0.008,0.003,0.006,0.004,0.01,0.018000000000000002,0.006,0.0,0.0,0.0,0.001,0.006999999999999999,0.018000000000000002,0.038,0.07400000000000001,0.08,0.05,0.027000000000000003,0.036000000000000004,0.105,0.111,0.085,0.107,0.09300000000000001,0.079,0.011000000000000001,0.009000000000000001,0.008,0.0,0.0,0.0,0.0,0.0,0.0,0.001,0.013000000000000001,0.035,0.086,0.8079999999999999,0.8909999999999999,0.9159999999999999,0.86,0.509,0.017,0.011000000000000001,0.006,0.001,0.0,0.001,0.0,0.001,0.0,0.0,0.0,0.0,0.002,0.002,0.0,0.0,0.033,0.019,0.013999999999999999,0.001,0.002,0.973,0.983,0.995,0.998,0.9990000000000001,0.998,0.998,0.99,0.9109999999999999,0.648,0.128,0.08199999999999999,0.040999999999999995,0.02,0.0,0.0,0.0,0.0,0.0,0.0,0.001,0.0,0.0
P(E),0.005,0.040999999999999995,0.489,0.8109999999999999,0.9440000000000001,0.966,0.975,0.937,0.885,0.5429999999999999,0.147,0.019,0.037000000000000005,0.017,0.068,0.094,0.188,0.54,0.922,0.9890000000000001,0.982,0.8420000000000001,0.131,0.023,0.13,0.28800000000000003,0.45899999999999996,0.5720000000000001,0.581,0.209,0.015,0.017,0.048,0.19399999999999998,0.245,0.20600000000000002,0.125,0.077,0.457,0.922,0.9890000000000001,0.987,0.9470000000000001,0.966,0.919,0.44,0.065,0.006,0.021,0.002,0.001,0.0,0.0,0.005,0.002,0.017,0.17800000000000002,0.061,0.006999999999999999,0.001,0.012,0.93,0.973,0.975,0.983,0.971,0.001,0.001,0.9390000000000001,0.9359999999999999,0.337,0.071,0.008,0.01,0.028999999999999998,0.0,0.0,0.0,0.0,0.0,0.0,0.0,0.0,0.0,0.0,0.005,0.015,0.025,0.392,0.9009999999999999,0.988,0.995,0.997,0.99,0.935,0.636,0.04,0.001
cosPhi,0.4773199599336429,0.4607718557259904,0.3554851843964611,0.2871112288073927,0.4028840516437707,0.26990092977248764,0.352147047678138,0.43387312652322,0.30865922404626467,0.5252980701861595,0.5357503541535911,0.6039576851673287,0.36302149647937676,0.5962627995814647,0.41060014320011706,0.6726511485097596,0.5061100421154097,0.1706557897873956,0.13731323277345817,0.18601903782114906,0.4278232027221915,0.4217840523062772,0.5479245453320296,0.5979748936551013,0.4512099245830598,0.4295506925161164,0.37819364614954565,0.3380423206356746,0.3926335324453897,0.39860756654859514,0.7121018805568672,0.5017468541143808,0.4991288562489504,0.49825619206600325,0.45903214397543274,0.4808075600783365,0.31675035151361963,0.6445178617839229,0.06142710526467874,0.3380423206356746,0.2894829751309287,0.558337069339914,0.48604066120123346,0.056494755503580935,0.35883036463725004,0.30624313964295163,0.7081425532535844,0.5348798662076556,0.5130900371139817,0.7097282031766333,0.7136811056883583,0.7073487760335222,0.6701918166254716,0.4869130090664023,0.612477392882869,0.5470558230848983,0.2515137856402486,0.29743011263308355,0.7269974644284428,0.5409709022049514,0.5996857939541361,0.43214353016598256,0.5790807976064348,0.4520785008483544,0.0622679261787486,0.17860673922341846,0.7781501781287403,0.5808036797790674,0.38922693684211457,0.6056642431846112,0.422646094302586,0.6889224919850222,0.5531337206080733,0.4799355656995726,0.4555542392629396,0.7515122625500567,0.7231011092446092,0.6953676824535783,0.7105200710494552,0.7269974644284428,0.7089356964399721,0.6937599065374325,0.6929551320220594,0.6783710660941525,0.6353021582270091,0.4494732205808638,0.5954063113977738,0.5061100421154097,0.3126976558226076,0.2831713202945214,0.34383358811982473,0.2722283756374541,0.33063204703914234,0.31593868606095754,0.2902748430037506,0.6445178617839229,0.6073695137349944,0.4755765637897801
cosPsi,0.12436793324824447,0.15709082353631187,0.15709082353631187,0.12264520988861405,0.17793818511930676,0.1470642146606596,0.1963120801383566,0.1772711561380248,0.1577264470356558,0.17594004946843456,0.23356186196463496,0.9999725846827561,0.06482215203005015,0.9995614150494292,0.11474337861210532,0.10599462319663905,0.9894336943808425,0.00010965826257719469,0.07551415618542928,0.09963431452563332,0.19978988733705788,0.17860619515673032,0.9100759379368861,0.9885227872176319,0.7324210228623099,0.19285739995052836,0.17328969800494726,0.13911988595081892,0.16673376487527364,0.005363833518505889,0.9538887392664543,0.9999078560608221,0.998900734146025,0.2357808326388265,0.16478669052060047,0.3773463070605987,0.13136133159493796,0.35966664553960614,1.903846791440067e-05,0.15455879446157106,0.17660511024477016,0.21968050271837924,0.9368861115177326,0.06962898649802812,0.17527597583490823,0.1278442268844231,0.13551568628929417,0.9997251079708787,0.014019499710726802,0.9188593583102194,0.8784975278258782,0.8987919644126143,0.9338827266844643,0.9987820251299121,0.9861849601988383,0.9713207455460893,0.11866583515215595,0.035111757055874215,0.128427587261303,0.999779930059692,0.07690341693621794,0.18737867183214757,0.2182369755312143,0.9360346362160603,0.07505365350656812,0.20048820074220713,0.8818980143173211,0.9985263761134602,0.15900081996875082,0.1963120801383566,0.9996314582053105,0.23061460749656842,0.9999969538288952,0.08019006773279347,0.028099524208385296,0.8977367404274479,0.8907602362094094,0.8902152036691648,0.8656768508095852,0.8762074544478622,0.8880232035332729,0.8802029828000155,0.8841417617967617,0.9135402871372809,0.9410634330088339,0.9744380058222482,0.9999878153526973,0.9997532801828658,0.19216926233717085,0.15079235728449697,0.2167968815375837,0.16934406733817403,0.20399341060039022,0.18669809431776974,0.20048820074220713,0.08992406206311393,0.3054380249298968,0.402882824390014
cosTheta,0.4517332467179547,0.47800120028332294,0.4146201200552919,0.34442393053354825,0.43227161075371034,0.3262885532342532,0.43065937896758133,0.43227161075371034,0.37832383387602486,0.49126618045370296,0.5417357272020121,0.7256457903291439,0.41143064422930514,0.7941527359009306,0.3535870578560153,0.509641979357046,0.6298479249336872,0.2635028306260976,0.19780801354459113,0.2466277941250283,0.4517332467179547,0.4681090763360572,0.6828032523949645,0.6952590488486456,0.5742471545563521,0.47800120028332294,0.4452227116948749,0.3908523000372318,0.42422545557112357,0.28210963022643654,0.8850985347690807,0.8268175328582282,0.6899166051702665,0.5197295739437523,0.5113201377738956,0.5587971963581544,0.3535870578560153,0.6386221761417287,0.24245500841980955,0.3643560276300626,0.3689968558775661,0.5298612374399017,0.7490005168084555,0.11237607968714354,0.39242568378603776,0.35665532529608984,0.5725261904033072,0.7724440909438196,0.2777861834122121,0.8686876429626403,0.86322004664864,0.8741566897177764,0.8905710330890404,0.8032150501723183,0.8559324335465859,0.8032150501723183,0.2663436026757517,0.23830084163974094,0.5605095074425451,0.8250000700976063,0.4066580979396468,0.45663119371974764,0.5383371526776111,0.7220614081598619,0.11469299658436602,0.31731829200591355,0.8723335222271821,0.8413671630595275,0.38614186831603275,0.5400358587944194,0.6916967212324558,0.5863232358145174,0.8086568101222078,0.3705471715253891,0.31137487164519795,0.8960443819059408,0.8887467650732546,0.8650424083394216,0.85228980488783,0.8668649422946731,0.8832745835938351,0.8577540506726897,0.8413671630595275,0.8413671630595275,0.8177332168084087,0.6544696826357251,0.7023919340836179,0.6845805130313294,0.40189966886449263,0.33079822632144396,0.4403550296935927,0.3398660392704277,0.42262075015758943,0.37832383387602486,0.4003166855571702,0.48296557210160435,0.6141107089473745,0.5656530193619944
cosTau,0.20822939432194132,0.12207326541618024,0.045745911236639014,0.018654126786760594,0.10438823351625504,0.012232728027071593,0.05529181335435124,0.06874316539637126,0.017952297882945,0.1634937432451133,0.18128800512565513,0.9859805002892732,0.43646769569932475,0.15016832974331723,0.41059889244182524,0.3413476717974539,0.09755310132204292,0.4037390167370464,0.2254885910009342,0.021847622018482227,0.11979701719998453,0.05569138367252563,0.2153602382845779,0.6751036906297337,0.6048092814519109,0.09294224082184044,0.016145414759014376,0.04322727117869962,0.07971669825215788,0.04501936456172839,0.46686304979999993,0.8240599505315654,0.41747619706966116,0.4157553102174987,0.02314152462588659,0.7627358255361338,6.8538762866277025e-06,0.23208660251050156,0.32653217421337216,0.6116250580054757,0.02474213418610821,0.1558227121531231,4.873799534788059e-05,0.9991709083070142,0.08353937964495028,0.012041619030626283,0.4564221286261709,0.9686409947459458,0.20964852214453011,0.4037390167370464,0.8036879198616433,0.8022995574311875,0.8105738901391552,0.8306559326618259,0.3413476717974539,0.19978988733705788,0.7774222137239997,0.03197023213051342,0.51919390454376,0.9648882429441257,0.14276366018359843,0.15645624459778856,0.19700579986714456,0.0014736238865398765,0.9998050575201771,0.008214264593306986,0.9867894514365803,0.8085179375703744,0.2568323097882548,0.2530290667078846,0.0013427613877710076,0.2182369755312143,0.9733246300578482,0.24547929212481434,0.14215363314813223,0.3488150546247778,0.786788218175523,0.818039110138882,0.8160146513324255,0.8064535268264883,0.818039110138882,0.8227288438619753,0.8200548497424778,0.8078307376628291,0.8029942001328555,0.8273704068586698,0.0008290916929857839,0.5270394064923877,0.7515099733151176,0.012619402904389176,0.048707357825069686,0.010566305619157501,0.03075348862022198,0.019853157161528412,0.015708419435684406,0.2568323097882548,0.2530290667078846,0.7597595559397547
sinPhi,0.0005147151046426268,0.0015413331334360736,0.02134025123396638,0.04758647376699021,0.009522422325404178,0.056092307431799326,0.022360818938828186,0.004392229874229214,0.038060233744356575,0.0006403214079068187,0.001279608534527965,0.9890738003669028,0.01912934522539439,0.00935366800387738,0.008057481033229175,0.03075348862022198,3.731516977401039e-05,0.8762074544478623,0.15582271215312304,0.11087842573698947,0.005237105465515202,0.006155829702431115,0.0023019008164105736,0.9903073292733064,0.0023863000090844078,0.004988171141721176,0.015063992357626621,0.026957320586227407,0.011663860832915984,0.010388594689117181,0.04721560049443019,3.046171104803541e-06,0.9999992384566438,3.046171104803541e-06,0.0016813065909817015,0.0003685417946894254,0.03479121600898771,0.02134025123396638,0.7401117487215945,0.026957320586227407,0.046477992854267514,0.0034146752307570027,0.00019494247982282387,0.26912569338248304,0.020343012729971188,0.039068424205749686,0.04538194547646579,0.9987820251299121,0.00017133751222142557,0.0461112607335456,0.047958725169610805,0.04501936456172839,0.029855936494790625,0.00017133751222142557,0.9871850323926177,0.002219017698460002,0.0661172733155358,0.04287302238286811,0.054496737905816106,0.9983186934090182,0.010037647689585205,0.0046260797642782014,0.006293096624544303,0.0023019008164105736,0.2583588083724987,0.116977778440511,0.9154922346371641,0.9934278582034036,0.012425322847218423,0.011292052856952006,0.006020067115305394,0.03706470759500258,0.9971689720666024,0.00040280244277701716,0.001979467294615178,0.06786259902314767,0.052532819198987446,0.03974757327377981,0.046477992854267625,0.054496737905816106,0.04574591123663918,0.0390684242057498,0.03873095527187681,0.03289776283948531,0.018654126786760594,0.0025596455856058964,0.009186408276167957,3.731516977401039e-05,0.03640807271660629,0.04946148933895422,0.02501397423767371,0.05489359769443669,0.029559615522887217,0.035111757055874215,0.04611126073354571,0.02134025123396638,0.011663860832915984,0.0005969313292830125
sinPsi,0.8300008339804684,0.8638863788286053,0.8638863788286053,0.8280295144952536,0.882460700459216,0.8541699188622645,0.897207310267709,0.8818980143173212,0.8644843137107059,0.8807691537683684,0.9230965830637821,0.4947641079418771,0.7462117800517336,0.47906217313540017,0.8187119948743448,0.8078307376628292,0.6022480259208952,0.4895287900583217,0.7642191673611736,0.799511799257793,0.8998423292435451,0.883022221559489,0.7860729367227581,0.39348480686251175,0.942696812877208,0.8945420424173454,0.8784975278258782,0.8460715869352033,0.8727379998414311,0.573041514281206,0.2902739587769114,0.49040127880015516,0.5331369502000001,0.9244858438145708,0.8709879204878082,0.9847226749475694,0.8377951038078302,0.9799026459875935,0.5043632677491869,0.8614835729547843,0.8813341648478441,0.9140301673112472,0.2568323097882548,0.7545207078751855,0.8802029828000154,0.8339162777355235,0.8422735529643443,0.4834224108057369,0.6175710565512951,0.22694901949278545,0.1732896980049473,0.19839600612735875,0.2515130194862223,0.46512176312793735,0.6167226819279527,0.3330965703831146,0.8233948897552299,0.6840622763423388,0.8345653031794291,0.5148331220425554,0.7664381380353649,0.890215203669165,0.9130491472478819,0.25530877412557684,0.7634778977483389,0.9003656854743667,0.8227288438619753,0.5383595140634093,0.8656768508095853,0.897207310267709,0.51919390454376,0.9212261985035737,0.5017453257076119,0.7715872249753355,0.6652571963566115,0.1970057998671445,0.1880602016453069,0.1873786718321474,0.15900081996875076,0.17065526994065977,0.18466209628435687,0.17527597583490817,0.17994515025752228,0.2189583110739347,0.264494059390295,0.6578245184735512,0.49650936985101923,0.48429462046093585,0.894005376803361,0.8578463668518679,0.912063094311008,0.8750555348152297,0.9029641411242579,0.8896689824657371,0.9003656854743667,0.7860729367227581,0.9605927027828606,0.9904775776745958
sinTheta,0.7978409966872159,0.8209662756162371,0.762289364531021,0.6850612971472189,0.7796292758250943,0.6627998542360054,0.7780783450903795,0.7796292758250943,0.724066013990787,0.832027961245295,0.8704922334421579,0.96641809658343,0.7590707991099055,0.9858681217789093,0.695932566049185,0.8466873106286904,0.9247201215237345,0.5774872277751953,0.47248047135273347,0.5521768624676897,0.7978409966872159,0.8124502376928284,0.9499077913720356,0.9550591956509676,0.8923548689224977,0.8209662756162371,0.7918525839522409,0.7376603655058446,0.7718236768254965,0.6041771356807859,0.9988450585566723,0.9921971611485837,0.9528852370251948,0.854412941052128,0.8479882094087082,0.8822425718890605,0.695932566049185,0.9292666457952888,0.5457495841462605,0.7083950006406752,0.7136628469404005,0.8619466280671826,0.9739986380691902,0.3049205440947663,0.739337320759201,0.6995175886161883,0.891253024770087,0.980616581821997,0.5980859724999907,0.9975720074454255,0.9970438182214219,0.9980482857103211,0.999165531294198,0.987812771551718,0.9962588407750017,0.987812771551718,0.5816430845449163,0.5392827818056948,0.8833878729103208,0.9918943823771844,0.7542051529794818,0.8022781477070561,0.8680774804788547,0.9651666637685528,0.3100344915053527,0.6514121214448376,0.997895295008335,0.994412262684677,0.7325996632940033,0.8692875455201764,0.9536155246332483,0.8999150653031748,0.9889107128456969,0.7154089967049246,0.6437259539080745,0.9994340493853543,0.9990644793822748,0.9972256483158515,0.9958317662411548,0.9974017115692927,0.9987266903113869,0.9964637325188842,0.994412262684677,0.994412262684677,0.9906257707672168,0.9370998966615165,0.9578788596861304,0.950660592550698,0.7492942679152003,0.6684296988727514,0.7873072754845358,0.6795605729076252,0.7702472972437825,0.724066013990787,0.7476472763651796,0.8251537487883627,0.9161872228505653,0.8867912416732258
sinTau,0.9060417634459033,0.17262959314133008,0.29106646309946166,0.36469977701206824,0.19423647990708443,0.3900768978235814,0.27145103647065294,0.24698311793941813,0.36722194125659546,0.13018445251069521,0.11474337861210537,0.382428943448705,0.9959472212950148,0.14276366018359837,0.9919425189667708,0.025838172396900394,0.20329055669814927,0.00935366800387738,0.08209631931586481,0.3538141476386317,0.17527597583490812,0.2706752227578424,0.08892797948463127,0.031663905375801216,0.9888916183793031,0.7903514778554699,0.37396532087844325,0.2966316784620998,0.22914589485863007,0.2926533786718804,0.0010992658539749622,0.8807691537683684,0.006857199231384281,0.9928517345444268,0.3496471002478634,0.07459444528797443,0.4973820180842901,0.07783603724899246,0.031055532694051202,0.012619402904389121,0.3446617851846341,0.13731281449385607,0.4930189098304273,0.5287820134797836,0.22330422537832795,0.39092837930172886,0.0019026509541272274,0.6742860236609076,0.9070577591781597,0.00935366800387738,0.8972073102677091,0.8982649590120981,0.8918467286629199,0.8750555348152298,0.025838172396900394,0.8998423292435451,0.9159770610652412,0.3240791757976491,0.0003685417946894254,0.684062276342339,0.8498316702566828,0.13671266451451203,0.102263259572552,0.5383595140634094,0.5139608193617844,0.40974042737472005,0.38582456494467215,0.10653248901933138,0.9368861115177327,0.06525253524739044,0.46338090143618416,0.9130491472478819,0.6611328476152556,0.9303710135019718,0.15079235728449691,0.023404666103526484,0.909576022144496,0.88581229169386,0.8874722443520897,0.8950775061878452,0.88581229169386,0.8818980143173211,0.8841417617967617,0.894005376803361,0.8977367404274479,0.8779267345838198,0.5287820134797837,0.9992683351631058,0.9321374009768524,0.38837494199452416,0.2847444515958525,0.39775197407910473,0.3273509005007327,0.3605044469803854,0.3756550564175726,0.06311388848226734,0.06525253524739044,0.9272294150664038
hhm0,0.35982841281857175,0.26856758348052817,0.3964168559172344,0.46109849440659434,0.4473042308015813,0.4039027672638573,0.407098999074775,0.44806123307258805,0.4302296240222053,0.38682816048448143,0.3491462696610312,0.4009588695432753,0.3245857515350324,0.33972579695516864,0.34771637648246273,0.4144166876945075,0.4636218353099504,0.47977121709142906,0.32122129699722435,0.3722768946084616,0.39860375136680964,0.2882496425267053,0.3530995037429557,0.35234250147194884,0.33577256287324414,0.3254268651694844,0.30885692657077973,0.3674825468920851,0.2102784086130036,0.3616788628143662,0.2752964925561443,0.40423921271763813,0.39835141727647405,0.4021364286315081,0.3575574060055513,0.34780048784590795,0.32652031289427197,0.3798469173185297,0.3717722264277904,0.29010009252249974,0.43073429220287657,0.47750021027840855,0.2958196652367735,0.3054083606695264,0.46168727395071074,0.29783833795945835,0.30650180839431407,0.3936411809235427,0.4145849104213979,0.23988560854571453,0.061569518041887455,0.20901673816132557,0.33131466061064846,0.14088653377071242,0.4514256876103961,0.4344351921944654,0.5196400033644545,0.37673479687105726,0.2845487425351165,0.42501471948860287,0.4733787534695937,0.4443603330809992,0.5256119101690638,0.5022289511312977,0.21313819497014047,0.3678189923458659,0.4020523172680629,0.5137522079232905,0.4049962149886449,0.34367903103709313,0.36235175372192785,0.31718395155185464,0.3930524013794263,0.2957355538733283,0.375389015055934,0.34367903103709313,0.30061401295314993,0.34847337875346956,0.20876440407098998,0.2838758516275549,0.2795020607284044,0.24703507443855666,0.41298679451593906,0.32416519471780636,0.2961561106905543,0.2286987972075027,0.3907813945664059,0.3856506013962486,0.36470687189839346,0.34182858104129865,0.41122045588358985,0.46976196484145005,0.42400538312726044,0.4700984102952308,0.4012953149970561,0.42602405584994524,0.19530658591975775,0.3112961561106905
hhm1,0.5652414447166679,0.41855686398482567,0.3778550541373587,0.5610527147712004,0.4738006796807081,0.4493005611317474,0.46194578360863037,0.5284912668932268,0.4496166916936694,0.48447008614557807,0.6871097763376274,0.5559155931399667,0.5544139729708369,0.5202718722832529,0.571801153876551,0.5627124002212914,0.5543349403303565,0.5335493558839801,0.5375800205484865,0.5306251481862009,0.5510155694301746,0.4383150241049553,0.5003556468821623,0.5538607444874732,0.5249347980716036,0.6045206670354857,0.4819410416502015,0.488263652888643,0.45072314866039676,0.6089464949023946,0.5917964119181222,0.6851339603256145,0.6649016043626017,0.6004109697304987,0.6672725835770174,0.5318896704338891,0.5308622461076424,0.518612186833162,0.5088121394135778,0.41310361179167,0.47198292894965616,0.5579704417924602,0.4670038725993835,0.5095234331779025,0.5328380621196553,0.5436655338654863,0.6566822097526278,0.5350509760531099,0.4871571959219157,0.563107563423694,0.4671619378803445,0.47561843041176005,0.5642930530309018,0.37500987908006,0.5288864300956295,0.43665533865486444,0.5642930530309018,0.4496166916936694,0.4928475460365131,0.5558365604994863,0.5677704892120445,0.4700861455781237,0.5088121394135778,0.552596222239785,0.5805737769698885,0.5925077056824468,0.4960878842962143,0.5403461629653046,0.49672014542005843,0.47127163518533155,0.4493005611317474,0.5883189757369793,0.4837587923812534,0.39895676914565714,0.5855528333201612,0.4738006796807081,0.5028056587370584,0.6512289575594721,0.4715877657472536,0.503358887220422,0.5615269106140836,0.542084881055876,0.5758318185410575,0.6658499960483679,0.5537026792065123,0.36268078716509916,0.5468268394847071,0.6318659606417449,0.5804157116889275,0.48249427013356516,0.5338654864459021,0.5533075160041097,0.46621354619457833,0.5736979372480834,0.45356832371769534,0.6478305540188097,0.3803050659922548,0.7903264048051845
hhm2,0.1769598155467721,0.30278326745718054,0.5000823451910409,0.5007411067193676,0.3670125164690382,0.535243741765481,0.41633728590250335,0.4771080368906456,0.4298418972332016,0.5031291172595521,0.2924077733860343,0.25979907773386035,0.294631093544137,0.3018774703557312,0.3141469038208169,0.39476284584980237,0.6065546772068512,0.45503952569169964,0.6935935441370225,0.4324769433465086,0.6348814229249011,0.42745388669301715,0.2567523056653492,0.3907279314888011,0.2711627140974967,0.22159090909090912,0.293066534914361,0.31999341238471674,0.431735836627141,0.3316864295125165,0.3744235836627141,0.37047101449275366,0.344532279314888,0.3625658761528327,0.2791501976284585,0.2813735177865613,0.24884716732542822,0.3218050065876153,0.41979578392621875,0.5456192358366272,0.6021903820816864,0.6111660079051383,0.3705533596837945,0.3202404479578393,0.6529150197628459,0.3020421607378129,0.32839262187088275,0.23526021080368908,0.5200922266139658,0.4314888010540185,0.5664525691699605,0.24851778656126486,0.3908102766798419,0.3102766798418973,0.3810935441370224,0.49818840579710144,0.6379281949934125,0.4918478260869566,0.44894598155467724,0.3642127799736496,0.039525691699604744,0.5842391304347827,0.7413537549407115,0.6211297760210804,0.47513175230566546,0.7425065876152833,0.1996870882740448,0.2753623188405797,0.39855072463768115,0.27033926218708826,0.591897233201581,0.32386363636363635,0.27626811594202905,0.4050559947299078,0.2644104084321476,0.3942687747035573,0.24909420289855072,0.19005270092226614,0.5715579710144928,0.4646739130434783,0.30335968379446643,0.5359848484848485,0.5162220026350461,0.39146903820816864,0.3470849802371542,0.42975955204216076,0.32839262187088275,0.22908432147562585,0.4146903820816865,0.5239624505928854,0.35144927536231885,0.6362812911725956,0.4294301712779974,0.5358201581027668,0.4611330698287221,0.3757411067193676,0.3774703557312253,0.1937582345191041
hhm3,0.12002230009557184,0.2520707231602421,0.4847881490920675,0.2911755336094297,0.24553998088563236,0.6293405543166614,0.258521822236381,0.36142083466071995,0.29053838802166293,0.35847403631729846,0.30160879260911116,0.33386428798980566,0.28265371137304873,0.31482956355527236,0.21527556546670912,0.38865880853775087,0.5427683975788468,0.4890092386110226,0.5941382605925454,0.3004937878305193,0.5541573749601784,0.30989168525007965,0.28265371137304873,0.3919241796750557,0.38547308059891683,0.27086651799936284,0.2406817457789105,0.2952373367314431,0.4122331952851226,0.27030901561006687,0.2902994584262504,0.3753583943931188,0.3508282892640968,0.4057820962089837,0.22945205479452055,0.28560050971647016,0.2839280025485823,0.298502707868748,0.3949506212169481,0.5348040777317616,0.3994106403313156,0.6384995221408091,0.3289264096846129,0.2681586492513539,0.5686524370818733,0.29579483912073906,0.24123924816820644,0.32940426887543806,0.4381172347881491,0.43556865243708187,0.4664702134437719,0.21814272061165974,0.2907773176170755,0.3841987894233832,0.41032175852182223,0.3953488372093023,0.5199904428161835,0.30511309334182857,0.26895508123606243,0.47435489009238613,0.4433736858872252,0.25,0.6355527237973876,0.41940108314749913,0.2067537432303281,0.5755017521503664,0.3568015291494106,0.3597483274928321,0.28536158012105767,0.3037591589678241,0.542609111181905,0.28791016247212486,0.3323510672188595,0.38244663905702453,0.37161516406498885,0.3845970054157375,0.21081554635234148,0.17959541255176809,0.4652755654667092,0.373128384835935,0.24625676967187,0.3880216629499841,0.5264415418923223,0.32916533928002545,0.2799458426250398,0.37010194329404267,0.3286874800892004,0.2724593819687799,0.2675215036635871,0.5294679834342146,0.2914144632048423,0.6006690028671551,0.2904587448231921,0.5579802484867792,0.31482956355527236,0.37671232876712324,0.3914463204842306,0.27954762663268556
hhm4,0.43211372263952835,0.6601243841369842,0.38026007592278493,0.3893869638962927,0.4342137145626363,0.38332929488732737,0.46781358533236417,0.3480332767950893,0.4939019465309749,0.6118245699055004,0.5632824489136581,0.5845246749050965,0.7634278329698733,0.41919069542040227,0.46215976092399647,0.45343671755108633,0.20652612874565865,0.7616509167272433,0.15814554559405541,0.4397060011307649,0.31330264114368794,0.5506017284548905,0.5088441967530895,0.4900250383652371,0.5192633874485099,0.5513286487359664,0.3331717954930942,0.4268637428317583,0.3440755997092319,0.445117518778774,0.39528309506501896,0.25539132541797915,0.5597286164283983,0.3878523544140215,0.4757289395040788,0.45375979323156446,0.5095711170341652,0.49333656409013815,0.4704789596963089,0.3944754058638236,0.23576447782893142,0.46603666908973435,0.5835554478636621,0.46894435021403763,0.42807527663355144,0.3926177207010742,0.5133672562797836,0.5942977142395607,0.5241902915758017,0.5088441967530895,0.4602213068411275,0.37880623536063324,0.518536467167434,0.5403440755997093,0.5984976980857766,0.3998061545917131,0.32751797108472663,0.48154430175268553,0.548420967611663,0.5696631936031016,0.4968903965753978,0.4052984411598417,0.48154430175268553,0.4558597851546725,0.4914788789273888,0.3912446490590421,0.6217591470802036,0.5395363863985138,0.47007511509571126,0.5413133026411437,0.3733139487925046,0.4892173491640417,0.550359421694532,0.40392536951780955,0.5205556901704224,0.3196026169130119,0.42831758339391,0.5098941927146434,0.28923350294806555,0.4492367337048704,0.49277118164930134,0.35166787820046846,0.3263064372829335,0.5287133511024957,0.5347710201114612,0.45892900411921494,0.5868669735885631,0.6561667070511268,0.46603666908973435,0.4078830466036669,0.5271787416202245,0.258218237622163,0.4716904934981019,0.3353525563363218,0.4761327841046765,0.48114045715208786,0.3986753897100396,0.44010984573136264
hhm5,0.42354208084824385,0.3450132538104705,0.5390987408880054,0.5661033797216699,0.4952783300198807,0.5950132538104705,0.5019880715705765,0.6300530152418821,0.485337972166998,0.4712557985420808,0.34551027170311466,0.24022531477799866,0.2423790589794566,0.21968190854870773,0.2391484426772697,0.14438369781312127,0.5769549370444003,0.026838966202783296,0.557571239231279,0.3733432736911862,0.42428760768721,0.36174618952948967,0.16699801192842942,0.1555666003976143,0.3701126573889993,0.2911696487740225,0.3548707753479125,0.27717031146454607,0.37508283631544065,0.3663850231941683,0.3600066269052352,0.387259774685222,0.14090457256461233,0.43489065606361826,0.37574552683896617,0.25985752153744196,0.27998674618952946,0.23881709741550694,0.10768721007289596,0.5371935056328694,0.5516898608349899,0.5881378396288932,0.3412856196156395,0.3092279655400928,0.5849072233267064,0.46355202120609673,0.45493704440026506,0.12682239893969516,0.16045394300861499,0.42064280980781976,0.3584327369118621,0.389910536779324,0.43074884029158383,0.3600894632206759,0.05690854870775348,0.3966202783300199,0.5598078197481775,0.462143803843605,0.4883200795228628,0.04945328031809145,0.4551855533465871,0.5628727634194831,0.5571570576540755,0.6621935056328694,0.36447978793903246,0.5722332670642809,0.2963055003313453,0.09111994698475812,0.5513585155732272,0.44093770709078856,0.5259277667329357,0.3894135188866799,0.16666666666666666,0.4506295559973493,0.38701126573889993,0.42983764082173626,0.4113651424784625,0.4675281643472498,0.5180583167660702,0.437624254473161,0.4500497017892644,0.4837640821736249,0.5314777998674618,0.36439695162359176,0.28860172299536113,0.3723492379058979,0.1296388336646786,0.27402253147779987,0.4160039761431411,0.4760603048376408,0.5465540092776674,0.6467031146454605,0.42304506295559974,0.5385188866799204,0.5707422133863486,0.6275679257786614,0.39372100728959575,0.25728959575878063
hhm6,0.6369934745830983,0.41110126480302905,0.3986143559171836,0.37758801256746954,0.40763715459598804,0.5484572625473294,0.376701844840087,0.5196970917586401,0.3786353016998308,0.4878756142753565,0.3996616450495448,0.4678159993555143,0.4799001047289132,0.4332554579875936,0.4317248046402965,0.5047128010956254,0.503584951260775,0.5026987835333924,0.584467896560058,0.4192378957544509,0.6554418754531539,0.49915411262386206,0.5519213727543705,0.5024571014259245,0.6009828405703698,0.5097881253524531,0.43663900749214535,0.4302747119954886,0.5230806412631918,0.45766535084185933,0.4406670426166116,0.40078949488439536,0.4345444292274228,0.5051156046080721,0.44139208893901555,0.41665995327479255,0.4497704019979054,0.4492870377829694,0.46024329332151775,0.46443244985096266,0.4747442197695964,0.7144123096753403,0.47450253766212835,0.37065979215338757,0.6526222508660275,0.45404011922983967,0.436316764682188,0.45879320067670987,0.5680335132522355,0.5940546201562877,0.5583662289535165,0.3721098847981954,0.45830983646177387,0.47450253766212835,0.4867477644405059,0.46064609683396435,0.6891162490936921,0.3758962378151937,0.5901071457343108,0.5450737130427777,0.5158301780391524,0.48062515105131715,0.6607588818174495,0.5319423185370176,0.4872311286554418,0.5938129380488197,0.5381454926286956,0.4649158140658986,0.3466527028115685,0.49859018770643676,0.5971964875533714,0.419479577861919,0.41682107467977114,0.5313783936195923,0.41529042133247396,0.24740191734471922,0.453878997824861,0.425682751953597,0.5341174575042293,0.45661806170949804,0.4766776766293402,0.4951260774993958,0.5573189398211552,0.4226214452590026,0.45097881253524524,0.3883831467010392,0.4600821719165391,0.4572625473294127,0.4303552726979779,0.6163699347458309,0.4185934101345363,0.6444856199146056,0.4130347216627729,0.7551760251349391,0.4757109481994683,0.45557077257713685,0.5864013534198018,0.49166196729235473
hhm7,0.7675775253300584,0.3802579060485109,0.22129260055265582,0.3705864292293522,0.30419097328830214,0.19151059256984956,0.2938286766963463,0.19880257906048512,0.26327909118820997,0.5026865213386552,0.46484494933988335,0.45202640466687133,0.42907583665950255,0.41602701872889164,0.45133558489407427,0.4112680380718453,0.2575990175007676,0.6291065397605158,0.19365980964077376,0.37895302425544986,0.16648756524408967,0.3236874424316856,0.5158120970217992,0.2813171630334664,0.3527018728891618,0.39568621430764506,0.39169481117592875,0.3172397912189131,0.32092416334049745,0.3873196192815475,0.35976358612219833,0.3882407123119435,0.49869511820693896,0.24646914338348175,0.4659195578753454,0.434295363831747,0.3732729505680074,0.43951489100399144,0.5066779244703715,0.19603929996929692,0.2531470678538532,0.12058642922935216,0.35047589806570467,0.49938593797973596,0.1656432299662266,0.29444273871661036,0.49616211237334973,0.5353085661651827,0.49501074608535467,0.3428001228124041,0.42109303039607,0.4377494626957323,0.4324531777709549,0.42063248388087193,0.5683911575069083,0.3185446730119742,0.18107153822536076,0.47589806570463616,0.2945962542216764,0.6017807798587658,0.5244089653054959,0.19688363524715996,0.07936751611912804,0.2090881178999079,0.5118206938900829,0.1169788148603009,0.5874270801350936,0.592109303039607,0.2668867055572613,0.433834817316549,0.17224439668406508,0.38094872582130795,0.473902364138778,0.30841264967761745,0.4944734418176236,0.328523180841265,0.4158735032238256,0.44673011974209403,0.25568007368744244,0.26650291679459626,0.4095793675161191,0.2247466994166411,0.18183911575069084,0.4329137242861529,0.5036843721215843,0.3315934909425853,0.5378415719987719,0.47436291065397607,0.35991710162726437,0.18322075529628493,0.3463309794289223,0.2090881178999079,0.35462081670248696,0.16648756524408967,0.2750997850782929,0.41809947804728276,0.4895609456555112,0.7675775253300584
hhm8,0.3494542267548402,0.35885586805832204,0.5413114492869093,0.19791251693092182,0.34610787985021113,0.5132658752290654,0.2628475818659868,0.5546968369054258,0.38490956895864864,0.12819695641781528,0.23743128037606562,0.26842482670703527,0.3265078479802406,0.3300932196637718,0.2857939606405864,0.35423472233288184,0.5385228268663851,0.6108676599474145,0.5507927655166919,0.3657875866464823,0.6259262210182455,0.2762329694845032,0.3578997689427137,0.4493665843359094,0.2961517010596765,0.3706477571508246,0.349772926460043,0.47103816428969797,0.2963110509122779,0.25918253525615487,0.27559557007409763,0.3468249541869174,0.3020476456059278,0.3073061907417735,0.2867500597561947,0.3214086526969962,0.30029479722731256,0.28866225798741135,0.3685762090670066,0.594374950203171,0.3794119990439009,0.5020317106206676,0.32842004621145726,0.2797386662417337,0.5205162935224285,0.33152736833718427,0.2982232491434945,0.3600509919528324,0.426898255119114,0.3978965819456617,0.5197195442594215,0.3661859612779858,0.19560194406820172,0.3845111943271452,0.3778981754441877,0.24603617241654052,0.45096008286192335,0.20030276471994263,0.31638913234005256,0.4389291689905186,0.5225878416062465,0.33112899370568083,0.6247310971237351,0.4273763046769181,0.2680264520755318,0.5835391602262768,0.5097601784718349,0.37136483148753086,0.24858577005816268,0.2793402916102303,0.6020237431280376,0.26611425384431514,0.3873794916739702,0.3033224444267389,0.36969165803521625,0.40634212413353515,0.3098557883833957,0.34355828220858897,0.5291211855629033,0.3666640108357899,0.2634849812763923,0.3772607760337821,0.5087244044299258,0.19153852282686637,0.2412556768384989,0.34435503147159585,0.3127240857302207,0.26826547685443386,0.271611823759063,0.5284041112261971,0.28515656123018085,0.612301808620827,0.2553581387937216,0.5558919607999362,0.25575651342522504,0.3416460839773723,0.2983825989960959,0.564257828061509
hhm9,0.5123666142774422,0.3759616179998345,0.24609148812970466,0.4129373810902473,0.3131772685912813,0.2735544710067003,0.3871287947721068,0.10530234097113077,0.28637604433782776,0.33526346265199763,0.4524774588468856,0.39358094135164196,0.3874596740838779,0.402101083629746,0.3820828852675986,0.3609066093142526,0.10894201340061213,0.5757300024815948,0.18827032839771693,0.38067664819257174,0.1733807593680205,0.39465629911489786,0.4249317561419472,0.23351807428240548,0.3856398378691372,0.41665977334767146,0.35652245843328645,0.2368268674001158,0.30192737199106623,0.3793531309454876,0.3662833981305319,0.19629415170816444,0.4293986268508561,0.15807759119861028,0.3937463810075275,0.412689221606419,0.3910993465133592,0.32881131607246256,0.43270741996856643,0.20704772934072296,0.24327901397965088,0.32955579452394734,0.3299693936636611,0.4868061874431301,0.24708412606501778,0.262718173546199,0.4263379932169741,0.46521631235007027,0.44668707089089255,0.3007692943998676,0.3760443378277773,0.4954090495491769,0.3168996608487054,0.35495078170237404,0.47274381669286125,0.2012573413847299,0.08942013400612127,0.3500703118537513,0.3578459756803705,0.5479361402928281,0.5262635453718256,0.322855488460584,0.17453883695921912,0.13483331954669533,0.5217966746629167,0.2689221606419058,0.5303168169410207,0.5392505583588386,0.3685995533129291,0.407229712962197,0.2305401604764662,0.33427082471668457,0.4778724460253122,0.18471337579617833,0.4020183638018033,0.24906940193564395,0.33666969972702454,0.41963768715361066,0.2015055008685582,0.26652328563156585,0.3475887170154686,0.18231450078583836,0.12474150053767886,0.3373314583505666,0.42261560095955,0.3205393332781868,0.4539664157498552,0.4368434113657043,0.3863015964926793,0.21110100090991807,0.29737778145421456,0.10703945735792868,0.27570518653321197,0.20671685002895193,0.23078831996029445,0.6418231450078584,0.4785342046488543,0.4721647778972619
hhm10,0.7923302432453847,0.5262657475635845,0.3338879645036051,0.48244988511211473,0.40068140400919106,0.4493304809444577,0.5517787813960859,0.3651850091117978,0.40202836542270814,0.5121622692338166,0.5235718247365503,0.5745186593772285,0.6467791775612075,0.5251564852230409,0.5991601299421598,0.5762617859123682,0.37120671896046276,0.7023215276127089,0.34204896600903256,0.47286268916884555,0.4116155613659773,0.5219079312257349,0.537833769114967,0.4595515410823231,0.6029633151097377,0.5408446240392996,0.4310276523254893,0.41644877584977413,0.5077252198716425,0.4912447508121385,0.4774582045796688,0.40440535615244433,0.5955154108232311,0.42928452579034937,0.5033674035337928,0.49029395452024405,0.4934632754932256,0.42460977735520167,0.5857697488313128,0.4188257665795103,0.3999683067902702,0.4612154345931384,0.47975596228508044,0.5104983757230014,0.44893431582283494,0.40789160922272405,0.5813326994691388,0.6282386498692656,0.5054274621662309,0.5410030900879487,0.5480548292528326,0.6154821329530149,0.4811821567229221,0.4616908327390856,0.6397274383963236,0.49742492670945254,0.3676412328658585,0.43887172173361855,0.5256318833689881,0.6185722209016717,0.48926392520402506,0.5639014341177403,0.5751525235718248,0.417161873068695,0.49029395452024405,0.4231043498930354,0.6880595832342921,0.6585056651612392,0.46470168766341813,0.5643768322636875,0.3766737976388559,0.5112907059662467,0.5835512241502259,0.2861104508359084,0.5816496315664369,0.44727042231201963,0.5034466365581174,0.4825291181364393,0.4135963869740908,0.3804769828064337,0.48617383725536806,0.32960938119008004,0.3300055463117027,0.47389271848506453,0.5368829728230726,0.5185009111797797,0.6521670232152762,0.5955946438475557,0.5089137152365105,0.415973377703827,0.4887092940337533,0.3456144521036368,0.4784882338958878,0.49584026622296173,0.41605261072815153,0.5884636716583472,0.4809444576499485,0.7923302432453847
hhm11,0.4483625162127108,0.310068093385214,0.5555285343709468,0.46692607003891057,0.46141374837872895,0.7193579766536965,0.38326848249027234,0.552772373540856,0.3839980544747082,0.4157749675745785,0.31736381322957197,0.30950064850843056,0.32936121919584954,0.2821011673151751,0.34865434500648507,0.429798962386511,0.6439688715953307,0.46700713359273666,0.7386511024643321,0.373378728923476,0.5859273670557718,0.44228274967574577,0.31152723735408555,0.39129377431906615,0.3106355382619974,0.3726491569390402,0.35611219195849547,0.4229085603112841,0.42007133592736706,0.32174124513618674,0.35846303501945526,0.3463845654993515,0.2904507133592737,0.38326848249027234,0.3426556420233463,0.29823281452658884,0.29644941634241245,0.33803501945525294,0.44649805447470814,0.6260538261997406,0.6096789883268482,0.5783884565499352,0.40912775616083014,0.3327658884565499,0.564931906614786,0.383511673151751,0.3886997405966277,0.23403047989623865,0.49619001297016857,0.46587224383916986,0.4802204928664073,0.45160505836575876,0.3650291828793774,0.385943579766537,0.37159533073929957,0.39996757457846954,0.6441309987029831,0.42096303501945526,0.46773670557717256,0.3159046692607004,0.5111867704280156,0.5575551232166017,0.6313229571984436,0.5488002594033723,0.500810635538262,0.6070038910505836,0.08933203631647212,0.2848573281452659,0.38845654993514916,0.3315499351491569,0.5725518806744487,0.3321984435797665,0.24886511024643318,0.4487678339818417,0.29101815823605703,0.41285667963683526,0.3375486381322957,0.41374837872892345,0.493514915693904,0.40215629053177687,0.29871919584954604,0.4618190661478599,0.5268320363164721,0.3558690012970169,0.2834792477302205,0.3504377431906615,0.3097438391699092,0.32733463035019456,0.36186770428015563,0.5234273670557718,0.3411964980544747,0.8106355382619974,0.4721952010376135,0.5586900129701686,0.4762483787289235,0.49432555123216604,0.3870784695201037,0.16593709468223086
hhm12,0.40374310786673917,0.33268618467034244,0.3374233128834356,0.3608759804302244,0.37951386192436126,0.5084258755921409,0.3962879552690844,0.45825891123708934,0.3234449017628329,0.439232740545158,0.3393647588724082,0.25300924128290747,0.23623514793818437,0.31901840490797545,0.31762056379591513,0.237322357692009,0.47448939970490017,0.5071056923196396,0.6047992544847403,0.4286712743651472,0.4500271802438456,0.4634619864875359,0.2930030286557428,0.4608992777820921,0.35893453444125184,0.2147239263803681,0.40948978799409796,0.27879164401646345,0.2969635784732469,0.40599518521394734,0.3244544536770987,0.37252465636405996,0.346742253630504,0.3713597887706764,0.211539954958453,0.31723227459812064,0.31987264114312336,0.311330278791644,0.26636638968703885,0.3406849421449095,0.4660246951929797,0.47961481711578785,0.42393414615205405,0.4702182185291605,0.4501048380834045,0.44917294400869767,0.14172555719499882,0.44831870777354976,0.4315446144288265,0.11609847014056068,0.416711967073076,0.4654034324765085,0.43356371825735807,0.47433408402578237,0.4814009474256426,0.5449250601848257,0.518055447697445,0.4272734332530869,0.21107400792109962,0.4822551836607905,0.5595247340218995,0.5056301933680205,0.5095907431855246,0.4994952240428671,0.540498563329968,0.4921177292847713,0.4874582589112371,0.4598897258678263,0.47153840180166184,0.20664751106624213,0.44055292381765937,0.4236235147938184,0.39085190649996115,0.3811446765550982,0.34643162227226837,0.32375553312106853,0.4028888716315912,0.45538557117340994,0.456938727964588,0.4501048380834045,0.4233128834355828,0.5252776267764231,0.4742564261862235,0.48217752582123163,0.37493204939038594,0.27855867049778676,0.30659315057855085,0.3473635163469752,0.2712588335792498,0.4595790945095907,0.3489166731381533,0.5488079521627708,0.46524811679739064,0.6676244466878931,0.5102896637415547,0.10670187155393336,0.2571251067795294,0.3242991379979809
hhm13,0.26732751160412244,0.32467941153331764,0.37007316497521836,0.3771536464479585,0.3393910785933444,0.4754936669026828,0.36574620407521047,0.5016914483518213,0.30894500826056176,0.3368735740697035,0.33797498229879636,0.41200534969711283,0.35504680984973647,0.3736134057115884,0.3248367555660452,0.4038234599952797,0.5781606482574149,0.5917709070883487,0.5740697034064983,0.3511918810479113,0.562426244984659,0.2690582959641256,0.3741641098261349,0.40067657934072853,0.375186846038864,0.36433010778066244,0.30634883172055705,0.35323735347336954,0.40059790732436473,0.29242388482416803,0.2872315317441586,0.40626229250255685,0.3587443946188341,0.5699000865392181,0.33459208559515385,0.35748564235701363,0.34120053496971126,0.3086303201951066,0.396585634489812,0.4762803870663206,0.3807725592006923,0.5687200062937613,0.3504838329006373,0.3186216662733066,0.5459051215482653,0.3403351427897097,0.3614979151915664,0.4205805994807647,0.5046023129572811,0.42451420029895365,0.47462827472268115,0.34426874360789866,0.27763354574777754,0.3903705451970734,0.40791440484619623,0.3232633152387696,0.5205727322791284,0.2250806388167729,0.38801038470616006,0.49547635905908277,0.4525214381244592,0.28188183463142163,0.6189127527338526,0.450790653764456,0.2906931004641649,0.5927149712847141,0.4223900558571317,0.3977657147352687,0.25654944536228463,0.38793171268979626,0.533160254897333,0.3744001258752262,0.41924317520258053,0.47344819447722447,0.44182204389898516,0.3816379513806939,0.3039099992132798,0.2381401935331603,0.5065691133663757,0.30068444654236487,0.28361261899142476,0.41475887026984504,0.4577137912044686,0.27456533710959014,0.3220045629769491,0.3877743686570687,0.3771536464479585,0.3068208638187397,0.33836834238061525,0.5251357092282275,0.35748564235701363,0.5989300605774527,0.3399417827078908,0.607741326410196,0.2979309259696326,0.46794115333175995,0.3507198489497286,0.365195499960664
hhm14,0.5089722675367047,0.3504233667365804,0.3448302648955177,0.12522333566379243,0.2587586421191641,0.4277946088712809,0.25091276314767336,0.5137885496776198,0.2864911054144333,0.17268701934281053,0.23079313291385065,0.2858696496543152,0.33822729744426316,0.36836790180998985,0.3252544084517983,0.30925192262875784,0.5545715839353685,0.4828711256117455,0.5306455371708226,0.28159714130350344,0.5527072166550143,0.23529868717470673,0.38025324322224807,0.3679794919599161,0.3028043191175328,0.3752039151712887,0.36137652450866153,0.39345917812475717,0.2526217664879981,0.2523110386079391,0.24065874310572516,0.3762137807814806,0.306610735648256,0.37908801367202666,0.32004971646080943,0.29161811543540744,0.349258137186359,0.32004971646080943,0.300784587897149,0.5008156606851549,0.3153111162899091,0.5619513710867707,0.33255651363318567,0.25370931406820474,0.5450167016235531,0.3249436805717393,0.3195836246407209,0.4193272741396721,0.4574691214169191,0.42414355628058725,0.47137419404956105,0.3892643517439602,0.19498174473704652,0.4286491105414433,0.40922861803775346,0.210984230560087,0.4941350112638856,0.17921230482405032,0.29433698438592404,0.444573914394469,0.4787539812009632,0.22923949351355546,0.5297133535306454,0.40891789015769436,0.3087858308086693,0.5046220772158782,0.4434086848442476,0.36168725238872057,0.30047386001709,0.3009399518371786,0.5632719645770216,0.2793443641730754,0.36844558378000464,0.3813407908024547,0.36300784587897145,0.336984385924027,0.34987959294647714,0.3383826613842927,0.4288821564514876,0.29053056785520076,0.2830730987337839,0.3652606230093995,0.4509438359356793,0.2113726404101608,0.2788005903829721,0.3803309251922628,0.3219917657111784,0.31134933581915636,0.29573525984618965,0.46679095781869023,0.30055154198710476,0.5109919987570885,0.3132137030995106,0.5052435329759962,0.21851938165151866,0.20492503689893574,0.3483259535461819,0.7768197001475957
hhm15,0.3521259842519685,0.2501574803149606,0.3551181102362205,0.44086614173228345,0.3404724409448819,0.4173228346456693,0.3462992125984252,0.425511811023622,0.3204724409448819,0.38149606299212596,0.2524409448818898,0.2567716535433071,0.2613385826771653,0.24771653543307084,0.30992125984251967,0.24322834645669292,0.44299212598425197,0.4143307086614173,0.4843307086614173,0.19913385826771654,0.477007874015748,0.2663779527559055,0.29669291338582676,0.33023622047244094,0.23803149606299212,0.24755905511811024,0.26149606299212597,0.2733858267716536,0.32968503937007876,0.2447244094488189,0.2993700787401575,0.2899212598425197,0.30645669291338584,0.3485826771653543,0.30291338582677163,0.30346456692913387,0.28614173228346457,0.2825196850393701,0.33086614173228346,0.4373228346456693,0.44165354330708656,0.43047244094488185,0.2121259842519685,0.2243307086614173,0.3797637795275591,0.31763779527559055,0.29590551181102365,0.3162992125984252,0.10070866141732285,0.2951181102362205,0.3236220472440945,0.2980314960629921,0.3340157480314961,0.22921259842519687,0.3648818897637795,0.32086614173228345,0.491732283464567,0.3437007874015748,0.33511811023622046,0.4280314960629921,0.3632283464566929,0.4249606299212598,0.5091338582677165,0.4222834645669291,0.18803149606299213,0.5492125984251969,0.4095275590551181,0.3223622047244094,0.38960629921259843,0.22842519685039372,0.42251968503937004,0.24456692913385825,0.24267716535433068,0.3522047244094488,0.17133858267716534,0.32818897637795275,0.2663779527559055,0.318740157480315,0.4281889763779527,0.3238582677165354,0.2801574803149606,0.3663779527559055,0.39251968503937007,0.2984251968503937,0.23606299212598425,0.24574803149606297,0.2916535433070866,0.2676377952755905,0.2888976377952756,0.4281889763779527,0.2874015748031496,0.47338582677165353,0.32472440944881886,0.4781889763779527,0.33637795275590554,0.24929133858267716,0.2259842519685039,0.28787401574803145
hhm16,0.3961817736803459,0.26107530390797096,0.3469038100677164,0.38834951456310685,0.19972260748959778,0.415844007505915,0.23472301541976015,0.5126866280492779,0.31206657420249656,0.3727665823610998,0.31239291833238153,0.3617524679774823,0.31484049930651875,0.35212531614587583,0.36012074732805743,0.37749857224443173,0.4523129640205597,0.5493187566288651,0.49914334665905197,0.22387207310108506,0.410785673492698,0.32683364607979115,0.3636289467243208,0.40083217753120665,0.21089989393815778,0.3602023333605287,0.33360528677490414,0.33229991025536426,0.42734763808436,0.3110875418128416,0.3788039487639716,0.45753447009871906,0.3506567675613935,0.35220690217834705,0.3486171167496125,0.33303418454760547,0.3353185934568002,0.33229991025536426,0.4126621522395366,0.3987109406869544,0.3499224932691523,0.5536428163498409,0.23390715509504773,0.38565717549155587,0.40727747409643467,0.3197356612547932,0.42220771803867174,0.45908460471567264,0.3156563596312311,0.4231051643958554,0.4451333931630905,0.4271028799869462,0.3855755894590846,0.35775475238639143,0.521497919556172,0.38753365423839436,0.47752304805417317,0.3948763971608061,0.3401321693726034,0.5142367626662315,0.43828016643550627,0.350493595496451,0.5560903973239781,0.2867749041364118,0.3842702129395448,0.53977319082973,0.44154360773435586,0.4407277474096435,0.30733458431916455,0.3469038100677164,0.33841886269070737,0.2662152239536591,0.31630904789100106,0.3960186016154034,0.19784612874275923,0.37431671697805335,0.3867993799461532,0.3721954801338011,0.41380435669413396,0.3451089173533491,0.35432813902259935,0.39569225748551845,0.40466672105735496,0.3658317696010443,0.3540017948927144,0.32691523211226237,0.39332626254385245,0.2999918413967529,0.2379864567186098,0.3904707514073591,0.21546871175654728,0.516439585542955,0.20437301134045852,0.42408419678551035,0.3869625520110957,0.35310434853553074,0.3241413070082402,0.39960838704413804
hhm17,0.5497501905326445,0.5506816834617664,0.20069438563807263,0.38860191379456344,0.3597256329917859,0.09848420696079262,0.2735201964603268,0.28783131509865356,0.264289948344483,0.4262003556609365,0.415107121686849,0.4278092979930561,0.4240833262765687,0.49242103480396304,0.39961046659327626,0.5069015157930392,0.3466847319840799,0.5631298162418494,0.24820052502328732,0.31433652299093906,0.17808451181302395,0.28469811160978914,0.45583876704208653,0.2996019984757388,0.37437547633161145,0.4469472436277416,0.4476246930307392,0.33991023795410275,0.34795494961470064,0.4956389194682022,0.44059615547463793,0.36827843170463204,0.41722415107121685,0.2815649081209247,0.42730121094080786,0.34422897789821316,0.3875857396900669,0.40875603353374546,0.4362774155305275,0.16716064018968582,0.22626810060123634,0.10415784571089848,0.31704632060293,0.46278262342281307,0.10602083156914217,0.3089169277669574,0.45583876704208653,0.5441612329579134,0.542213565924295,0.36700821407401135,0.426962486239309,0.4749767126767719,0.42213565924295027,0.39427555254466934,0.5106274875095266,0.31094927597595057,0.2976543314421204,0.4672707257176729,0.23067152172072145,0.5950546193581167,0.5599119315776103,0.22906257938860192,0.22830044881022948,0.20662206791430263,0.48225929375899734,0.13523583707341857,0.5826911677534085,0.5939537640782454,0.257176729613007,0.4135828605301041,0.1381996782115336,0.41519180286222374,0.49809467355406883,0.2987551867219917,0.48361419256499283,0.30739266661021253,0.4288254720975527,0.47429926327377425,0.19713777627233467,0.23490558048945717,0.43517656025065626,0.3199254805656703,0.2876619527479041,0.4676094504191718,0.5068168346176645,0.3518502836819375,0.5131679227707681,0.4350071978999069,0.32737742399864506,0.13701414175628757,0.3117960877296977,0.22338894063849604,0.2697942247438394,0.13023964772631041,0.31823185705817597,0.4965704123973241,0.3953764078245406,0.5710898467270725
hhm18,0.7652865998316369,0.7652865998316369,0.5045534552689982,0.7652865998316369,0.5724343766740645,0.6237851075227673,0.5907247264100406,0.47034514425652413,0.5112114486875334,0.5966174332287442,0.561949950256371,0.7652865998316369,0.6392438968393664,0.643759087778373,0.7652865998316369,0.5228438050049744,0.37284763143797356,0.6638861253539451,0.5613377209765057,0.5878166373306803,0.5347822759623478,0.6457488329379353,0.6497283232570599,0.5972296625086094,0.6335807760006122,0.5389913522614219,0.5809290579321956,0.6560802020356623,0.43452973138440343,0.6162087701844341,0.6410805846789623,0.5284303971837453,0.6957220479069411,0.5602663197367413,0.5554450141578021,0.7409504859569909,0.5726639626540139,0.591872656309788,0.6850080355092982,0.5215428177852606,0.4867988061529043,0.6139129103849392,0.5242978495446545,0.4606260044386623,0.5806994719522461,0.5312619576031224,0.6022805540674984,0.5738118925537614,0.6465141195377669,0.5863625927910002,0.6182750440039795,0.3636641922399939,0.6312849162011173,0.6536312849162011,0.601209152827734,0.5148848243667253,0.5899594398102089,0.639550011479299,0.6375602663197367,0.534858804622331,0.6081732608862018,0.6826356470498202,0.632509374760848,0.5800872426723809,0.6381724955996021,0.5076146016683248,0.7652865998316369,0.5193234866457488,0.504017754649116,0.5711333894543507,0.7169204867222775,0.5004209076299074,0.5181755567460015,0.38624014693502723,0.5979949491084411,0.4144792224688146,0.5746537078135762,0.6663350424734064,0.5210836458253616,0.5392974669013546,0.5325629448228362,0.48236014387388076,0.5922552996097039,0.6042702992270605,0.7005433534858805,0.5603428483967245,0.5806994719522461,0.5919491849697711,0.5174867988061529,0.5648580393357312,0.5627917655161858,0.5439657151603275,0.5226142190250248,0.540904568761001,0.44026938088314077,0.7652865998316369,0.7652865998316369,0.7652865998316369
hhm19,0.8254911672445104,0.6412415387155358,0.3660227835562159,0.5217104176985307,0.49422156182928845,0.5234439491497441,0.5184084530295525,0.49810137031533763,0.39854713554564963,0.5461449562489681,0.744345385504375,0.5230312035661219,0.6011226679874525,0.37081063232623407,0.49669803533102197,0.5222057123988774,0.35438335809806837,0.5772659732540862,0.5250123823675087,0.43305266633647016,0.4229816740960871,0.49512960211325735,0.5136206042595344,0.5272412085190689,0.5316163117054648,0.6608056793792306,0.3653623906224203,0.5567112431896979,0.4196797094271091,0.4196797094271091,0.4129106818557041,0.28743602443453853,0.5186561003797259,0.44807660558032025,0.5283143470364867,0.4355291398382037,0.547052996532937,0.45402014198448076,0.4335479610368169,0.44873699851411586,0.27018325903912827,0.5570414396565956,0.5368994551758296,0.4179461779758956,0.6055803202905728,0.3991249793627208,0.6085520884926531,0.5658741951461119,0.5780089153046063,0.5018986296846624,0.5698365527488856,0.332177645699191,0.5227835562159484,0.5449892686148258,0.5647185075119696,0.563150074294205,0.6302625061911837,0.5231963017995708,0.5728908700676903,0.48505860987287436,0.5466402509493148,0.4663199603764239,0.6704639260359915,0.47234604589730894,0.5202245335974904,0.5315337625887403,0.5585273237576358,0.5619118375433383,0.4366022783556216,0.5355786693082384,0.5528314347036486,0.4389962027406307,0.5264982664685488,0.46021132573881457,0.5326069011061582,0.36098728743602443,0.48819547630840354,0.5038798084860492,0.4352814924880304,0.41249793627208187,0.4945517582961862,0.38145946838368827,0.4718507511969622,0.46194485719002804,0.5026415717351824,0.45187386494964504,0.5681030212976721,0.5665345880799075,0.5116394254581476,0.5834571570084199,0.46896153211160646,0.5233614000330197,0.539541026911012,0.3715535743767542,0.41233283803863297,0.6209344560013208,0.4323922734026746,0.8254911672445104
A,0.5,0.6363636363636364,0.5454545454545454,0.5,0.5454545454545454,0.5454545454545454,0.5,0.5,0.5454545454545454,0.5454545454545454,0.5909090909090909,0.6363636363636364,0.5909090909090909,0.5454545454545454,0.5454545454545454,0.5454545454545454,0.45454545454545453,0.5454545454545454,0.7727272727272727,0.5909090909090909,0.5,0.5,0.5909090909090909,0.5909090909090909,0.6363636363636364,0.5909090909090909,0.6363636363636364,0.5909090909090909,0.6363636363636364,0.6363636363636364,0.6363636363636364,0.5909090909090909,0.6363636363636364,0.6363636363636364,0.5909090909090909,0.5909090909090909,0.6363636363636364,0.6363636363636364,0.7272727272727273,0.5454545454545454,0.5454545454545454,0.5454545454545454,0.7272727272727273,0.5454545454545454,0.5454545454545454,0.5909090909090909,0.5909090909090909,0.5909090909090909,0.5909090909090909,0.7272727272727273,0.9090909090909091,0.7272727272727273,0.6363636363636364,0.5909090909090909,0.5909090909090909,0.5454545454545454,0.5454545454545454,0.7727272727272727,0.5909090909090909,0.5909090909090909,0.5,0.5454545454545454,0.5454545454545454,0.5454545454545454,0.5454545454545454,0.5909090909090909,0.5,0.5909090909090909,0.5454545454545454,0.5909090909090909,0.5909090909090909,0.6818181818181818,0.5909090909090909,0.6363636363636364,0.5909090909090909,0.5454545454545454,0.5454545454545454,0.5909090909090909,0.6818181818181818,0.6363636363636364,0.5909090909090909,0.5454545454545454,0.5,0.6818181818181818,0.8181818181818182,0.5909090909090909,0.6818181818181818,0.6363636363636364,0.5454545454545454,0.5,0.5454545454545454,0.5,0.5454545454545454,0.5454545454545454,0.5454545454545454,0.5,0.8636363636363636,0.5454545454545454
R,0.47619047619047616,0.42857142857142855,0.42857142857142855,0.8571428571428571,0.8571428571428571,0.3333333333333333,0.8571428571428571,0.42857142857142855,0.47619047619047616,0.7142857142857143,0.5714285714285714,0.5238095238095238,0.5714285714285714,0.47619047619047616,0.6666666666666666,0.42857142857142855,0.38095238095238093,0.42857142857142855,0.38095238095238093,0.42857142857142855,0.42857142857142855,0.9047619047619048,0.47619047619047616,0.5238095238095238,0.47619047619047616,0.47619047619047616,0.47619047619047616,0.8095238095238095,0.47619047619047616,0.47619047619047616,0.5238095238095238,0.6666666666666666,0.47619047619047616,0.5238095238095238,0.6190476190476191,0.6190476190476191,0.47619047619047616,0.47619047619047616,0.47619047619047616,0.42857142857142855,0.42857142857142855,0.38095238095238093,0.47619047619047616,0.9047619047619048,0.42857142857142855,0.42857142857142855,0.6666666666666666,0.42857142857142855,0.42857142857142855,0.42857142857142855,0.42857142857142855,0.5238095238095238,0.7142857142857143,0.47619047619047616,0.42857142857142855,0.42857142857142855,0.42857142857142855,0.6190476190476191,0.47619047619047616,0.5238095238095238,0.42857142857142855,0.6190476190476191,0.38095238095238093,0.47619047619047616,0.5238095238095238,0.42857142857142855,0.5714285714285714,0.42857142857142855,0.38095238095238093,0.5238095238095238,0.42857142857142855,0.7142857142857143,0.42857142857142855,0.6666666666666666,0.5238095238095238,0.42857142857142855,0.5714285714285714,0.5238095238095238,0.38095238095238093,0.42857142857142855,0.47619047619047616,0.42857142857142855,0.47619047619047616,0.47619047619047616,0.5714285714285714,0.47619047619047616,0.47619047619047616,0.5238095238095238,0.5238095238095238,0.38095238095238093,0.42857142857142855,0.38095238095238093,0.47619047619047616,0.38095238095238093,0.7142857142857143,0.38095238095238093,0.42857142857142855,0.47619047619047616
N,0.47619047619047616,0.5238095238095238,0.42857142857142855,0.47619047619047616,0.42857142857142855,0.3333333333333333,0.5714285714285714,0.3333333333333333,0.42857142857142855,0.47619047619047616,0.6190476190476191,0.5714285714285714,0.6190476190476191,0.8095238095238095,0.5238095238095238,0.5714285714285714,0.2857142857142857,0.47619047619047616,0.38095238095238093,0.47619047619047616,0.3333333333333333,0.47619047619047616,0.7619047619047619,0.5238095238095238,0.5238095238095238,0.5714285714285714,0.5238095238095238,0.5714285714285714,0.5238095238095238,0.5238095238095238,0.5714285714285714,0.6666666666666666,0.5238095238095238,0.47619047619047616,0.5714285714285714,0.5714285714285714,0.5238095238095238,0.5714285714285714,0.5238095238095238,0.38095238095238093,0.38095238095238093,0.38095238095238093,0.5238095238095238,0.47619047619047616,0.38095238095238093,0.42857142857142855,0.5238095238095238,0.6666666666666666,0.47619047619047616,0.42857142857142855,0.42857142857142855,0.5238095238095238,0.5714285714285714,0.5238095238095238,0.6666666666666666,0.38095238095238093,0.3333333333333333,0.5714285714285714,0.42857142857142855,0.8095238095238095,0.5714285714285714,0.5238095238095238,0.38095238095238093,0.38095238095238093,0.5238095238095238,0.38095238095238093,0.9047619047619048,0.5714285714285714,0.47619047619047616,0.6190476190476191,0.42857142857142855,0.5238095238095238,0.5714285714285714,0.5714285714285714,0.5714285714285714,0.42857142857142855,0.7619047619047619,0.5238095238095238,0.38095238095238093,0.5238095238095238,0.6190476190476191,0.38095238095238093,0.38095238095238093,0.47619047619047616,0.6666666666666666,0.8571428571428571,0.5714285714285714,0.5238095238095238,0.8571428571428571,0.3333333333333333,0.42857142857142855,0.3333333333333333,0.47619047619047616,0.3333333333333333,0.47619047619047616,0.38095238095238093,0.47619047619047616,0.8095238095238095
D,0.7272727272727273,0.5909090909090909,0.4090909090909091,0.45454545454545453,0.5454545454545454,0.45454545454545453,0.5454545454545454,0.3181818181818182,0.5454545454545454,0.5,0.5909090909090909,0.5909090909090909,0.5454545454545454,0.7727272727272727,0.5909090909090909,0.45454545454545453,0.3181818181818182,0.45454545454545453,0.45454545454545453,0.4090909090909091,0.4090909090909091,0.45454545454545453,0.8181818181818182,0.6818181818181818,0.5454545454545454,0.7272727272727273,0.5,0.5,0.5,0.5,0.5454545454545454,0.5909090909090909,0.5,0.5909090909090909,0.5909090909090909,0.5909090909090909,0.5454545454545454,0.6363636363636364,0.5,0.4090909090909091,0.4090909090909091,0.4090909090909091,0.5,0.45454545454545453,0.4090909090909091,0.5,0.5909090909090909,0.5909090909090909,0.5,0.45454545454545453,0.45454545454545453,0.7272727272727273,0.5,0.5,0.5,0.4090909090909091,0.36363636363636365,0.5,0.5,0.5909090909090909,0.9545454545454546,0.6363636363636364,0.4090909090909091,0.4090909090909091,0.5909090909090909,0.4090909090909091,0.5909090909090909,0.5454545454545454,0.4090909090909091,0.7272727272727273,0.4090909090909091,0.5454545454545454,0.5,0.5,0.6363636363636364,0.4090909090909091,0.8636363636363636,0.7272727272727273,0.4090909090909091,0.45454545454545453,0.8636363636363636,0.4090909090909091,0.36363636363636365,0.5,0.5909090909090909,0.5454545454545454,0.5454545454545454,0.5454545454545454,0.5454545454545454,0.36363636363636365,0.45454545454545453,0.36363636363636365,0.45454545454545453,0.36363636363636365,0.45454545454545453,0.4090909090909091,0.45454545454545453,0.7272727272727273
C,0.37037037037037035,0.6296296296296297,0.6666666666666666,0.37037037037037035,0.4074074074074074,0.4444444444444444,0.4074074074074074,0.4444444444444444,0.7407407407407407,0.37037037037037035,0.48148148148148145,0.48148148148148145,0.5555555555555556,0.4444444444444444,0.4074074074074074,0.37037037037037035,0.4444444444444444,0.4444444444444444,0.4444444444444444,0.4444444444444444,0.4444444444444444,0.5555555555555556,0.48148148148148145,0.4074074074074074,0.5185185185185185,0.48148148148148145,0.48148148148148145,0.48148148148148145,0.6296296296296297,0.48148148148148145,0.48148148148148145,0.48148148148148145,0.48148148148148145,0.5555555555555556,0.4444444444444444,0.4444444444444444,0.5185185185185185,0.5185185185185185,0.48148148148148145,0.48148148148148145,0.4444444444444444,0.48148148148148145,0.48148148148148145,0.4074074074074074,0.48148148148148145,0.48148148148148145,0.5185185185185185,0.4444444444444444,0.4444444444444444,0.48148148148148145,0.48148148148148145,0.4444444444444444,0.5185185185185185,0.5925925925925926,0.4074074074074074,0.48148148148148145,0.48148148148148145,0.48148148148148145,0.48148148148148145,0.4074074074074074,0.37037037037037035,0.37037037037037035,0.48148148148148145,0.5555555555555556,0.4074074074074074,0.48148148148148145,0.4074074074074074,0.4444444444444444,0.48148148148148145,0.4074074074074074,0.48148148148148145,0.4444444444444444,0.4074074074074074,0.4074074074074074,0.48148148148148145,0.48148148148148145,0.4074074074074074,0.5185185185185185,0.48148148148148145,0.7407407407407407,0.4074074074074074,0.4444444444444444,0.4444444444444444,0.48148148148148145,0.5185185185185185,0.4444444444444444,0.5555555555555556,0.4444444444444444,0.4444444444444444,0.4444444444444444,0.4444444444444444,0.4444444444444444,0.4444444444444444,0.48148148148148145,0.4444444444444444,0.37037037037037035,0.5555555555555556,0.4444444444444444
Q,0.5714285714285714,0.47619047619047616,0.5238095238095238,0.5714285714285714,0.47619047619047616,0.3333333333333333,0.7142857142857143,0.3333333333333333,0.47619047619047616,0.47619047619047616,0.5714285714285714,0.47619047619047616,0.47619047619047616,0.5238095238095238,0.5714285714285714,0.47619047619047616,0.3333333333333333,0.3333333333333333,0.38095238095238093,0.42857142857142855,0.42857142857142855,0.5238095238095238,0.5238095238095238,0.47619047619047616,0.47619047619047616,0.47619047619047616,0.5238095238095238,0.5238095238095238,0.47619047619047616,0.47619047619047616,0.5238095238095238,0.6190476190476191,0.42857142857142855,0.47619047619047616,0.5714285714285714,0.5714285714285714,0.5238095238095238,0.5238095238095238,0.47619047619047616,0.38095238095238093,0.38095238095238093,0.38095238095238093,0.47619047619047616,0.5238095238095238,0.38095238095238093,0.42857142857142855,0.5714285714285714,0.47619047619047616,0.38095238095238093,0.42857142857142855,0.42857142857142855,0.5714285714285714,0.5238095238095238,0.42857142857142855,0.38095238095238093,0.42857142857142855,0.38095238095238093,0.47619047619047616,0.47619047619047616,0.42857142857142855,0.42857142857142855,0.6190476190476191,0.38095238095238093,0.42857142857142855,0.5714285714285714,0.38095238095238093,0.47619047619047616,0.42857142857142855,0.38095238095238093,0.5238095238095238,0.47619047619047616,0.5714285714285714,0.38095238095238093,0.5238095238095238,0.47619047619047616,0.38095238095238093,0.5238095238095238,0.8095238095238095,0.38095238095238093,0.42857142857142855,0.6190476190476191,0.42857142857142855,0.38095238095238093,0.6190476190476191,0.6190476190476191,0.42857142857142855,0.5714285714285714,0.5238095238095238,0.47619047619047616,0.3333333333333333,0.38095238095238093,0.3333333333333333,0.42857142857142855,0.3333333333333333,0.5238095238095238,0.38095238095238093,0.42857142857142855,0.5714285714285714
E,0.95,0.5,0.45,0.6,0.55,0.35,0.55,0.35,0.7,0.55,0.6,0.55,0.5,0.7,0.8,0.45,0.35,0.4,0.45,0.45,0.4,0.5,0.6,0.65,0.55,0.6,0.6,0.55,0.5,0.5,0.6,0.6,0.5,0.55,0.8,0.7,0.6,0.65,0.5,0.45,0.4,0.4,0.55,0.55,0.45,0.45,0.65,0.5,0.45,0.45,0.5,0.8,0.55,0.5,0.45,0.45,0.4,0.55,0.7,0.55,0.6,0.9,0.4,0.45,0.9,0.5,0.5,0.55,0.4,0.85,0.45,0.65,0.55,0.55,0.55,0.45,0.6,0.75,0.4,0.45,0.65,0.5,0.4,0.55,0.6,0.5,0.7,0.5,0.55,0.35,0.45,0.4,0.5,0.4,0.5,0.45,0.5,0.6
G,0.45454545454545453,0.5,0.45454545454545453,0.45454545454545453,0.45454545454545453,0.4090909090909091,0.5454545454545454,0.36363636363636365,0.45454545454545453,0.45454545454545453,0.5909090909090909,0.8181818181818182,0.6363636363636364,0.5909090909090909,0.5,0.45454545454545453,0.36363636363636365,0.9545454545454546,0.6363636363636364,0.5,0.45454545454545453,0.45454545454545453,0.6363636363636364,0.8636363636363636,0.6363636363636364,0.5909090909090909,0.5454545454545454,0.6363636363636364,0.5454545454545454,0.6363636363636364,0.6363636363636364,0.6363636363636364,0.8636363636363636,0.5454545454545454,0.5909090909090909,0.6363636363636364,0.7272727272727273,0.6818181818181818,0.8636363636363636,0.45454545454545453,0.45454545454545453,0.5,0.7272727272727273,0.5,0.45454545454545453,0.5,0.5,0.9090909090909091,0.9090909090909091,0.5454545454545454,0.5909090909090909,0.5454545454545454,0.5909090909090909,0.5454545454545454,0.9545454545454546,0.45454545454545453,0.4090909090909091,0.6363636363636364,0.45454545454545453,0.8636363636363636,0.5,0.5,0.4090909090909091,0.45454545454545453,0.5,0.45454545454545453,0.5454545454545454,0.9090909090909091,0.45454545454545453,0.5454545454545454,0.45454545454545453,0.5454545454545454,0.9090909090909091,0.5,0.5454545454545454,0.45454545454545453,0.5454545454545454,0.5,0.45454545454545453,0.5,0.5,0.45454545454545453,0.4090909090909091,0.5909090909090909,0.6363636363636364,0.5,0.6363636363636364,0.8181818181818182,0.5,0.4090909090909091,0.45454545454545453,0.4090909090909091,0.5,0.4090909090909091,0.45454545454545453,0.45454545454545453,0.6363636363636364,0.5454545454545454
H,0.4166666666666667,0.4166666666666667,0.7083333333333334,0.4166666666666667,0.375,0.2916666666666667,0.5833333333333334,0.2916666666666667,0.625,0.4166666666666667,0.7083333333333334,0.4583333333333333,0.375,0.4583333333333333,0.4583333333333333,0.3333333333333333,0.2916666666666667,0.3333333333333333,0.375,0.5,0.375,0.4166666666666667,0.4583333333333333,0.4166666666666667,0.4166666666666667,0.4166666666666667,0.5833333333333334,0.5416666666666666,0.5,0.5,0.5,0.5833333333333334,0.4166666666666667,0.4166666666666667,0.4583333333333333,0.5416666666666666,0.4583333333333333,0.4166666666666667,0.4166666666666667,0.3333333333333333,0.4166666666666667,0.3333333333333333,0.4166666666666667,0.5833333333333334,0.375,0.375,0.625,0.5,0.375,0.375,0.375,0.5,0.4583333333333333,0.375,0.375,0.3333333333333333,0.3333333333333333,0.75,0.375,0.4583333333333333,0.375,0.4583333333333333,0.4583333333333333,0.4583333333333333,0.4583333333333333,0.3333333333333333,0.4583333333333333,0.4166666666666667,0.4166666666666667,0.4583333333333333,0.375,0.4583333333333333,0.5416666666666666,0.4166666666666667,0.5,0.5833333333333334,0.4583333333333333,0.4583333333333333,0.3333333333333333,0.5,0.5,0.375,0.3333333333333333,0.4583333333333333,0.4583333333333333,0.4166666666666667,0.5833333333333334,0.6666666666666666,0.4166666666666667,0.2916666666666667,0.3333333333333333,0.375,0.4166666666666667,0.2916666666666667,0.4166666666666667,0.3333333333333333,0.375,0.5416666666666666
I,0.4166666666666667,0.5,0.7916666666666666,0.4166666666666667,0.7916666666666666,0.75,0.5,0.75,0.6666666666666666,0.4166666666666667,0.5416666666666666,0.5416666666666666,0.5,0.4583333333333333,0.5833333333333334,0.4583333333333333,0.625,0.375,0.5833333333333334,0.5416666666666666,0.875,0.625,0.5,0.4583333333333333,0.625,0.6666666666666666,0.6666666666666666,0.5833333333333334,0.6666666666666666,0.5833333333333334,0.625,0.5416666666666666,0.5416666666666666,0.6666666666666666,0.5833333333333334,0.5416666666666666,0.625,0.5,0.4583333333333333,0.8333333333333334,0.7083333333333334,0.875,0.5,0.4583333333333333,0.75,0.7083333333333334,0.5416666666666666,0.4583333333333333,0.4583333333333333,0.6666666666666666,0.5416666666666666,0.4583333333333333,0.5,0.5,0.4166666666666667,0.6666666666666666,0.7083333333333334,0.5,0.6666666666666666,0.4166666666666667,0.4166666666666667,0.4166666666666667,0.8333333333333334,0.75,0.4583333333333333,0.7083333333333334,0.4583333333333333,0.4583333333333333,0.875,0.4583333333333333,0.7083333333333334,0.5833333333333334,0.4166666666666667,0.4583333333333333,0.5,0.6666666666666666,0.4166666666666667,0.4583333333333333,0.6666666666666666,0.5833333333333334,0.4583333333333333,0.7916666666666666,0.625,0.7083333333333334,0.5,0.5416666666666666,0.5,0.4583333333333333,0.5,0.7916666666666666,0.8333333333333334,0.75,0.5833333333333334,0.7916666666666666,0.7083333333333334,0.4166666666666667,0.5416666666666666,0.4583333333333333
L,0.45454545454545453,0.5454545454545454,0.7272727272727273,0.5,0.6363636363636364,0.6363636363636364,0.5,0.9090909090909091,0.6818181818181818,0.5,0.5909090909090909,0.5909090909090909,0.5,0.5,0.6363636363636364,0.5454545454545454,0.9545454545454546,0.4090909090909091,0.6818181818181818,0.5454545454545454,0.6818181818181818,0.5909090909090909,0.5454545454545454,0.5,0.6363636363636364,0.5909090909090909,0.6818181818181818,0.5909090909090909,0.7272727272727273,0.6363636363636364,0.6363636363636364,0.5909090909090909,0.5909090909090909,0.7272727272727273,0.5909090909090909,0.5909090909090909,0.6363636363636364,0.5454545454545454,0.5,0.6818181818181818,0.6818181818181818,0.6818181818181818,0.5454545454545454,0.5454545454545454,0.8181818181818182,0.7272727272727273,0.5454545454545454,0.5,0.5,0.8181818181818182,0.5909090909090909,0.5454545454545454,0.5909090909090909,0.5454545454545454,0.45454545454545453,0.9090909090909091,0.9090909090909091,0.5454545454545454,0.6818181818181818,0.45454545454545453,0.45454545454545453,0.5,0.7272727272727273,0.8636363636363636,0.5,0.6818181818181818,0.5,0.5,0.7272727272727273,0.5,0.7272727272727273,0.5909090909090909,0.5454545454545454,0.5,0.5454545454545454,0.8181818181818182,0.45454545454545453,0.5,0.6363636363636364,0.6818181818181818,0.5,0.7727272727272727,0.8636363636363636,0.7272727272727273,0.5454545454545454,0.5909090909090909,0.5454545454545454,0.5,0.5454545454545454,0.9090909090909091,0.6363636363636364,0.7727272727272727,0.7272727272727273,0.7727272727272727,0.6818181818181818,0.5,0.5454545454545454,0.5
K,0.5454545454545454,0.5,0.45454545454545453,0.8181818181818182,0.5454545454545454,0.4090909090909091,0.6818181818181818,0.4090909090909091,0.5,0.9090909090909091,0.5909090909090909,0.5454545454545454,0.5454545454545454,0.5454545454545454,0.7272727272727273,0.5454545454545454,0.36363636363636365,0.5454545454545454,0.4090909090909091,0.45454545454545453,0.5,0.6818181818181818,0.5454545454545454,0.5909090909090909,0.5454545454545454,0.5454545454545454,0.5454545454545454,0.5909090909090909,0.5,0.5454545454545454,0.5454545454545454,0.6363636363636364,0.5,0.5454545454545454,0.6363636363636364,0.7272727272727273,0.5454545454545454,0.5909090909090909,0.5909090909090909,0.45454545454545453,0.45454545454545453,0.45454545454545453,0.5909090909090909,0.6818181818181818,0.45454545454545453,0.45454545454545453,0.6818181818181818,0.5,0.45454545454545453,0.5,0.5,0.5909090909090909,0.6818181818181818,0.5,0.45454545454545453,0.5454545454545454,0.4090909090909091,0.5454545454545454,0.5,0.5454545454545454,0.5,0.5909090909090909,0.45454545454545453,0.45454545454545453,0.6363636363636364,0.45454545454545453,0.5454545454545454,0.5454545454545454,0.45454545454545453,0.5454545454545454,0.45454545454545453,0.6363636363636364,0.5454545454545454,0.8636363636363636,0.5454545454545454,0.45454545454545453,0.5454545454545454,0.6363636363636364,0.4090909090909091,0.5,0.5909090909090909,0.45454545454545453,0.45454545454545453,0.5454545454545454,0.5454545454545454,0.5,0.5454545454545454,0.5454545454545454,0.5,0.4090909090909091,0.5454545454545454,0.4090909090909091,0.6818181818181818,0.4090909090909091,0.7272727272727273,0.45454545454545453,0.5,0.5454545454545454
M,0.38461538461538464,0.46153846153846156,0.5384615384615384,0.4230769230769231,0.5,0.5,0.4230769230769231,0.5384615384615384,0.5384615384615384,0.38461538461538464,0.5,0.46153846153846156,0.4230769230769231,0.4230769230769231,0.5,0.38461538461538464,0.5769230769230769,0.4230769230769231,0.46153846153846156,0.4230769230769231,0.5,0.4230769230769231,0.4230769230769231,0.4230769230769231,0.6153846153846154,0.46153846153846156,0.5769230769230769,0.5,0.5769230769230769,0.5,0.5,0.5,0.46153846153846156,0.5384615384615384,0.5,0.46153846153846156,0.5384615384615384,0.4230769230769231,0.46153846153846156,0.5384615384615384,0.5384615384615384,0.5384615384615384,0.46153846153846156,0.4230769230769231,0.5769230769230769,0.6538461538461539,0.46153846153846156,0.4230769230769231,0.4230769230769231,0.5769230769230769,0.46153846153846156,0.4230769230769231,0.5,0.46153846153846156,0.38461538461538464,0.5769230769230769,0.6153846153846154,0.46153846153846156,0.6153846153846154,0.4230769230769231,0.34615384615384615,0.4230769230769231,0.5769230769230769,0.5769230769230769,0.4230769230769231,0.5384615384615384,0.4230769230769231,0.4230769230769231,0.5384615384615384,0.4230769230769231,0.6538461538461539,0.5,0.38461538461538464,0.4230769230769231,0.46153846153846156,0.5769230769230769,0.38461538461538464,0.4230769230769231,0.5384615384615384,0.5,0.5384615384615384,0.7692307692307693,0.8076923076923077,0.5384615384615384,0.46153846153846156,0.7307692307692307,0.46153846153846156,0.5,0.46153846153846156,0.5384615384615384,0.5,0.5769230769230769,0.5384615384615384,0.5384615384615384,0.5,0.34615384615384615,0.46153846153846156,0.4230769230769231
F,0.34782608695652173,0.391304347826087,0.5217391304347826,0.4782608695652174,0.43478260869565216,0.43478260869565216,0.391304347826087,0.5652173913043478,0.5217391304347826,0.34782608695652173,0.5652173913043478,0.4782608695652174,0.391304347826087,0.391304347826087,0.43478260869565216,0.34782608695652173,0.6086956521739131,0.34782608695652173,0.8260869565217391,0.6521739130434783,0.4782608695652174,0.391304347826087,0.391304347826087,0.391304347826087,0.5652173913043478,0.43478260869565216,0.6086956521739131,0.4782608695652174,0.5217391304347826,0.4782608695652174,0.4782608695652174,0.6086956521739131,0.5652173913043478,0.6086956521739131,0.5652173913043478,0.43478260869565216,0.4782608695652174,0.391304347826087,0.391304347826087,0.5652173913043478,0.8260869565217391,0.5217391304347826,0.43478260869565216,0.391304347826087,0.5652173913043478,0.5217391304347826,0.43478260869565216,0.391304347826087,0.5217391304347826,0.6086956521739131,0.5652173913043478,0.43478260869565216,0.43478260869565216,0.43478260869565216,0.34782608695652173,0.5217391304347826,0.5652173913043478,0.4782608695652174,0.4782608695652174,0.391304347826087,0.34782608695652173,0.34782608695652173,0.5217391304347826,0.5217391304347826,0.5652173913043478,0.5652173913043478,0.43478260869565216,0.391304347826087,0.5217391304347826,0.391304347826087,0.5652173913043478,0.4782608695652174,0.391304347826087,0.34782608695652173,0.391304347826087,0.5217391304347826,0.34782608695652173,0.43478260869565216,0.5652173913043478,0.6086956521739131,0.5217391304347826,0.6086956521739131,0.5217391304347826,0.4782608695652174,0.43478260869565216,0.43478260869565216,0.391304347826087,0.4782608695652174,0.391304347826087,0.5217391304347826,0.43478260869565216,0.8260869565217391,0.43478260869565216,0.5217391304347826,0.4782608695652174,0.30434782608695654,0.43478260869565216,0.391304347826087
P,0.4782608695652174,0.5217391304347826,0.43478260869565216,0.5217391304347826,0.43478260869565216,0.391304347826087,0.4782608695652174,0.391304347826087,0.4782608695652174,0.4782608695652174,0.5652173913043478,0.6086956521739131,0.6086956521739131,0.4782608695652174,0.5217391304347826,0.9565217391304348,0.391304347826087,0.43478260869565216,0.43478260869565216,0.4782608695652174,0.43478260869565216,0.4782608695652174,0.5217391304347826,0.4782608695652174,0.6956521739130435,0.5217391304347826,0.5217391304347826,0.5652173913043478,0.5217391304347826,0.5217391304347826,0.8260869565217391,0.5652173913043478,0.5217391304347826,0.6086956521739131,0.5217391304347826,0.6521739130434783,0.5217391304347826,0.8260869565217391,0.4782608695652174,0.4782608695652174,0.43478260869565216,0.4782608695652174,0.5217391304347826,0.4782608695652174,0.4782608695652174,0.4782608695652174,0.8260869565217391,0.4782608695652174,0.4782608695652174,0.4782608695652174,0.5217391304347826,0.5217391304347826,0.5217391304347826,0.5217391304347826,0.4782608695652174,0.43478260869565216,0.43478260869565216,0.5217391304347826,0.6521739130434783,0.4782608695652174,0.4782608695652174,0.5217391304347826,0.43478260869565216,0.4782608695652174,0.5217391304347826,0.4782608695652174,0.4782608695652174,0.4782608695652174,0.43478260869565216,0.6086956521739131,0.4782608695652174,0.5217391304347826,0.4782608695652174,0.4782608695652174,0.5217391304347826,0.7391304347826086,0.6086956521739131,0.4782608695652174,0.43478260869565216,0.4782608695652174,0.4782608695652174,0.43478260869565216,0.43478260869565216,0.4782608695652174,0.5652173913043478,0.6956521739130435,0.5217391304347826,0.5652173913043478,0.5217391304347826,0.4782608695652174,0.4782608695652174,0.391304347826087,0.4782608695652174,0.43478260869565216,0.4782608695652174,1.0,0.5217391304347826,0.5217391304347826
S,0.5238095238095238,0.7142857142857143,0.5238095238095238,0.5238095238095238,0.47619047619047616,0.47619047619047616,0.5714285714285714,0.42857142857142855,0.5238095238095238,0.5238095238095238,0.5714285714285714,0.6190476190476191,0.8095238095238095,0.6666666666666666,0.5714285714285714,0.5238095238095238,0.38095238095238093,0.5714285714285714,0.5238095238095238,0.6190476190476191,0.47619047619047616,0.5714285714285714,0.6190476190476191,0.5714285714285714,0.6190476190476191,0.8095238095238095,0.5714285714285714,0.6666666666666666,0.5714285714285714,0.6190476190476191,0.6190476190476191,0.6190476190476191,0.5714285714285714,0.5714285714285714,0.5714285714285714,0.6190476190476191,0.6190476190476191,0.6190476190476191,0.6666666666666666,0.47619047619047616,0.47619047619047616,0.47619047619047616,0.8571428571428571,0.5238095238095238,0.47619047619047616,0.5238095238095238,0.5714285714285714,0.5714285714285714,0.5714285714285714,0.5714285714285714,0.6190476190476191,0.6190476190476191,0.8095238095238095,0.8095238095238095,0.5714285714285714,0.47619047619047616,0.42857142857142855,0.6666666666666666,0.5238095238095238,0.6190476190476191,0.5238095238095238,0.5714285714285714,0.47619047619047616,0.47619047619047616,0.5714285714285714,0.47619047619047616,0.5714285714285714,0.5714285714285714,0.47619047619047616,0.6666666666666666,0.5238095238095238,0.6190476190476191,0.5714285714285714,0.5238095238095238,0.8095238095238095,0.47619047619047616,0.5714285714285714,0.5714285714285714,0.47619047619047616,0.6190476190476191,0.5714285714285714,0.47619047619047616,0.42857142857142855,0.6190476190476191,0.6666666666666666,0.6666666666666666,0.7619047619047619,0.6666666666666666,0.6666666666666666,0.42857142857142855,0.5714285714285714,0.42857142857142855,0.5714285714285714,0.47619047619047616,0.5238095238095238,0.47619047619047616,0.7142857142857143,0.7142857142857143
T,0.4782608695652174,0.8695652173913043,0.5217391304347826,0.4782608695652174,0.5217391304347826,0.5217391304347826,0.5217391304347826,0.4782608695652174,0.5217391304347826,0.4782608695652174,0.5652173913043478,0.6086956521739131,0.7391304347826086,0.6086956521739131,0.5652173913043478,0.4782608695652174,0.4782608695652174,0.4782608695652174,0.4782608695652174,0.782608695652174,0.5217391304347826,0.4782608695652174,0.6086956521739131,0.5217391304347826,0.7391304347826086,0.6956521739130435,0.5652173913043478,0.5652173913043478,0.6086956521739131,0.8260869565217391,0.5652173913043478,0.6086956521739131,0.6086956521739131,0.5652173913043478,0.5652173913043478,0.6086956521739131,0.6521739130434783,0.5652173913043478,0.5652173913043478,0.5652173913043478,0.5217391304347826,0.5217391304347826,0.6086956521739131,0.5217391304347826,0.5652173913043478,0.5652173913043478,0.5217391304347826,0.5217391304347826,0.5217391304347826,0.5652173913043478,0.5652173913043478,0.5652173913043478,0.6086956521739131,0.8260869565217391,0.4782608695652174,0.5217391304347826,0.5217391304347826,0.5652173913043478,0.5652173913043478,0.5217391304347826,0.4782608695652174,0.5217391304347826,0.5652173913043478,0.5217391304347826,0.5217391304347826,0.5652173913043478,0.5652173913043478,0.5217391304347826,0.6086956521739131,0.6086956521739131,0.5652173913043478,0.6521739130434783,0.4782608695652174,0.5217391304347826,0.8260869565217391,0.5217391304347826,0.5217391304347826,0.5217391304347826,0.5652173913043478,0.782608695652174,0.5652173913043478,0.5217391304347826,0.4782608695652174,0.5652173913043478,0.6086956521739131,0.5652173913043478,0.6521739130434783,0.5217391304347826,0.782608695652174,0.4782608695652174,0.8260869565217391,0.4782608695652174,0.8260869565217391,0.5217391304347826,0.5217391304347826,0.5217391304347826,0.5652173913043478,0.5652173913043478
W,0.3333333333333333,0.4444444444444444,0.4074074074074074,0.3333333333333333,0.37037037037037035,0.3333333333333333,0.37037037037037035,0.37037037037037035,0.4074074074074074,0.3333333333333333,0.48148148148148145,0.4444444444444444,0.37037037037037035,0.37037037037037035,0.37037037037037035,0.3333333333333333,0.37037037037037035,0.3333333333333333,0.4444444444444444,0.5555555555555556,0.3333333333333333,0.37037037037037035,0.3333333333333333,0.4074074074074074,0.5185185185185185,0.4074074074074074,0.4444444444444444,0.4444444444444444,0.4444444444444444,0.4444444444444444,0.4444444444444444,0.6296296296296297,0.4444444444444444,0.48148148148148145,0.4444444444444444,0.4074074074074074,0.4444444444444444,0.37037037037037035,0.4074074074074074,0.4074074074074074,0.48148148148148145,0.4074074074074074,0.4074074074074074,0.37037037037037035,0.4074074074074074,0.4074074074074074,0.37037037037037035,0.37037037037037035,0.4074074074074074,0.4444444444444444,0.4074074074074074,0.37037037037037035,0.37037037037037035,0.37037037037037035,0.37037037037037035,0.4074074074074074,0.4074074074074074,0.4074074074074074,0.37037037037037035,0.37037037037037035,0.2962962962962963,0.37037037037037035,0.37037037037037035,0.5555555555555556,0.4074074074074074,0.37037037037037035,0.37037037037037035,0.4074074074074074,0.37037037037037035,0.37037037037037035,0.4074074074074074,0.4074074074074074,0.37037037037037035,0.3333333333333333,0.37037037037037035,0.4074074074074074,0.3333333333333333,0.37037037037037035,0.37037037037037035,0.4074074074074074,0.37037037037037035,0.4074074074074074,0.4074074074074074,0.4074074074074074,0.37037037037037035,0.37037037037037035,0.37037037037037035,0.48148148148148145,0.3333333333333333,0.37037037037037035,0.37037037037037035,0.4444444444444444,0.37037037037037035,0.37037037037037035,0.37037037037037035,0.2962962962962963,0.37037037037037035,0.37037037037037035
Y,0.36363636363636365,0.4090909090909091,0.5909090909090909,0.36363636363636365,0.4090909090909091,0.4090909090909091,0.4090909090909091,0.4090909090909091,0.6363636363636364,0.36363636363636365,0.6818181818181818,0.5909090909090909,0.4090909090909091,0.4090909090909091,0.4090909090909091,0.3181818181818182,0.4090909090909091,0.3181818181818182,0.5454545454545454,0.8181818181818182,0.4090909090909091,0.4090909090909091,0.36363636363636365,0.4090909090909091,0.5,0.45454545454545453,0.5909090909090909,0.5,0.5454545454545454,0.45454545454545453,0.45454545454545453,0.5454545454545454,0.5454545454545454,0.5909090909090909,0.5,0.45454545454545453,0.45454545454545453,0.4090909090909091,0.45454545454545453,0.45454545454545453,0.6363636363636364,0.45454545454545453,0.4090909090909091,0.45454545454545453,0.45454545454545453,0.45454545454545453,0.45454545454545453,0.4090909090909091,0.4090909090909091,0.5,0.45454545454545453,0.5,0.4090909090909091,0.4090909090909091,0.36363636363636365,0.45454545454545453,0.45454545454545453,0.5454545454545454,0.45454545454545453,0.36363636363636365,0.3181818181818182,0.4090909090909091,0.45454545454545453,0.5,0.45454545454545453,0.45454545454545453,0.5454545454545454,0.36363636363636365,0.45454545454545453,0.45454545454545453,0.45454545454545453,0.5,0.36363636363636365,0.4090909090909091,0.4090909090909091,0.45454545454545453,0.4090909090909091,0.4090909090909091,0.45454545454545453,0.45454545454545453,0.4090909090909091,0.45454545454545453,0.4090909090909091,0.45454545454545453,0.45454545454545453,0.4090909090909091,0.4090909090909091,0.5454545454545454,0.4090909090909091,0.4090909090909091,0.4090909090909091,0.5454545454545454,0.4090909090909091,0.4090909090909091,0.45454545454545453,0.3181818181818182,0.4090909090909091,0.4090909090909091
V,0.4782608695652174,0.5652173913043478,0.782608695652174,0.4782608695652174,0.6521739130434783,0.9130434782608695,0.5652173913043478,0.6086956521739131,0.7391304347826086,0.4782608695652174,0.5652173913043478,0.5652173913043478,0.5217391304347826,0.4782608695652174,0.5652173913043478,0.4782608695652174,0.6086956521739131,0.43478260869565216,0.5652173913043478,0.5652173913043478,0.782608695652174,0.5652173913043478,0.5217391304347826,0.4782608695652174,0.6956521739130435,0.6086956521739131,0.782608695652174,0.6521739130434783,0.782608695652174,0.6956521739130435,0.6086956521739131,0.5652173913043478,0.6521739130434783,0.7391304347826086,0.6521739130434783,0.5652173913043478,0.7391304347826086,0.5217391304347826,0.5217391304347826,0.8260869565217391,0.7391304347826086,0.782608695652174,0.5652173913043478,0.4782608695652174,0.782608695652174,0.8695652173913043,0.5217391304347826,0.4782608695652174,0.4782608695652174,0.6956521739130435,0.6086956521739131,0.5217391304347826,0.5217391304347826,0.5652173913043478,0.43478260869565216,0.6521739130434783,0.6521739130434783,0.5652173913043478,0.8260869565217391,0.4782608695652174,0.43478260869565216,0.4782608695652174,0.8260869565217391,0.6956521739130435,0.5217391304347826,0.9130434782608695,0.4782608695652174,0.4782608695652174,0.7391304347826086,0.5217391304347826,0.8260869565217391,0.6086956521739131,0.4782608695652174,0.5217391304347826,0.5652173913043478,0.7391304347826086,0.4782608695652174,0.4782608695652174,0.9130434782608695,0.6956521739130435,0.5217391304347826,0.6956521739130435,0.6086956521739131,0.782608695652174,0.5652173913043478,0.5217391304347826,0.5652173913043478,0.4782608695652174,0.5217391304347826,0.6521739130434783,0.6956521739130435,0.6956521739130435,0.6521739130434783,0.8695652173913043,0.7391304347826086,0.4782608695652174,0.6521739130434783,0.4782608695652174
