,I,T,S,I.1,S.1,L,C,T.1,P,G,C.1,K,T.2,G.1,A,L.1,M,G.2,C.2,N,M.1,K.1,T.3,A.1,T.4,C.3,N.1,C.4,S.2,I.2,H,V,S.3,K.2
ASA,0.27589743589743587,0.21179487179487178,0.17487179487179488,0.2764102564102564,0.17846153846153845,0.21435897435897436,0.15589743589743588,0.20256410256410257,0.42153846153846153,0.19897435897435897,0.14923076923076922,0.6087179487179487,0.36307692307692313,0.1241025641025641,0.2328205128205128,0.15948717948717947,0.3246153846153846,0.11487179487179486,0.11589743589743588,0.4235897435897436,0.3343589743589744,0.62,0.2451282051282051,0.3620512820512821,0.437948717948718,0.18923076923076923,0.5235897435897436,0.1287179487179487,0.31897435897435894,0.2128205128205128,0.5800000000000001,0.29333333333333333,0.3728205128205128,0.8246153846153846
HSE_alpha_up,0.49354838709677423,0.3096774193548388,0.5290322580645161,0.3612903225806452,0.42258064516129035,0.4806451612903226,0.5967741935483871,0.4129032258064516,0.24516129032258063,0.2387096774193548,0.5774193548387098,0.2225806451612903,0.24516129032258063,0.42258064516129035,0.3612903225806452,0.6419354838709678,0.39032258064516134,0.42258064516129035,0.6193548387096774,0.2870967741935484,0.4387096774193549,0.2032258064516129,0.3612903225806452,0.20967741935483872,0.132258064516129,0.4580645161290323,0.18064516129032257,0.5903225806451613,0.19677419354838707,0.5741935483870968,0.15806451612903225,0.4645161290322581,0.16774193548387098,0.132258064516129
HSE_alpha_down,0.4657980456026059,0.5960912052117264,0.4853420195439739,0.6026058631921825,0.5798045602605864,0.5863192182410424,0.48859934853420195,0.4918566775244299,0.482084690553746,0.5081433224755699,0.2899022801302931,0.5211726384364821,0.5504885993485341,0.511400651465798,0.5895765472312703,0.47557003257328984,0.6579804560260586,0.5895765472312703,0.4788273615635179,0.5472312703583062,0.39413680781758964,0.482084690553746,0.39087947882736157,0.4234527687296417,0.45602605863192186,0.2671009771986971,0.5667752442996742,0.27361563517915305,0.6286644951140066,0.3452768729641694,0.5635179153094463,0.29967426710097717,0.36482084690553745,0.20521172638436483
P(C),0.337,0.385,0.38,0.324,0.358,0.478,0.74,0.888,0.96,0.899,0.768,0.556,0.637,0.574,0.395,0.36200000000000004,0.503,0.6970000000000001,0.637,0.659,0.7140000000000001,0.747,0.7040000000000001,0.805,0.785,0.821,0.8370000000000001,0.69,0.308,0.20199999999999999,0.193,0.39899999999999997,0.826,0.99
P(H),0.022000000000000002,0.047,0.09,0.121,0.07200000000000001,0.064,0.013000000000000001,0.003,0.024,0.034,0.055999999999999994,0.10400000000000001,0.115,0.142,0.14400000000000002,0.129,0.135,0.085,0.142,0.153,0.111,0.057999999999999996,0.06,0.073,0.057999999999999996,0.043,0.023,0.015,0.009000000000000001,0.004,0.004,0.008,0.01,0.001
P(E),0.6409999999999999,0.568,0.53,0.5539999999999999,0.5710000000000001,0.45799999999999996,0.247,0.109,0.016,0.067,0.17600000000000002,0.34,0.248,0.284,0.461,0.509,0.36200000000000004,0.218,0.221,0.187,0.175,0.195,0.237,0.122,0.156,0.13699999999999998,0.14,0.295,0.6829999999999999,0.794,0.8029999999999999,0.593,0.165,0.009000000000000001
cosPhi,0.2644948650869103,0.1596400518114541,0.20610800169400273,0.23652282274064945,0.2621886941364864,0.37481113971164287,0.4773199599336429,0.35381522542034777,0.6953676824535783,0.7207551219392987,0.5191954861020476,0.531396878490473,0.31108055419536185,0.171971009357866,0.40202815252528273,0.39689911632430486,0.3347438233303507,0.07830451562251001,0.29583567097538027,0.4991288562489504,0.4011725518506724,0.40888348278297676,0.3208170024908328,0.6791860436895513,0.6013954796317889,0.4425327727841121,0.7530191758858368,0.38922693684211457,0.3372169499919508,0.26990092977248764,0.2660359032605945,0.3372169499919508,0.40888348278297676,0.5130900371139817
cosPsi,0.1577264470356558,0.09294224082184044,0.11585823820323843,0.13372855060631067,0.1255221396054989,0.17793818511930676,0.18942610986084485,0.0718664576998359,0.999779930059692,0.9983186934090182,0.17131237710295222,0.9836338763879384,0.32244651879593145,0.0002467198171342,0.15900081996875082,0.16543469682057088,0.1860184711753311,0.006713919196515317,0.09963431452563332,0.5945477214949457,0.19148206242962573,0.2800304150720424,0.05976132324541905,0.9567727288213004,0.9605927027828606,0.9991709083070142,0.9230965830637821,0.11641742409235029,0.1307723296870582,0.14276366018359843,0.12093283190117388,0.1609201650659648,0.09549150281252633,0.20681382163210532
cosTheta,0.31880876024340016,0.2205173721324353,0.2749136839632729,0.3128579497890072,0.3143428822469098,0.4435986933251303,0.4746983669653747,0.34747132321559654,0.7113230236159556,0.7328216736475179,0.49293025492739123,0.6881371948361149,0.46975433943965944,0.37209916575593127,0.4533644710694691,0.416217176891701,0.42743940671343666,0.37209916575593127,0.3368362975954329,0.6088816383506805,0.46154188789838096,0.5163620911406818,0.34442393053354825,0.8122863794219237,0.7869098390601198,0.6757015379200512,0.7616137076039,0.37832383387602486,0.3752081710495006,0.33532409635984006,0.3338136810025616,0.39873529014946446,0.4452227116948749,0.5451389301736499
cosTau,0.001157860582197412,0.0024722150193868253,0.017263684560387516,0.009020643651778182,0.022360818938828186,0.05529181335435124,0.10869592157379304,0.04501936456172839,0.42264480685026595,0.9145187862775208,0.4295493840312088,0.0015413331334360736,0.8650811383103761,0.9992203820909904,0.09446809050533678,0.0849938574523163,0.028388671026199574,0.6864938912879045,0.03739514080710904,0.1307723296870582,0.00017133751222142557,0.029855936494790625,0.0008800860381174003,0.2537882199482665,0.818039110138882,0.8516973514052519,0.263724617565473,0.09911217787812293,0.06353896136509513,0.019610422921202908,0.02059013256590353,0.05175678480827983,0.05060297685041654,0.3110796065907664
sinPhi,0.05893656699116612,0.13372855060631061,0.09549150281252627,0.07505365350656806,0.06017571356669177,0.015926179810946184,0.0005147151046426268,0.021847622018482227,0.03974757327377981,0.9486291848371642,0.0003685417946894254,0.0009866357858642205,0.03706470759500258,0.8773547901113861,0.009692670726693553,0.010745507449110792,0.028099524208385185,0.7686498041734119,0.043582911383478584,7.615433562091489e-07,0.009864412689139013,0.008372546218022692,0.033209786751399184,0.033209786751399184,0.010388594689117181,0.003313617199801777,0.9312568346036287,0.012425322847218423,0.027240712200341577,0.056092307431799326,0.05811718495565338,0.027240712200341577,0.008372546218022692,0.00017133751222142557
sinPsi,0.8644843137107059,0.7903514778554699,0.8200548497424779,0.840360434479459,0.8313100241078687,0.882460700459216,0.8918467286629199,0.7582666644333209,0.4851668779574446,0.45903074568497954,0.876781696150819,0.3731210277075972,0.9674128381980072,0.48429462046093563,0.8656768508095853,0.8715724127386971,0.8891215742630105,0.5816629811208112,0.799511799257793,0.9909793563482219,0.8934675109806687,0.9490137878803078,0.7370441045235582,0.2966316784620999,0.3054380249298969,0.5287820134797836,0.7664381380353651,0.820724815784579,0.8371511937918619,0.8498316702566828,0.826049201915196,0.8674572975749799,0.7938926261462367,0.905020820222898
sinTheta,0.6533218943440592,0.5108075965636283,0.5940024317763319,0.6456545454908621,0.6475784411792114,0.7903426162306431,0.8181484701264021,0.6887043762780951,0.9612763673918584,0.968852871343087,0.833387029548143,0.9521493176447353,0.8138826126641087,0.7171502380908549,0.7993252125309194,0.7638910729123258,0.7749611905199943,0.7171502380908549,0.675869418215168,0.9132434584489203,0.8066687418476048,0.8518590165514206,0.6850612971472189,0.9896139680051544,0.9842092147221678,0.9468403828199835,0.9776819876314262,0.724066013990787,0.7206179745254088,0.6740166561530435,0.6721591118005722,0.7459952782331738,0.7918525839522409,0.8728854632657385
sinTau,0.5340076453326242,0.45034012512818067,0.36974774567867574,0.4054522785050542,0.35214597497797684,0.27145103647065294,0.18874268168119018,0.2926533786718804,0.006020067115305394,0.7795964517353735,0.9950118288582788,0.4607704521360775,0.8416368868403996,0.4720892475034181,0.20752116250639213,0.22112744551015484,0.33391943405814817,0.03608187305054,0.3102719202354973,0.16284880620813819,0.5130884741539368,0.3298102248934748,0.4703468132120192,0.06482215203005015,0.88581229169386,0.8553997369364963,0.05934827396750386,0.7988125734877605,0.25607017043063374,0.3613426733488111,0.3579923276480387,0.27846440458790994,0.28081442660546135,0.03706470759500258
hhm0,0.8411136344520144,0.8411136344520144,0.8411136344520144,0.8411136344520144,0.8411136344520144,0.8411136344520144,0.8411136344520144,0.8411136344520144,0.3102027083859029,0.22457734039868787,0.8411136344520144,0.8411136344520144,0.8411136344520144,0.8411136344520144,0.23593237446379006,0.8411136344520144,0.2843805198082261,0.8411136344520144,0.8411136344520144,0.24720329716544703,0.3671461014383043,0.3671461014383043,0.8411136344520144,0.14340987467406846,0.8411136344520144,0.8411136344520144,0.2912776516107326,0.8411136344520144,0.8411136344520144,0.8411136344520144,0.8411136344520144,0.8411136344520144,0.19883926318445622,0.8411136344520144
hhm1,0.7903264048051845,0.7903264048051845,0.7903264048051845,0.7903264048051845,0.7903264048051845,0.7903264048051845,0.0,0.7903264048051845,0.7903264048051845,0.7903264048051845,0.0,0.7903264048051845,0.7903264048051845,0.7903264048051845,0.7903264048051845,0.7903264048051845,0.7903264048051845,0.7903264048051845,0.0,0.7903264048051845,0.7903264048051845,0.2736900339840354,0.7903264048051845,0.2549592981901525,0.7903264048051845,0.03279854579941516,0.7903264048051845,0.043072789061882555,0.7903264048051845,0.7903264048051845,0.7903264048051845,0.7903264048051845,0.7903264048051845,0.16944598119023155
hhm2,0.8234519104084322,0.8234519104084322,0.8234519104084322,0.8234519104084322,0.8234519104084322,0.8234519104084322,0.8234519104084322,0.8234519104084322,0.8234519104084322,0.8234519104084322,0.8234519104084322,0.8234519104084322,0.8234519104084322,0.8234519104084322,0.8234519104084322,0.8234519104084322,0.8234519104084322,0.8234519104084322,0.8234519104084322,0.8234519104084322,0.8234519104084322,0.8234519104084322,0.8234519104084322,0.8234519104084322,0.8234519104084322,0.8234519104084322,0.8234519104084322,0.8234519104084322,0.8234519104084322,0.8234519104084322,0.8234519104084322,0.8234519104084322,0.8234519104084322,0.8234519104084322
hhm3,0.7964319847085058,0.7964319847085058,0.7964319847085058,0.322475310608474,0.7964319847085058,0.7964319847085058,0.7964319847085058,0.7964319847085058,0.7964319847085058,0.7964319847085058,0.7964319847085058,0.7964319847085058,0.7964319847085058,0.7964319847085058,0.7964319847085058,0.7964319847085058,0.7964319847085058,0.7964319847085058,0.7964319847085058,0.7964319847085058,0.7964319847085058,0.7964319847085058,0.7964319847085058,0.7964319847085058,0.7964319847085058,0.7964319847085058,0.7964319847085058,0.7964319847085058,0.7964319847085058,0.7964319847085058,0.7964319847085058,0.7964319847085058,0.7964319847085058,0.7964319847085058
hhm4,0.2994911558032469,0.80768920119538,0.80768920119538,0.80768920119538,0.273079718924158,0.18221468378967773,0.80768920119538,0.80768920119538,0.80768920119538,0.80768920119538,0.80768920119538,0.80768920119538,0.80768920119538,0.80768920119538,0.80768920119538,0.80768920119538,0.80768920119538,0.80768920119538,0.80768920119538,0.18261852839027543,0.80768920119538,0.80768920119538,0.27041434456021324,0.80768920119538,0.80768920119538,0.27970277037396013,0.80768920119538,0.21565301671916648,0.80768920119538,0.2187222356837089,0.80768920119538,0.80768920119538,0.80768920119538,0.17631855262095145
hhm5,0.8283631544068919,0.8283631544068919,0.8283631544068919,0.8283631544068919,0.8283631544068919,0.8283631544068919,0.8283631544068919,0.8283631544068919,0.8283631544068919,0.02046056991385023,0.8283631544068919,0.8283631544068919,0.8283631544068919,0.02046056991385023,0.28006958250497016,0.8283631544068919,0.8283631544068919,0.06486083499005964,0.8283631544068919,0.8283631544068919,0.8283631544068919,0.8283631544068919,0.8283631544068919,0.8283631544068919,0.17884360503644797,0.8283631544068919,0.16583830351225975,0.8283631544068919,0.8283631544068919,0.8283631544068919,0.15772034459907225,0.21172962226640157,0.14396951623591783,0.8283631544068919
hhm6,0.805607024893257,0.805607024893257,0.805607024893257,0.21509707564649963,0.805607024893257,0.805607024893257,0.805607024893257,0.805607024893257,0.805607024893257,0.805607024893257,0.805607024893257,0.805607024893257,0.805607024893257,0.805607024893257,0.805607024893257,0.805607024893257,0.805607024893257,0.805607024893257,0.805607024893257,0.22492548135019735,0.805607024893257,0.805607024893257,0.805607024893257,0.2113107226295013,0.805607024893257,0.805607024893257,0.21082735841456535,0.805607024893257,0.13429469104970593,0.805607024893257,0.23523725126883105,0.19890437444614517,0.805607024893257,0.805607024893257
hhm7,0.017270494319926312,0.7675775253300584,0.7675775253300584,0.1673319005219527,0.7675775253300584,0.7675775253300584,0.7675775253300584,0.7675775253300584,0.7675775253300584,0.7675775253300584,0.7675775253300584,0.11306416948111758,0.7675775253300584,0.7675775253300584,0.2661191280319312,0.12258213079521033,0.7675775253300584,0.7675775253300584,0.7675775253300584,0.7675775253300584,0.20271722443966841,0.7675775253300584,0.7675775253300584,0.19151059256984956,0.7675775253300584,0.7675775253300584,0.7675775253300584,0.7675775253300584,0.7675775253300584,0.10047589806570463,0.7675775253300584,0.13340497390236414,0.7675775253300584,0.7675775253300584
hhm8,0.7967492630069316,0.7967492630069316,0.7967492630069316,0.11098717233686559,0.7967492630069316,0.7967492630069316,0.7967492630069316,0.7967492630069316,0.7967492630069316,0.7967492630069316,0.7967492630069316,0.1234961357660744,0.7967492630069316,0.7967492630069316,0.21273205322285077,0.7967492630069316,0.7967492630069316,0.7967492630069316,0.7967492630069316,0.7967492630069316,0.2938411281969564,0.16484742251613416,0.7967492630069316,0.3128037606565214,0.7967492630069316,0.31750458130826226,0.7967492630069316,0.27591426977930045,0.7967492630069316,0.7967492630069316,0.7967492630069316,0.7967492630069316,0.20364911162457172,0.06796271213449127
hhm9,0.8271982794275787,0.8271982794275787,0.8271982794275787,0.8271982794275787,0.8271982794275787,0.04640582347588716,0.8271982794275787,0.8271982794275787,0.8271982794275787,0.8271982794275787,0.8271982794275787,0.8271982794275787,0.8271982794275787,0.8271982794275787,0.33493258334022663,0.059723715774671185,0.22086194060716352,0.8271982794275787,0.8271982794275787,0.8271982794275787,0.12573413847299197,0.22086194060716352,0.8271982794275787,0.8271982794275787,0.8271982794275787,0.8271982794275787,0.8271982794275787,0.8271982794275787,0.8271982794275787,0.8271982794275787,0.8271982794275787,0.8271982794275787,0.8271982794275787,0.8271982794275787
hhm10,0.7923302432453847,0.7923302432453847,0.7923302432453847,0.7923302432453847,0.7923302432453847,0.3368988194279376,0.7923302432453847,0.7923302432453847,0.7923302432453847,0.7923302432453847,0.7923302432453847,0.7923302432453847,0.7923302432453847,0.7923302432453847,0.7923302432453847,0.3157436019332858,0.06972506140559386,0.7923302432453847,0.7923302432453847,0.7923302432453847,0.3623326202361144,0.7923302432453847,0.7923302432453847,0.7923302432453847,0.7923302432453847,0.7923302432453847,0.7923302432453847,0.7923302432453847,0.7923302432453847,0.7923302432453847,0.7923302432453847,0.7923302432453847,0.7923302432453847,0.7923302432453847
hhm11,0.8106355382619974,0.8106355382619974,0.8106355382619974,0.8106355382619974,0.8106355382619974,0.8106355382619974,0.8106355382619974,0.8106355382619974,0.8106355382619974,0.8106355382619974,0.8106355382619974,0.8106355382619974,0.8106355382619974,0.8106355382619974,0.8106355382619974,0.8106355382619974,0.8106355382619974,0.8106355382619974,0.8106355382619974,0.11413748378728925,0.32514591439688717,0.8106355382619974,0.8106355382619974,0.8106355382619974,0.8106355382619974,0.27407587548638135,0.1262970168612192,0.8106355382619974,0.8106355382619974,0.8106355382619974,0.8106355382619974,0.8106355382619974,0.20014591439688717,0.8106355382619974
hhm12,0.7765783955890346,0.7765783955890346,0.7765783955890346,0.7765783955890346,0.7765783955890346,0.7765783955890346,0.7765783955890346,0.7765783955890346,0.02997592606973674,0.7765783955890346,0.7765783955890346,0.2625611555486526,0.7765783955890346,0.7765783955890346,0.2689290983924827,0.7765783955890346,0.7765783955890346,0.7765783955890346,0.7765783955890346,0.33750097072299445,0.7765783955890346,0.7765783955890346,0.7765783955890346,0.2599984468432088,0.7765783955890346,0.7765783955890346,0.7765783955890346,0.7765783955890346,0.19228081074784498,0.7765783955890346,0.7765783955890346,0.7765783955890346,0.7765783955890346,0.7765783955890346
hhm13,0.7867201636377941,0.7867201636377941,0.7867201636377941,0.3350641176933365,0.7867201636377941,0.7867201636377941,0.7867201636377941,0.7867201636377941,0.21005428369129103,0.7867201636377941,0.7867201636377941,0.7867201636377941,0.7867201636377941,0.7867201636377941,0.7867201636377941,0.7867201636377941,0.1807882936039651,0.7867201636377941,0.7867201636377941,0.7867201636377941,0.7867201636377941,0.16749272283848637,0.2537959247895524,0.7867201636377941,0.7867201636377941,0.7867201636377941,0.7867201636377941,0.7867201636377941,0.2976162379041775,0.7867201636377941,0.7867201636377941,0.7867201636377941,0.7867201636377941,0.7867201636377941
hhm14,0.7768197001475957,0.7768197001475957,0.7768197001475957,0.7768197001475957,0.7768197001475957,0.7768197001475957,0.7768197001475957,0.7768197001475957,0.7768197001475957,0.7768197001475957,0.7768197001475957,0.7768197001475957,0.7768197001475957,0.7768197001475957,0.22069447681193194,0.7768197001475957,0.7768197001475957,0.7768197001475957,0.7768197001475957,0.7768197001475957,0.7768197001475957,0.7768197001475957,0.7768197001475957,0.7768197001475957,0.7768197001475957,0.7768197001475957,0.20741085993940805,0.7768197001475957,0.7768197001475957,0.18395090499495068,0.7768197001475957,0.7768197001475957,0.7768197001475957,0.7768197001475957
hhm15,0.7874015748031495,0.7874015748031495,0.0,0.7874015748031495,0.019527559055118108,0.7874015748031495,0.7874015748031495,0.21023622047244095,0.7874015748031495,0.7874015748031495,0.7874015748031495,0.7874015748031495,0.7874015748031495,0.7874015748031495,0.7874015748031495,0.7874015748031495,0.7874015748031495,0.7874015748031495,0.7874015748031495,0.7874015748031495,0.7874015748031495,0.7874015748031495,0.3018897637795276,0.7874015748031495,0.29039370078740157,0.7874015748031495,0.7874015748031495,0.7874015748031495,0.09511811023622048,0.2777165354330709,0.12354330708661418,0.7874015748031495,0.2115748031496063,0.7874015748031495
hhm16,0.8158603247124092,0.0,0.8158603247124092,0.8158603247124092,0.8158603247124092,0.8158603247124092,0.8158603247124092,0.020151750020396507,0.8158603247124092,0.8158603247124092,0.8158603247124092,0.8158603247124092,0.0,0.8158603247124092,0.8158603247124092,0.8158603247124092,0.8158603247124092,0.10239047075140736,0.8158603247124092,0.8158603247124092,0.2162845720812597,0.20608631802235455,0.03785591906665579,0.8158603247124092,0.0422615648201028,0.8158603247124092,0.8158603247124092,0.8158603247124092,0.8158603247124092,0.8158603247124092,0.15688994044219629,0.8158603247124092,0.8158603247124092,0.8158603247124092
hhm17,0.32856296045389105,0.846811753747142,0.846811753747142,0.846811753747142,0.3396561944279787,0.3428740790922178,0.846811753747142,0.846811753747142,0.846811753747142,0.846811753747142,0.846811753747142,0.19519010923871624,0.846811753747142,0.846811753747142,0.22423575239224317,0.846811753747142,0.846811753747142,0.846811753747142,0.846811753747142,0.846811753747142,0.3680243881785079,0.33745448386823607,0.846811753747142,0.30442882547209754,0.846811753747142,0.846811753747142,0.846811753747142,0.33067998983825897,0.846811753747142,0.22169531713100174,0.846811753747142,0.12837666186806673,0.846811753747142,0.846811753747142
hhm18,0.7652865998316369,0.7652865998316369,0.7652865998316369,0.7652865998316369,0.7652865998316369,0.7652865998316369,0.7652865998316369,0.7652865998316369,0.7652865998316369,0.7652865998316369,0.7652865998316369,0.7652865998316369,0.7652865998316369,0.7652865998316369,0.3049667100329074,0.7652865998316369,0.7652865998316369,0.7652865998316369,0.7652865998316369,0.7652865998316369,0.7652865998316369,0.7652865998316369,0.7652865998316369,0.7652865998316369,0.7652865998316369,0.7652865998316369,0.7652865998316369,0.7652865998316369,0.7652865998316369,0.7652865998316369,0.7652865998316369,0.7652865998316369,0.7652865998316369,0.7652865998316369
hhm19,0.8254911672445104,0.8254911672445104,0.8254911672445104,0.24409773815420177,0.8254911672445104,0.8254911672445104,0.8254911672445104,0.8254911672445104,0.8254911672445104,0.8254911672445104,0.8254911672445104,0.8254911672445104,0.8254911672445104,0.2204061416542843,0.8254911672445104,0.8254911672445104,0.8254911672445104,0.8254911672445104,0.8254911672445104,0.28586759121677396,0.3509988443123659,0.8254911672445104,0.8254911672445104,0.8254911672445104,0.8254911672445104,0.8254911672445104,0.8254911672445104,0.8254911672445104,0.8254911672445104,0.8254911672445104,0.8254911672445104,0.8254911672445104,0.8254911672445104,0.8254911672445104
A,0.5909090909090909,0.6363636363636364,0.6818181818181818,0.5909090909090909,0.6818181818181818,0.5454545454545454,0.5909090909090909,0.6363636363636364,0.5909090909090909,0.6363636363636364,0.5909090909090909,0.5909090909090909,0.6363636363636364,0.6363636363636364,0.7727272727272727,0.5454545454545454,0.5909090909090909,0.6363636363636364,0.5909090909090909,0.6818181818181818,0.5909090909090909,0.5909090909090909,0.6363636363636364,0.8181818181818182,0.6363636363636364,0.5909090909090909,0.5909090909090909,0.5909090909090909,0.6363636363636364,0.5909090909090909,0.5454545454545454,0.5909090909090909,0.6818181818181818,0.5909090909090909
R,0.42857142857142855,0.47619047619047616,0.5238095238095238,0.5714285714285714,0.5238095238095238,0.42857142857142855,0.38095238095238093,0.47619047619047616,0.42857142857142855,0.42857142857142855,0.38095238095238093,0.5714285714285714,0.47619047619047616,0.42857142857142855,0.5714285714285714,0.42857142857142855,0.5238095238095238,0.47619047619047616,0.38095238095238093,0.5238095238095238,0.47619047619047616,0.6666666666666666,0.5238095238095238,0.5238095238095238,0.47619047619047616,0.38095238095238093,0.5238095238095238,0.38095238095238093,0.5714285714285714,0.42857142857142855,0.5714285714285714,0.42857142857142855,0.5238095238095238,0.6666666666666666
N,0.38095238095238093,0.5714285714285714,0.5714285714285714,0.5238095238095238,0.5714285714285714,0.38095238095238093,0.42857142857142855,0.5714285714285714,0.42857142857142855,0.5238095238095238,0.42857142857142855,0.47619047619047616,0.5714285714285714,0.5238095238095238,0.47619047619047616,0.38095238095238093,0.47619047619047616,0.5238095238095238,0.42857142857142855,0.7619047619047619,0.5714285714285714,0.5714285714285714,0.5714285714285714,0.47619047619047616,0.5714285714285714,0.42857142857142855,0.8095238095238095,0.42857142857142855,0.5714285714285714,0.42857142857142855,0.5714285714285714,0.38095238095238093,0.5714285714285714,0.5714285714285714
D,0.4090909090909091,0.5454545454545454,0.5454545454545454,0.5,0.5454545454545454,0.4090909090909091,0.4090909090909091,0.5,0.5,0.5,0.4090909090909091,0.5,0.5,0.5,0.45454545454545453,0.4090909090909091,0.45454545454545453,0.5,0.4090909090909091,0.5909090909090909,0.45454545454545453,0.5454545454545454,0.5454545454545454,0.5,0.5454545454545454,0.4090909090909091,0.5909090909090909,0.4090909090909091,0.5454545454545454,0.45454545454545453,0.5454545454545454,0.4090909090909091,0.5454545454545454,0.5454545454545454
C,0.48148148148148145,0.5185185185185185,0.5185185185185185,0.48148148148148145,0.5185185185185185,0.48148148148148145,0.9259259259259259,0.5185185185185185,0.4074074074074074,0.4444444444444444,0.9259259259259259,0.48148148148148145,0.5185185185185185,0.4444444444444444,0.5185185185185185,0.48148148148148145,0.48148148148148145,0.48148148148148145,0.9259259259259259,0.48148148148148145,0.48148148148148145,0.4444444444444444,0.5185185185185185,0.5185185185185185,0.5185185185185185,0.9259259259259259,0.4444444444444444,0.9259259259259259,0.48148148148148145,0.5185185185185185,0.4074074074074074,0.5185185185185185,0.5185185185185185,0.4074074074074074
Q,0.38095238095238093,0.47619047619047616,0.5238095238095238,0.5714285714285714,0.47619047619047616,0.42857142857142855,0.3333333333333333,0.47619047619047616,0.42857142857142855,0.42857142857142855,0.3333333333333333,0.5238095238095238,0.47619047619047616,0.42857142857142855,0.42857142857142855,0.42857142857142855,0.6666666666666666,0.42857142857142855,0.3333333333333333,0.5714285714285714,0.42857142857142855,0.7142857142857143,0.47619047619047616,0.47619047619047616,0.47619047619047616,0.3333333333333333,0.47619047619047616,0.3333333333333333,0.5714285714285714,0.38095238095238093,0.5238095238095238,0.38095238095238093,0.5238095238095238,0.5714285714285714
E,0.4,0.55,0.6,0.6,0.55,0.45,0.4,0.55,0.5,0.45,0.4,0.55,0.55,0.45,0.5,0.45,0.55,0.5,0.4,0.55,0.45,0.65,0.55,0.55,0.55,0.4,0.55,0.4,0.6,0.45,0.6,0.45,0.6,0.65
G,0.45454545454545453,0.5454545454545454,0.5909090909090909,0.5,0.5909090909090909,0.45454545454545453,0.5,0.5454545454545454,0.5,0.9545454545454546,0.5,0.5,0.5454545454545454,0.9545454545454546,0.5909090909090909,0.45454545454545453,0.5,0.8636363636363636,0.5,0.5909090909090909,0.5909090909090909,0.5454545454545454,0.5454545454545454,0.5909090909090909,0.6818181818181818,0.5,0.7727272727272727,0.5,0.5909090909090909,0.5,0.6363636363636364,0.45454545454545453,0.6818181818181818,0.5454545454545454
H,0.375,0.4166666666666667,0.4583333333333333,0.5833333333333334,0.4583333333333333,0.375,0.3333333333333333,0.4166666666666667,0.375,0.375,0.3333333333333333,0.4166666666666667,0.4166666666666667,0.375,0.4166666666666667,0.375,0.4166666666666667,0.4166666666666667,0.3333333333333333,0.5833333333333334,0.4166666666666667,0.5,0.4166666666666667,0.4166666666666667,0.4166666666666667,0.3333333333333333,0.6666666666666666,0.3333333333333333,0.75,0.375,0.8333333333333334,0.3333333333333333,0.4583333333333333,0.4583333333333333
I,0.7916666666666666,0.5833333333333334,0.5,0.7083333333333334,0.5416666666666666,0.6666666666666666,0.5416666666666666,0.5833333333333334,0.5,0.4583333333333333,0.5416666666666666,0.7083333333333334,0.5833333333333334,0.4583333333333333,0.7083333333333334,0.7083333333333334,0.625,0.5,0.5416666666666666,0.5,0.7083333333333334,0.5,0.5833333333333334,0.625,0.5833333333333334,0.5416666666666666,0.4583333333333333,0.5833333333333334,0.5,0.7916666666666666,0.4583333333333333,0.7916666666666666,0.5,0.5
L,0.7272727272727273,0.5909090909090909,0.5454545454545454,0.6818181818181818,0.5909090909090909,0.8636363636363636,0.5909090909090909,0.5909090909090909,0.5,0.5,0.5909090909090909,0.6818181818181818,0.5909090909090909,0.5,0.6818181818181818,0.8636363636363636,0.7272727272727273,0.5454545454545454,0.5909090909090909,0.5909090909090909,0.7727272727272727,0.5454545454545454,0.5909090909090909,0.6363636363636364,0.5909090909090909,0.5909090909090909,0.5,0.6363636363636364,0.5454545454545454,0.7272727272727273,0.5454545454545454,0.7272727272727273,0.5454545454545454,0.5454545454545454
K,0.45454545454545453,0.5454545454545454,0.5454545454545454,0.6818181818181818,0.5454545454545454,0.45454545454545453,0.4090909090909091,0.5454545454545454,0.5,0.5,0.4090909090909091,0.7272727272727273,0.5454545454545454,0.5,0.5454545454545454,0.45454545454545453,0.5454545454545454,0.5,0.4090909090909091,0.5454545454545454,0.5,0.7727272727272727,0.5454545454545454,0.5909090909090909,0.5454545454545454,0.4090909090909091,0.5454545454545454,0.4090909090909091,0.5909090909090909,0.45454545454545453,0.5909090909090909,0.45454545454545453,0.5909090909090909,0.8181818181818182
M,0.5769230769230769,0.5,0.46153846153846156,0.5384615384615384,0.46153846153846156,0.6538461538461539,0.46153846153846156,0.5,0.4230769230769231,0.4230769230769231,0.46153846153846156,0.5384615384615384,0.5,0.4230769230769231,0.5384615384615384,0.6538461538461539,0.8076923076923077,0.46153846153846156,0.46153846153846156,0.46153846153846156,0.6538461538461539,0.5,0.5,0.5,0.5,0.46153846153846156,0.4230769230769231,0.46153846153846156,0.46153846153846156,0.5769230769230769,0.46153846153846156,0.5769230769230769,0.46153846153846156,0.46153846153846156
F,0.6521739130434783,0.43478260869565216,0.43478260869565216,0.5652173913043478,0.5652173913043478,0.6086956521739131,0.43478260869565216,0.43478260869565216,0.391304347826087,0.391304347826087,0.43478260869565216,0.4782608695652174,0.43478260869565216,0.391304347826087,0.4782608695652174,0.5652173913043478,0.5217391304347826,0.43478260869565216,0.43478260869565216,0.6086956521739131,0.6086956521739131,0.391304347826087,0.43478260869565216,0.4782608695652174,0.43478260869565216,0.43478260869565216,0.43478260869565216,0.43478260869565216,0.4782608695652174,0.6086956521739131,0.4782608695652174,0.5217391304347826,0.43478260869565216,0.391304347826087
P,0.4782608695652174,0.5652173913043478,0.5652173913043478,0.5217391304347826,0.5652173913043478,0.4782608695652174,0.43478260869565216,0.5217391304347826,0.9565217391304348,0.4782608695652174,0.43478260869565216,0.5217391304347826,0.5217391304347826,0.4782608695652174,0.5217391304347826,0.4782608695652174,0.4782608695652174,0.5217391304347826,0.43478260869565216,0.7391304347826086,0.4782608695652174,0.5652173913043478,0.5652173913043478,0.5652173913043478,0.5217391304347826,0.43478260869565216,0.4782608695652174,0.4782608695652174,0.6521739130434783,0.4782608695652174,0.4782608695652174,0.4782608695652174,0.5652173913043478,0.5652173913043478
S,0.47619047619047616,0.6666666666666666,0.8571428571428571,0.5714285714285714,0.8571428571428571,0.47619047619047616,0.5714285714285714,0.6666666666666666,0.5714285714285714,0.5714285714285714,0.5714285714285714,0.5714285714285714,0.6666666666666666,0.5714285714285714,0.6190476190476191,0.47619047619047616,0.5238095238095238,0.6190476190476191,0.5714285714285714,0.6190476190476191,0.5238095238095238,0.6666666666666666,0.7619047619047619,0.6666666666666666,0.7142857142857143,0.5714285714285714,0.6190476190476191,0.5714285714285714,0.7619047619047619,0.5238095238095238,0.5714285714285714,0.5238095238095238,0.8095238095238095,0.6190476190476191
T,0.5652173913043478,0.8695652173913043,0.6521739130434783,0.5652173913043478,0.6521739130434783,0.5217391304347826,0.5652173913043478,0.8695652173913043,0.5217391304347826,0.5217391304347826,0.5652173913043478,0.5652173913043478,0.8695652173913043,0.5217391304347826,0.6086956521739131,0.5652173913043478,0.5652173913043478,0.7391304347826086,0.5652173913043478,0.6086956521739131,0.5652173913043478,0.5652173913043478,0.8260869565217391,0.6086956521739131,0.8260869565217391,0.5652173913043478,0.5652173913043478,0.5652173913043478,0.6086956521739131,0.5652173913043478,0.5217391304347826,0.6086956521739131,0.6521739130434783,0.5652173913043478
W,0.4444444444444444,0.4074074074074074,0.4074074074074074,0.48148148148148145,0.4074074074074074,0.4444444444444444,0.4074074074074074,0.4074074074074074,0.37037037037037035,0.4074074074074074,0.4074074074074074,0.4074074074074074,0.4074074074074074,0.4074074074074074,0.4074074074074074,0.4444444444444444,0.4444444444444444,0.4074074074074074,0.4074074074074074,0.4074074074074074,0.4444444444444444,0.4074074074074074,0.4074074074074074,0.4074074074074074,0.4074074074074074,0.4074074074074074,0.37037037037037035,0.4074074074074074,0.4074074074074074,0.4444444444444444,0.4074074074074074,0.4074074074074074,0.4074074074074074,0.4074074074074074
Y,0.5454545454545454,0.45454545454545453,0.45454545454545453,0.6818181818181818,0.45454545454545453,0.5,0.4090909090909091,0.45454545454545453,0.36363636363636365,0.36363636363636365,0.4090909090909091,0.45454545454545453,0.45454545454545453,0.36363636363636365,0.45454545454545453,0.5,0.45454545454545453,0.4090909090909091,0.4090909090909091,0.5,0.5454545454545454,0.45454545454545453,0.45454545454545453,0.45454545454545453,0.45454545454545453,0.4090909090909091,0.5,0.4090909090909091,0.5454545454545454,0.5,0.5909090909090909,0.45454545454545453,0.45454545454545453,0.45454545454545453
V,0.782608695652174,0.6521739130434783,0.5652173913043478,0.6956521739130435,0.6086956521739131,0.6956521739130435,0.6086956521739131,0.6521739130434783,0.5217391304347826,0.4782608695652174,0.6086956521739131,0.782608695652174,0.6521739130434783,0.4782608695652174,0.7391304347826086,0.6956521739130435,0.6521739130434783,0.5652173913043478,0.6086956521739131,0.5652173913043478,0.6956521739130435,0.5217391304347826,0.6086956521739131,0.6521739130434783,0.6086956521739131,0.6086956521739131,0.4782608695652174,0.6956521739130435,0.5652173913043478,0.782608695652174,0.4782608695652174,0.8260869565217391,0.5652173913043478,0.5217391304347826
