,G,P,L,G.1,S,E,N,D,L.1,G.2,I,T,A,V,A.1,L.2,Y,D.1,Y.1,Q,A.2,A.3,G.3,D.2,D.3,E.1,I.1,S.1,F,D.4,P.1,D.5,D.6,I.2,I.3,T.1,N.1,I.4,E.2,M,I.5,D.7,D.8,G.4,W,W.1,R,G.5,V.1,C,K,G.6,R.1,Y.2,G.7,L.3,F.1,P.2,A.4,N.2,Y.3,V.2,E.3,L.4,R.2,Q.1
ASA,0.29025641025641025,0.5251282051282051,0.5953846153846154,0.27794871794871795,0.4153846153846154,0.6923076923076923,0.574871794871795,0.5646153846153846,0.5292307692307693,0.18717948717948718,0.27692307692307694,0.24256410256410255,0.04512820512820513,0.26564102564102565,0.08615384615384614,0.31333333333333335,0.35128205128205126,0.37589743589743596,0.25846153846153846,0.5415384615384616,0.19230769230769232,0.36666666666666664,0.2825641025641026,0.4507692307692308,0.44871794871794873,0.4282051282051282,0.13384615384615384,0.26564102564102565,0.1005128205128205,0.38615384615384624,0.39692307692307693,0.5943589743589743,0.20153846153846153,0.3297435897435898,0.06051282051282052,0.2651282051282051,0.29435897435897435,0.10666666666666665,0.48000000000000004,0.39538461538461545,0.3887179487179488,0.41384615384615386,0.5487179487179488,0.21435897435897436,0.4430769230769231,0.19384615384615383,0.45538461538461544,0.03333333333333333,0.2953846153846154,0.07743589743589743,0.7082051282051282,0.3194871794871795,0.5451282051282051,0.5107692307692309,0.05384615384615385,0.21487179487179486,0.055384615384615386,0.13948717948717948,0.16256410256410256,0.4861538461538462,0.21487179487179486,0.04256410256410257,0.47076923076923083,0.4261538461538462,0.7123076923076923,0.8200000000000001
HSE_alpha_up,0.054838709677419356,0.13548387096774195,0.14838709677419354,0.1064516129032258,0.12258064516129032,0.12580645161290321,0.11612903225806451,0.09032258064516129,0.19032258064516128,0.2709677419354839,0.4741935483870968,0.3096774193548388,0.7290322580645162,0.3032258064516129,0.6870967741935484,0.3645161290322581,0.3645161290322581,0.3225806451612903,0.6000000000000001,0.16774193548387098,0.5,0.19032258064516128,0.08064516129032258,0.2387096774193548,0.2225806451612903,0.28064516129032263,0.6774193548387096,0.23225806451612904,0.7225806451612904,0.14838709677419354,0.36774193548387096,0.04838709677419355,0.43548387096774194,0.35161290322580646,0.7709677419354839,0.3096774193548388,0.40645161290322585,0.6774193548387096,0.2129032258064516,0.44193548387096776,0.3225806451612903,0.1774193548387097,0.14838709677419354,0.23225806451612904,0.3032258064516129,0.6451612903225806,0.2870967741935484,0.6612903225806451,0.28064516129032263,0.6580645161290323,0.132258064516129,0.04516129032258065,0.23548387096774193,0.34838709677419355,0.49354838709677423,0.4967741935483871,0.7548387096774194,0.42258064516129035,0.5838709677419355,0.16129032258064516,0.567741935483871,0.7870967741935485,0.2,0.42580645161290326,0.2161290322580645,0.06451612903225806
HSE_alpha_down,0.1758957654723127,0.2768729641693811,0.23778501628664495,0.26058631921824105,0.244299674267101,0.24104234527687296,0.2638436482084691,0.2931596091205212,0.2768729641693811,0.4527687296416938,0.3973941368078176,0.6710097719869706,0.46905537459283386,0.7785016286644951,0.4397394136807818,0.5146579804560261,0.5472312703583062,0.5732899022801302,0.34201954397394135,0.5895765472312703,0.30293159609120524,0.3876221498371335,0.36482084690553745,0.37785016286644957,0.44625407166123776,0.5179153094462541,0.3811074918566775,0.7003257328990228,0.36482084690553745,0.6547231270358306,0.3973941368078176,0.46254071661237783,0.34201954397394135,0.6286644951140066,0.4006514657980456,0.6807817589576547,0.5993485342019543,0.3745928338762215,0.6384364820846905,0.4136807817589576,0.37133550488599343,0.4039087947882736,0.3745928338762215,0.44625407166123776,0.4657980456026059,0.4169381107491857,0.7198697068403909,0.511400651465798,0.7166123778501629,0.32899022801302935,0.4364820846905537,0.3811074918566775,0.3583061889250814,0.52442996742671,0.5765472312703583,0.7166123778501629,0.5928338762214984,0.7166123778501629,0.45602605863192186,0.6058631921824104,0.44625407166123776,0.3192182410423453,0.6579804560260586,0.3452768729641694,0.254071661237785,0.1237785016286645
P(C),0.996,0.963,0.919,0.884,0.85,0.816,0.826,0.855,0.903,0.856,0.418,0.069,0.017,0.013000000000000001,0.077,0.47100000000000003,0.435,0.599,0.516,0.59,0.8440000000000001,0.917,0.955,0.951,0.924,0.677,0.772,0.662,0.546,0.965,0.997,0.997,0.955,0.138,0.064,0.057,0.10400000000000001,0.136,0.188,0.312,0.627,0.775,0.9009999999999999,0.91,0.565,0.10800000000000001,0.024,0.017,0.008,0.032,0.997,0.9990000000000001,0.039,0.018000000000000002,0.038,0.05,0.055,0.156,0.209,0.212,0.168,0.26899999999999996,0.121,0.293,0.7909999999999999,0.9890000000000001
P(H),0.002,0.032,0.071,0.10300000000000001,0.13699999999999998,0.16899999999999998,0.159,0.127,0.067,0.017,0.004,0.001,0.0,0.0,0.002,0.013000000000000001,0.013000000000000001,0.017,0.028999999999999998,0.021,0.042,0.043,0.033,0.031,0.038,0.06,0.015,0.015,0.006,0.0,0.001,0.001,0.002,0.002,0.001,0.002,0.005,0.005,0.011000000000000001,0.015,0.026000000000000002,0.03,0.057,0.046,0.021,0.002,0.0,0.0,0.0,0.0,0.002,0.001,0.0,0.0,0.0,0.0,0.0,0.0,0.789,0.7859999999999999,0.8270000000000001,0.006,0.004,0.017,0.017,0.001
P(E),0.002,0.004,0.01,0.013000000000000001,0.013000000000000001,0.015,0.015,0.018000000000000002,0.028999999999999998,0.127,0.5770000000000001,0.9309999999999999,0.983,0.987,0.9209999999999999,0.515,0.552,0.384,0.455,0.389,0.114,0.04,0.013000000000000001,0.018000000000000002,0.038,0.264,0.212,0.32299999999999995,0.44799999999999995,0.035,0.002,0.002,0.044000000000000004,0.86,0.935,0.9420000000000001,0.8909999999999999,0.8590000000000001,0.8009999999999999,0.6729999999999999,0.34600000000000003,0.195,0.040999999999999995,0.044000000000000004,0.414,0.89,0.976,0.983,0.992,0.9670000000000001,0.001,0.0,0.961,0.982,0.9620000000000001,0.95,0.945,0.843,0.003,0.002,0.005,0.725,0.875,0.69,0.192,0.011000000000000001
cosPhi,0.05060313099621199,0.6369815497010073,0.5435795272100781,0.9183849542871916,0.531396878490473,0.557470273396272,0.5505298255995202,0.5470558230848983,0.48342388339760184,0.027811899601064324,0.33969453947485245,0.24698387029454705,0.1699996838676563,0.29583567097538027,0.6175729377841331,0.4816796129252406,0.049840766122404845,0.4407993585970188,0.2591239522850385,0.36890653443199317,0.6201159102177992,0.5322677755051968,0.4157565766831692,0.49825619206600325,0.4842960957097088,0.3858257402358935,0.39092957014008944,0.23135090056101637,0.20118803936543156,0.4816796129252406,0.7324232539488625,0.6133275220190029,0.5971189945366133,0.4054535135858317,0.3765016405270468,0.28395799058363486,0.4773199599336429,0.3135070637082541,0.31512758129561774,0.5244264823906039,0.4555542392629396,0.16156250730571106,0.6536803001219457,0.5868258764054934,0.36302149647937676,0.2591239522850385,0.19979049593309361,0.04908388631535931,0.21968117190481737,0.17727169613794327,0.7817654058599757,0.5756321635976734,0.3289909304998319,0.3143170396883666,0.003313627293677491,0.408025567609334,0.1539288819585089,0.6832526946667644,0.7207551219392987,0.6470221335562794,0.4425327727841121,0.30785327644385346,0.2644948650869103,0.5842464694972148,0.4520785008483544,0.434738228177003
cosPsi,0.00019494247982282387,0.15016832974331723,0.5687222730185734,0.7378121045351377,0.4729605935076124,0.9680297678694866,0.9952547316191545,0.9959472212950148,0.5505281485914731,0.004988171141721176,0.14337477542290927,0.12207326541618024,0.0840229389347587,0.188060201645307,0.19770044256881258,0.9567727288213004,0.039407297217139425,0.19770044256881258,0.11753929954078413,0.2117838419151034,0.12379254555213776,0.28474445159585254,0.013815039801161721,0.43819926162975376,0.9919425189667708,0.13195145644013284,0.1680368936738792,0.10173504098790176,0.0849938574523163,0.05730318712279203,0.9975277849806132,0.9994852848953574,0.08257606836829678,0.20258860662432943,0.19839600612735875,0.11641742409235029,0.4433983931160466,0.15709082353631187,0.1558227121531231,0.2167968815375837,0.9760646963710694,0.053707090773937316,0.9863879391046984,0.9992203820909904,0.15016832974331723,0.10226325957255222,0.10173504098790176,0.017952297882945,0.11530022247655236,0.20048820074220713,0.8874722443520897,0.999779930059692,0.10332332985438247,0.13551568628929417,0.0014074332374421905,0.13551568628929417,0.06874316539637126,0.09549150281252633,0.9294799484653322,0.9791612872325666,0.9964827540532684,0.13313506774856187,0.128427587261303,0.1860184711753311,0.32081602522734987,0.19354647317351187
cosTheta,0.3383502801029132,0.6298479249336872,0.6141107089473745,0.6071405128911256,0.6001856428304446,0.6562346568120101,0.6703830979376492,0.6899166051702665,0.5880525175308448,0.42422545557112357,0.37209916575593127,0.315829664495544,0.21511772256158618,0.3940006794718206,0.5383371526776111,0.7292325600595816,0.1252403811049865,0.47800120028332294,0.3459467501146377,0.4631815954046482,0.5315540545558494,0.5811415394691719,0.48794196912644006,0.5811415394691719,0.6845805130313294,0.3845749801938092,0.4146201200552919,0.29518468479321863,0.24106821175566506,0.3689968558775661,0.7382096430903309,0.8486480206728793,0.405070379884999,0.4533644710694691,0.425831676054015,0.40189966886449263,0.5863232358145174,0.36281247348707146,0.37988415000374914,0.5113201377738956,0.6263444080036411,0.32329116388836443,0.7292325600595816,0.7166894071131326,0.45010345364229426,0.28790147707078684,0.25925671826790153,0.09981003619689723,0.28645060881432255,0.3262885532342532,0.8559324335465859,0.8468274590991198,0.2981113560328886,0.35665532529608984,0.08098717424344763,0.4003166855571702,0.19255649982300355,0.4945956351837025,0.8468274590991198,0.8978689945761202,0.7670267805113433,0.30989365233319494,0.3247889495762096,0.5180452179031717,0.5553758948234914,0.5062894322589223
cosTau,0.4538147062767192,0.6503528997521365,0.3322742151248725,0.998900734146025,0.7492438698769152,0.15141744857271777,0.7168295422937722,0.7903514778554699,0.4659923546673759,0.2910664630994615,0.1097847963308351,0.015063992357626621,0.0029245180138423033,0.05022111052240985,0.22914589485863013,0.00040280244277701716,0.9998507448905916,0.2545481231924296,0.001979467294615178,0.03135900525405422,0.18942610986084485,0.15329908586209345,0.9991199139618826,0.8966766701456176,0.12264520988861405,0.45294584334074284,0.06655162553219862,0.011851996440033319,0.0028310279333976784,0.188060201645307,0.43127772698142663,0.8756320667517556,0.263724617565473,0.13136133159493796,0.040089251339131216,0.0025596455856058964,0.25835880837249875,0.004164418808454806,0.033523232587255425,0.16999916601953147,0.00213765090770901,0.9975277849806132,0.5928333076927886,0.8448097718678349,0.5296531867879809,0.0132105485634198,0.011851996440033319,0.011292052856952006,0.17395079808480396,0.0019026509541272274,0.9871850323926177,0.7981124374828079,0.3529798373838481,0.08843181573277903,0.11979701719998453,0.6167226819279528,0.000596931329282957,0.38073327121070966,0.20540182132332907,0.7401117487215945,0.8403604344794589,0.6369796093462163,0.023669259373206797,0.24547929212481434,0.04043233037238281,0.04043233037238281
sinPhi,0.7191855733945387,0.01912934522539439,0.0019026509541272274,0.7737816117462751,0.0009866357858642205,0.003313617199801777,0.0025596455856058964,0.002219017698460002,0.00027489202912139854,0.6644333233692915,0.02639486112698558,0.06874316539637132,0.12436793324824458,0.043582911383478584,0.014019499710726802,0.00033580311067188395,0.2823844503138362,0.003517245946731584,0.06184665997806815,0.017491752763844293,0.014641759210904604,0.0010421908639104416,0.9928517345444268,3.046171104803541e-06,0.0002467198171342,0.0132105485634198,0.012041619030626283,0.0783042770935572,0.09911217787812299,0.00033580311067188395,0.05730318712279209,0.013012016360474221,0.009522422325404178,0.009020643651778182,0.015492134296565208,0.04908373679744299,0.0005147151046426268,0.03608187305054,0.035433714232971925,0.0005969313292830125,0.001979467294615178,0.13195145644013279,0.024202798060280917,0.9924038765061041,0.01912934522539439,0.06184665997806815,0.10015767075645482,0.283957125599009,0.08596983268875275,0.11810198568267882,0.9130491472478819,0.9942469434043417,0.030153689607045786,0.03575708655954318,0.44253142475356666,0.008532325425222809,0.13911988595081903,0.03479121600898771,0.051370815162835815,0.022103492600834995,0.003313617199801777,0.03839489144350955,0.05893656699116612,0.007148265455573177,0.0023019008164105736,0.004277569313094809
sinPsi,0.5139608193617845,0.8572363398164016,0.9952547316191545,0.06017571356669177,0.9992683351631058,0.6759208242023509,0.5687222730185734,0.5635323043006752,0.9974403544143942,0.5704506159687912,0.8504546321499256,0.8273704068586699,0.7774222137239997,0.8907602362094096,0.8982649590120981,0.2966316784620999,0.6945619750701032,0.8982649590120981,0.8220618148806933,0.9085724491675643,0.8293447300593402,0.9512926421749304,0.38327731807204724,0.9961659689427445,0.5894011075581748,0.8384379848413304,0.8738990452492659,0.8022995574311873,0.7788725544898452,0.7324210228623097,0.4503401251281805,0.5226814940646269,0.7752403700424979,0.9019284303086087,0.8987919644126142,0.820724815784579,0.9967859278382938,0.8638863788286053,0.862687185506144,0.912063094311008,0.34715234751844715,0.7254387703447155,0.6158739517470786,0.4720892475034181,0.8572363398164016,0.8029942001328557,0.8022995574311873,0.6327780587434045,0.8193839087577988,0.9003656854743667,0.8160146513324255,0.5148331220425554,0.8043807145043604,0.8422735529643443,0.537489363413164,0.8422735529643443,0.7530168820605818,0.7938926261462367,0.24397856756471425,0.35715581629751325,0.44079801584674955,0.8397206521307583,0.8345653031794291,0.8891215742630105,0.9667902132486008,0.8950775061878453
sinTheta,0.6777173923431119,0.9247201215237345,0.9161872228505653,0.9122511776127937,0.9082270048063592,0.93794237427229,0.9444808780231918,0.9528852370251948,0.9009732377800354,0.7718236768254965,0.7171502380908549,0.6494976351126023,0.5018996223880171,0.741009294744139,0.8680774804788547,0.9676468374322145,0.33286451946506274,0.8209662756162371,0.6868852474578103,0.808121906413027,0.863183523086986,0.896707738352948,0.8292940379350375,0.896707738352948,0.950660592550698,0.7309028342014408,0.762289364531021,0.6222032078560216,0.5435983661909094,0.7136628469404005,0.970619314630884,0.9953816413449323,0.7525732112164666,0.7993252125309194,0.7733949761797171,0.7492942679152003,0.8999150653031748,0.7066292707017995,0.725782634221499,0.8479882094087082,0.922862670471327,0.6590228743405451,0.9676468374322145,0.9632470005410578,0.7963516213627504,0.6122346843590974,0.5712197966931419,0.27653396909806743,0.6102271730216031,0.6627998542360054,0.9962588407750017,0.9951479367139084,0.626158288465558,0.6995175886161883,0.23181761151275898,0.7476472763651796,0.46328599324020936,0.8347408300908483,0.9951479367139084,0.9995120086253653,0.9791749880244756,0.6417926723056722,0.6609137354765644,0.8531386427652651,0.8799357236040347,0.8440695922222728
sinTau,0.00213765090770901,0.02314152462588659,0.0289712736063516,0.5331369502000001,0.06655162553219862,0.14154469617475857,0.9505385106610458,0.9070577591781597,0.9988421394178026,0.04574591123663918,0.18737867183214746,0.37819249410698874,0.44600032214698854,0.2815991058161489,0.07971669825215782,0.47993410373372,0.5122160890763265,0.06439309443990526,0.45555285156677927,0.3257139763390924,0.10815327133708008,0.13972444415983487,0.4703468132120192,0.19561928549563967,0.8280295144952536,0.99778098230154,0.25075613012308484,0.39178019303094863,0.4468679643318833,0.10923976379059047,0.004745268380845602,0.8300008339804683,0.9406517260324961,0.16220489619216982,0.3038314416982193,0.4494718514085268,0.062267736499991067,0.43560220171121855,0.32000159593997446,0.12436793324824458,0.45381470627671916,0.5496598748718196,0.00869360172819239,0.13791406928126626,0.9991199139618826,0.38582456494467215,0.39178019303094863,0.6056623982276942,0.12093283190117377,0.45642212862617093,0.3875244728280675,0.09859126240444277,0.9778965073991651,0.21607812747344946,0.8247240241650919,0.013815039801161721,0.4755751151021933,0.014432860045182017,0.09600505805098469,0.9385730818527944,0.8662714493936894,0.9808706547746056,0.3479834695372549,0.06962898649802818,0.30302904520452456,0.30302904520452456
hhm0,0.3404827992261754,0.2796702834552948,0.2574648835057616,0.2771469425519388,0.30221212885860876,0.31634283791740264,0.3077634788459921,0.30330557658339635,0.327361426528724,0.30515602657919083,0.37648246278072167,0.4143325763310623,0.17385818824123137,0.4820422239044495,0.09252249978972159,0.3967533013710152,0.3445201446715451,0.3459500378501135,0.4961729329632433,0.37151989233745475,0.151148120111027,0.34056691058962063,0.3347632265119017,0.33165110606442927,0.431743628564219,0.3819497014046597,0.48456556480780544,0.3042308015812936,0.4328370762890066,0.36050130372613337,0.25250231306249477,0.47842543527630577,0.37833291277651604,0.38380015140045415,0.5003785011355034,0.42779039448229456,0.3942299604676592,0.4412482126335267,0.3951551854655564,0.3898561695685087,0.3812768104970981,0.3965850786441248,0.36958533097821517,0.4187063672302128,0.4732946421061485,0.3807721423164269,0.3846412650349062,0.23652115400790646,0.4020523172680629,0.36975355370510554,0.40718311043822014,0.39389351501387837,0.3575574060055513,0.3782488014130709,0.4150054672386239,0.42694928084784256,0.3790899150475229,0.42383716040037006,0.21885776768441415,0.29624022205399947,0.4236689376734797,0.4541172512406426,0.3672302128017495,0.35595929010009253,0.41845403313987717,0.4425098830852048
hhm1,0.7903264048051845,0.6349482336204852,0.6174820200742906,0.48312653125740923,0.683711372796965,0.5387655101556943,0.48873784873152604,0.5369477594246423,0.43586501225005925,0.5976448273136805,0.45514897652730574,0.4549118786058642,0.2968465976448273,0.563423693985616,0.41918912510866985,0.522563818857188,0.3992728997075792,0.5842883110724728,0.39026317869280014,0.46400063226112376,0.4862088042361495,0.5370267920651228,0.5081798782897337,0.5333122579625384,0.5016201691298506,0.4764087568165652,0.49996048367975976,0.4614715877657472,0.48707816328143516,0.46479095866592895,0.4747490713664743,0.5754366553386548,0.5485655575752786,0.47214099423061723,0.537975183750889,0.49110882794594163,0.5231960799810321,0.4892120445744092,0.5120524776732791,0.46581838299217576,0.4208488105587607,0.4158697542084881,0.5651624120761873,0.4985378961511104,0.4300165968545009,0.35936141626491735,0.4699280802971627,0.3423693985616059,0.41381490555599454,0.3411839089543981,0.4681103295661108,0.5279380384098632,0.48067651940251316,0.4408440686003319,0.5974867620327193,0.47601359361416257,0.4819410416502015,0.5263573856002528,0.4357859796095787,0.5418477831344345,0.2833320161226586,0.4179246028609816,0.43444242472140987,0.49363787244131824,0.5280961036908243,0.6264127084485892
hhm2,0.441205533596838,0.36874176548089593,0.4245718050065876,0.41526679841897235,0.34774374176548095,0.26968050065876153,0.3375329380764163,0.33712121212121215,0.34354413702239794,0.38554018445322796,0.4238306982872201,0.4602272727272727,0.5814393939393939,0.6180006587615283,0.6189888010540185,0.6048254281949935,0.45890974967061926,0.12541172595520422,0.6162714097496707,0.29578392621870886,0.45108695652173914,0.33967391304347827,0.25765810276679846,0.25139986824769434,0.17317193675889328,0.24810606060606064,0.8234519104084322,0.3386034255599473,0.5485013175230568,0.39039855072463775,0.44869894598155474,0.344532279314888,0.10581357048748354,0.5317028985507247,0.5466073781291172,0.39698616600790515,0.5133399209486166,0.49711791831357055,0.28030303030303033,0.3283102766798419,0.27322134387351776,0.18535902503293808,0.19927536231884058,0.2366600790513834,0.6711133069828722,0.5690052700922266,0.4309947299077734,0.5975790513833993,0.4276185770750988,0.36380105401844537,0.294631093544137,0.3302042160737813,0.425477602108037,0.4720026350461134,0.46261528326745716,0.47414361001317523,0.5519598155467721,0.5928030303030303,0.48254281949934125,0.3346508563899868,0.5062582345191041,0.5799571805006588,0.3894104084321476,0.46500329380764166,0.4812252964426878,0.220602766798419
hhm3,0.21822236381013058,0.3918445364765849,0.333147499203568,0.3548900923861102,0.34907613889773814,0.2540618031220134,0.2926887543803759,0.27604332589996816,0.3137145587766804,0.3479611341191462,0.32080280344058615,0.3545715195922268,0.609270468302007,0.3517043644472762,0.5791653392800254,0.5116279069767441,0.36914622491239246,0.3176170755017521,0.5333705001592863,0.2167887862376553,0.4913985345651481,0.2550971647021344,0.26234469576298186,0.2363013698630137,0.26600828289264095,0.1068811723478815,0.5446798343421472,0.32964319847085055,0.662073908888181,0.27859190825103536,0.24960178400764574,0.41000318572793887,0.18222363810130615,0.33306785600509714,0.6361102261866836,0.2457789104810449,0.4196400127429118,0.3597483274928321,0.2040458744823192,0.25565466709143037,0.2683179356482956,0.2662472124880535,0.26003504300732716,0.2924498247849634,0.4844695762981841,0.6077572475310609,0.2856801529149411,0.44313475629181265,0.24291175533609427,0.5013539343740044,0.3258999681427206,0.3669958585536795,0.26648614208346605,0.2363013698630137,0.47682382924498246,0.487734947435489,0.5034246575342466,0.5223000955718382,0.3508282892640968,0.34270468302007007,0.5099553998088563,0.5034246575342466,0.18604651162790697,0.2463364128703409,0.41056068811723473,0.15896782414781777
hhm4,0.5754785558517083,0.6330667958969389,0.4178983926984896,0.5026249899038849,0.5776593166949358,0.5438171391648494,0.5303287295048865,0.42831758339391,0.5171633955254018,0.4908327275664325,0.31152572490105807,0.3365640901381149,0.3170987803893062,0.4540828689120427,0.5542363298602698,0.5283095065018981,0.2552297875777401,0.5821016073015104,0.13787254664405135,0.44212906873435104,0.6658589774654713,0.5328325660285922,0.49107503432679106,0.43986753897100395,0.5665132057184395,0.4829173733947177,0.4371213956869397,0.563120911073419,0.12785720054922867,0.5031903723447217,0.6458282852758258,0.6292706566513206,0.6057669008965351,0.45618286083515064,0.3211372263952831,0.3520717228010662,0.44503674985865443,0.4138599466925127,0.49713270333575643,0.4596559244002908,0.40368306275745097,0.5278248929811808,0.5215249172118569,0.5501978838542929,0.34270252806719975,0.3336564090138115,0.3483563524755674,0.5657862854373638,0.4436636782166223,0.49850577497778853,0.5330748727889508,0.5501978838542929,0.5172441644455213,0.4209676116630321,0.5165172441644454,0.26694128099507314,0.14013407640739842,0.5437363702447299,0.40182537759470155,0.5348517890315807,0.22211453032872952,0.37735239479848154,0.5095711170341652,0.36507551894031176,0.46167514740327925,0.80768920119538
hhm5,0.14140159045725645,0.3941351888667992,0.38452617627567925,0.28106361829025844,0.3328363154406892,0.2818919814446653,0.32695493704440026,0.32016235917826374,0.28628230616302186,0.20957587806494365,0.3604208084824387,0.5285785288270377,0.3136182902584493,0.4708416169648774,0.38701126573889993,0.5481278992710403,0.49146785950960903,0.41045394300861493,0.5583167660702452,0.49030815109343934,0.23658051689860835,0.39073889993373095,0.27402253147779987,0.37069251159708416,0.24295891318754143,0.3857687210072896,0.5248508946322068,0.36149768058316767,0.5776176275679258,0.38701126573889993,0.48301855533465865,0.054257786613651424,0.4613154406891981,0.5400099403578529,0.551938369781312,0.45435719019218024,0.44342279655400924,0.46711398277004634,0.3035122597746852,0.47755135851557323,0.31030483764082173,0.30268389662027834,0.2645791915175613,0.12748508946322068,0.5160702451954937,0.4223823724320742,0.4797051027170311,0.10818422796554009,0.5216202783300199,0.46462889330682566,0.2783300198807157,0.09584161696487739,0.3740059642147117,0.4417660702451955,0.039347249834327365,0.6082670642809808,0.45427435387673953,0.48334990059642147,0.3204108681245858,0.4368787276341948,0.5323889993373095,0.5089463220675944,0.5130881378396288,0.5278330019880716,0.5872266401590457,0.4017561298873426
hhm6,0.47216627728993793,0.475630387496979,0.44082816402159025,0.5572383791186659,0.41271247885281553,0.4807057117538065,0.48924514621767495,0.4982679448964795,0.49641504873922493,0.39353903166035603,0.5137355997744301,0.3990977201321195,0.45645694030451944,0.4720857165874486,0.5087408362200918,0.48328365423346487,0.3285265447514702,0.4848948682832514,0.3355353258680415,0.43253041166518974,0.5665028599049384,0.45661806170949804,0.4073149117860308,0.4341416257149762,0.40844276162088133,0.42455490211874647,0.5868847176347378,0.47079674534761945,0.5684363167646822,0.3903971642632723,0.5462015628776282,0.49689841295416093,0.5046322403931361,0.4753081446870216,0.5302505437847418,0.3916055748006122,0.5777007975509546,0.4110207041005397,0.36485942157415613,0.39603641343752516,0.40562313703375485,0.40522033352130826,0.48827841778780307,0.39756706678482234,0.6435188914847336,0.5275114799001047,0.43623620397969864,0.6212841375976799,0.40143398050431,0.38129380488197856,0.3783130588898735,0.41158462901796505,0.40900668653830663,0.457826472246838,0.5864819141222911,0.4173849995971965,0.5646499637476838,0.46717151373559973,0.4456618061709498,0.4308386369129139,0.3564005478127769,0.5247724160154676,0.373479416740514,0.48819785708531377,0.45742366873439133,0.46684927092564243
hhm7,0.47159963156278784,0.4947037150752226,0.368437212158428,0.3882407123119435,0.40389929382867673,0.44250844335277867,0.47827755603315936,0.3712004912496162,0.40136628799508756,0.3660577218299048,0.3129413570770648,0.3135554190973288,0.38309794289223215,0.27563708934602393,0.4020571077678846,0.2170709241633405,0.44818851704022106,0.49700644765121277,0.4758213079521032,0.36014737488486337,0.4957015658581517,0.48733497083205407,0.44619281547436296,0.46661037764814245,0.473518575376113,0.4419711390850476,0.24708320540374581,0.5174240098249924,0.2865366902057108,0.42761743936137553,0.3500153515505066,0.5492017193736568,0.5235646300276329,0.21446116057721828,0.1523641387780166,0.3190819772797053,0.1789990789069696,0.2314246238870126,0.45617132330365373,0.36989560945655514,0.38010439054344486,0.5056800736874425,0.56486030089039,0.5092876880564937,0.46768498618360455,0.34433527786306417,0.3591495241019343,0.43575376112987413,0.36989560945655514,0.302732575990175,0.41234264660730735,0.48564630027632794,0.4482652747927541,0.3091034694504145,0.4836505987104698,0.2653515505066012,0.22451642615904205,0.4661498311329444,0.39706785385323917,0.42400982499232426,0.37066318698188516,0.24808105618667486,0.4319926312557568,0.28070310101320234,0.21446116057721828,0.48725821307952105
hhm8,0.4445860887578678,0.47247231296311043,0.507130905903912,0.4337502987809736,0.3754282527288662,0.3970201577563541,0.29256632937614535,0.37335670464504817,0.29535495179666954,0.35582822085889565,0.313680184845829,0.29734682495418685,0.5353358298143575,0.2612540833399729,0.5908692534459405,0.3344753406103099,0.343797306987491,0.4080152975858497,0.5560513106525375,0.29344275356545296,0.3593339176161262,0.29224762967094253,0.3565452951956019,0.327702971874751,0.3892916899051868,0.3983746315034658,0.5194805194805194,0.40203967811329777,0.5085650545773245,0.2239662178312485,0.17799378535574853,0.4502430085252171,0.4198071866783523,0.3270655724643454,0.5625846546091944,0.32985419488486967,0.4555812285873635,0.41032587044856983,0.28961835710301964,0.2096247310971237,0.425065731814198,0.3704087323719225,0.35200382439646244,0.43143972591825347,0.44394868934746234,0.46538124452234875,0.2598199346665604,0.5047406581148912,0.25328659070990356,0.3332005417894988,0.33288184208429605,0.3476217034499243,0.21759222372719303,0.30802326507847977,0.5058561070831009,0.5542187873476216,0.5833798103736754,0.5018723607680663,0.300693171858816,0.35774041909011234,0.4915942952752768,0.5270496374790853,0.26053700900326665,0.3482591028603298,0.30340211935303957,0.26890287626483944
hhm9,0.5171643642981222,0.431466622549425,0.26288361320208453,0.4170733724873852,0.4326247001406237,0.409628587972537,0.3958143767060964,0.40483083795185704,0.40143932500620394,0.36744147572173047,0.2876168417569691,0.28290181156423194,0.3216974108693854,0.3321201091901729,0.4404003639672429,0.12242534535528167,0.39300190255604267,0.5083133427082471,0.40483083795185704,0.40830507072545286,0.4968152866242038,0.365208040367276,0.41459177764910243,0.40987674745636526,0.4965671271403755,0.409297708660766,0.06634130201009181,0.4265861527008024,0.1637852593266606,0.38084208784845724,0.3987922905120357,0.5551327653238481,0.6013731491438498,0.24542972950616262,0.17131276366945156,0.2929109107453057,0.21019108280254775,0.15832575068243857,0.4715857391016627,0.37298370419389526,0.3188849367193316,0.40028124741500537,0.40094300603854743,0.41773513111092725,0.3627264455289933,0.26114649681528657,0.249731160559186,0.40127388535031844,0.3864670361485648,0.2468359665811895,0.37182562660269664,0.4421374803540408,0.37687153610720486,0.3965588551575812,0.46323103647944414,0.2118454793614029,0.3230209281164695,0.40648523451071217,0.3484986351228389,0.4310530234097113,0.3192985358590454,0.1737943585077343,0.4512366614277442,0.23459343204566135,0.18190090164612457,0.5069071056332203
hhm10,0.5791141747880516,0.44196180968227555,0.4032168607875763,0.4246890103795262,0.4818160209175184,0.41193249346327554,0.43554393471198793,0.42294588384438636,0.4704856984391094,0.45606528801204343,0.42524364154979793,0.40266222961730447,0.40511845337136515,0.4607400364471912,0.47666587433642343,0.384042468901038,0.49742492670945254,0.5829173599556295,0.5183424451311307,0.48886776008240235,0.5481340622771571,0.48950162427699867,0.5326043895095476,0.5144600269392282,0.5919499247286268,0.5996355280881072,0.354171618730687,0.5358529435068536,0.419063465652484,0.47032723239046037,0.48958085730132317,0.6577925679423184,0.5352983123365819,0.4425164408525473,0.42389668013628085,0.47175342682830207,0.5177085809365344,0.4090801045875921,0.5139846287932811,0.43110688534981384,0.5099437445527295,0.49750415973377704,0.5602567149988115,0.5368829728230726,0.4688218049282941,0.46969336819586405,0.4398225180255131,0.5351398462879328,0.4986926550986451,0.5341890499960383,0.49877188812296963,0.616829094366532,0.43586086680928615,0.4945725378337691,0.6302987085017036,0.3676412328658585,0.5651691625069329,0.5730132319150621,0.4483004516282386,0.49536486807701446,0.4545598605498772,0.3833293716821171,0.5005150146581095,0.40440535615244433,0.39521432533079787,0.6012201885745979
hhm11,0.4787613488975357,0.4566309987029831,0.4123702983138781,0.35708495460440987,0.3334954604409857,0.3993190661478599,0.32887483787289234,0.34849221789883267,0.36632619974059666,0.3763780804150454,0.4045071335927367,0.48354409857328146,0.5489623865110247,0.5219682230869002,0.6428339818417639,0.50810635538262,0.4816796368352788,0.28769455252918286,0.48548962386511024,0.33446822308690016,0.4062905317769131,0.37005512321660183,0.27658884565499353,0.35059987029831385,0.29571984435797666,0.4643320363164721,0.566958495460441,0.3548962386511025,0.6277561608300908,0.3734597924773022,0.5280479896238651,0.30585278858625164,0.45265888456549935,0.5063229571984436,0.6025453955901426,0.4210440985732814,0.4494974059662775,0.41553177691309984,0.3322795071335927,0.386754215304799,0.3424124513618677,0.2751297016861219,0.29855706874189364,0.32603761348897536,0.5883592736705577,0.5548800259403373,0.5109435797665369,0.5104571984435797,0.4369325551232166,0.22876134889753566,0.2512970168612192,0.32060635538262,0.3731355382619974,0.4434987029831388,0.5075389105058365,0.46222438391699094,0.5275616083009079,0.5526102464332036,0.4954604409857328,0.18466277561608302,0.44155317769131,0.6765564202334631,0.4378242542153048,0.4477140077821012,0.5340466926070039,0.32530804150453957
hhm12,0.15539333695736585,0.11275918303952782,0.18226294944474644,0.1860681835831327,0.2130931117496311,0.24268074862157332,0.25883357924982525,0.23266288731847476,0.22520773472082004,0.29478915896559754,0.2948668168051565,0.4080142890424788,0.5291605187543682,0.45290052030752503,0.41601304651704585,0.5473324532111516,0.5506717403121845,0.2764619088296964,0.5329657528927545,0.382930806864953,0.18397142191504232,0.34130620486138075,0.3811446765550982,0.18886386580725323,0.40467500194144596,0.38168828143201056,0.42028422769278556,0.2911392405063291,0.4739457948279878,0.35295488079521625,0.3112526209520851,0.47604255649607824,0.4764308456938728,0.4119748388599829,0.5179001320183273,0.4385338199891279,0.4515026791954648,0.44956123320649216,0.3969868758251145,0.3566824570940436,0.31956200978488775,0.3192513784266522,0.26675467888483345,0.3757862856255339,0.5362273821542285,0.6064300691154773,0.429603168439854,0.4305350625145608,0.4254873029432321,0.3605653490719888,0.4270404597344102,0.42890424788382386,0.39520074551525974,0.3841733322978954,0.5328880950531956,0.4752659781004892,0.5637959151976392,0.04100333928710103,0.3698842898190572,0.3922497476120214,0.5420517201211462,0.5996738370738526,0.4917294400869767,0.24974761202143356,0.40273355595247334,0.3712821309311175
hhm13,0.534261663126426,0.4443395484226261,0.3358508378569743,0.37589489418613803,0.35968845881519945,0.33844701439697905,0.35410274565337113,0.3615765872079302,0.332389269136968,0.35457477775155377,0.3458421839351743,0.3030446070332783,0.5361497915191566,0.37636692628432067,0.5785540083392339,0.36362205963338845,0.3564629061442845,0.44150735583353007,0.5514121626937298,0.2933679490205334,0.4813940681299662,0.2457713791204469,0.35740697034064983,0.401935331602549,0.34450475965699007,0.31822830619148773,0.5931870033828968,0.3928880497207144,0.45000393360081825,0.2791283140586894,0.3659822201243018,0.5433876170246243,0.2869168436787035,0.4046888521752813,0.5216741405082213,0.31342931319329714,0.5366218236173393,0.4207379435134923,0.3213751868460389,0.3201164345842184,0.3833687357406971,0.3615765872079302,0.33459208559515385,0.41932184721894417,0.4834395405554245,0.4450475965699001,0.3437967115097161,0.45645503894264816,0.3194083864369444,0.46683974510266707,0.36849972464794273,0.42648100070804823,0.250019668004091,0.3266462119424121,0.5647864054755724,0.4850129808827001,0.5846117535992448,0.45496027063173633,0.409409173157108,0.3607898670442924,0.4569270710408308,0.5277318857682323,0.25505467705137286,0.4146801982534813,0.32727558807332235,0.2589882778695618
hhm14,0.5078847199564981,0.3940029519148605,0.393536860094772,0.4279499728113104,0.4822496698516274,0.3758253709314068,0.36976617727025557,0.39244931251456533,0.37396100365105256,0.32401149693156217,0.25821486832906076,0.23607550687485432,0.4379709469432144,0.1692690126621611,0.47448147285015146,0.34879204536627045,0.34995727491649187,0.41676376912918506,0.45513866231647626,0.32983764468266913,0.37745669230171675,0.2614775110696807,0.3083974209585955,0.383826613842927,0.3250990445117688,0.38017556125223334,0.4323778451021517,0.36836790180998985,0.5092053134467489,0.2450089334265517,0.25347626815816043,0.40627670317719256,0.39610036510525903,0.263963334110153,0.43082420570185653,0.2745280820321603,0.47184028586964966,0.39578963722519994,0.27887827235298684,0.2691680261011419,0.3940029519148605,0.37652450866153964,0.36852326575001937,0.4224345529402625,0.3736502757709935,0.43680571739299306,0.24796084828711254,0.40425697195680876,0.192884331546648,0.3097180144488464,0.28074263963334106,0.3413345762448535,0.2182863357414744,0.24873766798726013,0.39703254874543614,0.35780315388798256,0.5208576089489629,0.42725083508117767,0.328905461042492,0.3717859084906393,0.42328905461042493,0.43564048784277165,0.24065874310572516,0.3349646547036433,0.3400916647246174,0.3219917657111784
hhm15,0.31622047244094487,0.21559055118110235,0.2700787401574803,0.19393700787401574,0.18771653543307087,0.22283464566929137,0.21968503937007872,0.23645669291338584,0.2688976377952756,0.2525984251968504,0.3126771653543307,0.34125984251968505,0.42173228346456687,0.418740157480315,0.33078740157480313,0.3890551181102362,0.3594488188976378,0.2322834645669291,0.37133858267716535,0.29748031496062993,0.2644094488188976,0.2544881889763779,0.2441732283464567,0.2548031496062992,0.28023622047244096,0.3546456692913386,0.4343307086614173,0.13275590551181102,0.4,0.2678740157480315,0.38511811023622045,0.35039370078740156,0.38511811023622045,0.36157480314960627,0.49314960629921256,0.3309448818897638,0.44889763779527564,0.34716535433070866,0.258267716535433,0.32645669291338586,0.24543307086614172,0.2617322834645669,0.2648031496062992,0.35228346456692916,0.44133858267716536,0.3626771653543307,0.36826771653543305,0.3658267716535433,0.29181102362204725,0.27803149606299216,0.26543307086614176,0.30440944881889764,0.3174803149606299,0.28913385826771654,0.3440944881889764,0.3574803149606299,0.41346456692913386,0.3626771653543307,0.18574803149606298,0.18960629921259842,0.36023622047244097,0.44811023622047247,0.30559055118110234,0.34606299212598424,0.37299212598425197,0.2595275590551181
hhm16,0.6038182263196541,0.3606918495553561,0.33368687280737536,0.34845394468466995,0.2605857877131435,0.32871012482662965,0.32846536672921595,0.2919148241821,0.2956677816757771,0.34045851350248835,0.35343069266541566,0.2959941258056621,0.4689565146446928,0.3025210084033614,0.3289548829240434,0.3492698050093824,0.4194337929346496,0.35971281716570125,0.5617198335644937,0.2585461369013625,0.3767642979521906,0.27200783225911723,0.3351554213918577,0.37586685159500693,0.3300970873786408,0.43069266541568085,0.5110549073998532,0.26809170270049765,0.5166027576078975,0.34674063800277394,0.38484131516684345,0.49914334665905197,0.3962633597128172,0.30970057926083056,0.5219874357509995,0.26099371787549974,0.500203965081178,0.31435098311169124,0.39153136982948517,0.3134535367545076,0.31728808028065597,0.39185771395937014,0.38198580403035,0.44611242555274533,0.47197519784612874,0.44423594680590683,0.3568573060292078,0.4435016725136656,0.3052133474749123,0.3345027331320878,0.24467651138125152,0.434119278779473,0.38753365423839436,0.26898914905768134,0.5013461695357755,0.4632454923717059,0.46936444480704903,0.46373500856653344,0.343721954801338,0.2816349840907237,0.5172554458676675,0.3882679285306355,0.30178673411112017,0.3873704821734519,0.4066247858366648,0.5856245410785673
hhm17,0.4673554068930476,0.39114234905580486,0.37081886696587346,0.3774239986451012,0.3960538572275383,0.4202726733847066,0.35989499534253533,0.3737827081039885,0.34702345668557877,0.3557456177491743,0.30908629011770683,0.31882462528579897,0.20255737149631636,0.20670674908967737,0.20111779151494621,0.272588703531205,0.4086713523583707,0.5275637225844695,0.5267169108307223,0.3511728342789398,0.5059700228639173,0.4415276484037598,0.4288254720975527,0.5085951393005335,0.4752307562028961,0.5421288847489203,0.304598187822847,0.4870861207553561,0.2656448471504784,0.37251249047336776,0.30392073841984923,0.603268693369464,0.48251333728512147,0.2195782877466339,0.16792277076805825,0.3401642814802269,0.12905411127106445,0.260733338978745,0.42476077567956644,0.35430603776780417,0.32441358286053007,0.4554153611652129,0.5047844864086712,0.45041917181810487,0.4973325429756965,0.33626894741299007,0.37784740452197474,0.24117198746718602,0.3471928190363282,0.31636887119993223,0.4394953001947667,0.5292573460919637,0.36472182233889405,0.2707257176729613,0.5710051655516979,0.3550681683461766,0.158523160301465,0.4831907866881192,0.3536285883648065,0.45804047760182914,0.4240833262765687,0.12024726903209415,0.38242018799220934,0.2594631213481243,0.2189855195190109,0.5527987128461344
hhm18,0.7652865998316369,0.7652865998316369,0.6017448534476162,0.7652865998316369,0.6120762225453432,0.7652865998316369,0.5559041861177011,0.49031912451212983,0.7652865998316369,0.6113109359455116,0.5698324022346369,0.45603428483967245,0.541822912680799,0.6378663809596694,0.605877401086707,0.5223081043850922,0.3619040330603811,0.6318206168209994,0.3657304660595393,0.5572051733374148,0.7652865998316369,0.5663120838754113,0.5752659370934415,0.5866687074309329,0.6638095966939619,0.5432769572204791,0.5677661284150914,0.5794750133925155,0.5040942833090992,0.6681717303130023,0.5867452360909161,0.582459631131859,0.7314609321190786,0.5036351113492002,0.6031988979872963,0.5083798882681564,0.5548327848779367,0.5164153975663885,0.5617968929364047,0.5423586133006811,0.6691666028927833,0.50072702226984,0.6273054258819928,0.4013162929517104,0.054564934567995715,0.12068569679344915,0.3680263258590342,0.6505701385168745,0.6033519553072626,0.5889645672304278,0.5863625927910002,0.5859034208311013,0.5850616055712864,0.523149919644907,0.5975357771485422,0.20678043927450832,0.649345679957144,0.6982474936863856,0.6609780362745848,0.6579934185352415,0.49521695875105226,0.5762608096732227,0.5876635800107141,0.6204943751434913,0.6135302670850233,0.6414632279788781
hhm19,0.642397226349678,0.5253425788344064,0.6933300313686643,0.5620769357767871,0.6693907875185735,0.5763579329701173,0.4413901271256397,0.6296021132573881,0.47152055473006443,0.440151890374773,0.422403830279016,0.3135215453194651,0.28471190358263165,0.44394914974409766,0.7710087502063728,0.6912663034505531,0.1471850751196962,0.7063727918111277,0.12423642067029882,0.5477959385834571,0.6073964008585108,0.628116229156348,0.49306587419514614,0.6258874030047878,0.5254251279511308,0.47003467062902426,0.8254911672445104,0.5854383358098069,0.5053656925870893,0.47193330031368663,0.5335974905068516,0.701502393924385,0.5547300643883111,0.4371801221726927,0.43751031863959056,0.3524021792966815,0.5813108799735843,0.4044081228330857,0.4787023278850916,0.4638434868746904,0.41662539210830446,0.5628198778273072,0.5737163612349347,0.47317153706455345,0.39029222387320456,0.27819052336140004,0.2844642562324583,0.6705464751527158,0.4367673765890705,0.4195146111936602,0.5483737824005283,0.6975400363216113,0.5339276869737494,0.4676407462440152,0.6324913323427439,0.2534257883440647,0.4484068020472181,0.6142479775466402,0.5057784381707116,0.5941059930658742,0.12555720653789004,0.5690936106983655,0.49380881624566614,0.4962027406306752,0.4613670133729569,0.7008420009905895
A,0.7272727272727273,0.5909090909090909,0.7272727272727273,0.6818181818181818,0.6818181818181818,0.6363636363636364,0.6818181818181818,0.5909090909090909,0.6363636363636364,0.5454545454545454,0.5909090909090909,0.5909090909090909,0.9090909090909091,0.5454545454545454,0.9090909090909091,0.5,0.45454545454545453,0.45454545454545453,0.45454545454545453,0.5,0.8636363636363636,0.8181818181818182,0.6818181818181818,0.5454545454545454,0.5,0.5,0.5,0.5909090909090909,0.4090909090909091,0.5,0.5454545454545454,0.5,0.5,0.5,0.5,0.5454545454545454,0.5454545454545454,0.5,0.5,0.5454545454545454,0.5454545454545454,0.45454545454545453,0.5909090909090909,0.5909090909090909,0.36363636363636365,0.36363636363636365,0.5,0.5454545454545454,0.5909090909090909,0.6363636363636364,0.5454545454545454,0.5454545454545454,0.5909090909090909,0.5,0.5454545454545454,0.5,0.4090909090909091,0.5,0.9090909090909091,0.5909090909090909,0.45454545454545453,0.5454545454545454,0.5454545454545454,0.5,0.5454545454545454,0.5454545454545454
R,0.42857142857142855,0.42857142857142855,0.47619047619047616,0.47619047619047616,0.5238095238095238,0.5238095238095238,0.47619047619047616,0.47619047619047616,0.6190476190476191,0.38095238095238093,0.47619047619047616,0.6666666666666666,0.42857142857142855,0.7619047619047619,0.42857142857142855,0.38095238095238093,0.38095238095238093,0.38095238095238093,0.38095238095238093,0.5238095238095238,0.47619047619047616,0.47619047619047616,0.42857142857142855,0.47619047619047616,0.42857142857142855,0.47619047619047616,0.3333333333333333,0.42857142857142855,0.3333333333333333,0.42857142857142855,0.38095238095238093,0.42857142857142855,0.42857142857142855,0.38095238095238093,0.3333333333333333,0.47619047619047616,0.47619047619047616,0.3333333333333333,0.47619047619047616,0.5238095238095238,0.3333333333333333,0.38095238095238093,0.47619047619047616,0.38095238095238093,0.2857142857142857,0.2857142857142857,0.8571428571428571,0.3333333333333333,0.5714285714285714,0.3333333333333333,0.7142857142857143,0.38095238095238093,0.7142857142857143,0.5714285714285714,0.3333333333333333,0.38095238095238093,0.3333333333333333,0.3333333333333333,0.42857142857142855,0.42857142857142855,0.38095238095238093,0.3333333333333333,0.6190476190476191,0.42857142857142855,0.6190476190476191,0.5714285714285714
N,0.5714285714285714,0.5238095238095238,0.47619047619047616,0.5238095238095238,0.5238095238095238,0.5714285714285714,0.6666666666666666,0.6190476190476191,0.5714285714285714,0.5238095238095238,0.42857142857142855,0.5238095238095238,0.38095238095238093,0.42857142857142855,0.42857142857142855,0.3333333333333333,0.38095238095238093,0.5238095238095238,0.3333333333333333,0.47619047619047616,0.42857142857142855,0.5238095238095238,0.5238095238095238,0.5714285714285714,0.6190476190476191,0.47619047619047616,0.3333333333333333,0.5238095238095238,0.2857142857142857,0.6190476190476191,0.38095238095238093,0.6666666666666666,0.5714285714285714,0.38095238095238093,0.2857142857142857,0.5238095238095238,0.8095238095238095,0.3333333333333333,0.5714285714285714,0.42857142857142855,0.3333333333333333,0.5714285714285714,0.47619047619047616,0.47619047619047616,0.23809523809523808,0.23809523809523808,0.5238095238095238,0.47619047619047616,0.5238095238095238,0.42857142857142855,0.7142857142857143,0.5238095238095238,0.5714285714285714,0.47619047619047616,0.42857142857142855,0.3333333333333333,0.2857142857142857,0.3333333333333333,0.42857142857142855,0.9523809523809523,0.38095238095238093,0.3333333333333333,0.5238095238095238,0.3333333333333333,0.6190476190476191,0.5238095238095238
D,0.5,0.5,0.5,0.5909090909090909,0.6818181818181818,0.6818181818181818,0.6818181818181818,0.7727272727272727,0.5454545454545454,0.5454545454545454,0.45454545454545453,0.45454545454545453,0.4090909090909091,0.45454545454545453,0.4090909090909091,0.36363636363636365,0.3181818181818182,0.9545454545454546,0.3181818181818182,0.5909090909090909,0.45454545454545453,0.5909090909090909,0.8636363636363636,0.8636363636363636,0.8636363636363636,0.5454545454545454,0.36363636363636365,0.5,0.3181818181818182,0.9090909090909091,0.4090909090909091,0.8636363636363636,0.9090909090909091,0.36363636363636365,0.36363636363636365,0.45454545454545453,0.7272727272727273,0.36363636363636365,0.7272727272727273,0.45454545454545453,0.36363636363636365,0.9545454545454546,0.6818181818181818,0.5909090909090909,0.2727272727272727,0.2727272727272727,0.45454545454545453,0.45454545454545453,0.5,0.4090909090909091,0.7727272727272727,0.5454545454545454,0.5454545454545454,0.4090909090909091,0.4090909090909091,0.3181818181818182,0.3181818181818182,0.4090909090909091,0.4090909090909091,0.5454545454545454,0.3181818181818182,0.36363636363636365,0.5909090909090909,0.36363636363636365,0.45454545454545453,0.5454545454545454
C,0.4444444444444444,0.4074074074074074,0.48148148148148145,0.5555555555555556,0.48148148148148145,0.4444444444444444,0.48148148148148145,0.4444444444444444,0.48148148148148145,0.4074074074074074,0.48148148148148145,0.8148148148148148,0.48148148148148145,0.48148148148148145,0.48148148148148145,0.4444444444444444,0.37037037037037035,0.3333333333333333,0.37037037037037035,0.37037037037037035,0.4444444444444444,0.4444444444444444,0.4074074074074074,0.4444444444444444,0.4074074074074074,0.3333333333333333,0.4444444444444444,0.4444444444444444,0.37037037037037035,0.37037037037037035,0.37037037037037035,0.37037037037037035,0.3333333333333333,0.4444444444444444,0.4444444444444444,0.5185185185185185,0.4074074074074074,0.4444444444444444,0.37037037037037035,0.4444444444444444,0.4444444444444444,0.3333333333333333,0.37037037037037035,0.48148148148148145,0.37037037037037035,0.37037037037037035,0.5185185185185185,0.37037037037037035,0.5555555555555556,0.8888888888888888,0.4074074074074074,0.37037037037037035,0.4444444444444444,0.5925925925925926,0.37037037037037035,0.4444444444444444,0.37037037037037035,0.37037037037037035,0.48148148148148145,0.37037037037037035,0.37037037037037035,0.4444444444444444,0.37037037037037035,0.48148148148148145,0.48148148148148145,0.37037037037037035
Q,0.42857142857142855,0.42857142857142855,0.47619047619047616,0.47619047619047616,0.5714285714285714,0.5714285714285714,0.5238095238095238,0.5238095238095238,0.5714285714285714,0.38095238095238093,0.5714285714285714,0.5238095238095238,0.38095238095238093,0.47619047619047616,0.38095238095238093,0.38095238095238093,0.3333333333333333,0.42857142857142855,0.3333333333333333,0.9047619047619048,0.42857142857142855,0.6190476190476191,0.42857142857142855,0.47619047619047616,0.42857142857142855,0.5238095238095238,0.2857142857142857,0.42857142857142855,0.23809523809523808,0.47619047619047616,0.38095238095238093,0.47619047619047616,0.47619047619047616,0.38095238095238093,0.2857142857142857,0.38095238095238093,0.5238095238095238,0.2857142857142857,0.5238095238095238,0.7142857142857143,0.3333333333333333,0.42857142857142855,0.5238095238095238,0.3333333333333333,0.2857142857142857,0.2857142857142857,0.7142857142857143,0.3333333333333333,0.5714285714285714,0.3333333333333333,0.5238095238095238,0.3333333333333333,0.6666666666666666,0.38095238095238093,0.3333333333333333,0.3333333333333333,0.23809523809523808,0.3333333333333333,0.38095238095238093,0.42857142857142855,0.3333333333333333,0.3333333333333333,0.7142857142857143,0.3333333333333333,0.6190476190476191,0.8095238095238095
E,0.5,0.55,0.6,0.6,0.75,0.7,0.7,0.7,0.6,0.45,0.5,0.5,0.45,0.5,0.45,0.4,0.4,0.65,0.35,0.7,0.5,0.7,0.65,0.75,0.55,0.95,0.35,0.5,0.3,0.7,0.55,0.65,0.7,0.4,0.35,0.55,0.6,0.35,0.9,0.55,0.4,0.55,0.9,0.4,0.3,0.3,0.6,0.4,0.6,0.4,0.6,0.45,0.6,0.45,0.4,0.35,0.3,0.4,0.45,0.5,0.4,0.35,0.9,0.5,0.5,0.8
G,0.8636363636363636,0.5454545454545454,0.5454545454545454,0.6818181818181818,0.5909090909090909,0.5909090909090909,0.6818181818181818,0.7272727272727273,0.6363636363636364,0.9545454545454546,0.45454545454545453,0.5,0.5454545454545454,0.45454545454545453,0.5454545454545454,0.4090909090909091,0.4090909090909091,0.5454545454545454,0.36363636363636365,0.45454545454545453,0.7727272727272727,0.6818181818181818,0.7727272727272727,0.5,0.5454545454545454,0.4090909090909091,0.36363636363636365,0.5909090909090909,0.36363636363636365,0.5,0.45454545454545453,0.7727272727272727,0.5,0.4090909090909091,0.36363636363636365,0.45454545454545453,0.6818181818181818,0.36363636363636365,0.45454545454545453,0.45454545454545453,0.4090909090909091,0.45454545454545453,0.5,0.9545454545454546,0.36363636363636365,0.36363636363636365,0.45454545454545453,0.9545454545454546,0.5,0.7727272727272727,0.5454545454545454,0.9545454545454546,0.5,0.45454545454545453,0.9545454545454546,0.4090909090909091,0.36363636363636365,0.4090909090909091,0.6363636363636364,0.5454545454545454,0.36363636363636365,0.4090909090909091,0.45454545454545453,0.4090909090909091,0.5,0.5
H,0.4166666666666667,0.375,0.375,0.5833333333333334,0.4166666666666667,0.4583333333333333,0.4166666666666667,0.4583333333333333,0.5,0.3333333333333333,0.4166666666666667,0.4583333333333333,0.3333333333333333,0.375,0.3333333333333333,0.3333333333333333,0.5,0.375,0.4583333333333333,0.4583333333333333,0.375,0.4166666666666667,0.375,0.4166666666666667,0.375,0.4166666666666667,0.2916666666666667,0.375,0.3333333333333333,0.375,0.3333333333333333,0.375,0.375,0.2916666666666667,0.25,0.375,0.7083333333333334,0.2916666666666667,0.4166666666666667,0.375,0.2916666666666667,0.4166666666666667,0.4166666666666667,0.3333333333333333,0.2916666666666667,0.2916666666666667,0.4583333333333333,0.3333333333333333,0.5416666666666666,0.4166666666666667,0.6666666666666666,0.3333333333333333,0.7083333333333334,0.5416666666666666,0.3333333333333333,0.3333333333333333,0.3333333333333333,0.2916666666666667,0.3333333333333333,0.4166666666666667,0.5416666666666666,0.2916666666666667,0.4583333333333333,0.3333333333333333,0.4166666666666667,0.4583333333333333
I,0.4583333333333333,0.4583333333333333,0.6666666666666666,0.5,0.5,0.5833333333333334,0.5416666666666666,0.4583333333333333,0.5416666666666666,0.375,0.75,0.5833333333333334,0.5,0.75,0.5,0.7083333333333334,0.5,0.4166666666666667,0.4583333333333333,0.4583333333333333,0.4583333333333333,0.5,0.4166666666666667,0.4583333333333333,0.4583333333333333,0.375,0.9166666666666666,0.4583333333333333,0.5833333333333334,0.4166666666666667,0.4583333333333333,0.4166666666666667,0.4166666666666667,0.875,0.9583333333333334,0.5416666666666666,0.4166666666666667,0.9166666666666666,0.4583333333333333,0.5833333333333334,0.875,0.4166666666666667,0.4583333333333333,0.375,0.375,0.375,0.5,0.375,0.625,0.5,0.4583333333333333,0.375,0.5,0.625,0.375,0.625,0.5833333333333334,0.4166666666666667,0.5,0.4166666666666667,0.4583333333333333,0.6666666666666666,0.5,0.7083333333333334,0.6666666666666666,0.4583333333333333
L,0.5,0.5,0.6818181818181818,0.5454545454545454,0.5454545454545454,0.6363636363636364,0.5909090909090909,0.5,0.6818181818181818,0.45454545454545453,0.7727272727272727,0.5454545454545454,0.5454545454545454,0.6363636363636364,0.5454545454545454,0.9090909090909091,0.5454545454545454,0.4090909090909091,0.5,0.5,0.5,0.5454545454545454,0.45454545454545453,0.45454545454545453,0.5,0.45454545454545453,0.7272727272727273,0.5,0.5909090909090909,0.45454545454545453,0.45454545454545453,0.45454545454545453,0.4090909090909091,0.7272727272727273,0.6818181818181818,0.5454545454545454,0.45454545454545453,0.6818181818181818,0.45454545454545453,0.6363636363636364,0.7272727272727273,0.4090909090909091,0.5,0.4090909090909091,0.45454545454545453,0.45454545454545453,0.5454545454545454,0.4090909090909091,0.7272727272727273,0.5454545454545454,0.5,0.4090909090909091,0.5454545454545454,0.5909090909090909,0.4090909090909091,0.9090909090909091,0.5909090909090909,0.4090909090909091,0.5,0.45454545454545453,0.5454545454545454,0.6363636363636364,0.5,0.9090909090909091,0.8181818181818182,0.5
K,0.5,0.5,0.5,0.5,0.5909090909090909,0.5909090909090909,0.5909090909090909,0.5454545454545454,0.6363636363636364,0.45454545454545453,0.5454545454545454,0.5909090909090909,0.45454545454545453,0.5909090909090909,0.45454545454545453,0.4090909090909091,0.4090909090909091,0.45454545454545453,0.4090909090909091,0.5454545454545454,0.5909090909090909,0.5454545454545454,0.5,0.5,0.5,0.5454545454545454,0.36363636363636365,0.5,0.3181818181818182,0.5454545454545454,0.45454545454545453,0.5,0.5,0.45454545454545453,0.36363636363636365,0.45454545454545453,0.5909090909090909,0.36363636363636365,0.5454545454545454,0.6363636363636364,0.4090909090909091,0.45454545454545453,0.5454545454545454,0.45454545454545453,0.3181818181818182,0.3181818181818182,0.6818181818181818,0.4090909090909091,0.5454545454545454,0.4090909090909091,0.6818181818181818,0.45454545454545453,0.6818181818181818,0.45454545454545453,0.4090909090909091,0.4090909090909091,0.3181818181818182,0.4090909090909091,0.45454545454545453,0.5,0.4090909090909091,0.4090909090909091,0.6818181818181818,0.4090909090909091,0.5909090909090909,0.6363636363636364
M,0.4230769230769231,0.38461538461538464,0.5384615384615384,0.4230769230769231,0.46153846153846156,0.5769230769230769,0.5,0.4230769230769231,0.5384615384615384,0.4230769230769231,0.6153846153846154,0.46153846153846156,0.4230769230769231,0.5,0.4230769230769231,0.5769230769230769,0.4230769230769231,0.34615384615384615,0.4230769230769231,0.4230769230769231,0.4230769230769231,0.46153846153846156,0.38461538461538464,0.38461538461538464,0.38461538461538464,0.38461538461538464,0.5,0.4230769230769231,0.46153846153846156,0.4230769230769231,0.4230769230769231,0.38461538461538464,0.34615384615384615,0.5384615384615384,0.5,0.46153846153846156,0.38461538461538464,0.5,0.38461538461538464,0.8461538461538461,0.5384615384615384,0.34615384615384615,0.4230769230769231,0.34615384615384615,0.38461538461538464,0.38461538461538464,0.5384615384615384,0.34615384615384615,0.5769230769230769,0.4230769230769231,0.4230769230769231,0.34615384615384615,0.46153846153846156,0.5,0.34615384615384615,0.7307692307692307,0.46153846153846156,0.34615384615384615,0.4230769230769231,0.38461538461538464,0.4230769230769231,0.5,0.4230769230769231,0.5769230769230769,0.6538461538461539,0.46153846153846156
F,0.391304347826087,0.391304347826087,0.4782608695652174,0.4782608695652174,0.391304347826087,0.4782608695652174,0.43478260869565216,0.391304347826087,0.4782608695652174,0.34782608695652173,0.5652173913043478,0.391304347826087,0.391304347826087,0.4782608695652174,0.391304347826087,0.5217391304347826,0.6956521739130435,0.30434782608695654,0.6086956521739131,0.34782608695652173,0.391304347826087,0.391304347826087,0.34782608695652173,0.34782608695652173,0.34782608695652173,0.30434782608695654,0.4782608695652174,0.391304347826087,0.9565217391304348,0.34782608695652173,0.30434782608695654,0.34782608695652173,0.30434782608695654,0.5217391304347826,0.4782608695652174,0.391304347826087,0.391304347826087,0.4782608695652174,0.34782608695652173,0.6086956521739131,0.5217391304347826,0.30434782608695654,0.34782608695652173,0.34782608695652173,0.4782608695652174,0.4782608695652174,0.391304347826087,0.34782608695652173,0.6086956521739131,0.4782608695652174,0.391304347826087,0.34782608695652173,0.391304347826087,0.7391304347826086,0.34782608695652173,0.5217391304347826,0.9565217391304348,0.30434782608695654,0.391304347826087,0.34782608695652173,0.6521739130434783,0.43478260869565216,0.34782608695652173,0.5217391304347826,0.4782608695652174,0.34782608695652173
P,0.5217391304347826,0.9565217391304348,0.6521739130434783,0.782608695652174,0.6956521739130435,0.6521739130434783,0.6086956521739131,0.6086956521739131,0.6521739130434783,0.43478260869565216,0.5217391304347826,0.4782608695652174,0.4782608695652174,0.4782608695652174,0.4782608695652174,0.43478260869565216,0.391304347826087,0.43478260869565216,0.34782608695652173,0.4782608695652174,0.4782608695652174,0.5217391304347826,0.4782608695652174,0.5652173913043478,0.4782608695652174,0.4782608695652174,0.391304347826087,0.4782608695652174,0.34782608695652173,0.4782608695652174,0.9565217391304348,0.4782608695652174,0.43478260869565216,0.43478260869565216,0.391304347826087,0.4782608695652174,0.4782608695652174,0.391304347826087,0.4782608695652174,0.43478260869565216,0.43478260869565216,0.43478260869565216,0.6086956521739131,0.43478260869565216,0.30434782608695654,0.30434782608695654,0.4782608695652174,0.43478260869565216,0.4782608695652174,0.5217391304347826,0.6086956521739131,0.43478260869565216,0.4782608695652174,0.43478260869565216,0.43478260869565216,0.391304347826087,0.34782608695652173,1.0,0.4782608695652174,0.43478260869565216,0.391304347826087,0.43478260869565216,0.4782608695652174,0.43478260869565216,0.4782608695652174,0.5217391304347826
S,0.6666666666666666,0.6190476190476191,0.6190476190476191,0.6190476190476191,0.6666666666666666,0.6666666666666666,0.6666666666666666,0.6666666666666666,0.6666666666666666,0.5714285714285714,0.5238095238095238,0.7142857142857143,0.5714285714285714,0.5238095238095238,0.6190476190476191,0.42857142857142855,0.42857142857142855,0.5238095238095238,0.42857142857142855,0.5238095238095238,0.5714285714285714,0.6190476190476191,0.5714285714285714,0.6190476190476191,0.6190476190476191,0.5238095238095238,0.42857142857142855,0.9047619047619048,0.38095238095238093,0.5238095238095238,0.47619047619047616,0.5238095238095238,0.5238095238095238,0.47619047619047616,0.38095238095238093,0.6190476190476191,0.5714285714285714,0.42857142857142855,0.5238095238095238,0.47619047619047616,0.42857142857142855,0.5238095238095238,0.5714285714285714,0.5238095238095238,0.3333333333333333,0.3333333333333333,0.5238095238095238,0.5238095238095238,0.5714285714285714,0.6190476190476191,0.5714285714285714,0.5238095238095238,0.6190476190476191,0.5238095238095238,0.5238095238095238,0.42857142857142855,0.38095238095238093,0.47619047619047616,0.6190476190476191,0.6190476190476191,0.42857142857142855,0.42857142857142855,0.5714285714285714,0.42857142857142855,0.5238095238095238,0.5714285714285714
T,0.5652173913043478,0.5652173913043478,0.6521739130434783,0.5652173913043478,0.6521739130434783,0.6521739130434783,0.6086956521739131,0.5652173913043478,0.6521739130434783,0.4782608695652174,0.6086956521739131,0.7391304347826086,0.5217391304347826,0.5652173913043478,0.5652173913043478,0.5217391304347826,0.43478260869565216,0.4782608695652174,0.43478260869565216,0.5217391304347826,0.5217391304347826,0.6086956521739131,0.4782608695652174,0.5217391304347826,0.782608695652174,0.4782608695652174,0.4782608695652174,0.7391304347826086,0.391304347826087,0.4782608695652174,0.4782608695652174,0.4782608695652174,0.4782608695652174,0.6086956521739131,0.4782608695652174,0.9130434782608695,0.5217391304347826,0.4782608695652174,0.5217391304347826,0.5217391304347826,0.5217391304347826,0.5652173913043478,0.5217391304347826,0.4782608695652174,0.34782608695652173,0.34782608695652173,0.5217391304347826,0.43478260869565216,0.6521739130434783,0.5217391304347826,0.5217391304347826,0.4782608695652174,0.6521739130434783,0.6086956521739131,0.43478260869565216,0.4782608695652174,0.391304347826087,0.43478260869565216,0.5217391304347826,0.5652173913043478,0.43478260869565216,0.5652173913043478,0.5217391304347826,0.4782608695652174,0.5652173913043478,0.5217391304347826
W,0.4074074074074074,0.3333333333333333,0.4074074074074074,0.4444444444444444,0.37037037037037035,0.4074074074074074,0.37037037037037035,0.37037037037037035,0.4074074074074074,0.37037037037037035,0.4074074074074074,0.37037037037037035,0.3333333333333333,0.37037037037037035,0.3333333333333333,0.4074074074074074,0.6296296296296297,0.2962962962962963,0.5185185185185185,0.37037037037037035,0.37037037037037035,0.37037037037037035,0.3333333333333333,0.3333333333333333,0.3333333333333333,0.3333333333333333,0.3333333333333333,0.37037037037037035,0.48148148148148145,0.2962962962962963,0.2962962962962963,0.3333333333333333,0.2962962962962963,0.37037037037037035,0.3333333333333333,0.3333333333333333,0.3333333333333333,0.3333333333333333,0.3333333333333333,0.4074074074074074,0.37037037037037035,0.25925925925925924,0.3333333333333333,0.3333333333333333,1.0,1.0,0.37037037037037035,0.3333333333333333,0.5555555555555556,0.37037037037037035,0.3333333333333333,0.3333333333333333,0.37037037037037035,0.48148148148148145,0.3333333333333333,0.4074074074074074,0.48148148148148145,0.2962962962962963,0.3333333333333333,0.2962962962962963,0.5185185185185185,0.3333333333333333,0.37037037037037035,0.4074074074074074,0.4074074074074074,0.37037037037037035
Y,0.4090909090909091,0.45454545454545453,0.45454545454545453,0.6818181818181818,0.45454545454545453,0.45454545454545453,0.4090909090909091,0.4090909090909091,0.5454545454545454,0.3181818181818182,0.5454545454545454,0.4090909090909091,0.36363636363636365,0.45454545454545453,0.36363636363636365,0.4090909090909091,0.9545454545454546,0.3181818181818182,1.0,0.36363636363636365,0.36363636363636365,0.4090909090909091,0.36363636363636365,0.4090909090909091,0.36363636363636365,0.36363636363636365,0.4090909090909091,0.45454545454545453,0.5909090909090909,0.4090909090909091,0.4090909090909091,0.36363636363636365,0.3181818181818182,0.45454545454545453,0.4090909090909091,0.4090909090909091,0.45454545454545453,0.4090909090909091,0.36363636363636365,0.4090909090909091,0.4090909090909091,0.3181818181818182,0.36363636363636365,0.3181818181818182,0.5,0.5,0.4090909090909091,0.3181818181818182,0.6818181818181818,0.36363636363636365,0.4090909090909091,0.3181818181818182,0.5,0.8181818181818182,0.3181818181818182,0.4090909090909091,0.5909090909090909,0.2727272727272727,0.36363636363636365,0.36363636363636365,0.9545454545454546,0.4090909090909091,0.4090909090909091,0.4090909090909091,0.45454545454545453,0.4090909090909091
V,0.5217391304347826,0.5652173913043478,0.782608695652174,0.5652173913043478,0.6086956521739131,0.6521739130434783,0.5652173913043478,0.5217391304347826,0.6086956521739131,0.43478260869565216,0.7391304347826086,0.6086956521739131,0.6086956521739131,0.8260869565217391,0.5652173913043478,0.6521739130434783,0.5217391304347826,0.43478260869565216,0.4782608695652174,0.4782608695652174,0.5652173913043478,0.5652173913043478,0.4782608695652174,0.4782608695652174,0.4782608695652174,0.43478260869565216,0.6956521739130435,0.5217391304347826,0.5217391304347826,0.4782608695652174,0.5217391304347826,0.43478260869565216,0.43478260869565216,0.782608695652174,0.6956521739130435,0.5652173913043478,0.43478260869565216,0.7391304347826086,0.5217391304347826,0.6086956521739131,0.8260869565217391,0.43478260869565216,0.6086956521739131,0.43478260869565216,0.391304347826087,0.391304347826087,0.5217391304347826,0.43478260869565216,0.6956521739130435,0.6086956521739131,0.4782608695652174,0.4782608695652174,0.5652173913043478,0.6956521739130435,0.5217391304347826,0.6086956521739131,0.5217391304347826,0.43478260869565216,0.5652173913043478,0.4782608695652174,0.4782608695652174,0.9565217391304348,0.4782608695652174,0.6956521739130435,0.6521739130434783,0.4782608695652174
