,T,S,T.1,L,Q,K,A,I,D,L.1,V,T.2,K.1,A.1,T.3,E,E.1,D.1,K.2,A.2,K.3,N,Y,E.2,E.3,A.3,L.2,R,L.3,Y.1,Q.1,H,A.4,V.1,E.4,Y.2,F,L.4,H.1,A.5,I.1,K.4,Y.3,E.5,A.6,H.2,S.1,D.2,K.5,A.7,K.6,E.6,S.2,I.2,R.1,A.8,K.7,C,V.2,Q.2,Y.4,L.5,D.3,R.2,A.9,E.7,K.8,L.6,K.9,D.4,Y.5,L.7,R.3
ASA,0.5276923076923077,0.397948717948718,0.21384615384615382,0.18307692307692305,0.5517948717948719,0.5046153846153847,0.03435897435897436,0.18769230769230769,0.4297435897435898,0.13743589743589743,0.016923076923076923,0.3076923076923077,0.5266666666666667,0.028205128205128206,0.13948717948717948,0.5702564102564103,0.24564102564102563,0.10564102564102563,0.6805128205128206,0.39128205128205135,0.6953846153846154,0.3687179487179488,0.24410256410256412,0.6241025641025642,0.4323076923076924,0.03025641025641026,0.13435897435897434,0.6328205128205129,0.1282051282051282,0.02666666666666667,0.33128205128205135,0.41948717948717956,0.014871794871794871,0.04974358974358975,0.44000000000000006,0.17743589743589744,0.027179487179487184,0.20051282051282052,0.36717948717948723,0.036923076923076927,0.15128205128205127,0.596923076923077,0.4143589743589744,0.17743589743589744,0.3251282051282051,0.5974358974358974,0.26307692307692304,0.5230769230769231,0.6292307692307693,0.11076923076923076,0.36717948717948723,0.5769230769230769,0.201025641025641,0.06615384615384616,0.5010256410256411,0.3333333333333333,0.25487179487179484,0.04923076923076923,0.3835897435897436,0.4794871794871795,0.11435897435897434,0.21897435897435896,0.46153846153846156,0.31333333333333335,0.05230769230769231,0.48205128205128206,0.5405128205128206,0.07435897435897436,0.4620512820512821,0.5456410256410257,0.46512820512820513,0.2369230769230769,0.9194871794871795
HSE_alpha_up,0.08709677419354837,0.1064516129032258,0.3967741935483871,0.535483870967742,0.1064516129032258,0.15806451612903225,0.7096774193548387,0.5290322580645161,0.0935483870967742,0.4548387096774194,0.832258064516129,0.2935483870967742,0.12580645161290321,0.6709677419354839,0.5290322580645161,0.07419354838709677,0.3548387096774194,0.5903225806451613,0.09999999999999999,0.06451612903225806,0.16451612903225804,0.15806451612903225,0.667741935483871,0.0935483870967742,0.16451612903225804,0.7258064516129032,0.5870967741935483,0.12258064516129032,0.4967741935483871,0.8225806451612904,0.42258064516129035,0.2161290322580645,0.7580645161290323,0.7516129032258064,0.20645161290322578,0.5258064516129033,0.8096774193548387,0.4967741935483871,0.2612903225806452,0.6741935483870969,0.5967741935483871,0.13548387096774195,0.3580645161290323,0.6580645161290323,0.24516129032258063,0.16451612903225804,0.28064516129032263,0.11290322580645161,0.07419354838709677,0.4741935483870968,0.43548387096774194,0.08064516129032258,0.21935483870967742,0.7032258064516129,0.3774193548387097,0.06774193548387096,0.39032258064516134,0.7290322580645162,0.2,0.12258064516129032,0.6193548387096774,0.4903225806451613,0.06774193548387096,0.3451612903225807,0.6838709677419355,0.18064516129032257,0.11612903225806451,0.6290322580645161,0.3612903225806452,0.05161290322580645,0.3258064516129033,0.5387096774193548,0.132258064516129
HSE_alpha_down,0.254071661237785,0.3680781758957655,0.3876221498371335,0.3843648208469056,0.5928338762214984,0.6221498371335504,0.4364820846905537,0.5928338762214984,0.7296416938110749,0.5798045602605864,0.5374592833876222,0.6644951140065146,0.7231270358306189,0.4918566775244299,0.5374592833876222,0.6742671009771987,0.48859934853420195,0.35179153094462545,0.4723127035830619,0.4136807817589576,0.4104234527687297,0.47557003257328984,0.32899022801302935,0.5895765472312703,0.6416938110749185,0.46254071661237783,0.6123778501628665,0.755700325732899,0.6351791530944626,0.6254071661237784,0.7198697068403909,0.7752442996742671,0.5895765472312703,0.6449511400651466,0.7719869706840391,0.6644951140065146,0.6026058631921825,0.6579804560260586,0.6872964169381107,0.501628664495114,0.4918566775244299,0.5993485342019543,0.4364820846905537,0.24104234527687296,0.4234527687296417,0.4006514657980456,0.28664495114006516,0.42019543973941365,0.4853420195439739,0.3745928338762215,0.44951140065146583,0.6188925081433225,0.5667752442996742,0.43322475570032576,0.5798045602605864,0.6775244299674268,0.5374592833876222,0.4397394136807818,0.6058631921824104,0.6319218241042345,0.4723127035830619,0.52442996742671,0.6742671009771987,0.5472312703583062,0.4429967426710097,0.6091205211726384,0.5960912052117264,0.3876221498371335,0.4527687296416938,0.511400651465798,0.37785016286644957,0.24104234527687296,0.244299674267101
P(C),0.9490000000000001,0.336,0.174,0.025,0.013999999999999999,0.008,0.003,0.001,0.001,0.001,0.001,0.003,0.005,0.003,0.003,0.003,0.009000000000000001,0.034,0.091,0.706,0.997,0.997,0.03,0.009000000000000001,0.005,0.004,0.003,0.001,0.0,0.001,0.001,0.002,0.001,0.001,0.001,0.002,0.003,0.002,0.003,0.003,0.015,0.066,0.233,0.525,0.755,0.893,0.955,0.17,0.092,0.040999999999999995,0.019,0.009000000000000001,0.006999999999999999,0.004,0.002,0.006,0.006,0.002,0.001,0.002,0.002,0.003,0.005,0.006,0.002,0.005,0.009000000000000001,0.02,0.055999999999999994,0.16899999999999998,0.293,0.603,0.998
P(H),0.049,0.664,0.826,0.975,0.986,0.992,0.997,0.9990000000000001,0.9990000000000001,0.9990000000000001,0.9990000000000001,0.997,0.995,0.997,0.997,0.997,0.991,0.966,0.909,0.294,0.003,0.002,0.97,0.991,0.995,0.996,0.997,0.9990000000000001,1.0,0.9990000000000001,0.9990000000000001,0.998,0.9990000000000001,0.9990000000000001,0.9990000000000001,0.998,0.997,0.998,0.997,0.997,0.985,0.934,0.767,0.473,0.242,0.106,0.045,0.83,0.9079999999999999,0.9590000000000001,0.98,0.991,0.993,0.996,0.998,0.9940000000000001,0.9940000000000001,0.998,0.9990000000000001,0.998,0.998,0.997,0.995,0.9940000000000001,0.998,0.995,0.991,0.98,0.9440000000000001,0.831,0.7070000000000001,0.385,0.001
P(E),0.003,0.0,0.0,0.0,0.0,0.0,0.0,0.0,0.0,0.0,0.0,0.0,0.0,0.0,0.0,0.0,0.0,0.0,0.0,0.0,0.0,0.0,0.0,0.0,0.0,0.0,0.0,0.0,0.0,0.0,0.0,0.0,0.0,0.0,0.0,0.0,0.0,0.0,0.0,0.0,0.0,0.0,0.0,0.002,0.003,0.001,0.0,0.0,0.0,0.0,0.0,0.0,0.0,0.0,0.0,0.0,0.0,0.0,0.0,0.0,0.0,0.0,0.0,0.0,0.0,0.0,0.0,0.0,0.0,0.0,0.0,0.013000000000000001,0.001
cosPhi,0.4694771603403318,0.6832526946667644,0.6897301808006494,0.7324232539488625,0.7199717780851844,0.6985760732996393,0.7136811056883583,0.7331955536090552,0.7168317258858625,0.7057593291662297,0.7191877641635248,0.7223197899021362,0.7057593291662297,0.7105200710494552,0.7238817489870518,0.7128918173729912,0.6937599065374325,0.7033704641246838,0.6985760732996393,0.5183234332551435,0.72777467054293,0.3943388029957729,0.73165024629177,0.7324232539488625,0.7033704641246838,0.7176177356725745,0.73165024629177,0.7184030825625629,0.7057593291662297,0.7184030825625629,0.7262195668449516,0.7057593291662297,0.7105200710494552,0.7176177356725745,0.7144697430986597,0.69777487682315,0.696170678956787,0.7176177356725745,0.7001766491363243,0.7041673752050037,0.7081425532535844,0.6848754648847661,0.4720906855724233,0.5678595160144014,0.6251919064687412,0.4295506925161164,0.5902613706624117,0.7049636643607307,0.6993766648836112,0.7073487760335222,0.7269974644284428,0.7144697430986597,0.7017747859022699,0.7105200710494552,0.7262195668449516,0.7121018805568672,0.6897301808006494,0.7199717780851844,0.7176177356725745,0.7009760236208884,0.7001766491363243,0.7199717780851844,0.7089356964399721,0.694564090831167,0.7231011092446092,0.7160450555967492,0.7001766491363243,0.7009760236208884,0.7128918173729912,0.6832526946667644,0.5842464694972148,0.5235548201923863,0.4773199599336429
cosPsi,0.022879835741861587,0.9321374009768524,0.892928446587701,0.8779267345838198,0.8880232035332729,0.8880232035332729,0.8650811383103761,0.872155773115577,0.8835825759076499,0.8698155474893049,0.8626871855061438,0.8796356536674403,0.88581229169386,0.8614835729547841,0.8750555348152298,0.8841417617967617,0.8818980143173211,0.8813341648478441,0.9145187862775208,0.998900734146025,0.942696812877208,0.583384373358051,0.8945420424173454,0.8874722443520897,0.8841417617967617,0.8626871855061438,0.870402298143375,0.883022221559489,0.8709879204878082,0.8614835729547841,0.8756320667517556,0.8852566213878945,0.8596699001693255,0.8709879204878082,0.882460700459216,0.876781696150819,0.8756320667517556,0.8762074544478622,0.8846997775234475,0.8674572975749799,0.8891215742630105,0.9055319094946633,0.985774559998823,0.4546837099011099,0.9564170886165214,0.8029942001328555,0.15645624459778856,0.9188593583102194,0.8961448216775953,0.8807691537683684,0.8813341648478441,0.8852566213878945,0.8807691537683684,0.868638668405062,0.8796356536674403,0.8835825759076499,0.8852566213878945,0.8692276703129419,0.8841417617967617,0.8874722443520897,0.8698155474893049,0.8807691537683684,0.8880232035332729,0.882460700459216,0.8680485435598672,0.8841417617967617,0.8885729807284855,0.8715724127386971,0.8950775061878452,0.9281335423001641,0.9645662857670281,0.9945079316809584,0.33145237078845896
cosTheta,0.4582666820675085,0.7869098390601198,0.8359090664658281,0.8796270369773674,0.8832745835938351,0.8723335222271821,0.8541110164355151,0.8705105047910613,0.8923953956046784,0.86322004664864,0.8577540506726897,0.8796270369773674,0.8942198470628439,0.8559324335465859,0.86322004664864,0.8923953956046784,0.8650424083394216,0.8559324335465859,0.8850985347690807,0.8723335222271821,0.9215935123738734,0.6351098522788466,0.8832745835938351,0.9106429955207972,0.8778034526472047,0.8559324335465859,0.8705105047910613,0.8923953956046784,0.8613978627735588,0.85228980488783,0.8796270369773674,0.8832745835938351,0.8541110164355151,0.8541110164355151,0.8814507491446919,0.85228980488783,0.8377281783760793,0.86322004664864,0.8668649422946731,0.8486480206728793,0.8577540506726897,0.8705105047910613,0.7436026400945558,0.6036611409079786,0.7616137076039,0.6123667416869196,0.5570859904142595,0.8268175328582282,0.8650424083394216,0.8613978627735588,0.8723335222271821,0.8832745835938351,0.8650424083394216,0.85228980488783,0.8705105047910613,0.8942198470628439,0.86322004664864,0.8577540506726897,0.8741566897177764,0.8796270369773674,0.8450071252757246,0.86322004664864,0.8905710330890404,0.86322004664864,0.8595758622648653,0.8759800017091586,0.8796270369773674,0.8504688044512568,0.86322004664864,0.8869225971143573,0.8068425387457049,0.6721551532327169,0.5502523222454161
cosTau,6.168375916970614e-05,0.5043632677491869,0.7960065893996098,0.7910614850786447,0.8009075115760242,0.8200548497424778,0.8112573183188098,0.8043807145043603,0.818039110138882,0.8227288438619753,0.813981528824669,0.8078307376628291,0.8260492019151962,0.818039110138882,0.8105738901391552,0.820724815784579,0.8240599505315654,0.818039110138882,0.8098895158975701,0.8146601955249188,0.2800304150720424,0.0849938574523163,0.003313617199801777,0.7810416889260654,0.820724815784579,0.8133019056822303,0.8071426000494716,0.8153379037156432,0.8220618148806933,0.8153379037156432,0.8078307376628291,0.8240599505315654,0.816690436313775,0.813981528824669,0.8119397983546931,0.820724815784579,0.820724815784579,0.8078307376628291,0.8200548497424778,0.8146601955249188,0.8126213281678527,0.813981528824669,0.877354790111386,0.5669930927091461,0.29822735182380505,0.8253871086329254,0.047958725169610805,0.07551415618542928,0.8050725819506339,0.8105738901391552,0.8016039938726413,0.8119397983546931,0.8200548497424778,0.8200548497424778,0.8050725819506339,0.8227288438619753,0.8286876228970479,0.8119397983546931,0.8112573183188098,0.8247240241650918,0.8227288438619753,0.8092041976787772,0.816690436313775,0.8200548497424778,0.8098895158975701,0.8105738901391552,0.8233948897552297,0.8200548497424778,0.8043807145043603,0.8098895158975701,0.8280295144952536,0.7671761746949133,0.15016832974331723
sinPhi,0.0009326007890664845,0.03479121600898771,0.037395140807108984,0.05730318712279209,0.05098621211969223,0.041122687158009485,0.047958725169610805,0.05770951239245803,0.04946148933895422,0.04429836168227741,0.05060297685041654,0.05214411988029355,0.04429836168227741,0.046477992854267625,0.05292288158031594,0.04758647376699021,0.0390684242057498,0.04322727117869962,0.041122687158009485,0.00033580311067188395,0.9451064023055633,0.011292052856952006,0.05689821038439263,0.05730318712279209,0.04322727117869962,0.04984061429890324,0.05689821038439263,0.05022111052240985,0.04429836168227741,0.05022111052240985,0.05410123519739296,0.04429836168227741,0.046477992854267625,0.04984061429890324,0.048332353568349584,0.0407768093284564,0.040089251339131216,0.04984061429890324,0.041818635218880185,0.043582911383478584,0.04538194547646579,0.035433714232971925,0.0007796179090095445,0.0046260797642782014,0.015926179810946184,0.004988171141721176,0.008214264593306986,0.04393994191386341,0.04146996280743798,0.04501936456172839,0.054496737905816106,0.048332353568349584,0.04252016607508757,0.046477992854267625,0.05410123519739296,0.04721560049443019,0.037395140807108984,0.05098621211969223,0.04984061429890324,0.04216870333021955,0.041818635218880185,0.05098621211969223,0.04574591123663918,0.039407297217139425,0.052532819198987446,0.0490837367974431,0.041818635218880185,0.04216870333021955,0.04758647376699021,0.03479121600898771,0.007148265455573177,0.0005550625190149927,0.0005147151046426268
sinPsi,0.6495203961280435,0.24849002668488251,0.1907958023212229,0.17262959314133014,0.18466209628435687,0.18466209628435687,0.1583631131596004,0.1660837222644767,0.1792751842154211,0.16349374324511334,0.15582271215312304,0.17461289136707453,0.18196088986111797,0.15455879446157078,0.1693440673381741,0.17994515025752228,0.1772711561380247,0.1766051102447702,0.22040354826462655,0.46686304979999993,0.7324210228623098,0.9929980185352525,0.19285739995052842,0.18398534866757454,0.17994515025752228,0.15582271215312304,0.16413970533850492,0.17860619515673037,0.1647866905206004,0.15455879446157078,0.16999916601953163,0.18128800512565513,0.15267081477050137,0.1647866905206004,0.17793818511930676,0.1713123771029521,0.16999916601953163,0.17065526994065977,0.18061609124220113,0.16092016506596468,0.1860184711753311,0.2075211625063923,0.38158092696719065,0.9979421993079852,0.29583476980930756,0.8977367404274479,0.863287335485488,0.22694901949278545,0.1949274180493662,0.17594004946843456,0.1766051102447702,0.18128800512565513,0.17594004946843456,0.16220489619216988,0.17461289136707453,0.1792751842154211,0.18128800512565513,0.1628488062081383,0.17994515025752228,0.18398534866757454,0.16349374324511334,0.17594004946843456,0.18466209628435687,0.17793818511930676,0.16156201515866964,0.17994515025752228,0.1853398044750813,0.16543469682057088,0.1935464731735118,0.2417333355666791,0.31512662136308534,0.5739047055648053,0.970735272406019
sinTheta,0.8037468580443371,0.9842092147221678,0.993624764322336,0.9984726399586985,0.9987266903113869,0.997895295008335,0.9960481851351943,0.9977365354255,0.9992608104559126,0.9970438182214219,0.9964637325188842,0.9984726399586985,0.9993503165771815,0.9962588407750017,0.9970438182214219,0.9992608104559126,0.9972256483158515,0.9962588407750017,0.9988450585566723,0.997895295008335,1.0,0.927464696310934,0.9987266903113869,0.999896045664993,0.9983369586251768,0.9962588407750017,0.9977365354255,0.9992608104559126,0.9968562218398896,0.9958317662411548,0.9984726399586985,0.9987266903113869,0.9960481851351943,0.9960481851351943,0.9986025506526787,0.9958317662411548,0.9938930207322169,0.9970438182214219,0.9974017115692927,0.9953816413449323,0.9964637325188842,0.9977365354255,0.9723345858812605,0.9102500949979363,0.9776819876314262,0.9152114840652795,0.8810918542852036,0.9921971611485837,0.9972256483158515,0.9968562218398896,0.997895295008335,0.9987266903113869,0.9972256483158515,0.9958317662411548,0.9977365354255,0.9993503165771815,0.9970438182214219,0.9964637325188842,0.9980482857103211,0.9984726399586985,0.994908471570965,0.9970438182214219,0.999165531294198,0.9970438182214219,0.9966628597427053,0.9981955070654223,0.9984726399586985,0.9956095847521328,0.9970438182214219,0.9989576550279643,0.9885504724576554,0.9452729890049083,0.8764348883967854
sinTau,0.5078536586559104,1.903846791440067e-05,0.9029641411242579,0.9065503805235138,0.8993177550236464,0.8841417617967617,0.891304078426207,0.8966766701456176,0.88581229169386,0.8818980143173211,0.8891215742630105,0.894005376803361,0.8790671680988261,0.88581229169386,0.8918467286629199,0.8835825759076498,0.8807691537683684,0.88581229169386,0.8923881852665414,0.8885729807284855,0.050986212119692176,0.7788725544898452,0.5574685752464333,0.9135402871372809,0.8835825759076498,0.8896689824657371,0.8945420424173454,0.8880232035332729,0.8824607004592159,0.8880232035332729,0.894005376803361,0.8807691537683684,0.8869201048632531,0.8891215742630105,0.8907602362094094,0.8835825759076498,0.8835825759076498,0.894005376803361,0.8841417617967617,0.8885729807284855,0.8902152036691648,0.8891215742630105,0.8280295144952536,0.9954915998574182,0.9574798339249124,0.8796356536674403,0.7136789316935963,0.23578083263882638,0.8961448216775953,0.8918467286629199,0.8987919644126142,0.8907602362094094,0.8841417617967617,0.8841417617967617,0.8961448216775953,0.8818980143173211,0.8767816961508189,0.8907602362094094,0.891304078426207,0.8802029828000155,0.8818980143173211,0.892928446587701,0.8869201048632531,0.8841417617967617,0.8923881852665414,0.8918467286629199,0.8813341648478441,0.8841417617967617,0.8966766701456176,0.8923881852665414,0.877354790111386,0.9226309166109281,0.8572363398164016
hhm0,0.8411136344520144,0.45176213306417695,0.3063335856674237,0.45891159895701905,0.32349230381024474,0.3074270333922113,0.048195811254100426,0.29800656068634873,0.2753806039195895,0.3591555219110102,0.1805870973168475,0.36050130372613337,0.3213054083606695,0.028429640844478084,0.33400622424089493,0.32248296744890237,0.2168390949617293,0.49440659433089407,0.31928673563798465,0.16654049962149886,0.3963327445537892,0.47068718983934726,0.39010850365884425,0.31062326520312894,0.2636050130372613,0.02043906131718395,0.5087055261165784,0.3756413491462696,0.2868197493481369,0.31701572882496426,0.3851459332155774,0.34334258558331227,0.07687778618891411,0.18403566321810075,0.4359491967364791,0.30667003112120444,0.45150979897384136,0.45184624442762217,0.384557153671461,0.13516696105643872,0.2856421902599041,0.39010850365884425,0.31895029018420384,0.31062326520312894,0.27781983345950034,0.35873496509378416,0.3842207082176802,0.2752964925561443,0.2970813356884515,0.3663049878038523,0.3794263605013037,0.2758852721002607,0.2573807721423164,0.39296829001598116,0.4039027672638573,0.23896038354781732,0.503154176129195,0.1935402472874085,0.2879973084363697,0.40398687862730254,0.24947430397846745,0.4931449238792161,0.27235259483556223,0.5985364622760535,0.05130793170157288,0.376230128690386,0.3266885356211624,0.697703759777946,0.5295651442509883,0.25292286987972074,0.3086045924804441,0.38876272184372107,0.37580957187316
hhm1,0.7903264048051845,0.5254880265549672,0.522563818857188,0.6644274085197186,0.6730419663320951,0.7903264048051845,0.4002212913933454,0.5832608867462261,0.5107879554255907,0.4215601043230854,0.6421402039042124,0.48952817513633123,0.7903264048051845,0.7903264048051845,0.5741721330909666,0.5491978186991227,0.39010511341183907,0.6498854026713032,0.7903264048051845,0.48336362917885084,0.6171658895123686,0.5665849996048368,0.48028135620011064,0.7903264048051845,0.5294396585789931,0.6572354382359914,0.5550462340946811,0.6799178060539002,0.30957085276219076,0.5665059669643562,0.3335967754682683,0.5933770647277326,0.4386311546668774,0.32276930372243734,0.599857741247135,0.4695329170947601,0.3177112147316842,0.6611870702600173,0.6948549751047182,0.3990358017861377,0.37730182565399506,0.5992254801232909,0.4031454990911246,0.45941673911325376,0.4855765431123053,0.5643720856713822,0.6872678416185884,0.5250928633525646,0.6392950288469137,0.6643483758792381,0.6083142337785505,0.48447008614557807,0.5505413735872915,0.41002133881292974,0.7241760847229906,0.7903264048051845,0.6943807792618352,0.24025922706077607,0.546194578360863,0.7903264048051845,0.4134987749940725,0.5560736584209278,0.5525171895993045,0.627914328617719,0.49166205642930527,0.7173792776416659,0.6109223109144076,0.524697700150162,0.4813878131668379,0.5526752548802656,0.49616691693669485,0.49110882794594163,0.7903264048051845
hhm2,0.8234519104084322,0.25279973649538867,0.3937747035573123,0.532608695652174,0.2644927536231884,0.38224637681159424,0.6809123847167325,0.4139492753623189,0.2981719367588933,0.520998023715415,0.6141304347826088,0.45248682476943347,0.3409914361001318,0.5286561264822135,0.5182806324110671,0.2702569169960474,0.47192028985507256,0.07229907773386035,0.37779973649538867,0.3648715415019763,0.4103260869565218,0.2147562582345191,0.5741106719367589,0.2177206851119895,0.30088932806324115,0.6356225296442688,0.5580533596837944,0.2673748353096179,0.6063076416337286,0.5646409749670619,0.4620388669301713,0.27066864295125165,0.5663702239789197,0.596179183135705,0.21426218708827405,0.5205862977602108,0.8234519104084322,0.46426218708827405,0.3698945981554677,0.5453722002635046,0.7518939393939394,0.43700592885375494,0.37014163372859027,0.2835144927536232,0.4043148880105402,0.19104084321475626,0.15884387351778656,0.2800559947299078,0.3118412384716733,0.26210474308300397,0.5571475625823452,0.2807147562582345,0.511528326745718,0.8234519104084322,0.3888339920948617,0.3652009222661397,0.5679347826086957,0.8234519104084322,0.4029150197628459,0.35886034255599475,0.8234519104084322,0.5497364953886693,0.20471014492753623,0.4985177865612649,0.8234519104084322,0.36330698287220026,0.34609683794466406,0.8234519104084322,0.4241600790513834,0.30245388669301715,0.5054347826086957,0.8234519104084322,0.25527009222661395
hhm3,0.7964319847085058,0.1890729531697993,0.3916852500796432,0.35688117234788147,0.2077094616119783,0.32048423064670273,0.4700541573749601,0.33450143357757245,0.20149729213125198,0.3904906021025804,0.7964319847085058,0.35982797069130296,0.23685887225230964,0.6588085377508761,0.42354252946798343,0.17378145906339598,0.22427524689391526,0.15092386110226186,0.20993947116916215,0.2492035680152915,0.33434214718063077,0.2941223319528512,0.5395030264415419,0.1813475629181268,0.12734947435489008,0.6133322714240204,0.5313794201975152,0.2298502707868748,0.5374323032812998,0.6212169480726346,0.2891048104491876,0.17465753424657532,0.6658967824147817,0.5586970372730169,0.10632366995858554,0.4526122969098439,0.7964319847085058,0.392879898056706,0.3118827652118509,0.5062918126791972,0.4622491239248168,0.3411118190506531,0.35624402676011463,0.12965912711054475,0.317139216310927,0.32112137623446957,0.37368588722523094,0.19560369544440906,0.23088563236699583,0.2819369225868111,0.43270149729213125,0.21201019432940427,0.38993309971328444,0.5395826696400127,0.33641287034087286,0.2204523733673144,0.40387065944568334,0.5316979929913985,0.2316024211532335,0.1495699267282574,0.6130933418286079,0.5027875119464797,0.18668365721567376,0.40769353297228417,0.5469894870978018,0.03806944886906658,0.19265689710098757,0.7964319847085058,0.34095253265371134,0.2465753424657534,0.4298343421471806,0.6125358394393119,0.24506212169480723
hhm4,0.80768920119538,0.5829900654228253,0.2868104353444795,0.36459090541959455,0.80768920119538,0.6169130118730313,0.5159518617236087,0.4869558194006946,0.2533721024149907,0.34528713351102497,0.3472255875938939,0.5615863015911478,0.5067442048299814,0.6561667070511268,0.43211372263952835,0.5285518132622566,0.35296018092238113,0.6102899604232291,0.48542120991842336,0.5667555124787982,0.688474275098942,0.6328244891365802,0.2758258622082223,0.5995476940473305,0.5426863742831759,0.80768920119538,0.19683385833131412,0.49301348840966003,0.37032549874808174,0.5198287698893466,0.6052822873758178,0.6431629109118812,0.6125514901865762,0.6243437525240287,0.543009449963654,0.41943300218076085,0.17397625393748486,0.4289637347548663,0.5241095226556821,0.40263306679589694,0.4472175107018819,0.80768920119538,0.4064292060415152,0.47726354898635004,0.7005088441967531,0.6916242629836039,0.5556901704224214,0.6179630078345852,0.6942896373475487,0.5245941361763993,0.552620951457879,0.5859785154672482,0.5333171795493095,0.35053711331879495,0.5073095872708182,0.641789839269849,0.5077942007915355,0.3588563120911073,0.5060172845489056,0.5592440029076812,0.37420240691381956,0.5065826669897423,0.80768920119538,0.5474517405702286,0.6642435990630805,0.6108553428640658,0.42944834827558354,0.6121476455859786,0.5382440836766013,0.5308941119457233,0.32129876423552217,0.4717712624182214,0.5980130845650593
hhm5,0.10669317428760768,0.3866799204771372,0.4779655400927767,0.612740225314778,0.42569582504970177,0.49088800530152416,0.2988734261100066,0.4681080185553347,0.44383697813121276,0.45029821073558646,0.5023194168323393,0.44607355864811127,0.7133863485752153,0.292909211398277,0.5799370444002651,0.4745692511597084,0.5004970178926441,0.5664347249834327,0.4319085487077534,0.40134194831013914,0.11050364479787937,0.5411696487740225,0.4033300198807157,0.375248508946322,0.3311795891318754,0.48649768058316767,0.7290424121935056,0.45435719019218024,0.3735089463220676,0.8283631544068919,0.520791915175613,0.5530980781974817,0.17809807819748177,0.463220675944334,0.4217196819085487,0.3972829688535454,0.5636182902584493,0.5743870112657389,0.44715043074884026,0.2997017892644135,0.4596587143803843,0.38295228628230615,0.3008614976805832,0.4481444665341286,0.4517064280980782,0.42751822398939693,0.29721669980119286,0.3363982770046388,0.4233764082173625,0.5149105367793241,0.611414844267727,0.450960901259112,0.419234592445328,0.8283631544068919,0.4691020543406229,0.4672796554009278,0.8283631544068919,0.5168157720344599,0.3862657388999337,0.4138502319416832,0.5730616302186878,0.8283631544068919,0.43074884029158383,0.686050364479788,0.4347249834327369,0.526093439363817,0.5970841616964877,0.8283631544068919,0.6433896620278329,0.33291915175612985,0.4575878064943671,0.8283631544068919,0.3228131212723658
hhm6,0.805607024893257,0.805607024893257,0.4405864819141223,0.5920406025940546,0.44727302022073634,0.5579634254410698,0.609683396439217,0.43108031902038185,0.5827761218077822,0.3982921131072263,0.6670426166116168,0.4230242487714493,0.5499073551921372,0.6510110368162411,0.6328043180536533,0.5291226939498912,0.41625714976234596,0.5616692177555789,0.5287198904374446,0.5908321920567148,0.46676871022315314,0.39079996777571896,0.42503826633368236,0.4132764037702409,0.5108354144848143,0.5259808265528075,0.5260613872552968,0.40667042616611615,0.3443970031418674,0.805607024893257,0.5398372673809716,0.4073149117860308,0.805607024893257,0.805607024893257,0.5340368968017402,0.35922017239990334,0.6784822363651011,0.46797712076049297,0.27261741722387817,0.5000402803512447,0.6021106904052203,0.415048739225006,0.4600016112140498,0.5478127769274148,0.5098686860549424,0.4115040683154757,0.5101103681624103,0.404898090711351,0.5418512849432047,0.5519213727543705,0.5790703294932732,0.4997985982437766,0.41319584306775153,0.5146217675018127,0.5220333521308306,0.5498267944896479,0.4868283251429952,0.6199951663578506,0.5663417384999596,0.4898896318375896,0.5609441714331749,0.6386046886328848,0.48143075807621044,0.3965197776524611,0.805607024893257,0.67501812615806,0.4202046241843228,0.648513655039072,0.46523805687585595,0.4761137517119149,0.32860710545395955,0.5857568677998871,0.46717151373559973
hhm7,0.27548357384095795,0.41272643536997233,0.3129413570770648,0.22697267424009826,0.48242247466994165,0.42554498004298436,0.4455019957015659,0.1933527786306417,0.49178692047896844,0.24286152901443048,0.2209088117899908,0.3841725514276942,0.4567853853239177,0.6379336813018115,0.21446116057721828,0.4683758059564016,0.4491863678231502,0.5464384402824686,0.44481117592876884,0.42715689284617747,0.5914184832668099,0.4900214921707092,0.3131716303346638,0.578676696346331,0.47942892232115447,0.6178231501381639,0.18897758673626036,0.43007368744243174,0.5135861221983421,0.4831132944427387,0.21829904820386858,0.434295363831747,0.6661037764814246,0.170862757138471,0.46346330979428924,0.2752533005833589,0.4379029782007983,0.26235799815781397,0.47651212772490026,0.28761129874117286,0.22919864906355542,0.49332207552962853,0.38616825299355234,0.38424930918022726,0.486413877801658,0.498771875959472,0.4403592262818545,0.5594872582130795,0.4203254528707399,0.31102241326373964,0.3868590727663494,0.4776634940128953,0.3233804114215536,0.18375805956401597,0.43636782315013817,0.5540374577832361,0.29505680073687446,0.18836352471599632,0.47405587964384405,0.43483266809947807,0.37357998157813943,0.22513048817930612,0.46407737181455333,0.4963156278784157,0.26734725207245935,0.5684679152594413,0.41825299355234885,0.1422321154436598,0.5265581823764199,0.45824378262204485,0.3053423395762972,0.17024869511820695,0.42930610991710166
hhm8,0.7967492630069316,0.301728945900725,0.3948689347462353,0.4001274798820811,0.2954346267229703,0.15194008445542187,0.5001195123894511,0.2806150904310413,0.26993865030674846,0.3415664090510716,0.5638594534300055,0.22054019600031868,0.17879053461875546,0.534140705919847,0.3892120149788861,0.21966377181101104,0.32834037128515653,0.48904469763365466,0.22054019600031868,0.24388494940642177,0.2551987889411202,0.24922316946856823,0.3077842402995777,0.2900964066608238,0.3022069954585292,0.47637638435184443,0.4594852999760975,0.2508166679945821,0.34084933471436535,0.5444187714126364,0.23639550633415662,0.2568719623934348,0.6260855708708469,0.6181180782407776,0.3720819058242371,0.3896103896103896,0.7967492630069316,0.3926380368098159,0.19902796589913152,0.5068918811250099,0.3939925105569277,0.13218070273284996,0.38482989403234796,0.4422755158951478,0.26037765915066524,0.2389451039757788,0.4465779619153852,0.3288980957692614,0.2257987411361644,0.2342442833240379,0.11385546968369054,0.24237112580670864,0.1980718667835232,0.5200382439646243,0.19536291928929964,0.244602023743128,0.09306031391920962,0.5078479802406182,0.21591905027487848,0.23974185323878575,0.7967492630069316,0.3978965819456617,0.2692215759700422,0.3453111305872042,0.4643454704804398,0.3419647836825751,0.19106047326906223,0.5393992510556928,0.06262449207234483,0.22173531989482909,0.3300135447374711,0.5440203967811329,0.1677157198629591
hhm9,0.8271982794275787,0.3501530316816941,0.27694598395235337,0.0967821986930267,0.4176524112829845,0.3809248076764,0.42460087683017617,0.2488212424518157,0.4916866572917528,0.13880387128794772,0.18041194474315492,0.36620067830258907,0.3651253205393333,0.5423111919927206,0.2540325916122094,0.34791959632723957,0.17619323351807425,0.46637438994126884,0.3277359583092067,0.39672429481346677,0.4750599718752585,0.47911324344445366,0.26801224253453554,0.4382496484407313,0.43312101910828016,0.762180494664571,0.14161634543800147,0.43014310530234096,0.1263131772685913,0.40706427330631145,0.32194557035321364,0.39184382496484405,0.4797750020679956,0.1814873025064108,0.4769625279179419,0.1594838282736372,0.1072048970138142,0.1364877161055505,0.3243444453635536,0.21474067333939945,0.15667135412358343,0.40971130780047976,0.25320539333278186,0.3484159152948962,0.43485813549507807,0.41980312680949616,0.4345272561833071,0.4788650839606253,0.41682521300355696,0.25122011746215567,0.3885350318471337,0.39722061378112333,0.2840598891554305,0.11688311688311688,0.42079576474480934,0.4245181570022334,0.2796757382744644,0.2934072297129622,0.3851435189014807,0.39366366117958473,0.2801720572421209,0.09727851766068325,0.41790057076681275,0.4520638597071718,0.3726528248821242,0.5866490197700389,0.40458267846802876,0.06981553478368764,0.4526428985027711,0.42567623459343196,0.25361899247249564,0.0907436512532054,0.4126065017784763
hhm10,0.7923302432453847,0.3800015846604865,0.29870850170351004,0.34949687029553916,0.5333174867284685,0.4265113699389906,0.6161159971476111,0.5566119958798827,0.4739719515093891,0.43340464305522547,0.35100229775770536,0.518976309325727,0.4177165042389668,0.5044766658743365,0.41430948419301167,0.7276760953965613,0.3998890737659457,0.7923302432453847,0.7505744394263529,0.47143649473100385,0.651850091117978,0.6179383567070755,0.6234054353854687,0.4710403296093812,0.4326915458363046,0.7923302432453847,0.5139846287932811,0.5309404959987323,0.4551937247444735,0.4837176135013074,0.3559147452658268,0.4940179066634974,0.5958323429205292,0.5593851517312416,0.7027176927343317,0.462324696933682,0.3690674273037002,0.20117264876000318,0.44204104270660005,0.49053165359321765,0.32794548767926474,0.5051897630932572,0.6192853181205926,0.4338008081768481,0.5477378971555344,0.5631091038744949,0.7231598130100626,0.6432929244909278,0.5888598367799699,0.4116155613659773,0.5572458600744791,0.5320497583392758,0.3569447745820458,0.39046034387132555,0.4385547896363204,0.6135013073449014,0.44315030504714364,0.3611441248712463,0.43316694398225175,0.47928056413913317,0.45939307503367405,0.22922113937088978,0.5170747167419381,0.7387687188019967,0.5465494017906664,0.6912289042072736,0.48419301164725453,0.4333254100309009,0.5814119324934632,0.4590761429363759,0.37358370969019883,0.35147769590365263,0.7923302432453847
hhm11,0.35870622568093385,0.3039072632944228,0.2870460440985733,0.5838197146562905,0.3110408560311284,0.3375486381322957,0.5709306095979247,0.501621271076524,0.35781452658884566,0.6626134889753567,0.8106355382619974,0.2415693904020752,0.47738326848249024,0.5205901426718547,0.5528534370946823,0.3968060959792477,0.4044260700389105,0.4381485084306096,0.23224708171206224,0.3086900129701686,0.36470492866407267,0.17671854734111542,0.5574740596627756,0.38416018158236054,0.45403696498054474,0.7314364461738002,0.6348897535667963,0.3065823605706874,0.383916990920882,0.6758268482490272,0.4096952010376134,0.3148508430609598,0.6834468223086899,0.8106355382619974,0.4102626459143969,0.44487678339818415,0.7449740596627756,0.4380674448767834,0.38456549935149154,0.570201037613489,0.5811446173800259,0.38448443579766534,0.33827821011673154,0.47892347600518803,0.39145590142671854,0.25786316472114135,0.1853112840466926,0.368514915693904,0.39226653696498054,0.4537937743190661,0.3971303501945525,0.3521400778210117,0.4417153047989624,0.6823119325551232,0.38926718547341116,0.3450875486381323,0.40215629053177687,0.6666666666666666,0.2829928664072633,0.40345330739299606,0.5727950713359273,0.5502594033722438,0.313715953307393,0.564931906614786,0.5478274967574578,0.4989461738002594,0.39307717250324253,0.8106355382619974,0.4467412451361868,0.3087710765239948,0.42801556420233466,0.4722762645914397,0.2923962386511025
hhm12,0.7765783955890346,0.44218373844839637,0.4516579948745826,0.7765783955890346,0.43868913566824563,0.45911314747223725,0.5518366079055681,0.5592917605032227,0.4900986254562398,0.527762677642308,0.5087365069503766,0.452123941911936,0.6801273588568766,0.5005047759571328,0.5816572182961871,0.5585151821076337,0.7765783955890346,0.6401335714840413,0.4442805001164868,0.5911314747223732,0.39558903471305423,0.5360720664751106,0.440009318940747,0.40048147860526523,0.4341849809738293,0.5705521472392638,0.7765783955890346,0.365224819445523,0.5171235536227382,0.5822784810126582,0.5889570552147239,0.6163702725790168,0.5244233905412751,0.4769744505707851,0.5846082161994253,0.6747689679273122,0.7765783955890346,0.7765783955890346,0.2978178147083948,0.5302477285081928,0.7765783955890346,0.37718412673759416,0.5448474023452667,0.465791721674303,0.1988040692707929,0.440863555175895,0.28197561543837846,0.18932981284460665,0.344334860604178,0.5441484817892366,0.596023918614584,0.5033004581812534,0.4968548574978644,0.7765783955890346,0.5830550594082472,0.6478216976003728,0.7765783955890346,0.5983536538013512,0.5678341228547021,0.6384250990137454,0.7765783955890346,0.7765783955890346,0.5297041236312806,0.52690844140716,0.7073076027024928,0.6722062592218685,0.6015376252232663,0.5026015376252232,0.7765783955890346,0.5240351013434805,0.5995185213947348,0.7765783955890346,0.5066397452822862
hhm13,0.7867201636377941,0.3423019431988042,0.3654315160097554,0.5212807804264024,0.2222484462276768,0.2770041696168673,0.7867201636377941,0.3294784045315082,0.28321925890960586,0.42128864762803875,0.6255998741247739,0.2766894815514122,0.2139092124931162,0.5836676894028795,0.3576429863897412,0.23113838407678391,0.405160884273464,0.5178978837227598,0.3282983242860515,0.30627015970419325,0.29643615765872083,0.3157894736842105,0.4345055463771537,0.2709464243568563,0.3026512469514594,0.7867201636377941,0.5085359137754701,0.2885689560223429,0.405160884273464,0.7867201636377941,0.2666981354732122,0.23483596884588154,0.6766580127448667,0.5894107465974353,0.24128707418771142,0.38399811187160726,0.7867201636377941,0.3328613012351507,0.21800015734403275,0.5563684997246481,0.42593029659350173,0.2612697663441114,0.35968845881519945,0.3881677287388876,0.46683974510266707,0.2831405868932421,0.4612540319408387,0.3489103925733617,0.32641019589332076,0.33600818188970183,0.29352529305326097,0.2526158445440957,0.34064983085516487,0.7867201636377941,0.33600818188970183,0.22075367791676503,0.35457477775155377,0.48320352450633314,0.3129572810951145,0.21406655652584378,0.7867201636377941,0.3816379513806939,0.36393674769884354,0.4159389505153017,0.5459051215482653,0.40807174887892383,0.2445912988749902,0.7867201636377941,0.36259932342065926,0.2773975296986862,0.30619148768782944,0.473605538509952,0.4122413657462041
hhm14,0.7768197001475957,0.37124213470053596,0.42499805795074963,0.40293637846655794,0.3293715528625806,0.21331468966052977,0.5892177425619513,0.2848597840441234,0.34265516973510446,0.4458945078847199,0.5412102850928299,0.26738134079080245,0.21067350268002794,0.5916258836324089,0.39998446360599704,0.3230016313213703,0.4103938475879748,0.46275149537792276,0.2981434009166472,0.3572593800978792,0.30055154198710476,0.26621611124058103,0.3585022916181154,0.36456148527926663,0.4023149227064398,0.5047774411559077,0.3329449234832595,0.2518449467878505,0.4260856055309562,0.5696418861182319,0.3029596830575623,0.28897692845490563,0.6050648644449623,0.5025246640254797,0.3629301639089567,0.45226442942593026,0.6298454128796706,0.41489940184883084,0.3438980812553406,0.5723607550687485,0.42662937932105954,0.22473393925269944,0.30117299774722284,0.4211916414200264,0.3911287190243144,0.43929154043346536,0.37916569564204144,0.43835935679328825,0.28245164297366576,0.22364639167249278,0.15839353686009475,0.27911131826303115,0.23491027732463293,0.503689893575701,0.11815427639244931,0.2549522255884409,0.23514332323467724,0.37963178746213,0.28633574147440377,0.3339547890934514,0.5324322224811621,0.41971568398974596,0.383515885962868,0.038297211217276465,0.454905616406432,0.462673813407908,0.31655402781014524,0.5840130505709624,0.3044356404878428,0.3356637924337761,0.28711256117455136,0.47323856132991526,0.25332090421813097
hhm15,0.16968503937007873,0.27976377952755904,0.2162204724409449,0.4161417322834645,0.23858267716535433,0.30228346456692917,0.4219685039370079,0.33456692913385827,0.3024409448818898,0.35811023622047244,0.37622047244094486,0.26834645669291335,0.41488188976377954,0.4162992125984252,0.37905511811023623,0.38779527559055116,0.36039370078740157,0.3733070866141732,0.30574803149606294,0.2707086614173228,0.32212598425196853,0.3062992125984252,0.4551968503937007,0.31559055118110235,0.36212598425196846,0.371259842519685,0.45834645669291335,0.3128346456692913,0.35196850393700785,0.7874015748031495,0.3259842519685039,0.30078740157480316,0.26244094488188974,0.40488188976377953,0.35078740157480315,0.3994488188976378,0.49196850393700786,0.38944881889763777,0.338503937007874,0.40078740157480314,0.285748031496063,0.3105511811023622,0.2844094488188976,0.3160629921259842,0.2556692913385827,0.2533070866141732,0.26370078740157477,0.2974015748031496,0.2678740157480315,0.33086614173228346,0.3834645669291339,0.2843307086614173,0.28929133858267714,0.47937007874015747,0.3890551181102362,0.2918897637795275,0.4140944881889764,0.40047244094488194,0.2647244094488189,0.31133858267716535,0.44322834645669285,0.46629921259842516,0.2900787401574803,0.4637007874015748,0.4480314960629921,0.4484251968503937,0.3618897637795276,0.5514173228346457,0.3756692913385827,0.2904724409448819,0.3125984251968504,0.5143307086614173,0.31763779527559055
hhm16,0.1698621196051236,0.27837154279187404,0.3668108019906992,0.49432977074324874,0.3779880884392592,0.3885126866280493,0.47703353185934566,0.3187566288651383,0.3471485681651301,0.38068042751081016,0.5365913355633515,0.2538141470180305,0.35237007424328953,0.8158603247124092,0.2905278616300889,0.39944521497919555,0.5059965733866362,0.7449620624949009,0.3368687280737538,0.43754589214326506,0.4276739822142449,0.33898996491800604,0.43273231622746183,0.34045851350248835,0.38108835767316634,0.4357509994288978,0.6222566696581545,0.3527780044056458,0.4736885045280248,0.5402627070245574,0.30056294362405156,0.3895733050501754,0.44807049033205515,0.5377335400179489,0.43281390225993305,0.4097250550705719,0.5697968507791467,0.4289793587337848,0.32471240923553885,0.451741861793261,0.5083625683283022,0.3682793505751815,0.40197438198580404,0.3075793424165783,0.19694868238557559,0.3150036713714612,0.4186995186424084,0.3974055641674145,0.279024231051644,0.3695031410622502,0.4935139104185363,0.3541649669576568,0.35220690217834705,0.4742596067553235,0.3540833809251856,0.311903402137554,0.4252264012401077,0.3266704740148486,0.30994533735824426,0.33727665823610997,0.5469527616871992,0.36746349025046915,0.30888471893611813,0.7230154197601371,0.5588643224280003,0.5180713061923798,0.37839601860161537,0.5116260096271518,0.46251121807946477,0.36468956514644696,0.3788039487639716,0.523863914497838,0.36379211878926326
hhm17,0.846811753747142,0.431704632060293,0.5287492590397154,0.34422897789821316,0.4551613176390888,0.49673977474807346,0.35887882123803877,0.3097637395207045,0.524430519095605,0.3548141248200525,0.21619104073164536,0.41900245575408585,0.5330679989838258,0.6390041493775934,0.14167160640189685,0.4086713523583707,0.48869506308747557,0.846811753747142,0.498941485307816,0.4812431196545008,0.6529765433144212,0.5444999576594123,0.45490727411296467,0.4072317723770006,0.44881022948598526,0.549326784655771,0.30265052078922855,0.37920230332797017,0.5240071132187315,0.6564484715047845,0.3515115589804387,0.5725294267084428,0.4098568888136167,0.21813870776526376,0.6277415530527563,0.3480396307900754,0.5677025997120839,0.3054449995765941,0.5269709543568464,0.2677618765348463,0.23202642052671688,0.4955542382928275,0.48031162672537897,0.40469133711575916,0.40536878651875685,0.39817088661190614,0.5164704886103819,0.5110508933864002,0.4017274959776441,0.3541366754170548,0.4129054111271064,0.4665085951393005,0.4018968583283936,0.2780929799305614,0.4660851892624269,0.47294436446777877,0.5071555593191633,0.2714878482513337,0.44652383775086796,0.4654077398594292,0.41307477347785587,0.3421966296892201,0.5643153526970954,0.5621983233127276,0.34101109323397405,0.6194427978660344,0.40121940892539587,0.3483783554915742,0.48403759844186633,0.44711660597849096,0.3676009823016343,0.27851638580743504,0.5242611567448556
hhm18,0.7652865998316369,0.7652865998316369,0.5958521466289125,0.6843192775694498,0.7652865998316369,0.7652865998316369,0.7652865998316369,0.7652865998316369,0.7652865998316369,0.6954924619269918,0.5775617968929364,0.7008494681258131,0.7652865998316369,0.7652865998316369,0.6331216040407133,0.7652865998316369,0.5171806841662202,0.7652865998316369,0.6807224305502411,0.7652865998316369,0.5898829111502258,0.5855973061911686,0.4138669931889492,0.7652865998316369,0.7652865998316369,0.7652865998316369,0.7652865998316369,0.5714395040942833,0.5566694727175328,0.7652865998316369,0.7652865998316369,0.7652865998316369,0.7652865998316369,0.7652865998316369,0.563327466136068,0.5178694421060687,0.43927450830335957,0.7042932578250555,0.65263641233642,0.5039412259891329,0.6351113492002755,0.7652865998316369,0.3831024718757175,0.7130940537231193,0.6296012856814878,0.7652865998316369,0.7652865998316369,0.7652865998316369,0.5520012244585598,0.630213514961353,0.6762837682712176,0.7652865998316369,0.6383255529195684,0.4724879467360526,0.528736511823678,0.6561567306956456,0.6379429096196526,0.4904721818320962,0.6405448840590802,0.6503405525369251,0.416086324328461,0.6331216040407133,0.7652865998316369,0.4888650799724497,0.7652865998316369,0.6410805846789623,0.7042932578250555,0.4706512588964567,0.5437361291803781,0.5883523379505625,0.4044539680110201,0.7652865998316369,0.7652865998316369
hhm19,0.8254911672445104,0.40003301964668975,0.3103021297672115,0.3266468548786528,0.5998844312365857,0.666006273732871,0.8254911672445104,0.4834901766551098,0.4542677893346541,0.30378074954597983,0.3824500577843817,0.5755324418028728,0.5690936106983655,0.8254911672445104,0.561499091959716,0.5334323922734027,0.36717847119035824,0.5410269110120521,0.4879478289582301,0.5695889053987122,0.5685983159980188,0.5721479280171703,0.12357602773650321,0.7269275218755159,0.6717021627868581,0.8254911672445104,0.3158329205877497,0.5028066699686313,0.3019646689780419,0.027158659402344392,0.5775136206042595,0.7272577183424136,0.8254911672445104,0.8254911672445104,0.6220901436354631,0.21685652963513288,0.22065378900445762,0.5771008750206373,0.6042595344229816,0.44411424797754656,0.491579990094106,0.6506521380221232,0.22568928512464914,0.3567772824830774,0.4959550932805019,0.8254911672445104,0.6394254581475978,0.518491002146277,0.5139508007264323,0.5908865775136206,0.5934456001320786,0.6920917946177976,0.5379725936932475,0.28652798415056957,0.4656595674426284,0.6701337295690936,0.5103186395905563,0.536239062242034,0.5714875350833746,0.5604259534422981,0.0748720488690771,0.6478454680534919,0.6349678058444774,0.46458642892521046,0.5763579329701173,0.8254911672445104,0.4119200924550107,0.6911012052171042,0.4119200924550107,0.6244015189037477,0.2805844477464091,0.5861812778603268,0.8254911672445104
A,0.5454545454545454,0.5454545454545454,0.5909090909090909,0.5,0.5909090909090909,0.5,0.9545454545454546,0.5454545454545454,0.6818181818181818,0.5,0.7272727272727273,0.5454545454545454,0.5,0.9545454545454546,0.6818181818181818,0.6363636363636364,0.6818181818181818,0.36363636363636365,0.5909090909090909,0.8181818181818182,0.5909090909090909,0.45454545454545453,0.5,0.6818181818181818,0.6363636363636364,0.9545454545454546,0.5,0.5454545454545454,0.5909090909090909,0.4090909090909091,0.5454545454545454,0.5454545454545454,0.8636363636363636,0.5,0.5454545454545454,0.5,0.4090909090909091,0.5454545454545454,0.5909090909090909,0.8181818181818182,0.5454545454545454,0.5,0.5454545454545454,0.45454545454545453,0.7272727272727273,0.45454545454545453,0.6363636363636364,0.5909090909090909,0.5454545454545454,0.7272727272727273,0.5,0.6363636363636364,0.6818181818181818,0.4090909090909091,0.5,0.7727272727272727,0.4090909090909091,0.5909090909090909,0.6363636363636364,0.5,0.3181818181818182,0.45454545454545453,0.6363636363636364,0.36363636363636365,0.9545454545454546,0.5,0.5454545454545454,0.4090909090909091,0.45454545454545453,0.6818181818181818,0.5454545454545454,0.45454545454545453,0.5
R,0.42857142857142855,0.47619047619047616,0.42857142857142855,0.5238095238095238,0.5238095238095238,0.7142857142857143,0.3333333333333333,0.42857142857142855,0.47619047619047616,0.38095238095238093,0.3333333333333333,0.6190476190476191,0.7142857142857143,0.2857142857142857,0.3333333333333333,0.5238095238095238,0.47619047619047616,0.2857142857142857,0.6190476190476191,0.5238095238095238,0.5238095238095238,0.5714285714285714,0.47619047619047616,0.5714285714285714,0.47619047619047616,0.2857142857142857,0.3333333333333333,0.7142857142857143,0.47619047619047616,0.3333333333333333,0.5714285714285714,0.6190476190476191,0.38095238095238093,0.3333333333333333,0.5714285714285714,0.47619047619047616,0.3333333333333333,0.47619047619047616,0.47619047619047616,0.42857142857142855,0.38095238095238093,0.5714285714285714,0.5238095238095238,0.38095238095238093,0.5714285714285714,0.42857142857142855,0.47619047619047616,0.5238095238095238,0.7619047619047619,0.6190476190476191,0.7142857142857143,0.5238095238095238,0.5714285714285714,0.2857142857142857,0.9047619047619048,0.5238095238095238,0.7619047619047619,0.3333333333333333,0.5714285714285714,0.47619047619047616,0.23809523809523808,0.38095238095238093,0.5714285714285714,1.0,0.2857142857142857,0.38095238095238093,0.47619047619047616,0.2857142857142857,0.6666666666666666,0.5238095238095238,0.38095238095238093,0.2857142857142857,0.7142857142857143
N,0.6190476190476191,0.7619047619047619,0.7619047619047619,0.3333333333333333,0.6190476190476191,0.47619047619047616,0.3333333333333333,0.2857142857142857,0.5714285714285714,0.2857142857142857,0.2857142857142857,0.6190476190476191,0.47619047619047616,0.2857142857142857,0.3333333333333333,0.5238095238095238,0.47619047619047616,0.42857142857142855,0.7142857142857143,0.6666666666666666,0.47619047619047616,0.9047619047619048,0.2857142857142857,0.5238095238095238,0.42857142857142855,0.2857142857142857,0.2857142857142857,0.6190476190476191,0.47619047619047616,0.2857142857142857,0.47619047619047616,0.7142857142857143,0.42857142857142855,0.3333333333333333,0.47619047619047616,0.47619047619047616,0.3333333333333333,0.5238095238095238,0.47619047619047616,0.42857142857142855,0.42857142857142855,0.5238095238095238,0.5238095238095238,0.42857142857142855,0.5238095238095238,0.8095238095238095,0.6666666666666666,0.6190476190476191,0.5238095238095238,0.5238095238095238,0.47619047619047616,0.5238095238095238,0.47619047619047616,0.23809523809523808,0.47619047619047616,0.5714285714285714,0.42857142857142855,0.3333333333333333,0.6666666666666666,0.47619047619047616,0.23809523809523808,0.2857142857142857,0.6666666666666666,0.3333333333333333,0.2857142857142857,0.38095238095238093,0.5238095238095238,0.23809523809523808,0.47619047619047616,0.6190476190476191,0.38095238095238093,0.23809523809523808,0.42857142857142855
D,0.45454545454545453,0.7727272727272727,0.45454545454545453,0.3181818181818182,0.7272727272727273,0.45454545454545453,0.36363636363636365,0.3181818181818182,0.7727272727272727,0.3181818181818182,0.4090909090909091,0.45454545454545453,0.5454545454545454,0.3181818181818182,0.36363636363636365,0.6818181818181818,0.5454545454545454,0.9545454545454546,0.5454545454545454,0.5909090909090909,0.45454545454545453,0.6818181818181818,0.2727272727272727,0.6363636363636364,0.5909090909090909,0.3181818181818182,0.3181818181818182,0.5909090909090909,0.4090909090909091,0.3181818181818182,0.5,0.6363636363636364,0.5,0.36363636363636365,0.7727272727272727,0.45454545454545453,0.3181818181818182,0.45454545454545453,0.5454545454545454,0.4090909090909091,0.4090909090909091,0.5,0.5909090909090909,0.5909090909090909,0.45454545454545453,0.7727272727272727,0.5909090909090909,0.7727272727272727,0.45454545454545453,0.5454545454545454,0.4090909090909091,0.6818181818181818,0.45454545454545453,0.2727272727272727,0.36363636363636365,0.5909090909090909,0.36363636363636365,0.3181818181818182,0.5454545454545454,0.6818181818181818,0.22727272727272727,0.2727272727272727,0.7727272727272727,0.3181818181818182,0.3181818181818182,0.5454545454545454,0.5454545454545454,0.2727272727272727,0.45454545454545453,0.6818181818181818,0.36363636363636365,0.2727272727272727,0.45454545454545453
C,0.4074074074074074,0.37037037037037035,0.5185185185185185,0.4444444444444444,0.4074074074074074,0.3333333333333333,0.4074074074074074,0.5185185185185185,0.37037037037037035,0.4444444444444444,0.4444444444444444,0.5185185185185185,0.4444444444444444,0.37037037037037035,0.5185185185185185,0.37037037037037035,0.48148148148148145,0.2962962962962963,0.4074074074074074,0.48148148148148145,0.4444444444444444,0.48148148148148145,0.3333333333333333,0.37037037037037035,0.3333333333333333,0.37037037037037035,0.5185185185185185,0.4444444444444444,0.6296296296296297,0.5185185185185185,0.7407407407407407,0.4444444444444444,0.5555555555555556,0.5555555555555556,0.37037037037037035,0.5555555555555556,0.37037037037037035,0.4444444444444444,0.48148148148148145,0.5185185185185185,0.5925925925925926,0.37037037037037035,0.5555555555555556,0.2962962962962963,0.5555555555555556,0.4074074074074074,0.48148148148148145,0.4444444444444444,0.37037037037037035,0.5185185185185185,0.2962962962962963,0.37037037037037035,0.48148148148148145,0.37037037037037035,0.4444444444444444,0.48148148148148145,0.2962962962962963,0.8148148148148148,0.48148148148148145,0.3333333333333333,0.5185185185185185,0.4444444444444444,0.4444444444444444,0.25925925925925924,0.48148148148148145,0.25925925925925924,0.37037037037037035,0.37037037037037035,0.2962962962962963,0.4444444444444444,0.5925925925925926,0.4074074074074074,0.3333333333333333
Q,0.38095238095238093,0.47619047619047616,0.38095238095238093,0.3333333333333333,0.7142857142857143,0.6190476190476191,0.2857142857142857,0.2857142857142857,0.5238095238095238,0.38095238095238093,0.2857142857142857,0.7142857142857143,0.7142857142857143,0.2857142857142857,0.38095238095238093,0.6666666666666666,0.5238095238095238,0.3333333333333333,0.6190476190476191,0.5238095238095238,0.6666666666666666,0.5714285714285714,0.38095238095238093,0.6190476190476191,0.5714285714285714,0.2857142857142857,0.3333333333333333,0.6190476190476191,0.5238095238095238,0.2857142857142857,0.7142857142857143,0.6190476190476191,0.38095238095238093,0.3333333333333333,0.7142857142857143,0.47619047619047616,0.2857142857142857,0.42857142857142855,0.42857142857142855,0.42857142857142855,0.42857142857142855,0.5238095238095238,0.3333333333333333,0.47619047619047616,0.47619047619047616,0.7142857142857143,0.47619047619047616,0.5714285714285714,0.5238095238095238,0.5238095238095238,0.5238095238095238,0.7142857142857143,0.42857142857142855,0.23809523809523808,0.5714285714285714,0.6666666666666666,0.38095238095238093,0.2857142857142857,0.5238095238095238,0.7142857142857143,0.23809523809523808,0.3333333333333333,0.5238095238095238,0.38095238095238093,0.2857142857142857,0.42857142857142855,0.6666666666666666,0.23809523809523808,0.5238095238095238,0.6190476190476191,0.42857142857142855,0.2857142857142857,0.7142857142857143
E,0.45,0.8,0.45,0.35,0.75,0.5,0.35,0.3,0.8,0.45,0.35,0.5,0.7,0.35,0.4,0.85,0.85,0.55,0.65,0.7,0.6,0.7,0.3,0.85,0.9,0.35,0.35,0.6,0.4,0.35,0.6,0.7,0.45,0.35,0.85,0.4,0.35,0.45,0.55,0.45,0.4,0.55,0.45,1.0,0.55,0.55,0.6,0.75,0.55,0.55,0.5,0.85,0.5,0.3,0.45,0.65,0.45,0.3,0.65,0.9,0.25,0.3,0.75,0.35,0.4,1.0,0.8,0.25,0.55,0.8,0.4,0.3,0.55
G,0.5,0.5454545454545454,0.45454545454545453,0.36363636363636365,0.6363636363636364,0.4090909090909091,0.7272727272727273,0.4090909090909091,0.5454545454545454,0.36363636363636365,0.4090909090909091,0.5,0.45454545454545453,0.5454545454545454,0.4090909090909091,0.5,0.45454545454545453,0.4090909090909091,0.5454545454545454,0.5454545454545454,0.8636363636363636,0.45454545454545453,0.3181818181818182,0.5,0.45454545454545453,0.45454545454545453,0.36363636363636365,0.5454545454545454,0.5,0.36363636363636365,0.5,0.5454545454545454,0.7727272727272727,0.4090909090909091,0.5,0.5,0.4090909090909091,0.5,0.45454545454545453,0.5909090909090909,0.45454545454545453,0.5,0.5,0.45454545454545453,0.5,0.45454545454545453,0.7272727272727273,0.5454545454545454,0.45454545454545453,0.5909090909090909,0.4090909090909091,0.5,0.5454545454545454,0.3181818181818182,0.45454545454545453,0.5909090909090909,0.36363636363636365,0.4090909090909091,0.5909090909090909,0.5909090909090909,0.2727272727272727,0.3181818181818182,0.5909090909090909,0.3181818181818182,0.45454545454545453,0.45454545454545453,0.45454545454545453,0.3181818181818182,0.4090909090909091,0.5909090909090909,0.45454545454545453,0.3181818181818182,0.45454545454545453
H,0.3333333333333333,0.4166666666666667,0.375,0.3333333333333333,0.4583333333333333,0.5,0.2916666666666667,0.25,0.4166666666666667,0.375,0.25,0.5416666666666666,0.4166666666666667,0.25,0.2916666666666667,0.4166666666666667,0.5833333333333334,0.2916666666666667,0.5416666666666666,0.4166666666666667,0.5,0.5,0.5,0.4166666666666667,0.4166666666666667,0.25,0.4583333333333333,0.5833333333333334,0.4583333333333333,0.5,0.4583333333333333,0.6666666666666666,0.3333333333333333,0.2916666666666667,0.5,0.625,0.3333333333333333,0.4166666666666667,0.7083333333333334,0.5416666666666666,0.3333333333333333,0.5833333333333334,0.625,0.3333333333333333,0.375,0.5833333333333334,0.4166666666666667,0.4583333333333333,0.375,0.4583333333333333,0.375,0.4583333333333333,0.5833333333333334,0.25,0.3333333333333333,0.4583333333333333,0.4166666666666667,0.2916666666666667,0.4583333333333333,0.4166666666666667,0.375,0.25,0.4583333333333333,0.2916666666666667,0.25,0.3333333333333333,0.375,0.20833333333333334,0.4583333333333333,0.4166666666666667,0.7083333333333334,0.25,0.375
I,0.4583333333333333,0.4166666666666667,0.5416666666666666,0.6666666666666666,0.4166666666666667,0.375,0.4166666666666667,0.9166666666666666,0.4166666666666667,0.7916666666666666,0.75,0.4583333333333333,0.5,0.375,0.7916666666666666,0.5,0.5,0.3333333333333333,0.5,0.4583333333333333,0.375,0.375,0.5,0.4583333333333333,0.4583333333333333,0.375,0.625,0.5416666666666666,0.5833333333333334,0.4166666666666667,0.5833333333333334,0.5416666666666666,0.4583333333333333,0.7083333333333334,0.4583333333333333,0.5416666666666666,0.625,0.7083333333333334,0.625,0.6666666666666666,0.7916666666666666,0.4583333333333333,0.5,0.4166666666666667,0.5,0.4166666666666667,0.5,0.5,0.5,0.6666666666666666,0.4583333333333333,0.5,0.625,0.9166666666666666,0.4583333333333333,0.5,0.3333333333333333,0.7083333333333334,0.5833333333333334,0.5,0.5416666666666666,0.75,0.4583333333333333,0.2916666666666667,0.5,0.375,0.5,0.7916666666666666,0.3333333333333333,0.4583333333333333,0.6666666666666666,0.75,0.4166666666666667
L,0.45454545454545453,0.5,0.6363636363636364,0.9090909090909091,0.45454545454545453,0.5,0.45454545454545453,0.6363636363636364,0.45454545454545453,0.9090909090909091,0.6818181818181818,0.5454545454545454,0.45454545454545453,0.4090909090909091,0.5909090909090909,0.5,0.6818181818181818,0.36363636363636365,0.5,0.5,0.5,0.4090909090909091,0.6363636363636364,0.5,0.45454545454545453,0.4090909090909091,0.8636363636363636,0.5909090909090909,0.9090909090909091,0.45454545454545453,0.6818181818181818,0.5909090909090909,0.5909090909090909,0.9090909090909091,0.5454545454545454,0.7272727272727273,0.7727272727272727,0.8181818181818182,0.7272727272727273,0.6363636363636364,0.8181818181818182,0.5,0.5,0.4090909090909091,0.5454545454545454,0.5,0.5909090909090909,0.5909090909090909,0.5454545454545454,0.6818181818181818,0.4090909090909091,0.5454545454545454,0.7272727272727273,0.8181818181818182,0.5454545454545454,0.5909090909090909,0.4090909090909091,0.6363636363636364,0.6363636363636364,0.5,0.45454545454545453,0.9090909090909091,0.45454545454545453,0.36363636363636365,0.45454545454545453,0.36363636363636365,0.5,0.9545454545454546,0.4090909090909091,0.5,0.7272727272727273,0.9545454545454546,0.45454545454545453
K,0.45454545454545453,0.5,0.45454545454545453,0.5454545454545454,0.6363636363636364,0.9090909090909091,0.4090909090909091,0.5,0.5909090909090909,0.4090909090909091,0.36363636363636365,0.7727272727272727,0.8181818181818182,0.36363636363636365,0.4090909090909091,0.6818181818181818,0.6818181818181818,0.36363636363636365,0.7727272727272727,0.7272727272727273,0.7727272727272727,0.6363636363636364,0.4090909090909091,0.6818181818181818,0.6818181818181818,0.36363636363636365,0.4090909090909091,0.6818181818181818,0.5,0.36363636363636365,0.5909090909090909,0.6363636363636364,0.45454545454545453,0.36363636363636365,0.5454545454545454,0.4090909090909091,0.36363636363636365,0.5454545454545454,0.5454545454545454,0.5,0.4090909090909091,0.9090909090909091,0.36363636363636365,0.45454545454545453,0.7727272727272727,0.5909090909090909,0.5454545454545454,0.5909090909090909,0.8636363636363636,0.5909090909090909,0.9090909090909091,0.5909090909090909,0.5454545454545454,0.3181818181818182,0.6818181818181818,0.6818181818181818,0.9090909090909091,0.36363636363636365,0.6363636363636364,0.5454545454545454,0.2727272727272727,0.36363636363636365,0.6363636363636364,0.5454545454545454,0.36363636363636365,0.5454545454545454,0.8181818181818182,0.3181818181818182,0.9090909090909091,0.6818181818181818,0.4090909090909091,0.3181818181818182,0.8636363636363636
M,0.38461538461538464,0.38461538461538464,0.46153846153846156,0.5769230769230769,0.38461538461538464,0.34615384615384615,0.34615384615384615,0.46153846153846156,0.4230769230769231,0.5769230769230769,0.5,0.46153846153846156,0.38461538461538464,0.34615384615384615,0.5,0.38461538461538464,0.6153846153846154,0.2692307692307692,0.4230769230769231,0.38461538461538464,0.34615384615384615,0.34615384615384615,0.4230769230769231,0.38461538461538464,0.4230769230769231,0.34615384615384615,0.5,0.4230769230769231,0.5384615384615384,0.34615384615384615,0.6538461538461539,0.46153846153846156,0.38461538461538464,0.6153846153846154,0.38461538461538464,0.46153846153846156,0.5384615384615384,0.7692307692307693,0.5769230769230769,0.5,0.6538461538461539,0.46153846153846156,0.46153846153846156,0.3076923076923077,0.46153846153846156,0.4230769230769231,0.46153846153846156,0.46153846153846156,0.46153846153846156,0.5769230769230769,0.34615384615384615,0.46153846153846156,0.5769230769230769,0.5769230769230769,0.5384615384615384,0.46153846153846156,0.4230769230769231,0.6923076923076923,0.5769230769230769,0.4230769230769231,0.3076923076923077,0.7692307692307693,0.4230769230769231,0.3076923076923077,0.46153846153846156,0.3076923076923077,0.5,0.5,0.38461538461538464,0.4230769230769231,0.6153846153846154,0.5769230769230769,0.38461538461538464
F,0.34782608695652173,0.34782608695652173,0.782608695652174,0.6086956521739131,0.34782608695652173,0.30434782608695654,0.30434782608695654,0.4782608695652174,0.34782608695652173,0.5652173913043478,0.5217391304347826,0.391304347826087,0.30434782608695654,0.30434782608695654,0.391304347826087,0.34782608695652173,0.4782608695652174,0.2608695652173913,0.391304347826087,0.391304347826087,0.30434782608695654,0.30434782608695654,0.6956521739130435,0.34782608695652173,0.30434782608695654,0.2608695652173913,0.7391304347826086,0.391304347826087,0.5652173913043478,0.5217391304347826,0.4782608695652174,0.391304347826087,0.34782608695652173,0.4782608695652174,0.34782608695652173,0.5652173913043478,0.9130434782608695,0.4782608695652174,0.5217391304347826,0.5217391304347826,0.4782608695652174,0.34782608695652173,0.5652173913043478,0.34782608695652173,0.34782608695652173,0.34782608695652173,0.4782608695652174,0.391304347826087,0.34782608695652173,0.4782608695652174,0.2608695652173913,0.34782608695652173,0.4782608695652174,0.6086956521739131,0.30434782608695654,0.391304347826087,0.2608695652173913,0.6521739130434783,0.43478260869565216,0.30434782608695654,0.5217391304347826,0.5217391304347826,0.34782608695652173,0.2608695652173913,0.30434782608695654,0.21739130434782608,0.4782608695652174,0.43478260869565216,0.2608695652173913,0.34782608695652173,0.6521739130434783,0.4782608695652174,0.30434782608695654
P,0.7391304347826086,0.4782608695652174,0.43478260869565216,0.43478260869565216,0.5652173913043478,0.391304347826087,0.391304347826087,0.34782608695652173,0.43478260869565216,0.391304347826087,0.391304347826087,0.43478260869565216,0.43478260869565216,0.391304347826087,0.5217391304347826,0.43478260869565216,0.43478260869565216,0.391304347826087,0.4782608695652174,0.43478260869565216,0.43478260869565216,0.391304347826087,0.391304347826087,0.5652173913043478,0.43478260869565216,0.391304347826087,0.34782608695652173,0.5652173913043478,0.43478260869565216,0.5652173913043478,0.43478260869565216,0.4782608695652174,0.43478260869565216,0.391304347826087,0.4782608695652174,0.391304347826087,0.34782608695652173,0.43478260869565216,0.782608695652174,0.4782608695652174,0.43478260869565216,0.43478260869565216,0.34782608695652173,0.391304347826087,0.6086956521739131,0.5217391304347826,0.782608695652174,0.6521739130434783,0.5217391304347826,0.5217391304347826,0.391304347826087,0.43478260869565216,0.5217391304347826,0.34782608695652173,0.391304347826087,0.4782608695652174,0.391304347826087,0.391304347826087,0.5217391304347826,0.43478260869565216,0.2608695652173913,0.34782608695652173,0.43478260869565216,0.5217391304347826,0.391304347826087,0.391304347826087,0.43478260869565216,0.30434782608695654,0.391304347826087,0.4782608695652174,0.391304347826087,0.34782608695652173,0.43478260869565216
S,0.8571428571428571,0.7142857142857143,0.7619047619047619,0.42857142857142855,0.5714285714285714,0.47619047619047616,0.5714285714285714,0.42857142857142855,0.6190476190476191,0.42857142857142855,0.47619047619047616,0.6666666666666666,0.5238095238095238,0.5238095238095238,0.5238095238095238,0.5238095238095238,0.5714285714285714,0.42857142857142855,0.6190476190476191,0.6190476190476191,0.5238095238095238,0.5238095238095238,0.42857142857142855,0.6190476190476191,0.5238095238095238,0.5714285714285714,0.42857142857142855,0.6190476190476191,0.5714285714285714,0.38095238095238093,0.5714285714285714,0.6190476190476191,0.7619047619047619,0.47619047619047616,0.5238095238095238,0.42857142857142855,0.38095238095238093,0.5238095238095238,0.5714285714285714,0.6190476190476191,0.5714285714285714,0.5238095238095238,0.47619047619047616,0.47619047619047616,0.6190476190476191,0.5238095238095238,0.7142857142857143,0.6190476190476191,0.5238095238095238,0.7142857142857143,0.42857142857142855,0.5238095238095238,0.7142857142857143,0.3333333333333333,0.47619047619047616,0.6666666666666666,0.47619047619047616,0.47619047619047616,0.6666666666666666,0.5714285714285714,0.2857142857142857,0.42857142857142855,0.6666666666666666,0.38095238095238093,0.47619047619047616,0.42857142857142855,0.5238095238095238,0.3333333333333333,0.47619047619047616,0.6190476190476191,0.42857142857142855,0.3333333333333333,0.47619047619047616
T,0.8260869565217391,0.6521739130434783,0.6521739130434783,0.5652173913043478,0.5652173913043478,0.4782608695652174,0.43478260869565216,0.6086956521739131,0.6086956521739131,0.5652173913043478,0.4782608695652174,0.6956521739130435,0.5652173913043478,0.43478260869565216,0.6956521739130435,0.5652173913043478,0.5217391304347826,0.391304347826087,0.6521739130434783,0.5217391304347826,0.5217391304347826,0.4782608695652174,0.391304347826087,0.5652173913043478,0.5652173913043478,0.43478260869565216,0.43478260869565216,0.6086956521739131,0.4782608695652174,0.391304347826087,0.6086956521739131,0.5652173913043478,0.5217391304347826,0.4782608695652174,0.5217391304347826,0.43478260869565216,0.391304347826087,0.5652173913043478,0.6521739130434783,0.5652173913043478,0.5652173913043478,0.6521739130434783,0.4782608695652174,0.5217391304347826,0.6956521739130435,0.5217391304347826,0.5652173913043478,0.5652173913043478,0.6086956521739131,0.6086956521739131,0.43478260869565216,0.5652173913043478,0.6956521739130435,0.4782608695652174,0.5652173913043478,0.6086956521739131,0.391304347826087,0.5652173913043478,0.6956521739130435,0.6086956521739131,0.34782608695652173,0.4782608695652174,0.6086956521739131,0.43478260869565216,0.5217391304347826,0.391304347826087,0.6521739130434783,0.391304347826087,0.391304347826087,0.6086956521739131,0.4782608695652174,0.43478260869565216,0.4782608695652174
W,0.3333333333333333,0.2962962962962963,0.4444444444444444,0.37037037037037035,0.3333333333333333,0.2962962962962963,0.2962962962962963,0.2962962962962963,0.2962962962962963,0.37037037037037035,0.2962962962962963,0.3333333333333333,0.2962962962962963,0.25925925925925924,0.3333333333333333,0.3333333333333333,0.37037037037037035,0.2222222222222222,0.3333333333333333,0.3333333333333333,0.2962962962962963,0.25925925925925924,0.6296296296296297,0.3333333333333333,0.2962962962962963,0.25925925925925924,0.48148148148148145,0.5185185185185185,0.5555555555555556,0.4444444444444444,0.4074074074074074,0.37037037037037035,0.3333333333333333,0.37037037037037035,0.3333333333333333,0.5555555555555556,0.6296296296296297,0.37037037037037035,0.37037037037037035,0.37037037037037035,0.37037037037037035,0.3333333333333333,0.7037037037037037,0.2962962962962963,0.3333333333333333,0.2962962962962963,0.4074074074074074,0.37037037037037035,0.3333333333333333,0.5185185185185185,0.2962962962962963,0.3333333333333333,0.37037037037037035,0.3333333333333333,0.2962962962962963,0.3333333333333333,0.25925925925925924,0.3333333333333333,0.37037037037037035,0.2962962962962963,0.4074074074074074,0.3333333333333333,0.2962962962962963,0.25925925925925924,0.25925925925925924,0.25925925925925924,0.3333333333333333,0.3333333333333333,0.25925925925925924,0.3333333333333333,0.48148148148148145,0.3333333333333333,0.3333333333333333
Y,0.36363636363636365,0.36363636363636365,0.5,0.6363636363636364,0.36363636363636365,0.3181818181818182,0.2727272727272727,0.45454545454545453,0.4090909090909091,0.6363636363636364,0.36363636363636365,0.4090909090909091,0.3181818181818182,0.2727272727272727,0.36363636363636365,0.36363636363636365,0.5,0.22727272727272727,0.4090909090909091,0.4090909090909091,0.3181818181818182,0.3181818181818182,0.9545454545454546,0.36363636363636365,0.36363636363636365,0.2727272727272727,0.7727272727272727,0.5,0.5454545454545454,1.0,0.5909090909090909,0.5,0.36363636363636365,0.36363636363636365,0.36363636363636365,0.9090909090909091,0.5,0.4090909090909091,0.5,0.5454545454545454,0.5,0.45454545454545453,0.9090909090909091,0.2727272727272727,0.36363636363636365,0.36363636363636365,0.4090909090909091,0.4090909090909091,0.36363636363636365,0.45454545454545453,0.3181818181818182,0.36363636363636365,0.5,0.45454545454545453,0.45454545454545453,0.36363636363636365,0.2727272727272727,0.45454545454545453,0.45454545454545453,0.36363636363636365,1.0,0.36363636363636365,0.36363636363636365,0.2727272727272727,0.36363636363636365,0.2727272727272727,0.5454545454545454,0.3181818181818182,0.2727272727272727,0.36363636363636365,0.8181818181818182,0.36363636363636365,0.36363636363636365
V,0.4782608695652174,0.4782608695652174,0.5217391304347826,0.6086956521739131,0.4782608695652174,0.391304347826087,0.4782608695652174,0.782608695652174,0.4782608695652174,0.6086956521739131,0.9130434782608695,0.6086956521739131,0.4782608695652174,0.4782608695652174,0.8260869565217391,0.5217391304347826,0.5217391304347826,0.34782608695652173,0.5652173913043478,0.5217391304347826,0.43478260869565216,0.43478260869565216,0.4782608695652174,0.5217391304347826,0.4782608695652174,0.4782608695652174,0.6086956521739131,0.5652173913043478,0.5652173913043478,0.43478260869565216,0.6086956521739131,0.5217391304347826,0.5217391304347826,0.782608695652174,0.4782608695652174,0.6086956521739131,0.5217391304347826,0.7391304347826086,0.5652173913043478,0.7391304347826086,0.6956521739130435,0.4782608695652174,0.4782608695652174,0.391304347826087,0.6086956521739131,0.43478260869565216,0.5652173913043478,0.5652173913043478,0.5217391304347826,0.6521739130434783,0.4782608695652174,0.5652173913043478,0.6521739130434783,0.6521739130434783,0.4782608695652174,0.5652173913043478,0.4782608695652174,0.8260869565217391,0.6521739130434783,0.4782608695652174,0.43478260869565216,0.6521739130434783,0.4782608695652174,0.34782608695652173,0.5217391304347826,0.34782608695652173,0.5217391304347826,0.6086956521739131,0.391304347826087,0.5652173913043478,0.6521739130434783,0.7391304347826086,0.43478260869565216
