,F,V,N,Q,H,L,C,G,S,H.1,L.1,V.1,E,A,L.2,Y,L.3,V.2,C.1,G.1,E.1,R,G.2,F.1,F.2,Y.1,T,P,K,T.1,K.1,R.1
ASA,0.8733333333333334,0.6020512820512821,0.6374358974358975,0.5466666666666667,0.5430769230769231,0.32256410256410256,0.20666666666666667,0.12717948717948716,0.35538461538461547,0.5620512820512821,0.1323076923076923,0.20564102564102565,0.5538461538461539,0.13743589743589743,0.12512820512820513,0.5743589743589743,0.46871794871794875,0.23076923076923078,0.21128205128205127,0.17692307692307693,0.7456410256410256,0.6641025641025641,0.19076923076923075,0.5758974358974359,0.5271794871794873,0.6235897435897436,0.42000000000000004,0.4558974358974359,0.8323076923076924,0.5071794871794872,0.703076923076923,0.9333333333333333
HSE_alpha_up,0.0935483870967742,0.11290322580645161,0.0967741935483871,0.2032258064516129,0.23225806451612904,0.3838709677419355,0.432258064516129,0.3064516129032258,0.2032258064516129,0.12903225806451613,0.5516129032258065,0.4612903225806452,0.09032258064516129,0.3258064516129033,0.5903225806451613,0.23548387096774193,0.11612903225806451,0.39032258064516134,0.42903225806451617,0.1935483870967742,0.05806451612903226,0.16451612903225804,0.2774193548387097,0.2129032258064516,0.2387096774193548,0.23548387096774193,0.13870967741935483,0.20645161290322578,0.03225806451612903,0.07419354838709677,0.14838709677419354,0.10967741935483871
HSE_alpha_down,0.08143322475570033,0.1693811074918567,0.25732899022801303,0.26058631921824105,0.37785016286644957,0.3973941368078176,0.44625407166123776,0.511400651465798,0.4918566775244299,0.5081433224755699,0.37785016286644957,0.4853420195439739,0.6319218241042345,0.511400651465798,0.4136807817589576,0.5179153094462541,0.5439739413680782,0.4039087947882736,0.3127035830618893,0.4006514657980456,0.37133550488599343,0.30293159609120524,0.3583061889250814,0.32899022801302935,0.34201954397394135,0.27361563517915305,0.31596091205211724,0.250814332247557,0.24104234527687296,0.22801302931596096,0.1758957654723127,0.14006514657980457
P(C),0.981,0.975,0.96,0.879,0.6659999999999999,0.585,0.821,0.657,0.07400000000000001,0.031,0.004,0.003,0.003,0.003,0.005,0.017,0.040999999999999995,0.161,0.38799999999999996,0.657,0.6759999999999999,0.7290000000000001,0.845,0.7959999999999999,0.743,0.812,0.948,0.932,0.888,0.884,0.938,0.996
P(H),0.004,0.019,0.026000000000000002,0.021,0.035,0.022000000000000002,0.034,0.33399999999999996,0.925,0.968,0.995,0.997,0.997,0.997,0.995,0.982,0.956,0.831,0.604,0.322,0.309,0.256,0.08900000000000001,0.057999999999999996,0.039,0.018000000000000002,0.002,0.059000000000000004,0.092,0.09,0.025,0.001
P(E),0.013999999999999999,0.006,0.013999999999999999,0.1,0.299,0.39299999999999996,0.146,0.01,0.0,0.001,0.0,0.0,0.0,0.0,0.0,0.001,0.003,0.008,0.006999999999999999,0.021,0.015,0.015,0.066,0.146,0.218,0.17,0.05,0.009000000000000001,0.02,0.026000000000000002,0.036000000000000004,0.003
cosPhi,0.4382005964637488,0.496510882308122,0.5270410119494893,0.4131771697748906,0.3765016405270468,0.38327848560389527,0.3240801630012774,0.4063105803986873,0.7025729335473005,0.6873053903577763,0.6937599065374325,0.7293269988969874,0.7081425532535844,0.7009760236208884,0.7073487760335222,0.7041673752050037,0.6889224919850222,0.6048111238100802,0.45468509494970794,0.6578265223256956,0.6403353050312974,0.4886578217489462,0.5540013654359628,0.4425327727841121,0.3289909304998319,0.3355676988273363,0.3824301083962509,0.696170678956787,0.6336211181574699,0.5244264823906039,0.5052374310977865,0.44166597684047004
cosPsi,0.1596395655205411,0.19700579986714456,0.5461852937232808,0.14215363314813223,0.15455879446157106,0.14460026306350376,0.1349188616896238,0.020097354012406587,0.9281335423001641,0.9085724491675642,0.8874722443520897,0.8756320667517556,0.8874722443520897,0.8784975278258782,0.879067168098826,0.8923881852665416,0.8982649590120981,0.9154922346371641,0.9909793563482219,0.09294224082184044,0.9727592877996585,0.9993147673772869,0.9981726480954531,0.2823844503138363,0.13671266451451208,0.13972444415983476,0.24773618809249043,0.9632643154359186,0.9752578658138917,0.9985925667625578,0.42609529443519467,0.18737867183214757
cosTheta,0.4648226993131143,0.5332480597996282,0.6088816383506805,0.4403550296935927,0.42743940671343666,0.42101756470162316,0.39242568378603776,0.3505257113953375,0.8286352843229204,0.8595758622648653,0.8468274590991198,0.8686876429626403,0.8814507491446919,0.8613978627735588,0.8541110164355151,0.8595758622648653,0.8705105047910613,0.7995890040031358,0.704176838292584,0.5247899664069986,0.8032150501723183,0.7418044249324048,0.6368655805449582,0.5298612374399017,0.41143064422930514,0.40983823495542443,0.47965464634724925,0.7724440909438196,0.8014018440253943,0.6863584956503939,0.5811415394691719,0.49126618045370296
cosTau,0.012041619030626283,0.1255221396054989,0.28553243329842715,0.1038551783224047,0.045745911236639014,0.06482215203005015,0.04043233037238281,0.5936906572928622,0.6693689601226457,0.8043807145043603,0.8153379037156432,0.7981124374828079,0.8187119948743449,0.820724815784579,0.8160146513324255,0.8098895158975701,0.8240599505315654,0.8535533905932737,0.8818980143173211,0.060591443669017364,0.9916274537819774,0.8498316702566827,0.3554841015277642,0.16673376487527364,0.014225440001176981,0.016811960339335408,0.038394891443509604,0.1609201650659648,0.7582666644333209,0.7507553685797287,0.38497513140594786,0.00019494247982282387
sinPhi,0.0038340310572556047,1.2184647302626583e-05,0.0007316648368941858,0.00759612349389599,0.015492134296565208,0.01381503980116161,0.03197023213051331,0.9911436253643444,0.04287302238286822,0.03640807271660629,0.0390684242057498,0.055691383672525574,0.04538194547646579,0.04216870333021955,0.04501936456172839,0.043582911383478584,0.03706470759500258,0.011108381620696994,0.0020578006920147773,0.9744380058222482,0.020097354012406587,0.00012869533865078608,0.9970754819861577,0.003313617199801777,0.030153689607045786,0.02781181488125939,0.014019499710726802,0.040089251339131216,0.018184773395688525,0.0005969313292830125,2.741531724398394e-05,0.0034146752307570027
sinPsi,0.8662714493936894,0.897736740427448,0.997862349092291,0.8492076427155031,0.8614835729547843,0.8516973514052519,0.8416368868403996,0.359666645539606,0.2417333355666791,0.21178384191510335,0.18398534866757454,0.16999916601953163,0.18398534866757454,0.1732896980049473,0.1739507980848039,0.19011048410243003,0.19770044256881258,0.22185219224984765,0.40545227850505433,0.20964852214453006,0.33721592277142165,0.4738320218785281,0.5427084615686837,0.9501593857010968,0.8435437554022116,0.8467009141379065,0.9316977753033859,0.31188786843031724,0.3446617851846341,0.5374893634131639,0.9945079316809584,0.890215203669165
sinTheta,0.8095698801802534,0.8644150595813604,0.9132434584489203,0.7873072754845358,0.7749611905199943,0.7686658422365006,0.739337320759201,0.6923281472969192,0.9924941883966378,0.9966628597427053,0.9951479367139084,0.9975720074454255,0.9986025506526787,0.9968562218398896,0.9960481851351943,0.9966628597427053,0.9977365354255,0.9870521179923248,0.9585696635605714,0.8582038296147111,0.987812771551718,0.9717685175113976,0.9283684495981216,0.8619466280671826,0.7590707991099055,0.7574539518744037,0.8223673356164986,0.980616581821997,0.9874353132809867,0.9514077687336076,0.896707738352948,0.832027961245295
sinTau,0.6090716206982711,0.1686899758921313,0.048332353568349584,0.8050725819506339,0.29106646309946166,0.2537882199482664,0.30302904520452456,0.008856374635655584,0.029559615522887217,0.8966766701456176,0.8880232035332729,0.9014087375955573,0.8852566213878946,0.8835825759076498,0.8874722443520897,0.8923881852665414,0.8807691537683684,0.8535533905932737,0.8227288438619753,0.2614206198701957,0.5911177627460737,0.8572363398164017,0.02134025123396638,0.8727379998414311,0.3815809269671907,0.37143360342265175,0.3078523386700981,0.13254270242502003,0.9281335423001641,0.9325757102848522,0.9865894363885441,0.5139608193617845
hhm0,0.21414753133148287,0.2917823197914038,0.21524097905627051,0.4812852216334427,0.4971822693245857,0.5372192783245017,0.8411136344520144,0.8411136344520144,0.292707544789301,0.4101270081588022,0.3560434014635377,0.23534359491967363,0.4138279081503911,0.08957860206913953,0.8411136344520144,0.2569602153250904,0.44309866262932124,0.4293043990243081,0.405416771805871,0.41963159222811003,0.6053494827151148,0.49945327613760615,0.3322398856085457,0.4392295399108419,0.4227437126755825,0.3974261922785768,0.45689292623433425,0.8411136344520144,0.4811169989065523,0.2683993607536378,0.38876272184372107,0.8411136344520144
hhm1,0.7903264048051845,0.7903264048051845,0.47308938591638344,0.7903264048051845,0.7903264048051845,0.7903264048051845,0.007982296688532363,0.7903264048051845,0.3345451671540346,0.7903264048051845,0.7903264048051845,0.7903264048051845,0.7903264048051845,0.7903264048051845,0.41436813403935824,0.7903264048051845,0.7903264048051845,0.7903264048051845,0.02853078321346716,0.41436813403935824,0.7903264048051845,0.7903264048051845,0.31968703074369714,0.7903264048051845,0.7903264048051845,0.7903264048051845,0.7903264048051845,0.7903264048051845,0.7903264048051845,0.7903264048051845,0.7903264048051845,0.7903264048051845
hhm2,0.5282444005270093,0.33942687747035577,0.41781949934123847,0.8234519104084322,0.8234519104084322,0.8234519104084322,0.8234519104084322,0.511034255599473,0.4287714097496707,0.3686594202898551,0.8234519104084322,0.39706851119894604,0.1167654808959157,0.4180665349143611,0.8234519104084322,0.5,0.8234519104084322,0.8234519104084322,0.8234519104084322,0.31085309617918316,0.1663372859025033,0.4901185770750988,0.8234519104084322,0.4428524374176548,0.4364295125164691,0.8234519104084322,0.3402503293807642,0.4824604743083004,0.3254281949934124,0.28796113306982873,0.4098320158102767,0.36857707509881427
hhm3,0.37320802803440584,0.3791812679197197,0.5393437400446002,0.14208346607199746,0.7964319847085058,0.7964319847085058,0.7964319847085058,0.7964319847085058,0.32327174259318253,0.18174577891048102,0.7964319847085058,0.7964319847085058,0.1623128384835935,0.7964319847085058,0.7964319847085058,0.351784007645747,0.4510990761388977,0.7964319847085058,0.7964319847085058,0.27038865880853774,0.21439949028352978,0.2867951576935329,0.7964319847085058,0.3888977381331634,0.7964319847085058,0.7964319847085058,0.5406180312201337,0.7964319847085058,0.7964319847085058,0.3112456196240841,0.7964319847085058,0.7964319847085058
hhm4,0.11937646393667715,0.380421613763024,0.4336483321217996,0.4092561182456991,0.80768920119538,0.3540909458040546,0.44293675793554643,0.80768920119538,0.80768920119538,0.80768920119538,0.80768920119538,0.80768920119538,0.80768920119538,0.32751797108472663,0.572732412567644,0.3156449398271545,0.13714562636297553,0.80768920119538,0.5567401663839755,0.3383410063807447,0.80768920119538,0.80768920119538,0.80768920119538,0.025280671997415398,0.18302237299087312,0.2239722154914789,0.5180518536467167,0.80768920119538,0.80768920119538,0.36984088522736447,0.80768920119538,0.80768920119538
hhm5,0.47349237905897945,0.26814115308151093,0.39015904572564614,0.35561630218687873,0.44872432074221336,0.2972995361166335,0.8283631544068919,0.01234261100066269,0.2813949635520212,0.42784956925115963,0.8283631544068919,0.8283631544068919,0.3956262425447316,0.8283631544068919,0.8283631544068919,0.8283631544068919,0.8283631544068919,0.8283631544068919,0.8283631544068919,0.079688535453943,0.20410868124585818,0.5025679257786614,0.032554671968190854,0.5308151093439364,0.8283631544068919,0.8283631544068919,0.2186050364479788,0.6143969516235918,0.4415175612988733,0.360337972166998,0.4078031809145129,0.4392809807819748
hhm6,0.805607024893257,0.805607024893257,0.5432208168855233,0.37936034802223473,0.14992346733263512,0.805607024893257,0.805607024893257,0.805607024893257,0.43212760815274304,0.20083783130588898,0.805607024893257,0.38959155723837907,0.805607024893257,0.5405623137033754,0.805607024893257,0.6000966728429872,0.805607024893257,0.4874728107629098,0.805607024893257,0.805607024893257,0.4275356481108515,0.805607024893257,0.3751711914927898,0.805607024893257,0.3894304358334004,0.4802223475388705,0.516716345766535,0.4482397486506082,0.3659067107065173,0.524369612503021,0.805607024893257,0.34512204946427133
hhm7,0.24800429843414185,0.2945962542216764,0.4368283696653362,0.3827141541295671,0.4039760515812097,0.43844028246852934,0.7675775253300584,0.7675775253300584,0.7675775253300584,0.32322689591648757,0.7675775253300584,0.36221983420325454,0.7675775253300584,0.32552962849247774,0.4434295363831747,0.4385937979735954,0.32737181455326986,0.23219220141234265,0.7675775253300584,0.7675775253300584,0.7675775253300584,0.39775867362603623,0.7675775253300584,0.37542216763893155,0.3223825606386245,0.5068314399754376,0.3491710162726436,0.7675775253300584,0.7675775253300584,0.49938593797973596,0.4957783236106847,0.7675775253300584
hhm8,0.7967492630069316,0.4192494621942474,0.3792526491912995,0.30571269221575964,0.25607521313042786,0.38530794359015214,0.7967492630069316,0.7967492630069316,0.307704565373277,0.28611266034578914,0.7967492630069316,0.7967492630069316,0.7967492630069316,0.7967492630069316,0.7967492630069316,0.3774201258863835,0.7967492630069316,0.7967492630069316,0.7967492630069316,0.40251772767110183,0.43430802326507845,0.31527368337184286,0.7967492630069316,0.7967492630069316,0.7967492630069316,0.37080710700342595,0.7967492630069316,0.26181180782407776,0.18237590630228664,0.26603457891801446,0.32324117600191216,0.3972591825352561
hhm9,0.3222764496649847,0.6189097526677144,0.49276201505500866,0.8271982794275787,0.35610885929357267,0.08106543138390272,0.8271982794275787,0.8271982794275787,0.6013731491438498,0.46827694598395236,0.009843659525188187,0.3858052775250227,0.4399867648275292,0.5293241790057076,0.03540408635950037,0.5433038299280337,0.11804119447431548,0.20961204400694847,0.8271982794275787,0.8271982794275787,0.3465133592522127,0.29770866076598557,0.8271982794275787,0.8271982794275787,0.4279923897758292,0.4549590536851683,0.3722392257424104,0.41492265696087355,0.8271982794275787,0.49276201505500866,0.5271734634791959,0.2861278848539995
hhm10,0.7923302432453847,0.7923302432453847,0.7923302432453847,0.5000396165121622,0.609618889152999,0.7923302432453847,0.7923302432453847,0.7923302432453847,0.7923302432453847,0.50471436494731,0.7923302432453847,0.7923302432453847,0.5430631487203866,0.36146105696854447,0.2979161714602646,0.36502654306314875,0.31170271769273433,0.7923302432453847,0.7923302432453847,0.7923302432453847,0.7923302432453847,0.4250059424768243,0.7923302432453847,0.7923302432453847,0.7923302432453847,0.7923302432453847,0.42556057364709615,0.37176135013073447,0.4692179700499168,0.6121543459313842,0.46081926947151575,0.7923302432453847
hhm11,0.41536964980544744,0.32563229571984437,0.26005188067444873,0.5341277561608301,0.8106355382619974,0.8106355382619974,0.8106355382619974,0.8106355382619974,0.5188067444876784,0.2840466926070039,0.8106355382619974,0.8106355382619974,0.29807068741893644,0.5070525291828794,0.8106355382619974,0.3402237354085603,0.8106355382619974,0.8106355382619974,0.3557879377431907,0.35797665369649806,0.36162451361867703,0.29596303501945526,0.8106355382619974,0.8106355382619974,0.4840304798962386,0.24578469520103763,0.2118190661478599,0.3398994811932555,0.29450389105058367,0.2832360570687419,0.368109597924773,0.8106355382619974
hhm12,0.35528461598198335,0.1994253319872641,0.17542905956356292,0.7765783955890346,0.4402422924594237,0.7765783955890346,0.7765783955890346,0.7765783955890346,0.2709482022210142,0.7765783955890346,0.7765783955890346,0.7765783955890346,0.7765783955890346,0.5699308845227925,0.7765783955890346,0.7765783955890346,0.7765783955890346,0.37431078667391476,0.7765783955890346,0.4720820066785742,0.3833190960627475,0.7765783955890346,0.7765783955890346,0.7765783955890346,0.4709171390851907,0.4098004193523336,0.35109109264580257,0.09256814475421293,0.1479381843597111,0.7765783955890346,0.44451347363516347,0.4932049390385959
hhm13,0.7867201636377941,0.46274880025175047,0.5048383290063725,0.13468649201479035,0.34529147982062786,0.7867201636377941,0.7867201636377941,0.7867201636377941,0.7867201636377941,0.3132719691605696,0.7867201636377941,0.7867201636377941,0.3167335378805759,0.7867201636377941,0.35189992919518526,0.1987255133349068,0.7867201636377941,0.7867201636377941,0.7867201636377941,0.46093934387538354,0.31610416174966566,0.42231138384076794,0.7867201636377941,0.7867201636377941,0.7867201636377941,0.38187396742978524,0.4515773739280938,0.38415545590433486,0.4097238612225632,0.341672567067894,0.7867201636377941,0.7867201636377941
hhm14,0.7768197001475957,0.7768197001475957,0.3574147440379088,0.257826458478987,0.22139361454206474,0.3637069836091043,0.7768197001475957,0.49809679173463833,0.22341334576244853,0.28439369222403477,0.7768197001475957,0.38126310883243997,0.7768197001475957,0.278179134622854,0.41085993940806337,0.2960459877262487,0.5257515730598927,0.7768197001475957,0.7768197001475957,0.34615085838576864,0.4479142391051037,0.09065485900722442,0.3356637924337761,0.7768197001475957,0.7768197001475957,0.3535306455371708,0.306610735648256,0.20880913539967372,0.2405033791656956,0.353142235687097,0.10960925969082576,0.040860716227763536
hhm15,0.4018897637795275,0.21236220472440945,0.19566929133858268,0.457244094488189,0.7874015748031495,0.7874015748031495,0.7874015748031495,0.40669291338582675,0.13244094488188976,0.3996062992125984,0.7874015748031495,0.22992125984251965,0.3622834645669291,0.3246456692913386,0.7874015748031495,0.3092125984251968,0.3991338582677165,0.4137007874015748,0.3436220472440945,0.4161417322834645,0.2517322834645669,0.3063779527559055,0.4251968503937008,0.7874015748031495,0.3174015748031496,0.24228346456692912,0.20551181102362207,0.3240944881889764,0.29141732283464566,0.2855905511811024,0.14551181102362204,0.4345669291338582
hhm16,0.3894917190177042,0.36917679693236516,0.37162437790650243,0.5463816594599005,0.173043974871502,0.8158603247124092,0.8158603247124092,0.36509749530880314,0.4872317859182507,0.48772130211307824,0.8158603247124092,0.4325691441625194,0.2731500367137146,0.2456555437709064,0.8158603247124092,0.37872236273150034,0.38369911071224605,0.5016725136656605,0.3417638900220282,0.8158603247124092,0.4211470996165456,0.5401811209920862,0.8158603247124092,0.8158603247124092,0.6199722607489598,0.3451089173533491,0.23088847189361184,0.41404911479154766,0.33303418454760547,0.17239128661173206,0.3212857958717467,0.8158603247124092
hhm17,0.5772715725294266,0.2848674739605385,0.391989160809552,0.846811753747142,0.5147768651028876,0.3085782030654585,0.37894825980184604,0.846811753747142,0.5515284952155135,0.3584554153611652,0.44449148954187484,0.08044711660597849,0.846811753747142,0.42255906511982383,0.3428740790922178,0.37894825980184604,0.3881785079176899,0.07104750613938521,0.44491489541874835,0.846811753747142,0.5909899229401303,0.419849267507833,0.846811753747142,0.3836057244474553,0.5561859598611228,0.44601575069861965,0.49572360064357696,0.5151155898043864,0.846811753747142,0.5650774832754678,0.5355237530696926,0.846811753747142
hhm18,0.7652865998316369,0.7652865998316369,0.7652865998316369,0.7652865998316369,0.7652865998316369,0.5453432310400245,0.7652865998316369,0.7652865998316369,0.7652865998316369,0.7652865998316369,0.7652865998316369,0.7652865998316369,0.7652865998316369,0.7652865998316369,0.7652865998316369,0.7652865998316369,0.7652865998316369,0.7652865998316369,0.7652865998316369,0.7652865998316369,0.7652865998316369,0.7652865998316369,0.7652865998316369,0.7652865998316369,0.7652865998316369,0.3816484273360373,0.7652865998316369,0.7652865998316369,0.7652865998316369,0.7652865998316369,0.7652865998316369,0.7652865998316369
hhm19,0.2986627043090639,0.4287601122667987,0.8254911672445104,0.5057784381707116,0.370067690275714,0.21099554234769688,0.8254911672445104,0.8254911672445104,0.8254911672445104,0.5277365032194156,0.8254911672445104,0.8254911672445104,0.8254911672445104,0.8254911672445104,0.8254911672445104,0.19943866600627375,0.39062242034010236,0.43651972923889715,0.8254911672445104,0.43651972923889715,0.6434703648670959,0.5222057123988774,0.8254911672445104,0.45798249958725434,0.07990754498926861,0.15453194650817237,0.6713719663199603,0.8254911672445104,0.8254911672445104,0.8254911672445104,0.8254911672445104,0.4295030543173188
A,0.5,0.6818181818181818,0.6363636363636364,0.5454545454545454,0.5,0.5,0.5454545454545454,0.5909090909090909,0.6818181818181818,0.5909090909090909,0.5,0.6363636363636364,0.5454545454545454,0.8636363636363636,0.5,0.5909090909090909,0.5454545454545454,0.6363636363636364,0.5454545454545454,0.5909090909090909,0.5909090909090909,0.5454545454545454,0.5909090909090909,0.5,0.5,0.5,0.6363636363636364,0.5454545454545454,0.5454545454545454,0.6363636363636364,0.5454545454545454,0.5
R,0.42857142857142855,0.42857142857142855,0.5238095238095238,0.6666666666666666,0.7142857142857143,0.38095238095238093,0.2857142857142857,0.38095238095238093,0.5714285714285714,0.5238095238095238,0.38095238095238093,0.38095238095238093,0.47619047619047616,0.42857142857142855,0.38095238095238093,0.47619047619047616,0.47619047619047616,0.38095238095238093,0.3333333333333333,0.5238095238095238,0.5238095238095238,0.8571428571428571,0.38095238095238093,0.38095238095238093,0.42857142857142855,0.42857142857142855,0.5714285714285714,0.5238095238095238,0.7142857142857143,0.6666666666666666,0.8571428571428571,0.9047619047619048
N,0.38095238095238093,0.47619047619047616,0.7619047619047619,0.5238095238095238,0.5238095238095238,0.3333333333333333,0.3333333333333333,0.47619047619047616,0.5238095238095238,0.6190476190476191,0.3333333333333333,0.38095238095238093,0.5714285714285714,0.47619047619047616,0.3333333333333333,0.5238095238095238,0.38095238095238093,0.38095238095238093,0.3333333333333333,0.47619047619047616,0.5714285714285714,0.5714285714285714,0.47619047619047616,0.38095238095238093,0.42857142857142855,0.5238095238095238,0.7142857142857143,0.47619047619047616,0.6190476190476191,0.5714285714285714,0.5714285714285714,0.47619047619047616
D,0.4090909090909091,0.5,0.5909090909090909,0.5,0.45454545454545453,0.36363636363636365,0.3181818181818182,0.45454545454545453,0.5909090909090909,0.6818181818181818,0.36363636363636365,0.4090909090909091,0.8181818181818182,0.45454545454545453,0.36363636363636365,0.45454545454545453,0.4090909090909091,0.4090909090909091,0.3181818181818182,0.5,0.8181818181818182,0.5454545454545454,0.45454545454545453,0.36363636363636365,0.4090909090909091,0.4090909090909091,0.6363636363636364,0.5,0.5454545454545454,0.6363636363636364,0.5,0.45454545454545453
C,0.4444444444444444,0.48148148148148145,0.48148148148148145,0.4074074074074074,0.4074074074074074,0.4444444444444444,0.9629629629629629,0.4074074074074074,0.48148148148148145,0.4074074074074074,0.4444444444444444,0.48148148148148145,0.37037037037037035,0.48148148148148145,0.4444444444444444,0.4444444444444444,0.48148148148148145,0.48148148148148145,0.9629629629629629,0.4074074074074074,0.4074074074074074,0.4074074074074074,0.4074074074074074,0.4074074074074074,0.4444444444444444,0.4074074074074074,0.48148148148148145,0.4074074074074074,0.4074074074074074,0.4444444444444444,0.37037037037037035,0.37037037037037035
Q,0.3333333333333333,0.42857142857142855,0.47619047619047616,0.8571428571428571,0.5238095238095238,0.3333333333333333,0.2857142857142857,0.38095238095238093,0.47619047619047616,0.6666666666666666,0.3333333333333333,0.38095238095238093,0.5714285714285714,0.42857142857142855,0.3333333333333333,0.5714285714285714,0.38095238095238093,0.38095238095238093,0.2857142857142857,0.47619047619047616,0.5238095238095238,0.5238095238095238,0.38095238095238093,0.2857142857142857,0.38095238095238093,0.42857142857142855,0.5238095238095238,0.42857142857142855,0.6190476190476191,0.5238095238095238,0.5238095238095238,0.5714285714285714
E,0.4,0.5,0.55,0.7,0.55,0.4,0.3,0.4,0.55,0.7,0.4,0.4,0.85,0.5,0.4,0.6,0.45,0.4,0.3,0.5,0.8,0.55,0.4,0.35,0.45,0.45,0.55,0.45,0.6,0.65,0.65,0.6
G,0.45454545454545453,0.5909090909090909,0.6363636363636364,0.5,0.5,0.4090909090909091,0.4090909090909091,0.9545454545454546,0.6363636363636364,0.5,0.4090909090909091,0.45454545454545453,0.5,0.5909090909090909,0.4090909090909091,0.5,0.45454545454545453,0.45454545454545453,0.4090909090909091,0.9090909090909091,0.5454545454545454,0.5454545454545454,0.9545454545454546,0.5909090909090909,0.45454545454545453,0.45454545454545453,0.6363636363636364,0.45454545454545453,0.5909090909090909,0.6363636363636364,0.5,0.45454545454545453
H,0.4166666666666667,0.375,0.4583333333333333,0.5833333333333334,0.8333333333333334,0.3333333333333333,0.2916666666666667,0.3333333333333333,0.4583333333333333,0.8333333333333334,0.3333333333333333,0.3333333333333333,0.4166666666666667,0.375,0.3333333333333333,0.5416666666666666,0.375,0.3333333333333333,0.2916666666666667,0.375,0.5,0.5416666666666666,0.3333333333333333,0.375,0.5,0.5416666666666666,0.4583333333333333,0.3333333333333333,0.5,0.5,0.4166666666666667,0.4166666666666667
I,0.7083333333333334,0.5833333333333334,0.5833333333333334,0.4583333333333333,0.4583333333333333,0.6666666666666666,0.5,0.4166666666666667,0.5416666666666666,0.4583333333333333,0.625,0.6666666666666666,0.4583333333333333,0.5,0.6666666666666666,0.5833333333333334,0.6666666666666666,0.7083333333333334,0.5,0.4166666666666667,0.5,0.4583333333333333,0.4166666666666667,0.5833333333333334,0.625,0.5,0.5833333333333334,0.4583333333333333,0.4583333333333333,0.5416666666666666,0.5,0.4166666666666667
L,0.7272727272727273,0.5909090909090909,0.5454545454545454,0.5454545454545454,0.5454545454545454,0.9545454545454546,0.5454545454545454,0.45454545454545453,0.5454545454545454,0.5,0.9545454545454546,0.6818181818181818,0.5,0.5454545454545454,0.9545454545454546,0.6818181818181818,0.8636363636363636,0.7272727272727273,0.5454545454545454,0.45454545454545453,0.5,0.5454545454545454,0.45454545454545453,0.6818181818181818,0.6818181818181818,0.5909090909090909,0.5909090909090909,0.45454545454545453,0.5454545454545454,0.5909090909090909,0.5454545454545454,0.5
K,0.4090909090909091,0.5,0.5454545454545454,0.5909090909090909,0.5909090909090909,0.4090909090909091,0.36363636363636365,0.45454545454545453,0.5909090909090909,0.5454545454545454,0.4090909090909091,0.45454545454545453,0.5909090909090909,0.5,0.4090909090909091,0.5,0.45454545454545453,0.45454545454545453,0.36363636363636365,0.5,0.5454545454545454,0.6818181818181818,0.45454545454545453,0.36363636363636365,0.45454545454545453,0.45454545454545453,0.5454545454545454,0.5454545454545454,0.7727272727272727,0.6363636363636364,0.7272727272727273,0.6363636363636364
M,0.5384615384615384,0.46153846153846156,0.46153846153846156,0.46153846153846156,0.46153846153846156,0.5769230769230769,0.4230769230769231,0.38461538461538464,0.46153846153846156,0.4230769230769231,0.5769230769230769,0.5,0.5,0.46153846153846156,0.5769230769230769,0.5384615384615384,0.6538461538461539,0.5384615384615384,0.4230769230769231,0.38461538461538464,0.4230769230769231,0.46153846153846156,0.38461538461538464,0.5,0.5,0.46153846153846156,0.5384615384615384,0.38461538461538464,0.5,0.5,0.4230769230769231,0.4230769230769231
F,0.8260869565217391,0.5652173913043478,0.43478260869565216,0.5217391304347826,0.4782608695652174,0.5652173913043478,0.391304347826087,0.34782608695652173,0.43478260869565216,0.43478260869565216,0.5217391304347826,0.4782608695652174,0.34782608695652173,0.391304347826087,0.5652173913043478,0.6521739130434783,0.7391304347826086,0.4782608695652174,0.5217391304347826,0.391304347826087,0.391304347826087,0.43478260869565216,0.34782608695652173,0.9130434782608695,0.8260869565217391,0.7391304347826086,0.4782608695652174,0.34782608695652173,0.43478260869565216,0.43478260869565216,0.391304347826087,0.391304347826087
P,0.43478260869565216,0.8695652173913043,0.6086956521739131,0.5217391304347826,0.5652173913043478,0.43478260869565216,0.391304347826087,0.43478260869565216,0.7391304347826086,0.4782608695652174,0.43478260869565216,0.43478260869565216,0.4782608695652174,0.5217391304347826,0.43478260869565216,0.4782608695652174,0.43478260869565216,0.43478260869565216,0.391304347826087,0.4782608695652174,0.6521739130434783,0.4782608695652174,0.43478260869565216,0.391304347826087,0.43478260869565216,0.43478260869565216,0.5652173913043478,0.9565217391304348,0.6521739130434783,0.5217391304347826,0.4782608695652174,0.43478260869565216
S,0.47619047619047616,0.6666666666666666,0.7619047619047619,0.5238095238095238,0.5238095238095238,0.42857142857142855,0.47619047619047616,0.5238095238095238,0.8095238095238095,0.5714285714285714,0.42857142857142855,0.5714285714285714,0.5714285714285714,0.6666666666666666,0.42857142857142855,0.5714285714285714,0.5238095238095238,0.47619047619047616,0.47619047619047616,0.5714285714285714,0.5714285714285714,0.6190476190476191,0.5238095238095238,0.42857142857142855,0.5714285714285714,0.5238095238095238,0.7142857142857143,0.5714285714285714,0.6190476190476191,0.6666666666666666,0.5714285714285714,0.5238095238095238
T,0.5217391304347826,0.5652173913043478,0.6521739130434783,0.5217391304347826,0.6086956521739131,0.5217391304347826,0.4782608695652174,0.4782608695652174,0.6521739130434783,0.5217391304347826,0.4782608695652174,0.5652173913043478,0.5217391304347826,0.6956521739130435,0.5217391304347826,0.5217391304347826,0.5217391304347826,0.6086956521739131,0.4782608695652174,0.4782608695652174,0.5217391304347826,0.5652173913043478,0.4782608695652174,0.4782608695652174,0.5217391304347826,0.5217391304347826,0.6956521739130435,0.6086956521739131,0.6086956521739131,0.6521739130434783,0.5217391304347826,0.4782608695652174
W,0.5185185185185185,0.37037037037037035,0.37037037037037035,0.4074074074074074,0.4074074074074074,0.5555555555555556,0.37037037037037035,0.37037037037037035,0.37037037037037035,0.37037037037037035,0.4074074074074074,0.37037037037037035,0.3333333333333333,0.37037037037037035,0.4074074074074074,0.5185185185185185,0.4444444444444444,0.37037037037037035,0.37037037037037035,0.48148148148148145,0.37037037037037035,0.48148148148148145,0.37037037037037035,0.48148148148148145,0.5185185185185185,0.6296296296296297,0.4074074074074074,0.3333333333333333,0.48148148148148145,0.4074074074074074,0.37037037037037035,0.37037037037037035
Y,0.7272727272727273,0.45454545454545453,0.4090909090909091,0.5,0.6363636363636364,0.45454545454545453,0.36363636363636365,0.3181818181818182,0.4090909090909091,0.5,0.45454545454545453,0.4090909090909091,0.36363636363636365,0.4090909090909091,0.45454545454545453,0.8181818181818182,0.5454545454545454,0.45454545454545453,0.36363636363636365,0.36363636363636365,0.4090909090909091,0.5,0.3181818181818182,0.5909090909090909,0.8181818181818182,0.9090909090909091,0.45454545454545453,0.36363636363636365,0.5,0.45454545454545453,0.4090909090909091,0.4090909090909091
V,0.6521739130434783,0.6956521739130435,0.5652173913043478,0.5652173913043478,0.4782608695652174,0.6521739130434783,0.5217391304347826,0.43478260869565216,0.5652173913043478,0.4782608695652174,0.6521739130434783,0.9130434782608695,0.4782608695652174,0.6086956521739131,0.6521739130434783,0.6086956521739131,0.6521739130434783,0.9130434782608695,0.5217391304347826,0.4782608695652174,0.5652173913043478,0.5217391304347826,0.43478260869565216,0.6086956521739131,0.5652173913043478,0.5217391304347826,0.5652173913043478,0.4782608695652174,0.5217391304347826,0.5652173913043478,0.4782608695652174,0.4782608695652174
