,N,G,N.1,I,N.2,W,N.3,S,P,C,L,G.1,G.2,M,A,S.1,G.3,P.1,C.1,G.4,E,Q,F,K,S.2,A.1,F.1,S.3,C.2,F.2,H,Y,S.4,T,E.1,E.2,I.1,K.1,G.5,S.5,D,C.3,V,D.1,Q.1,F.3,R,A.2,M.1,Q.2,E.3,C.4,M.2,Q.3,K.2,Y.1,P.2,D.2,L.1,Y.2
ASA,0.6841025641025641,0.2635897435897436,0.515897435897436,0.2825641025641026,0.24717948717948715,0.44871794871794873,0.5835897435897437,0.10820512820512819,0.36820512820512824,0.16564102564102562,0.10615384615384615,0.18974358974358974,0.2158974358974359,0.11076923076923076,0.2533333333333333,0.418974358974359,0.14512820512820512,0.4323076923076924,0.14512820512820512,0.0882051282051282,0.5517948717948719,0.3394871794871795,0.05743589743589744,0.4220512820512821,0.2569230769230769,0.04051282051282051,0.10205128205128204,0.2451282051282051,0.15692307692307692,0.11589743589743588,0.3958974358974359,0.675897435897436,0.12,0.5671794871794872,0.5687179487179488,0.6682051282051282,0.36000000000000004,0.7282051282051282,0.23435897435897435,0.2528205128205128,0.46102564102564103,0.0917948717948718,0.14666666666666667,0.45538461538461544,0.3492307692307693,0.08,0.578974358974359,0.24410256410256412,0.09076923076923077,0.23846153846153847,0.5441025641025642,0.12717948717948716,0.11128205128205128,0.5656410256410257,0.7312820512820513,0.35282051282051285,0.416923076923077,0.6282051282051282,0.34102564102564104,0.36820512820512824
HSE_alpha_up,0.035483870967741936,0.09999999999999999,0.10967741935483871,0.5193548387096775,0.31612903225806455,0.5129032258064516,0.07419354838709677,0.5580645161290323,0.23548387096774193,0.4612903225806452,0.6838709677419355,0.25483870967741934,0.14838709677419354,0.6580645161290323,0.4032258064516129,0.06774193548387096,0.27419354838709675,0.2032258064516129,0.5516129032258065,0.5516129032258065,0.13870967741935483,0.2870967741935484,0.767741935483871,0.39032258064516134,0.18064516129032257,0.6741935483870969,0.7225806451612904,0.2935483870967742,0.46774193548387094,0.6967741935483871,0.3612903225806452,0.15806451612903225,0.567741935483871,0.06451612903225806,0.18064516129032257,0.14838709677419354,0.4,0.12580645161290321,0.15161290322580645,0.3548387096774194,0.14193548387096772,0.5838709677419355,0.532258064516129,0.08064516129032258,0.24838709677419354,0.7161290322580645,0.2387096774193548,0.15483870967741936,0.5967741935483871,0.4967741935483871,0.09032258064516129,0.36774193548387096,0.6000000000000001,0.12580645161290321,0.04516129032258065,0.4,0.2612903225806452,0.025806451612903226,0.32903225806451614,0.4483870967741936
HSE_alpha_down,0.244299674267101,0.2899022801302931,0.3876221498371335,0.25732899022801303,0.4527687296416938,0.3355048859934854,0.5276872964169381,0.19869706840390883,0.5211726384364821,0.4267100977198697,0.3583061889250814,0.495114006514658,0.5537459283387622,0.2801302931596092,0.4104234527687297,0.5374592833876222,0.46254071661237783,0.49837133550488605,0.39087947882736157,0.4657980456026059,0.6123778501628665,0.5895765472312703,0.495114006514658,0.6612377850162867,0.7166123778501629,0.5602605863192183,0.6058631921824104,0.6970684039087948,0.5928338762214984,0.4299674267100977,0.49837133550488605,0.5472312703583062,0.1628664495114007,0.46254071661237783,0.29641693811074926,0.3452768729641694,0.2247557003257329,0.4006514657980456,0.39413680781758964,0.34201954397394135,0.511400651465798,0.39413680781758964,0.4527687296416938,0.6286644951140066,0.5667752442996742,0.44625407166123776,0.6254071661237784,0.6221498371335504,0.46254071661237783,0.5179153094462541,0.6514657980456027,0.45602605863192186,0.32573289902280134,0.4299674267100977,0.43322475570032576,0.23778501628664495,0.27361563517915305,0.3973941368078176,0.34201954397394135,0.23127035830618894
P(C),0.981,0.973,0.925,0.838,0.92,0.953,0.919,0.96,0.541,0.5379999999999999,0.426,0.493,0.519,0.508,0.652,0.81,0.9279999999999999,0.852,0.69,0.313,0.057999999999999996,0.035,0.013999999999999999,0.008,0.013000000000000001,0.026000000000000002,0.086,0.209,0.317,0.4,0.561,0.6970000000000001,0.9690000000000001,0.965,0.953,0.946,0.871,0.8190000000000001,0.818,0.6459999999999999,0.494,0.17800000000000002,0.035,0.013999999999999999,0.008,0.005,0.002,0.002,0.003,0.003,0.003,0.006,0.013999999999999999,0.055,0.157,0.98,0.5770000000000001,0.591,0.568,0.951
P(H),0.01,0.008,0.012,0.016,0.017,0.032,0.059000000000000004,0.03,0.455,0.436,0.534,0.484,0.457,0.442,0.278,0.12300000000000001,0.032,0.14300000000000002,0.3,0.685,0.941,0.9640000000000001,0.986,0.992,0.987,0.9740000000000001,0.9109999999999999,0.7829999999999999,0.6729999999999999,0.5760000000000001,0.41600000000000004,0.29,0.012,0.026000000000000002,0.037000000000000005,0.045,0.1,0.147,0.172,0.33899999999999997,0.505,0.8220000000000001,0.965,0.986,0.992,0.995,0.998,0.998,0.997,0.997,0.997,0.9940000000000001,0.986,0.945,0.843,0.019,0.42200000000000004,0.408,0.43,0.04
P(E),0.009000000000000001,0.019,0.063,0.146,0.063,0.015,0.021,0.01,0.004,0.026000000000000002,0.04,0.023,0.024,0.05,0.07,0.067,0.04,0.005,0.01,0.001,0.0,0.0,0.0,0.0,0.0,0.0,0.003,0.009000000000000001,0.01,0.024,0.024,0.013000000000000001,0.02,0.009000000000000001,0.01,0.009000000000000001,0.028999999999999998,0.034,0.011000000000000001,0.015,0.001,0.0,0.0,0.0,0.0,0.0,0.0,0.0,0.0,0.0,0.0,0.0,0.0,0.0,0.0,0.0,0.001,0.001,0.002,0.008
cosPhi,0.4991288562489504,0.5409709022049514,0.4131771697748906,0.5409709022049514,0.4677352706751873,0.6767394833538882,0.5200674804808114,0.59197747857105,0.7025729335473005,0.6742880776577661,0.6386592721166093,0.7454541475884549,0.6294114398462015,0.6073695137349944,0.6937599065374325,0.48342388339760184,0.041122812425132334,0.6644353473530478,0.5034921638722618,0.8358628408427285,0.7144697430986597,0.6953676824535783,0.7168317258858625,0.7223197899021362,0.7041673752050037,0.6985760732996393,0.6921497697365305,0.6824404709992533,0.6445178617839229,0.6039576851673287,0.6175729377841331,0.4356035286341006,0.5218112832091212,0.5104727649290648,0.49127529328996117,0.5928351135699815,0.47034824597325525,0.5756321635976734,0.5540013654359628,0.5928351135699815,0.6791860436895513,0.69777487682315,0.7347380195306702,0.7176177356725745,0.6969730778947264,0.7121018805568672,0.7152577272015687,0.7073487760335222,0.7073487760335222,0.7191877641635248,0.7097282031766333,0.7033704641246838,0.7065543671977683,0.7009760236208884,0.6669054611250307,0.223304905603279,0.7105200710494552,0.6536803001219457,0.5322677755051968,0.27300558175194123
cosPsi,0.9803895770787969,0.9998050575201771,0.09344961947648622,0.1887426816811903,0.351312562961107,0.9574798339249124,0.9998713046613492,0.1609201650659648,0.9394085563309826,0.9140301673112472,0.945898764802607,0.8744778603945011,0.9808706547746056,0.9749860257623262,0.9356069055600947,0.9991709083070142,0.007001981464747509,0.9595676696276172,0.9908135917238321,0.8614835729547841,0.8907602362094094,0.8869201048632531,0.8692276703129419,0.8784975278258782,0.8874722443520897,0.8727379998414311,0.9019284303086086,0.9179036806841352,0.9368861115177326,0.9493970231495834,0.9276821300802534,0.998657238612229,0.1076118147334586,0.9892544925508893,0.09651984392809898,0.16220489619216988,0.1660837222644766,0.18128800512565513,0.9925546630773869,0.9524135262330098,0.9338827266844643,0.8841417617967617,0.8744778603945011,0.8863667867486755,0.8846997775234475,0.870402298143375,0.883022221559489,0.8813341648478441,0.8674572975749799,0.8807691537683684,0.8846997775234475,0.8738990452492659,0.8802029828000155,0.9014087375955573,0.919335283972712,0.786788218175523,0.945898764802607,0.9689444673059489,0.9749860257623262,0.27924707360412737
cosTheta,0.6952590488486456,0.7220614081598619,0.37988415000374914,0.4962623161495994,0.5811415394691719,0.8322716312149072,0.8141016662888393,0.47800120028332294,0.8595758622648653,0.8431870247477466,0.8122863794219237,0.8231829015773611,0.8340902155652593,0.78329083019856,0.8595758622648653,0.7328216736475179,0.29957754273512327,0.8340902155652593,0.7562050206236179,0.6739279683602847,0.8705105047910613,0.8595758622648653,0.8541110164355151,0.8686876429626403,0.8796270369773674,0.8413671630595275,0.8431870247477466,0.8577540506726897,0.8340902155652593,0.7760579120749974,0.7598103172934902,0.7166894071131326,0.41302460754775755,0.7760579120749974,0.4178157731920731,0.5349432480110041,0.47800120028332294,0.5400358587944194,0.6686118078730706,0.6280957194460757,0.8068425387457049,0.8486480206728793,0.8741566897177764,0.8905710330890404,0.8668649422946731,0.8504688044512568,0.8668649422946731,0.8759800017091586,0.8541110164355151,0.8650424083394216,0.8832745835938351,0.8668649422946731,0.8613978627735588,0.8759800017091586,0.8869225971143573,0.5794163744934324,0.8668649422946731,0.8960443819059408,0.7706378591289966,0.42422545557112357
cosTau,0.9385730818527944,0.5043632677491869,0.29424282069744556,0.2530290667078846,0.10120803558738567,0.01658830569777031,0.7693853925034315,0.3380412909009253,0.08066471602728803,0.7924788374936077,0.8098895158975701,0.6710100716628344,0.8390798349340354,0.6726490994992674,0.684062276342339,0.8213938048432696,0.6603064952928382,0.8784975278258782,0.8384379848413304,0.11697777844051105,0.7803194972816209,0.8153379037156432,0.8146601955249188,0.8022995574311875,0.8220618148806933,0.8153379037156432,0.8126213281678527,0.7860729367227581,0.7988125734877606,0.8078307376628291,0.7582666644333209,0.895611766483745,0.31756160783119014,0.02639486112698558,0.44773576836617324,0.3151266213630853,0.09294224082184044,0.2439785675647143,0.9845078657034347,0.2500000000000001,0.7846397617154222,0.8085179375703744,0.7924788374936077,0.8126213281678527,0.8220618148806933,0.816690436313775,0.8078307376628291,0.818039110138882,0.8193839087577989,0.8071426000494716,0.818039110138882,0.8173652566011338,0.818039110138882,0.8105738901391552,0.820724815784579,0.9360346362160603,0.017952297882945,0.7582666644333209,0.7974113933756707,0.8516973514052519
sinPhi,7.615433562091489e-07,0.9983186934090182,0.00759612349389599,0.0016813065909817015,0.0010421908639104416,0.03227798458506631,0.00040280244277701716,0.008532325425222809,0.04287302238286822,0.03135900525405422,0.019610422921202908,0.06439309443990532,0.01703708685546579,0.011663860832915984,0.0390684242057498,0.00027489202912139854,0.6985739453173903,0.0278118148812595,1.2184647302626583e-05,0.870402298143375,0.048332353568349584,0.03974757327377981,0.04946148933895422,0.05214411988029355,0.043582911383478584,0.041122687158009485,0.038394891443509604,0.034472092068735805,0.02134025123396638,0.010926199633097211,0.014019499710726802,0.004164418808454806,0.0004758892090711009,0.00010965826257719469,7.615242180442072e-05,0.00869360172819239,0.0008800860381174003,0.005753056595658224,0.9970754819861577,0.00869360172819239,0.033209786751399184,0.0407768093284564,0.05852620357053656,0.04984061429890324,0.04043233037238281,0.04721560049443019,0.0487073578250698,0.04501936456172839,0.04501936456172839,0.05060297685041654,0.0461112607335456,0.04322727117869962,0.044658169596911546,0.04216870333021955,0.028679254453910785,0.08353937964495023,0.046477992854267625,0.024202798060280917,0.0010421908639104416,0.05449673790581605
sinPsi,0.6386573266511889,0.48603918063821555,0.7910614850786448,0.891304078426207,0.9773803997513988,0.29822735182380494,0.5113436667863906,0.8674572975749799,0.2614206198701958,0.21968050271837913,0.2737826453441087,0.16868997589213125,0.3630203906537838,0.34383254074388375,0.2545481231924296,0.47121798652021635,0.41661562664194896,0.30302904520452445,0.4045955023117276,0.15455879446157078,0.1880602016453069,0.18330956368622492,0.1628488062081383,0.1732896980049473,0.18398534866757454,0.1667337648752738,0.20258860662432937,0.22548859100093416,0.2568323097882548,0.2808144266054613,0.2409864953134349,0.5366190985638158,0.8098895158975702,0.39689790730168517,0.7953028338099626,0.868638668405062,0.8721557731155769,0.8852566213878946,0.4140354498602952,0.28711035421746367,0.2515130194862223,0.17994515025752228,0.16868997589213125,0.1826347433988662,0.18061609124220113,0.16413970533850492,0.17860619515673037,0.1766051102447702,0.16092016506596468,0.17594004946843456,0.18061609124220113,0.1680368936738792,0.17527597583490817,0.2018875625171921,0.22768048249248646,0.909576022144496,0.2737826453441087,0.3265321742133721,0.34383254074388375,0.9486291848371642
sinTheta,0.9550591956509676,0.9651666637685528,0.725782634221499,0.8360893587494999,0.896707738352948,0.9930709847210485,0.9899569806343341,0.8209662756162371,0.9966628597427053,0.9946632466455553,0.9896139680051544,0.9915858530047575,0.9933507520403837,0.983345392952788,0.9966628597427053,0.968852871343087,0.6281288770205773,0.9933507520403837,0.9761376215742095,0.9460594914024463,0.9977365354255,0.9966628597427053,0.9960481851351943,0.9975720074454255,0.9984726399586985,0.994412262684677,0.9946632466455553,0.9964637325188842,0.9933507520403837,0.9815490655588617,0.9771729041798275,0.9632470005410578,0.7606826049653916,0.9815490655588617,0.7654877252302247,0.8656412337988317,0.8209662756162371,0.8692875455201764,0.9436831608702037,0.9237941675755121,0.9885504724576554,0.9953816413449323,0.9980482857103211,0.999165531294198,0.9974017115692927,0.9956095847521328,0.9974017115692927,0.9981955070654223,0.9960481851351943,0.9972256483158515,0.9987266903113869,0.9974017115692927,0.9968562218398896,0.9981955070654223,0.9989576550279643,0.89562770371863,0.9974017115692927,0.9994340493853543,0.980141764868746,0.7718236768254965
sinTau,0.7401117487215945,1.903846791440067e-05,0.9557016383177226,0.06525253524739044,0.19839600612735886,0.37227712103210475,0.9212261985035738,0.9730426794137725,0.22768048249248635,0.9055319094946633,0.8923881852665414,0.9698463103929542,0.8674572975749799,0.969246511379778,0.9648882429441258,0.883022221559489,0.9736051388730145,0.1732896980049473,0.8680485435598672,0.17860619515673026,0.9140301673112472,0.8880232035332729,0.8885729807284855,0.8982649590120981,0.8824607004592159,0.8880232035332729,0.8902152036691648,0.9100759379368861,0.900887822121877,0.894005376803361,0.9281335423001641,0.8057635200929156,0.9655279079312642,0.339693504707162,0.9972609476841365,0.035433714232971925,0.20964852214453006,0.07052005153466773,0.6234995063613714,0.9330127018922194,0.08892797948463133,0.8934675109806687,0.9055319094946633,0.8902152036691648,0.8824607004592159,0.8869201048632531,0.894005376803361,0.88581229169386,0.8846997775234475,0.8945420424173454,0.88581229169386,0.8863667867486755,0.88581229169386,0.8918467286629199,0.8835825759076498,0.7446912258744232,0.6327780587434045,0.9281335423001641,0.9019284303086086,0.8553997369364963
hhm0,0.4386407603667255,0.8411136344520144,0.49920094204727056,0.40432332408108335,0.4359491967364791,0.8411136344520144,0.445537892169232,0.6034149213558752,0.49768693750525694,0.8411136344520144,0.534864160148036,0.22533434266969468,0.4381360921860543,0.33156699470098405,0.12305492472032972,0.17276474051644375,0.8411136344520144,0.39372529228698794,0.5873496509378417,0.387080494574817,0.5697703759777946,0.36546387416940024,0.8411136344520144,0.4878459079821683,0.22567078812347546,0.046934140802422405,0.8411136344520144,0.3750525696021532,0.5232567919925981,0.5630414669021785,0.6074522668012448,0.37362267642358477,0.35587517873664726,0.45445369669442337,0.1995121540920178,0.4592480444107999,0.5214063419968037,0.3160063924636218,0.38893094457061145,0.38245436958533097,0.29506266296576666,0.8411136344520144,0.27992261754563036,0.5297333669778787,0.3575574060055513,0.8411136344520144,0.38060391958953654,0.12372781562789133,0.8411136344520144,0.24972663806880308,0.31180082429136174,0.8411136344520144,0.3818655900412145,0.4636218353099504,0.26015644713600805,0.5253595760787283,0.39380940365043315,0.28236184708554124,0.2858104129867945,0.8411136344520144
hhm1,0.7903264048051845,0.7903264048051845,0.7903264048051845,0.7903264048051845,0.7903264048051845,0.7903264048051845,0.7903264048051845,0.016833952422350428,0.7903264048051845,0.013751679443610209,0.47040227614004576,0.7903264048051845,0.7903264048051845,0.7903264048051845,0.7903264048051845,0.7903264048051845,0.7903264048051845,0.7903264048051845,0.003398403540662293,0.7903264048051845,0.7903264048051845,0.7903264048051845,0.7903264048051845,0.7903264048051845,0.7903264048051845,0.7903264048051845,0.6497273373903422,0.7903264048051845,0.013356516241207617,0.46961194973524056,0.7903264048051845,0.6325772544060697,0.4975104718248636,0.7903264048051845,0.7903264048051845,0.7903264048051845,0.7903264048051845,0.7903264048051845,0.7903264048051845,0.7903264048051845,0.7903264048051845,0.015885560736584207,0.7903264048051845,0.7903264048051845,0.3993519323480597,0.7903264048051845,0.7903264048051845,0.6923259306093416,0.7903264048051845,0.7903264048051845,0.5680075871334861,0.006085513316999921,0.7903264048051845,0.7903264048051845,0.7903264048051845,0.4755393977712795,0.7903264048051845,0.45301509523433175,0.4502489528175136,0.4343633920809294
hhm2,0.0977437417654809,0.8234519104084322,0.25181159420289856,0.8234519104084322,0.4203722002635046,0.8234519104084322,0.14797430830039526,0.5384552042160738,0.41732542819499346,0.8234519104084322,0.8234519104084322,0.4218544137022398,0.2867259552042161,0.8234519104084322,0.8234519104084322,0.3990447957839262,0.8234519104084322,0.5750164690382082,0.8234519104084322,0.8234519104084322,0.32295783926218713,0.40530303030303033,0.8234519104084322,0.5201745718050067,0.2268610013175231,0.8234519104084322,0.4905303030303031,0.8234519104084322,0.8234519104084322,0.8234519104084322,0.3375329380764163,0.5233036890645586,0.35408432147562585,0.30434782608695654,0.2711627140974967,0.19911067193675888,0.26473978919631097,0.5177865612648221,0.35976613965744403,0.3596837944664032,0.07402832674571805,0.8234519104084322,0.4198781291172596,0.17926548089591568,0.8234519104084322,0.8234519104084322,0.4477931488801054,0.31694664031620556,0.8234519104084322,0.5086462450592886,0.23550724637681164,0.8234519104084322,0.8234519104084322,0.3789525691699605,0.4195487483530962,0.8234519104084322,0.8234519104084322,0.179100790513834,0.6414690382081687,0.6286231884057971
hhm3,0.4718063077413189,0.7964319847085058,0.10074864606562599,0.7964319847085058,0.7964319847085058,0.4244186046511628,0.15968461293405545,0.7964319847085058,0.7964319847085058,0.7964319847085058,0.46758521822236376,0.4847085058935967,0.4189232239566741,0.501592863969417,0.7964319847085058,0.3547308059891685,0.7964319847085058,0.5828289264096846,0.7964319847085058,0.6549856642242753,0.1766486142083466,0.12161516406498885,0.7964319847085058,0.5804396304555591,0.14001274291175533,0.7964319847085058,0.7964319847085058,0.57303281299777,0.7964319847085058,0.7964319847085058,0.5717585218222363,0.2661675692895827,0.43939152596368264,0.19010831474992035,0.1352341510035043,0.0749442497610704,0.2265848996495699,0.2860783689072953,0.3414303918445365,0.34405861739407456,0.2597961134119146,0.7964319847085058,0.28998088563236696,0.10855367951576936,0.21009875756610383,0.6135712010194329,0.3175374323032813,0.2730965275565466,0.7964319847085058,0.37886269512583626,0.15721567378145906,0.7964319847085058,0.5087607518317936,0.36819050653074226,0.22300095571838166,0.7964319847085058,0.45404587448231926,0.11906658171392162,0.3664383561643835,0.7964319847085058
hhm4,0.80768920119538,0.80768920119538,0.80768920119538,0.3013488409659963,0.80768920119538,0.23778370083191988,0.80768920119538,0.80768920119538,0.80768920119538,0.5203133834100638,0.4769404733058719,0.80768920119538,0.80768920119538,0.605928438736774,0.3987561586301591,0.55245941361764,0.80768920119538,0.551409417656086,0.80768920119538,0.588966965511671,0.30142960988611583,0.3166949357887085,0.02471528955657863,0.80768920119538,0.80768920119538,0.24432598336160244,0.06760358614005331,0.48622889911961875,0.80768920119538,0.06582666989742347,0.4238752927873355,0.3302641143687909,0.3331717954930942,0.80768920119538,0.80768920119538,0.5762054761327842,0.43671755108634197,0.5098941927146434,0.80768920119538,0.6648897504240369,0.80768920119538,0.3217833777562394,0.3501332687181972,0.80768920119538,0.80768920119538,0.030934496405783055,0.80768920119538,0.7297471932800258,0.2512721104918827,0.462240529844116,0.532347952507875,0.532347952507875,0.18536467167433973,0.80768920119538,0.5560132461028996,0.3880138922542606,0.80768920119538,0.80768920119538,0.44519828769889347,0.24876827396817705
hhm5,0.6008946322067594,0.004721669980119284,0.426441351888668,0.8283631544068919,0.8283631544068919,0.4589131875414181,0.3776507620941021,0.8283631544068919,0.8283631544068919,0.8283631544068919,0.8283631544068919,0.07654075546719681,0.12060967528164347,0.5053015241882041,0.5304837640821736,0.36911862160371106,0.05392644135188867,0.8283631544068919,0.8283631544068919,0.012756792577866136,0.42196819085487075,0.599403578528827,0.8283631544068919,0.8283631544068919,0.5849900596421471,0.8283631544068919,0.8283631544068919,0.46230947647448645,0.8283631544068919,0.8283631544068919,0.8283631544068919,0.553015241882041,0.8283631544068919,0.5944333996023857,0.6487740225314778,0.6095096090125911,0.5374420145791915,0.8283631544068919,0.06262425447316103,0.30309807819748175,0.6972332670642809,0.8283631544068919,0.3632372432074221,0.439777998674619,0.8283631544068919,0.8283631544068919,0.8283631544068919,0.33076540755467193,0.8283631544068919,0.5994864148442677,0.3626573889993373,0.5116799204771372,0.8283631544068919,0.5404241219350563,0.5508614976805831,0.8283631544068919,0.44607355864811127,0.4336481113320079,0.8283631544068919,0.8283631544068919
hhm6,0.805607024893257,0.805607024893257,0.805607024893257,0.805607024893257,0.5894626601143962,0.805607024893257,0.3046000161121405,0.805607024893257,0.28889067912672195,0.805607024893257,0.805607024893257,0.365826150004028,0.2875211471844034,0.805607024893257,0.566180617094981,0.2660114396197535,0.23580117618625634,0.805607024893257,0.805607024893257,0.805607024893257,0.28083460887778944,0.4853782324981874,0.805607024893257,0.805607024893257,0.6107306855715782,0.805607024893257,0.805607024893257,0.559494078788367,0.805607024893257,0.805607024893257,0.20518810924031256,0.43873358575686777,0.5138161604769194,0.805607024893257,0.5741561266414242,0.805607024893257,0.5872875211471844,0.5711753806493193,0.5376621284137597,0.5596552001933457,0.805607024893257,0.805607024893257,0.805607024893257,0.3858857649238701,0.3791992266172561,0.3943446386852493,0.4843309433658261,0.5186498026262789,0.44115040683154755,0.390558285668251,0.805607024893257,0.805607024893257,0.6383630065254169,0.7087730605010876,0.6705067268186579,0.137275437041811,0.47297188431483117,0.4391363892693144,0.3500362523161202,0.805607024893257
hhm7,0.7675775253300584,0.7675775253300584,0.6860607921400061,0.0408351243475591,0.4456555112066319,0.3655204175621738,0.7675775253300584,0.7675775253300584,0.7675775253300584,0.4752840036843721,0.24370586429229354,0.7675775253300584,0.5027632790911882,0.3042677310408351,0.41119128031931224,0.6071538225360761,0.7675775253300584,0.6869051274178692,0.7675775253300584,0.7675775253300584,0.42754068160884257,0.7675775253300584,0.34510285538839425,0.394611605772183,0.46622658888547747,0.7675775253300584,0.25591034694504144,0.42339576297206016,0.7675775253300584,0.39622351857537613,0.31002456248081056,0.5352318084126497,0.7675775253300584,0.6760055265581825,0.41218913110224137,0.49554805035308563,0.45762972060178075,0.7675775253300584,0.7675775253300584,0.27202947497697266,0.4287688056493706,0.7675775253300584,0.16625729198649064,0.7675775253300584,0.43084126496776176,0.4659195578753454,0.2521492170709242,0.5545747620509672,0.657967454712926,0.41050046054651523,0.48042677310408355,0.7675775253300584,0.2619742093951489,0.38808719680687753,0.7675775253300584,0.4494166410807492,0.7675775253300584,0.33289837273564626,0.2017193736567393,0.7675775253300584
hhm8,0.614612381483547,0.7967492630069316,0.33399729105250575,0.4539877300613496,0.4041112261971157,0.7967492630069316,0.435981196717393,0.7967492630069316,0.4232332085092821,0.7967492630069316,0.7967492630069316,0.3426818580192813,0.5080870050195203,0.7967492630069316,0.38100549756991475,0.31551270815074495,0.7967492630069316,0.7967492630069316,0.7967492630069316,0.5183650705123097,0.33264281730539397,0.588399330730619,0.7967492630069316,0.14150266911003107,0.3033224444267389,0.7967492630069316,0.7967492630069316,0.3088996892677874,0.7967492630069316,0.7967492630069316,0.2820492391044538,0.20819058242371122,0.5656919767349214,0.2133694526332563,0.2774280933790136,0.3716038562664329,0.3651501872360768,0.0688391363237989,0.3796510238228029,0.5330252569516373,0.2597402597402597,0.7967492630069316,0.46872759142697795,0.23265078479802404,0.18396940482830051,0.7967492630069316,0.23376623376623373,0.35423472233288184,0.7967492630069316,0.42785435423472234,0.42156003505696754,0.7967492630069316,0.7967492630069316,0.17424906381961597,0.1283563062704167,0.7967492630069316,0.36682336068839133,0.362759939447056,0.38698111704246674,0.42203808461477166
hhm9,0.8271982794275787,0.8271982794275787,0.8271982794275787,0.36570435933493256,0.8271982794275787,0.3297212341798329,0.8271982794275787,0.4322938208288526,0.8271982794275787,0.8271982794275787,0.0834643063942427,0.8271982794275787,0.8271982794275787,0.15013648771610555,0.3040780875175779,0.5210521962114318,0.8271982794275787,0.4475142691703201,0.8271982794275787,0.6115476879808089,0.4370088510215898,0.27065927702870374,0.3629746050128216,0.4555380924807676,0.5237819505335428,0.34725783770369756,0.23947390189428402,0.27934485896269334,0.6015385887997352,0.31003391512945655,0.28314997104806017,0.35660517826122917,0.505583588386136,0.44892050624534696,0.8271982794275787,0.8271982794275787,0.29977665646455454,0.8271982794275787,0.5638183472578376,0.3721565059144677,0.3810902473322855,0.5141864504921829,0.336173380759368,0.5832575068243857,0.3710811481512118,0.3246753246753247,0.3088758375382579,0.4808503598312516,0.16998924642236743,0.468028786500124,0.4557035321366531,0.5003722392257424,0.2711555959963603,0.391512945653073,0.4886260236578708,0.427744230292001,0.5900405327156919,0.4810985193150798,0.1942261560095955,0.40656795433865495
hhm10,0.7923302432453847,0.7923302432453847,0.7923302432453847,0.7923302432453847,0.7923302432453847,0.7923302432453847,0.7923302432453847,0.7923302432453847,0.7923302432453847,0.7923302432453847,0.3198637191981618,0.7923302432453847,0.7923302432453847,0.09024641470564931,0.48672846842563977,0.7923302432453847,0.7923302432453847,0.7923302432453847,0.7923302432453847,0.7923302432453847,0.618730686950321,0.7923302432453847,0.3744552729577688,0.7923302432453847,0.5947230805799858,0.4471119562633706,0.37057285476586643,0.5759448538150701,0.7923302432453847,0.259567387687188,0.42460977735520167,0.7923302432453847,0.7923302432453847,0.5369622058473972,0.5798272720069725,0.7923302432453847,0.4662071151255844,0.4548767926471754,0.7923302432453847,0.22890420727359162,0.7923302432453847,0.7923302432453847,0.44584422787417793,0.7923302432453847,0.4914824498851121,0.41636954282544963,0.30647333808731475,0.7923302432453847,0.10149750415973377,0.2708184771412725,0.5412407891609223,0.7923302432453847,0.11488788527058078,0.3594009983361065,0.7923302432453847,0.3161397670549085,0.5647729973853102,0.7923302432453847,0.5402107598447032,0.7923302432453847
hhm11,0.10676070038910507,0.47843709468223083,0.49635214007782097,0.8106355382619974,0.01929312581063554,0.8106355382619974,0.19560635538261995,0.430204280155642,0.5697146562905318,0.8106355382619974,0.5309662775616083,0.6361057068741893,0.4187743190661478,0.5061608300907912,0.8106355382619974,0.29507133592736706,0.8106355382619974,0.8106355382619974,0.8106355382619974,0.4665207522697795,0.41682879377431903,0.5760376134889753,0.8106355382619974,0.8106355382619974,0.324254215304799,0.8106355382619974,0.8106355382619974,0.5837386511024643,0.3237678339818417,0.5703631647211413,0.2696173800259403,0.33406290531776917,0.33803501945525294,0.3443579766536965,0.47559987029831385,0.39826523994811935,0.5505836575875487,0.38010700389105057,0.5303988326848249,0.47819390402075224,0.46757457846952005,0.8106355382619974,0.5440175097276265,0.4291504539559014,0.4183690012970169,0.8106355382619974,0.38772697795071337,0.3210927367055772,0.4920557717250324,0.4490110246433203,0.24578469520103763,0.8106355382619974,0.8106355382619974,0.4165045395590143,0.3086900129701686,0.2448119325551232,0.363245784695201,0.37046044098573283,0.8106355382619974,0.4770590142671855
hhm12,0.7765783955890346,0.7765783955890346,0.4418731070901607,0.4311563252310321,0.41834278170381295,0.7765783955890346,0.7765783955890346,0.3643705832103751,0.04294478527607362,0.7765783955890346,0.4848178923662343,0.7765783955890346,0.35031451425021354,0.7765783955890346,0.3557505630193368,0.7765783955890346,0.39139551137687345,0.045585151821076336,0.7765783955890346,0.7765783955890346,0.3686417643861148,0.41578007299836917,0.7765783955890346,0.7765783955890346,0.40568455385571167,0.7765783955890346,0.7765783955890346,0.7765783955890346,0.7765783955890346,0.7765783955890346,0.4624524345732702,0.7765783955890346,0.7765783955890346,0.5112215578162616,0.7765783955890346,0.537469907587171,0.09808185136289507,0.49693251533742333,0.3388988118350547,0.7765783955890346,0.6344645491962414,0.7765783955890346,0.32763842509901375,0.3912401956977557,0.27226838549351556,0.7765783955890346,0.7079288654189639,0.7765783955890346,0.7765783955890346,0.7765783955890346,0.7765783955890346,0.7765783955890346,0.7765783955890346,0.4961559369418343,0.49429214879242056,0.7765783955890346,0.04900209676166809,0.7765783955890346,0.48947736273976855,0.48450726100799874
hhm13,0.7867201636377941,0.7867201636377941,0.34261663126425934,0.7867201636377941,0.45724175910628595,0.7867201636377941,0.3145307214223901,0.7867201636377941,0.5408701125009835,0.5153017071827551,0.7867201636377941,0.3847848320352451,0.48792384548815987,0.7867201636377941,0.46447958461175365,0.4266383447407757,0.45346550232082455,0.5082998977263787,0.7867201636377941,0.7867201636377941,0.4522854220753678,0.17677602076941235,0.7867201636377941,0.631578947368421,0.37447879789159,0.7867201636377941,0.5736763433246794,0.40571158838801047,0.7867201636377941,0.2936826370859886,0.3189363543387617,0.45063330973172844,0.5092439619227441,0.3103611045551098,0.4305719455589647,0.37392809377704356,0.4504759656990009,0.4625914562190229,0.557076547871922,0.4597592636299269,0.7867201636377941,0.7867201636377941,0.41648965462984816,0.3261741798442295,0.1861379907167021,0.7867201636377941,0.25127842026591146,0.35662025017701204,0.3471009361969947,0.10345370151836993,0.30674219180237594,0.7867201636377941,0.550310754464637,0.1807096215876013,0.28030839430414606,0.7867201636377941,0.5199433561482182,0.5260011014082291,0.6541578160648258,0.7867201636377941
hhm14,0.5067971723762914,0.7768197001475957,0.29682280742639633,0.7768197001475957,0.7768197001475957,0.507573992076439,0.7768197001475957,0.7768197001475957,0.6783189621688805,0.5328983143012506,0.5355395012817524,0.37691291851161346,0.4218907791501592,0.7768197001475957,0.24990289753748152,0.7768197001475957,0.5743028043191174,0.21836401771148917,0.7768197001475957,0.6776198244387477,0.7768197001475957,0.7768197001475957,0.7768197001475957,0.07465237318418395,0.45645925580672725,0.5755457158393537,0.7768197001475957,0.33154664802299383,0.7768197001475957,0.5516196690748076,0.42740619902120713,0.2993086304668686,0.4582459411170667,0.4800745746912141,0.7768197001475957,0.5220228384991843,0.7768197001475957,0.23801755612522332,0.34964654703643283,0.48193894197156834,0.46686863978870496,0.7768197001475957,0.39641109298531807,0.42841606463139903,0.37939874155208575,0.7768197001475957,0.273984308242057,0.29301639089567305,0.5225666122892876,0.2740619902120718,0.3114270177891711,0.7768197001475957,0.5576788627359589,0.233278955954323,0.24469820554649263,0.7768197001475957,0.562184416996815,0.7768197001475957,0.3817292006525285,0.7768197001475957
hhm15,0.3404724409448819,0.7874015748031495,0.20456692913385824,0.7874015748031495,0.7874015748031495,0.7874015748031495,0.36692913385826775,0.6622834645669291,0.28551181102362205,0.6638582677165354,0.7874015748031495,0.31291338582677164,0.1578740157480315,0.7874015748031495,0.37905511811023623,0.19385826771653544,0.21354330708661418,0.31078740157480317,0.5771653543307086,0.6244094488188976,0.31031496062992125,0.39566929133858264,0.45267716535433067,0.34755905511811025,0.2907086614173228,0.272755905511811,0.7874015748031495,0.09464566929133858,0.7874015748031495,0.500472440944882,0.3378740157480315,0.287007874015748,0.04716535433070866,0.28874015748031495,0.2577952755905512,0.38551181102362203,0.491259842519685,0.43181102362204726,0.37503937007874016,0.13433070866141733,0.4670866141732283,0.5436220472440945,0.4664566929133859,0.44913385826771657,0.3506299212598425,0.7874015748031495,0.3677952755905512,0.347244094488189,0.7874015748031495,0.4224409448818897,0.3160629921259842,0.5918897637795276,0.4396062992125984,0.3299212598425197,0.33551181102362204,0.4592125984251969,0.25582677165354334,0.4354330708661417,0.4549606299212598,0.507244094488189
hhm16,0.36778983438035406,0.8158603247124092,0.3776617443093742,0.4873949579831933,0.8158603247124092,0.8158603247124092,0.5420575997389246,0.8158603247124092,0.36281308639960835,0.5857877131435097,0.8158603247124092,0.5103206331076119,0.518805580484621,0.8158603247124092,0.4276739822142449,0.24108672595251693,0.5217426776535856,0.5146446928285877,0.8158603247124092,0.8158603247124092,0.42457371298033775,0.3947948111283348,0.8158603247124092,0.4695276168719915,0.3827200783225912,0.8158603247124092,0.8158603247124092,0.24704250632291752,0.8158603247124092,0.8158603247124092,0.8158603247124092,0.4628375622093498,0.5292485926409399,0.14579424002610752,0.26605205188871667,0.3276495064045036,0.36395529085420575,0.8158603247124092,0.37325609855592723,0.38223056212776374,0.45647385167659293,0.426368605694705,0.5058334013216937,0.4782573223464143,0.5419760137064534,0.5478502080443828,0.3690136248674227,0.33385004487231784,0.5557640531940932,0.35073835359386474,0.3184302847352533,0.8158603247124092,0.42620543362976254,0.4077669902912622,0.5950885208452313,0.4910663294443991,0.5711022272986864,0.3948763971608061,0.5815452394550052,0.8158603247124092
hhm17,0.846811753747142,0.4675247692437971,0.6863409264120586,0.28850876450165125,0.846811753747142,0.5379795071555593,0.846811753747142,0.846811753747142,0.5966635616902363,0.4310271826572953,0.18816157168261496,0.846811753747142,0.846811753747142,0.4587179270048268,0.19417393513421966,0.6058938098060801,0.846811753747142,0.624608349563892,0.846811753747142,0.7064103649758658,0.2845287492590397,0.846811753747142,0.6628842408332628,0.39994919129477513,0.6290964518587517,0.44245914133288167,0.5069861969684138,0.3376238462189855,0.4384791260902701,0.5168938944872555,0.18985519519010924,0.846811753747142,0.5791345583876704,0.846811753747142,0.49352189008383435,0.6105512744516893,0.3948683207722923,0.41756287577271567,0.4629519857735625,0.29079515623676855,0.5363705648234397,0.5157083580320094,0.20365822677618764,0.7246168176814294,0.5150309086290117,0.4379710390380218,0.27250402235583027,0.4537217376577187,0.44618511304936914,0.5434837835549158,0.5028368193750529,0.606486578033703,0.2798712846134304,0.3132356677110678,0.6457786434075704,0.7412143280548733,0.4513506647472266,0.5014819205690574,0.24574477093742061,0.43822508256414594
hhm18,0.7652865998316369,0.7652865998316369,0.7652865998316369,0.7652865998316369,0.7652865998316369,0.03994796051121145,0.7652865998316369,0.44876406214127196,0.7652865998316369,0.38646973291497666,0.41654549628836,0.38608708961506083,0.7652865998316369,0.7652865998316369,0.7652865998316369,0.7652865998316369,0.7652865998316369,0.7652865998316369,0.7652865998316369,0.7652865998316369,0.5138899517869442,0.7652865998316369,0.7652865998316369,0.7652865998316369,0.4577944440192852,0.7652865998316369,0.7652865998316369,0.7652865998316369,0.7652865998316369,0.5014923088696717,0.7652865998316369,0.7652865998316369,0.7652865998316369,0.7652865998316369,0.7652865998316369,0.7652865998316369,0.7652865998316369,0.7652865998316369,0.7652865998316369,0.7652865998316369,0.7652865998316369,0.7652865998316369,0.6822530037499043,0.7652865998316369,0.7652865998316369,0.5570521160174485,0.42917272518558197,0.7652865998316369,0.2681564245810056,0.6689370169128339,0.7652865998316369,0.7652865998316369,0.5616438356164384,0.46713094053723125,0.7652865998316369,0.7652865998316369,0.7652865998316369,0.7652865998316369,0.7652865998316369,0.7652865998316369
hhm19,0.8254911672445104,0.8254911672445104,0.8254911672445104,0.8254911672445104,0.8254911672445104,0.6543668482747234,0.8254911672445104,0.5662043916130097,0.5406967145451543,0.8254911672445104,0.8254911672445104,0.8254911672445104,0.49133234274393256,0.3287931319134885,0.8254911672445104,0.460293874855539,0.520141984480766,0.5534092785207199,0.49694568268119527,0.6217599471685653,0.2463265643057619,0.32491332342743934,0.3890539871223378,0.8254911672445104,0.707363381211821,0.8254911672445104,0.24665676077265974,0.6662539210830444,0.8254911672445104,0.3122833085685983,0.6179626877992406,0.1512299818391943,0.5932805018986297,0.8254911672445104,0.8254911672445104,0.5001650982334489,0.8254911672445104,0.8254911672445104,0.8254911672445104,0.5770183259039129,0.4947994056463596,0.6608056793792306,0.3989598811292719,0.6928347366683176,0.44469209179461777,0.370975730559683,0.4065543998679214,0.4827472346045897,0.5206372791811128,0.8254911672445104,0.8254911672445104,0.8254911672445104,0.6480105662869408,0.5964173683341588,0.8254911672445104,0.12093445600132077,0.8254911672445104,0.44815915469704476,0.21875515931979528,0.03805514280997194
A,0.5454545454545454,0.5454545454545454,0.5454545454545454,0.5,0.45454545454545453,0.4090909090909091,0.5454545454545454,0.5454545454545454,0.5909090909090909,0.45454545454545453,0.5909090909090909,0.7272727272727273,0.5909090909090909,0.5454545454545454,0.8181818181818182,0.6363636363636364,0.5454545454545454,0.5909090909090909,0.5,0.5909090909090909,0.5909090909090909,0.5909090909090909,0.45454545454545453,0.5454545454545454,0.6818181818181818,0.8636363636363636,0.45454545454545453,0.6363636363636364,0.45454545454545453,0.5,0.5454545454545454,0.5454545454545454,0.6363636363636364,0.5454545454545454,0.7272727272727273,0.5454545454545454,0.5454545454545454,0.5,0.6363636363636364,0.6363636363636364,0.5909090909090909,0.45454545454545453,0.6363636363636364,0.5454545454545454,0.6363636363636364,0.4090909090909091,0.5909090909090909,0.8181818181818182,0.45454545454545453,0.5454545454545454,0.5909090909090909,0.45454545454545453,0.45454545454545453,0.5909090909090909,0.7272727272727273,0.4090909090909091,0.5454545454545454,0.5454545454545454,0.6818181818181818,0.36363636363636365
R,0.47619047619047616,0.38095238095238093,0.47619047619047616,0.3333333333333333,0.42857142857142855,0.5238095238095238,0.47619047619047616,0.23809523809523808,0.3333333333333333,0.38095238095238093,0.5238095238095238,0.47619047619047616,0.42857142857142855,0.38095238095238093,0.6666666666666666,0.5238095238095238,0.38095238095238093,0.42857142857142855,0.47619047619047616,0.5238095238095238,0.47619047619047616,0.5238095238095238,0.3333333333333333,0.8095238095238095,0.47619047619047616,0.42857142857142855,0.3333333333333333,0.5714285714285714,0.2857142857142857,0.38095238095238093,0.5238095238095238,0.6190476190476191,0.47619047619047616,0.5238095238095238,0.47619047619047616,0.47619047619047616,0.42857142857142855,0.6666666666666666,0.47619047619047616,0.47619047619047616,0.47619047619047616,0.2857142857142857,0.42857142857142855,0.47619047619047616,0.6190476190476191,0.3333333333333333,0.6666666666666666,0.5714285714285714,0.38095238095238093,0.5714285714285714,0.5714285714285714,0.23809523809523808,0.3333333333333333,0.7142857142857143,0.5714285714285714,0.38095238095238093,0.42857142857142855,0.42857142857142855,0.42857142857142855,0.2857142857142857
N,0.8095238095238095,0.5714285714285714,0.6190476190476191,0.3333333333333333,0.9523809523809523,0.2857142857142857,0.8095238095238095,0.2857142857142857,0.38095238095238093,0.2857142857142857,0.38095238095238093,0.5238095238095238,0.6190476190476191,0.42857142857142855,0.42857142857142855,0.6666666666666666,0.42857142857142855,0.38095238095238093,0.3333333333333333,0.5714285714285714,0.5238095238095238,0.5238095238095238,0.3333333333333333,0.47619047619047616,0.5714285714285714,0.42857142857142855,0.3333333333333333,0.47619047619047616,0.3333333333333333,0.47619047619047616,0.5238095238095238,0.6190476190476191,0.6190476190476191,0.5714285714285714,0.5238095238095238,0.6666666666666666,0.47619047619047616,0.5238095238095238,0.5714285714285714,0.47619047619047616,0.5714285714285714,0.3333333333333333,0.38095238095238093,0.5238095238095238,0.5714285714285714,0.38095238095238093,0.5714285714285714,0.5714285714285714,0.42857142857142855,0.47619047619047616,0.7142857142857143,0.2857142857142857,0.3333333333333333,0.47619047619047616,0.5238095238095238,0.7142857142857143,0.42857142857142855,0.6666666666666666,0.38095238095238093,0.2857142857142857
D,0.7272727272727273,0.45454545454545453,0.7727272727272727,0.36363636363636365,0.5909090909090909,0.2727272727272727,0.7727272727272727,0.5454545454545454,0.45454545454545453,0.2727272727272727,0.36363636363636365,0.5454545454545454,0.7272727272727273,0.36363636363636365,0.45454545454545453,0.5909090909090909,0.5,0.45454545454545453,0.36363636363636365,0.45454545454545453,0.6363636363636364,0.6363636363636364,0.36363636363636365,0.5454545454545454,0.6818181818181818,0.5454545454545454,0.36363636363636365,0.5,0.3181818181818182,0.4090909090909091,0.45454545454545453,0.5454545454545454,0.5909090909090909,0.5909090909090909,0.6363636363636364,0.7727272727272727,0.5454545454545454,0.5454545454545454,0.5454545454545454,0.5,0.9090909090909091,0.45454545454545453,0.45454545454545453,0.8181818181818182,0.5,0.3181818181818182,0.5,0.5909090909090909,0.3181818181818182,0.4090909090909091,0.7272727272727273,0.2727272727272727,0.3181818181818182,0.5909090909090909,0.5909090909090909,0.36363636363636365,0.36363636363636365,0.8181818181818182,0.4090909090909091,0.2727272727272727
C,0.4074074074074074,0.37037037037037035,0.37037037037037035,0.4444444444444444,0.37037037037037035,0.37037037037037035,0.37037037037037035,0.9629629629629629,0.37037037037037035,0.9629629629629629,0.4444444444444444,0.4074074074074074,0.4074074074074074,0.4074074074074074,0.4444444444444444,0.4444444444444444,0.37037037037037035,0.37037037037037035,0.9629629629629629,0.4074074074074074,0.4444444444444444,0.4074074074074074,0.37037037037037035,0.4074074074074074,0.4444444444444444,0.4444444444444444,0.5555555555555556,0.4444444444444444,0.9629629629629629,0.4074074074074074,0.4444444444444444,0.48148148148148145,0.4444444444444444,0.4444444444444444,0.4074074074074074,0.37037037037037035,0.4074074074074074,0.37037037037037035,0.5185185185185185,0.4444444444444444,0.48148148148148145,0.9629629629629629,0.4444444444444444,0.37037037037037035,0.4074074074074074,0.37037037037037035,0.4444444444444444,0.48148148148148145,0.5185185185185185,0.3333333333333333,0.4074074074074074,1.0,0.4074074074074074,0.4074074074074074,0.37037037037037035,0.5555555555555556,0.3333333333333333,0.3333333333333333,0.4444444444444444,0.3333333333333333
Q,0.42857142857142855,0.3333333333333333,0.5238095238095238,0.2857142857142857,0.42857142857142855,0.2857142857142857,0.47619047619047616,0.23809523809523808,0.42857142857142855,0.42857142857142855,0.38095238095238093,0.47619047619047616,0.47619047619047616,0.38095238095238093,0.47619047619047616,0.5238095238095238,0.3333333333333333,0.42857142857142855,0.2857142857142857,0.38095238095238093,0.5238095238095238,0.7142857142857143,0.2857142857142857,0.5238095238095238,0.5238095238095238,0.38095238095238093,0.42857142857142855,0.5238095238095238,0.23809523809523808,0.47619047619047616,0.5238095238095238,0.47619047619047616,0.42857142857142855,0.6190476190476191,0.5238095238095238,0.5238095238095238,0.47619047619047616,0.5238095238095238,0.38095238095238093,0.5238095238095238,0.42857142857142855,0.2857142857142857,0.38095238095238093,0.47619047619047616,0.7619047619047619,0.23809523809523808,0.6190476190476191,0.47619047619047616,0.3333333333333333,0.9047619047619048,0.6190476190476191,0.19047619047619047,0.3333333333333333,0.7619047619047619,0.6190476190476191,0.3333333333333333,0.42857142857142855,0.47619047619047616,0.42857142857142855,0.2857142857142857
E,0.55,0.45,0.85,0.35,0.5,0.3,0.8,0.3,0.4,0.3,0.4,0.5,0.55,0.4,0.5,0.6,0.4,0.45,0.35,0.5,0.8,0.8,0.35,0.55,0.75,0.45,0.35,0.55,0.3,0.4,0.5,0.55,0.55,0.7,0.85,0.9,0.7,0.6,0.55,0.55,0.7,0.3,0.5,0.8,0.65,0.3,0.6,0.55,0.3,0.6,0.8,0.25,0.45,0.6,0.7,0.4,0.5,0.8,0.55,0.3
G,0.5454545454545454,0.9545454545454546,0.5,0.36363636363636365,0.5,0.36363636363636365,0.5909090909090909,0.36363636363636365,0.4090909090909091,0.36363636363636365,0.4090909090909091,0.9090909090909091,0.8636363636363636,0.4090909090909091,0.5454545454545454,0.5909090909090909,0.9545454545454546,0.45454545454545453,0.5454545454545454,0.9545454545454546,0.5454545454545454,0.5454545454545454,0.4090909090909091,0.5,0.5909090909090909,0.5454545454545454,0.4090909090909091,0.5909090909090909,0.4090909090909091,0.45454545454545453,0.5,0.5,0.5454545454545454,0.5,0.5,0.5454545454545454,0.45454545454545453,0.45454545454545453,0.9090909090909091,0.6363636363636364,0.5454545454545454,0.4090909090909091,0.5454545454545454,0.5909090909090909,0.5,0.36363636363636365,0.5454545454545454,0.6818181818181818,0.36363636363636365,0.4090909090909091,0.5909090909090909,0.36363636363636365,0.36363636363636365,0.5454545454545454,0.5,0.36363636363636365,0.36363636363636365,0.5,0.45454545454545453,0.3181818181818182
H,0.4166666666666667,0.3333333333333333,0.4166666666666667,0.2916666666666667,0.4166666666666667,0.2916666666666667,0.5416666666666666,0.25,0.5,0.25,0.3333333333333333,0.3333333333333333,0.5416666666666666,0.3333333333333333,0.5,0.6666666666666666,0.3333333333333333,0.2916666666666667,0.2916666666666667,0.3333333333333333,0.5,0.5416666666666666,0.3333333333333333,0.375,0.5,0.3333333333333333,0.3333333333333333,0.375,0.25,0.375,0.7916666666666666,0.5416666666666666,0.5,0.4166666666666667,0.5416666666666666,0.4166666666666667,0.4583333333333333,0.375,0.3333333333333333,0.4583333333333333,0.375,0.2916666666666667,0.375,0.5833333333333334,0.5833333333333334,0.5,0.5,0.4166666666666667,0.2916666666666667,0.5833333333333334,0.4166666666666667,0.375,0.375,0.4166666666666667,0.4166666666666667,0.7916666666666666,0.25,0.5,0.5833333333333334,0.4166666666666667
I,0.4583333333333333,0.375,0.4166666666666667,0.9166666666666666,0.375,0.4166666666666667,0.4166666666666667,0.4166666666666667,0.4166666666666667,0.4583333333333333,0.7083333333333334,0.4166666666666667,0.4166666666666667,0.6666666666666666,0.5416666666666666,0.5,0.4166666666666667,0.4583333333333333,0.4583333333333333,0.4166666666666667,0.5833333333333334,0.4583333333333333,0.5833333333333334,0.5833333333333334,0.5416666666666666,0.5,0.625,0.5,0.4583333333333333,0.5833333333333334,0.6666666666666666,0.5416666666666666,0.4583333333333333,0.5416666666666666,0.4583333333333333,0.4166666666666667,0.625,0.4583333333333333,0.4166666666666667,0.625,0.4166666666666667,0.4583333333333333,0.75,0.4583333333333333,0.4583333333333333,0.5833333333333334,0.5833333333333334,0.5416666666666666,0.5416666666666666,0.4166666666666667,0.4583333333333333,0.4166666666666667,0.7083333333333334,0.5,0.4583333333333333,0.5416666666666666,0.375,0.4166666666666667,0.7083333333333334,0.4166666666666667
L,0.5,0.4090909090909091,0.45454545454545453,0.7272727272727273,0.4090909090909091,0.5,0.45454545454545453,0.45454545454545453,0.5909090909090909,0.45454545454545453,0.8636363636363636,0.45454545454545453,0.45454545454545453,0.8181818181818182,0.5909090909090909,0.5454545454545454,0.45454545454545453,0.5454545454545454,0.5,0.5,0.6363636363636364,0.5454545454545454,0.6363636363636364,0.5909090909090909,0.5909090909090909,0.5909090909090909,0.7272727272727273,0.6363636363636364,0.5,0.7272727272727273,0.7272727272727273,0.5909090909090909,0.5,0.5909090909090909,0.5,0.45454545454545453,0.5909090909090909,0.5,0.45454545454545453,0.6363636363636364,0.45454545454545453,0.5454545454545454,0.7272727272727273,0.5,0.5454545454545454,0.6818181818181818,0.6363636363636364,0.5909090909090909,0.7727272727272727,0.5454545454545454,0.5,0.5454545454545454,0.6818181818181818,0.5909090909090909,0.5454545454545454,0.45454545454545453,0.5,0.5,0.8181818181818182,0.5
K,0.5,0.45454545454545453,0.5454545454545454,0.36363636363636365,0.5,0.36363636363636365,0.5454545454545454,0.3181818181818182,0.4090909090909091,0.4090909090909091,0.4090909090909091,0.5454545454545454,0.5,0.5,0.6363636363636364,0.5909090909090909,0.4090909090909091,0.5,0.36363636363636365,0.45454545454545453,0.6363636363636364,0.5454545454545454,0.36363636363636365,0.7727272727272727,0.5909090909090909,0.45454545454545453,0.36363636363636365,0.5454545454545454,0.3181818181818182,0.4090909090909091,0.5454545454545454,0.6818181818181818,0.5,0.6818181818181818,0.5909090909090909,0.5454545454545454,0.5454545454545454,0.8636363636363636,0.5454545454545454,0.5454545454545454,0.6363636363636364,0.3181818181818182,0.45454545454545453,0.5909090909090909,0.7272727272727273,0.3181818181818182,0.6818181818181818,0.5909090909090909,0.36363636363636365,0.5454545454545454,0.6363636363636364,0.2727272727272727,0.36363636363636365,0.6818181818181818,0.8636363636363636,0.4090909090909091,0.5454545454545454,0.5454545454545454,0.5,0.3181818181818182
M,0.4230769230769231,0.34615384615384615,0.38461538461538464,0.5384615384615384,0.38461538461538464,0.38461538461538464,0.38461538461538464,0.34615384615384615,0.34615384615384615,0.34615384615384615,0.5769230769230769,0.38461538461538464,0.38461538461538464,0.8846153846153846,0.46153846153846156,0.4230769230769231,0.34615384615384615,0.34615384615384615,0.38461538461538464,0.38461538461538464,0.5,0.4230769230769231,0.5769230769230769,0.4230769230769231,0.5,0.4230769230769231,0.46153846153846156,0.5,0.38461538461538464,0.5384615384615384,0.5769230769230769,0.5,0.4230769230769231,0.6153846153846154,0.46153846153846156,0.38461538461538464,0.5384615384615384,0.4230769230769231,0.38461538461538464,0.6923076923076923,0.34615384615384615,0.38461538461538464,0.5769230769230769,0.38461538461538464,0.4230769230769231,0.5769230769230769,0.5384615384615384,0.46153846153846156,0.8846153846153846,0.6538461538461539,0.5,0.34615384615384615,0.8461538461538461,0.5,0.38461538461538464,0.34615384615384615,0.3076923076923077,0.34615384615384615,0.5769230769230769,0.38461538461538464
F,0.391304347826087,0.34782608695652173,0.34782608695652173,0.5217391304347826,0.34782608695652173,0.6956521739130435,0.34782608695652173,0.34782608695652173,0.34782608695652173,0.30434782608695654,0.5217391304347826,0.34782608695652173,0.391304347826087,0.5217391304347826,0.5217391304347826,0.4782608695652174,0.34782608695652173,0.30434782608695654,0.34782608695652173,0.34782608695652173,0.5217391304347826,0.4782608695652174,0.9130434782608695,0.391304347826087,0.43478260869565216,0.6521739130434783,0.9130434782608695,0.5652173913043478,0.34782608695652173,0.8695652173913043,0.6086956521739131,0.6086956521739131,0.391304347826087,0.43478260869565216,0.391304347826087,0.34782608695652173,0.391304347826087,0.4782608695652174,0.34782608695652173,0.4782608695652174,0.34782608695652173,0.34782608695652173,0.6086956521739131,0.34782608695652173,0.391304347826087,0.9565217391304348,0.4782608695652174,0.43478260869565216,0.6956521739130435,0.5217391304347826,0.34782608695652173,0.30434782608695654,0.782608695652174,0.391304347826087,0.34782608695652173,0.5652173913043478,0.2608695652173913,0.30434782608695654,0.4782608695652174,0.782608695652174
P,0.4782608695652174,0.43478260869565216,0.4782608695652174,0.391304347826087,0.43478260869565216,0.30434782608695654,0.4782608695652174,0.34782608695652173,0.9565217391304348,0.34782608695652173,0.5217391304347826,0.43478260869565216,0.5652173913043478,0.391304347826087,0.6086956521739131,0.4782608695652174,0.6086956521739131,0.9565217391304348,0.391304347826087,0.43478260869565216,0.6086956521739131,0.6086956521739131,0.391304347826087,0.6086956521739131,0.5217391304347826,0.4782608695652174,0.391304347826087,0.4782608695652174,0.391304347826087,0.43478260869565216,0.5217391304347826,0.4782608695652174,0.4782608695652174,0.5652173913043478,0.4782608695652174,0.5652173913043478,0.8260869565217391,0.5217391304347826,0.6086956521739131,0.4782608695652174,0.43478260869565216,0.391304347826087,0.43478260869565216,0.5217391304347826,0.7391304347826086,0.34782608695652173,0.5652173913043478,0.4782608695652174,0.34782608695652173,0.43478260869565216,0.4782608695652174,0.30434782608695654,0.391304347826087,0.4782608695652174,0.43478260869565216,0.34782608695652173,0.9565217391304348,0.43478260869565216,0.5217391304347826,0.30434782608695654
S,0.6666666666666666,0.5238095238095238,0.6666666666666666,0.47619047619047616,0.6190476190476191,0.3333333333333333,0.5714285714285714,0.47619047619047616,0.5238095238095238,0.47619047619047616,0.47619047619047616,0.5238095238095238,0.6666666666666666,0.42857142857142855,0.5714285714285714,0.7619047619047619,0.6666666666666666,0.6190476190476191,0.5238095238095238,0.5238095238095238,0.6190476190476191,0.6190476190476191,0.5238095238095238,0.5714285714285714,0.6666666666666666,0.6666666666666666,0.42857142857142855,0.8571428571428571,0.42857142857142855,0.5238095238095238,0.5238095238095238,0.6190476190476191,0.9047619047619048,0.6190476190476191,0.5714285714285714,0.5238095238095238,0.5238095238095238,0.5714285714285714,0.5238095238095238,0.8095238095238095,0.5238095238095238,0.47619047619047616,0.5238095238095238,0.5238095238095238,0.6190476190476191,0.38095238095238093,0.6190476190476191,0.6190476190476191,0.38095238095238093,0.5714285714285714,0.6190476190476191,0.38095238095238093,0.47619047619047616,0.6666666666666666,0.5238095238095238,0.42857142857142855,0.47619047619047616,0.5714285714285714,0.5238095238095238,0.3333333333333333
T,0.782608695652174,0.43478260869565216,0.5652173913043478,0.4782608695652174,0.5217391304347826,0.391304347826087,0.5217391304347826,0.43478260869565216,0.5652173913043478,0.4782608695652174,0.5652173913043478,0.4782608695652174,0.5652173913043478,0.5217391304347826,0.5652173913043478,0.6521739130434783,0.5217391304347826,0.4782608695652174,0.43478260869565216,0.4782608695652174,0.5652173913043478,0.5652173913043478,0.43478260869565216,0.5652173913043478,0.6086956521739131,0.6521739130434783,0.43478260869565216,0.6956521739130435,0.43478260869565216,0.4782608695652174,0.5217391304347826,0.5652173913043478,0.5652173913043478,0.782608695652174,0.5652173913043478,0.5217391304347826,0.5652173913043478,0.5217391304347826,0.5217391304347826,0.6086956521739131,0.4782608695652174,0.43478260869565216,0.5217391304347826,0.5217391304347826,0.5652173913043478,0.391304347826087,0.6086956521739131,0.6956521739130435,0.4782608695652174,0.5217391304347826,0.6086956521739131,0.391304347826087,0.43478260869565216,0.5217391304347826,0.5217391304347826,0.391304347826087,0.391304347826087,0.5652173913043478,0.5217391304347826,0.391304347826087
W,0.3333333333333333,0.3333333333333333,0.3333333333333333,0.37037037037037035,0.2962962962962963,0.9629629629629629,0.3333333333333333,0.5555555555555556,0.2962962962962963,0.5555555555555556,0.37037037037037035,0.5925925925925926,0.37037037037037035,0.37037037037037035,0.37037037037037035,0.37037037037037035,0.3333333333333333,0.2962962962962963,0.3333333333333333,0.37037037037037035,0.5185185185185185,0.37037037037037035,0.6296296296296297,0.37037037037037035,0.5185185185185185,0.37037037037037035,0.4444444444444444,0.37037037037037035,0.3333333333333333,0.5555555555555556,0.4074074074074074,0.48148148148148145,0.37037037037037035,0.37037037037037035,0.37037037037037035,0.3333333333333333,0.37037037037037035,0.37037037037037035,0.37037037037037035,0.37037037037037035,0.3333333333333333,0.3333333333333333,0.4444444444444444,0.3333333333333333,0.4074074074074074,0.5555555555555556,0.6296296296296297,0.37037037037037035,0.5925925925925926,0.4074074074074074,0.3333333333333333,0.2962962962962963,0.5185185185185185,0.37037037037037035,0.3333333333333333,0.4074074074074074,0.25925925925925924,0.2962962962962963,0.4074074074074074,0.48148148148148145
Y,0.36363636363636365,0.3181818181818182,0.36363636363636365,0.4090909090909091,0.36363636363636365,0.5454545454545454,0.36363636363636365,0.5,0.5454545454545454,0.2727272727272727,0.4090909090909091,0.36363636363636365,0.36363636363636365,0.4090909090909091,0.4090909090909091,0.5454545454545454,0.3181818181818182,0.3181818181818182,0.5454545454545454,0.3181818181818182,0.6363636363636364,0.45454545454545453,0.6363636363636364,0.4090909090909091,0.5,0.4090909090909091,0.6363636363636364,0.45454545454545453,0.5,0.6818181818181818,0.5454545454545454,0.8181818181818182,0.36363636363636365,0.4090909090909091,0.5,0.45454545454545453,0.4090909090909091,0.36363636363636365,0.36363636363636365,0.45454545454545453,0.45454545454545453,0.5454545454545454,0.5454545454545454,0.4090909090909091,0.45454545454545453,0.5454545454545454,0.5,0.4090909090909091,0.4090909090909091,0.36363636363636365,0.36363636363636365,0.5,0.5,0.45454545454545453,0.36363636363636365,0.9090909090909091,0.2727272727272727,0.3181818181818182,0.5909090909090909,0.9545454545454546
V,0.5217391304347826,0.43478260869565216,0.4782608695652174,0.6956521739130435,0.43478260869565216,0.43478260869565216,0.43478260869565216,0.4782608695652174,0.43478260869565216,0.5652173913043478,0.7391304347826086,0.4782608695652174,0.4782608695652174,0.6086956521739131,0.6521739130434783,0.5652173913043478,0.4782608695652174,0.5217391304347826,0.4782608695652174,0.43478260869565216,0.6521739130434783,0.5652173913043478,0.5652173913043478,0.6521739130434783,0.5652173913043478,0.5652173913043478,0.6086956521739131,0.5652173913043478,0.6086956521739131,0.5652173913043478,0.7391304347826086,0.5217391304347826,0.4782608695652174,0.5652173913043478,0.5652173913043478,0.5217391304347826,0.7391304347826086,0.4782608695652174,0.5217391304347826,0.6086956521739131,0.43478260869565216,0.4782608695652174,0.8260869565217391,0.5217391304347826,0.5217391304347826,0.5652173913043478,0.6956521739130435,0.6521739130434783,0.6086956521739131,0.43478260869565216,0.5217391304347826,0.43478260869565216,0.6086956521739131,0.6086956521739131,0.4782608695652174,0.43478260869565216,0.391304347826087,0.43478260869565216,0.7391304347826086,0.43478260869565216
