,D,V,P,L,P.1,A,G,W,E,M,A.1,K,T,S,S.1,G.1,Q,R,Y,F,L.1,N,H,I,D.1,Q.1,T.1,T.2,T.3,W.1,Q.2,D.2,P.2,R.1,K.1,A.2
ASA,0.6815384615384615,0.4543589743589744,0.4358974358974359,0.2076923076923077,0.20307692307692307,0.46512820512820513,0.28410256410256407,0.2815384615384615,0.5512820512820513,0.48512820512820515,0.14358974358974358,0.6512820512820513,0.1564102564102564,0.5282051282051282,0.45897435897435895,0.2574358974358974,0.4676923076923077,0.5194871794871796,0.19692307692307692,0.25384615384615383,0.12102564102564102,0.19692307692307692,0.35743589743589743,0.5723076923076924,0.42102564102564105,0.4938461538461539,0.36717948717948723,0.20564102564102565,0.3876923076923077,0.3774358974358975,0.46461538461538465,0.3235897435897436,0.19384615384615383,0.5553846153846155,0.6671794871794872,0.49282051282051287
HSE_alpha_up,0.025806451612903226,0.17096774193548386,0.19032258064516128,0.6161290322580646,0.36774193548387096,0.06451612903225806,0.041935483870967745,0.5612903225806453,0.12580645161290321,0.3838709677419355,0.31612903225806455,0.15161290322580645,0.3774193548387097,0.02258064516129032,0.025806451612903226,0.1064516129032258,0.14193548387096772,0.3709677419354839,0.5548387096774193,0.44193548387096776,0.6096774193548388,0.3387096774193548,0.4548387096774194,0.08387096774193548,0.12580645161290321,0.3258064516129033,0.1064516129032258,0.5612903225806453,0.1193548387096774,0.5709677419354838,0.19032258064516128,0.36774193548387096,0.4967741935483871,0.33548387096774196,0.13870967741935483,0.1064516129032258
HSE_alpha_down,0.254071661237785,0.22149837133550487,0.4234527687296417,0.25732899022801303,0.3680781758957655,0.4429967426710097,0.45928338762214976,0.15960912052117263,0.5504885993485341,0.3583061889250814,0.4104234527687297,0.42019543973941365,0.244299674267101,0.2768729641693811,0.24104234527687296,0.27361563517915305,0.37785016286644957,0.4104234527687297,0.44951140065146583,0.5830618892508143,0.4918566775244299,0.5407166123778501,0.3615635179153095,0.4234527687296417,0.35179153094462545,0.32899022801302935,0.5276872964169381,0.29967426710097717,0.6221498371335504,0.29967426710097717,0.5407166123778501,0.4299674267100977,0.254071661237785,0.2931596091205212,0.2931596091205212,0.1237785016286645
P(C),0.995,0.995,0.9940000000000001,0.995,0.997,0.9940000000000001,0.98,0.8059999999999999,0.073,0.055,0.053,0.07200000000000001,0.9670000000000001,0.9940000000000001,0.991,0.996,0.9670000000000001,0.142,0.198,0.28600000000000003,0.21100000000000002,0.6829999999999999,0.9840000000000001,0.9890000000000001,0.99,0.987,0.396,0.251,0.322,0.511,0.514,0.8490000000000001,0.8059999999999999,0.8029999999999999,0.85,0.9940000000000001
P(H),0.0,0.0,0.0,0.0,0.002,0.005,0.012,0.013999999999999999,0.001,0.001,0.001,0.001,0.001,0.006,0.006999999999999999,0.002,0.0,0.001,0.002,0.005,0.002,0.005,0.009000000000000001,0.01,0.006999999999999999,0.001,0.003,0.003,0.003,0.009000000000000001,0.011000000000000001,0.006,0.17,0.177,0.121,0.005
P(E),0.004,0.005,0.006,0.005,0.001,0.001,0.008,0.18,0.927,0.9440000000000001,0.9470000000000001,0.927,0.033,0.001,0.001,0.003,0.032,0.857,0.799,0.71,0.787,0.312,0.006999999999999999,0.002,0.003,0.012,0.601,0.747,0.675,0.48,0.475,0.145,0.024,0.02,0.028999999999999998,0.001
cosPhi,0.5851065319176271,0.38327848560389527,0.677555545154192,0.6039576851673287,0.694564090831167,0.7223197899021362,0.5226830862467411,0.5209394137351894,0.21968117190481737,0.5052374310977865,0.10707187957156471,0.3875256532975149,0.5026195129807469,0.7393481811513694,0.5069826345254247,0.5113452244314379,0.5444488069174445,0.5687240054492054,0.20048881146543146,0.32163198008623145,0.3697488719970058,0.5104727649290648,0.6767394833538882,0.6734698772911081,0.3858257402358935,0.7370463496928514,0.2637254209182298,0.2855333030817245,0.2117844870468883,0.4764482259879975,0.2761212971933321,0.5635340209217263,0.6627860961884333,0.6243468454497475,0.5235548201923863,0.5078552056697634
cosPsi,0.994378190523503,0.1266809088573042,0.08942539543314793,0.08942539543314793,0.05689821038439263,0.12321830384918103,0.9984586668665639,0.09859126240444271,0.09859126240444271,0.1558227121531231,0.03974757327377981,0.14276366018359843,0.001157860582197412,0.9486291848371642,0.9989578091360896,0.9971689720666024,0.09092514128748819,0.15267081477050132,0.08209631931586497,0.1609201650659648,0.16478669052060047,0.3646997770120682,0.9373098535696979,0.9130491472478819,0.9932860808034847,0.947077118419684,0.07322460136233633,0.1272620001585691,0.08744325086085247,0.16673376487527364,0.1266809088573042,0.26835198244006925,0.9588773128419906,0.9716113289738004,0.9885227872176319,0.31593772365766115
cosTheta,0.7238532980690099,0.3689968558775661,0.5264791882143218,0.45010345364229426,0.4763491054785088,0.5725261904033072,0.8141016662888393,0.376765172641958,0.2763489509243248,0.4468481811726924,0.14692196391355092,0.3940006794718206,0.29518468479321863,0.9617362756030547,0.8850985347690807,0.8395475457546818,0.3736528338415495,0.4730489897723562,0.2635028306260976,0.38144611627213654,0.40189966886449263,0.6036611409079786,0.8486480206728793,0.8559324335465859,0.7310268266039628,0.8942198470628439,0.26492221648359954,0.3429028691111005,0.2806665274502819,0.44847509680712117,0.3429028691111005,0.5673696988149799,0.8577540506726897,0.7778654903830264,0.6757015379200512,0.5656530193619944
cosTau,0.4486037316063766,0.3216310003401873,0.39604415459112036,0.30785233867009826,0.402882824390014,0.49476410794187714,0.9549806354382716,0.2652642186070545,0.014852136862001819,0.2146432161577842,0.001753570375247815,0.24024044406024525,0.13018445251069527,0.48080609545624003,0.8319631063261208,0.3646997770120682,0.1583631131596005,0.26295589547644194,0.0025596455856058964,0.11753929954078413,0.051370815162835703,0.14276366018359843,0.01636612361206158,0.8085179375703744,0.9212261985035738,0.23208660251050156,0.17527597583490823,0.06874316539637126,0.006155829702431226,0.14583008113773566,0.015063992357626621,0.231350195826588,0.03197023213051342,0.7176155496861638,0.7454518768075705,0.47557511510219336
sinPhi,0.007296050758255013,0.01381503980116161,0.03258716180199278,0.010926199633097211,0.039407297217139425,0.05214411988029355,0.9994852848953574,0.0004385849505708084,0.08596983268875275,2.741531724398394e-05,0.19079580232122295,0.012814967607382377,6.8538762866277025e-06,0.06100851228600973,4.873799534788059e-05,0.9998713046613492,0.001979467294615178,0.004745268380845602,0.09963431452563326,0.0328977628394852,0.017263684560387405,0.00010965826257719469,0.03227798458506631,0.031055532694051202,0.0132105485634198,0.940238676754581,0.05934827396750386,0.048332353568349584,0.0914275508324357,0.0005550625190149927,0.052922881580315884,0.004052778704985216,0.027240712200341577,0.015708419435684406,0.0005550625190149927,6.168375916970614e-05
sinPsi,0.5747676717218547,0.8326151773271804,0.7853567838422159,0.7853567838422159,0.7316480175599308,0.8286876228970479,0.46077045213607754,0.7981124374828079,0.7981124374828079,0.862687185506144,0.6953655642446369,0.8498316702566828,0.5340076453326242,0.27924707360412737,0.467733845873521,0.5531320356681166,0.7875026260216391,0.8596699001693255,0.774511408999066,0.8674572975749799,0.8709879204878082,0.9813458732132394,0.2575951898768315,0.2182369755312143,0.41833701887918884,0.7238795439193848,0.7605048159202883,0.8332662351247264,0.7824835017124689,0.8727379998414311,0.8326151773271804,0.9431017896156074,0.30142605468260975,0.3339194340581484,0.6065151931374883,0.9648882429441258
sinTheta,0.9657952157252112,0.7136628469404005,0.8594567775387871,0.7963516213627504,0.8195599856916042,0.891253024770087,0.9899569806343341,0.7223444590107054,0.5960464745279868,0.7933574104348203,0.37760946682288754,0.741009294744139,0.6222032078560216,0.9986025506526787,0.9988450585566723,0.99415552045287,0.7188865657940682,0.8167317332203528,0.5774872277751953,0.7274943144737177,0.7492942679152003,0.9102500949979363,0.9953816413449323,0.9962588407750017,0.9682526936798227,0.9993503165771815,0.5795674034508271,0.6832325309023892,0.6021513092682509,0.7948570910944194,0.6832325309023892,0.8879148416414002,0.9964637325188842,0.982006729501968,0.9468403828199835,0.8867912416732258
sinTau,0.002648591441412884,0.9671022371605148,0.010926199633097211,0.03839489144350955,0.009522422325404178,2.741531724398394e-05,0.7073466213281195,0.9414737964294635,0.37903905220016615,0.08942539543314793,0.5418389216661579,0.07277058493359634,0.16349374324511318,0.0003685417946894254,0.8738990452492659,0.018654126786760594,0.8650811383103763,0.05976132324541905,0.4494718514085268,0.1779381851193067,0.27924707360412754,0.15016832974331717,0.37312102770759736,0.8934675109806687,0.7693853925034315,0.07783603724899246,0.8802029828000154,0.24698311793941813,0.4217827674798845,0.14706421466065944,0.37819249410698874,0.0783042770935572,0.3240791757976491,0.9501593857010968,0.9356069055600946,0.9994030686707169
hhm0,0.4088653377071242,0.3311464378837581,0.31869795609386825,0.4375473126419379,0.41138867861048023,0.3030532424930608,0.4159306922365211,0.5084531920262427,0.3906972832029607,0.30465135839851964,0.25090419715703594,0.44604256034990325,0.35478173101185967,0.29649255614433506,0.44225754899486924,0.47564976028261413,0.3942299604676592,0.36529565144250986,0.4762385398267306,0.581209521406342,0.4244259399444865,0.4130709058793843,0.3314828833375389,0.2979224493229035,0.38329548321978296,0.47598620573639494,0.3380435696862646,0.4007906468163849,0.4494070148877113,0.5322567078812348,0.46345361258306,0.39414584910421396,0.5474808646648163,0.44671545125746487,0.3635293128101606,0.1447556564891917
hhm1,0.6334466134513553,0.4771200505808899,0.5235122105429542,0.5114992491899154,0.5491187860586422,0.543902631786928,0.7903264048051845,0.5398719671224216,0.4883426855291235,0.4558602702916304,0.3516952501383071,0.4349956532047735,0.39176479886192994,0.5584446376353434,0.5727495455623172,0.5551252667351616,0.45538607444874735,0.578518928317395,0.4558602702916304,0.5426381095392396,0.37342922627044967,0.5471429700466293,0.48692009800047414,0.6199320319291867,0.5735398719671224,0.5566268869042914,0.5006717774440843,0.5487236228562397,0.4900023709792144,0.552912352801707,0.5397139018414604,0.5050185726705129,0.6078400379356674,0.4522247688295266,0.5051766379514739,0.7903264048051845
hhm2,0.19499341238471676,0.3989624505928854,0.3147233201581028,0.5690876152832676,0.5914031620553359,0.31859354413702246,0.3596837944664032,0.616106719367589,0.37903491436100134,0.509469696969697,0.5248682476943347,0.4510046113306983,0.1442687747035573,0.31562911725955206,0.25123517786561267,0.43033596837944665,0.4199604743083004,0.5255270092226614,0.6366930171277998,0.45116930171278,0.5671113306982872,0.19367588932806323,0.4183959156785244,0.3599308300395257,0.36075428194993414,0.43091238471673254,0.5018115942028987,0.6562088274044796,0.5443017127799736,0.5988965744400527,0.25658761528326746,0.15653820816864294,0.5011528326745719,0.4534749670619236,0.4435935441370224,0.3799407114624506
hhm3,0.1590474673462886,0.3204045874482319,0.28647658489964956,0.5056546670914304,0.46917808219178075,0.28114049060210256,0.3895348837209302,0.6462249123924817,0.1218540936604014,0.22363810130614845,0.3778273335457152,0.34485504937878303,0.3698630136986301,0.2722204523733673,0.2680790060528831,0.400844217903791,0.3037591589678241,0.40036635871296594,0.5008760751831793,0.5936604014017203,0.5344855049378783,0.3805352022937241,0.35321758521822233,0.29356482956355523,0.380057343102899,0.3774291175533609,0.21909843899330997,0.5262822554953808,0.47801847722204516,0.4814431347562918,0.1611978337050016,0.41557820962089836,0.4721248805352023,0.3601465434851863,0.3556068811723479,0.3935966868429436
hhm4,0.6123091834262177,0.4904288829658347,0.486713512640336,0.5031096034246022,0.6292706566513206,0.3948792504644213,0.5235441402148453,0.3646716743397141,0.4850981342379453,0.5170826266052823,0.39528309506501896,0.2885873515871093,0.47007511509571126,0.5160326306437283,0.45319441079072775,0.5921169533963331,0.5884015830708343,0.46119053388256204,0.22154914788789273,0.14764558597851546,0.2956950165576286,0.6250706728051046,0.43647524432598334,0.48437121395686944,0.622566836281399,0.4498021161457071,0.451579032388337,0.5964784750827882,0.48703658832081415,0.3081334302560375,0.4549713270333576,0.4500444229060658,0.6645666747435587,0.5376787012357644,0.37242549067118974,0.80768920119538
hhm5,0.4497183565275017,0.24055666003976142,0.3717693836978131,0.43969516235917827,0.45493704440026506,0.3940523525513585,0.08068257123923128,0.5388502319416831,0.4475646123260437,0.5488734261100066,0.359261100066269,0.5009111994698475,0.4207256461232604,0.37823061630218685,0.3888336646785951,0.0681742876076872,0.41749502982107356,0.5909542743538767,0.5265076209410205,0.6770212060967528,0.577286282306163,0.4881544068919815,0.45427435387673953,0.39529489728296885,0.5173956262425448,0.19557654075546718,0.4599900596421471,0.4464877402253148,0.5593108018555335,0.5165672630881378,0.4796222664015904,0.45559973492379063,0.5827534791252484,0.39744864148442677,0.4464049039098741,0.36133200795228626
hhm6,0.37686296624506566,0.5834206074276967,0.6319181503262707,0.44542012406348175,0.595343591396117,0.4554096511721582,0.3897526786433578,0.6427938451623298,0.5005236445661806,0.5624748247804721,0.3213566422299202,0.47385805204221376,0.43253041166518974,0.45057600902279865,0.3701764279384516,0.41786836381213244,0.397969870297269,0.461048900346411,0.4272134053008942,0.599049383710626,0.39990332715701277,0.32127608152743087,0.1416257149762346,0.3989365987271409,0.436800128897124,0.3947474421976959,0.4521066623700959,0.5492628695722226,0.38169660839442515,0.6113751711914928,0.3709014742608555,0.2348344477563844,0.5611052928381535,0.5412067993232901,0.4905341174575042,0.4418754531539515
hhm7,0.4550967147681916,0.2949032852318084,0.42976665643229967,0.3563862450107461,0.4847252072459318,0.5053730426773104,0.4491863678231502,0.43452563708934605,0.36482959778937674,0.3048817930610992,0.33343567700337734,0.2867669634633098,0.46730119742093956,0.4798894688363525,0.4924009824992324,0.645225667792447,0.41080749155664725,0.24094258520110534,0.43513969910961003,0.46323303653669023,0.20356155971753148,0.4583205403745778,0.3982192201412343,0.2686521338655204,0.4377494626957323,0.46469143383481737,0.32583665950260976,0.43137856923549284,0.4494933988332822,0.4161805342339577,0.3381178999078907,0.5300122812404053,0.578599938593798,0.4488025790604851,0.2987411728584587,0.41410807491556645
hhm8,0.323798900486017,0.4423551908214485,0.3811648474225161,0.5159748227232889,0.46665604334315985,0.3692932834037128,0.41494701617401003,0.6647279101266831,0.2938411281969564,0.29662975061748065,0.31774360608716434,0.299657397816907,0.4183730380049398,0.2984622739223966,0.3529599235120707,0.34634690462911316,0.24762967094255436,0.35375667277507766,0.5505537407377897,0.51493904868138,0.4588479005656919,0.4883276232969484,0.35973229224762965,0.30475659310015135,0.4258624810772049,0.18540355350171298,0.2971874751015855,0.3614054656999442,0.426898255119114,0.5616285554935861,0.3554298462273922,0.3061907417735638,0.6048123655485618,0.38196159668552304,0.341725758903673,0.38785754123177435
hhm9,0.554801886012077,0.2732235916949292,0.456778889899909,0.06046819422615601,0.3810902473322855,0.35304822565969063,0.4729919761766895,0.39399454049135574,0.4405658036231284,0.32723963934155015,0.3581768549921416,0.25320539333278186,0.4961535280006617,0.37711969559103314,0.4263379932169741,0.44238563983786916,0.3748862602365787,0.3092894366779717,0.3241790057076681,0.38431632062205306,0.281164695177434,0.5303168169410207,0.3912647861692447,0.35155926875672094,0.3864670361485648,0.4088841095210522,0.37058482918355523,0.40375548018860113,0.3931673422119282,0.4448672346761518,0.3138390272148234,0.44991314418066014,0.5478534204648854,0.39134750599718754,0.17503515592687566,0.3695094714202994
hhm10,0.46002693922827037,0.44513113065525706,0.4842722446715791,0.38737025592266855,0.5681007844069409,0.5561365977339355,0.5249187861500674,0.5892560019015926,0.6358450202044212,0.33586879011171855,0.48482687584185086,0.42041042706600107,0.5806196022502179,0.5461532366690437,0.48197448696616746,0.6862372236748276,0.5963077410664765,0.502654306314872,0.5062990254338008,0.51588622137707,0.4673956104904524,0.5791141747880516,0.527375009904128,0.5450439743285,0.48855082798510424,0.5810157673718406,0.42445131130655256,0.46280009507962916,0.5383091672609144,0.5855320497583394,0.558275889390698,0.53735837096902,0.683939465969416,0.6676174629585612,0.3305601774819745,0.4658109500039616
hhm11,0.3103923476005188,0.39372568093385213,0.47924773022049283,0.5566634241245136,0.4671692607003891,0.4017509727626459,0.3069066147859922,0.8106355382619974,0.4324740596627756,0.48370622568093385,0.46392671854734113,0.4474708171206226,0.40912775616083014,0.40807392996108943,0.2700226977950713,0.34297989623865105,0.3955901426718547,0.4814364461738002,0.5372081712062257,0.6012483787289234,0.5074578469520103,0.10165369649805449,0.42055771725032426,0.23824578469520102,0.2891536964980545,0.31906614785992216,0.4088845654993514,0.43271725032425423,0.44366083009079116,0.49562256809338523,0.3765402075226978,0.4413910505836576,0.5940337224383917,0.49724383916990916,0.44730869001297013,0.48265239948119326
hhm12,0.32569697911004114,0.3514017240040382,0.11353576143511687,0.38502756853304343,0.0448085734254873,0.15663586239030827,0.3854935155703968,0.5443814553079133,0.41748854546866504,0.3866583831637804,0.4814009474256426,0.4282053273277937,0.42789469596955815,0.19585307136755453,0.40615050089306515,0.4683544303797468,0.4552302554942922,0.22544070823949677,0.6237477673371127,0.4434262638813388,0.5007377494758096,0.5232585229478915,0.3319096062747534,0.4455230255494292,0.419119360099402,0.5200745515259765,0.4407082394967772,0.44583365690766485,0.4789158965597577,0.5125417410887629,0.46734487846548106,0.26442494369806635,0.024617535140172397,0.4052186068183583,0.30853459656752347,0.19220315290828607
hhm13,0.369837148926127,0.33868303044607034,0.36433010778066244,0.4529934702226418,0.5244276610809535,0.3873810085752498,0.39375344190071593,0.49319487058453315,0.28369129100778856,0.27763354574777754,0.3707025411061286,0.37447879789159,0.43647234678624813,0.31437337738966253,0.3197230745023995,0.3697584769097632,0.2658327432932106,0.38580756824797424,0.4618047360553852,0.4915427582408938,0.51144677838093,0.4463063488317206,0.3153961136023916,0.34686492014790343,0.36094721107701994,0.2572574935095587,0.28833293997325155,0.42734639288804976,0.18928487137125327,0.42978522539532693,0.34395405554244357,0.48257414837542284,0.5287546219809615,0.37078121312249235,0.38572889623161044,0.42640232869168443
hhm14,0.39376990600481626,0.3748155053212149,0.32711877573215253,0.43043579585178277,0.48388099122193734,0.367358036199798,0.42002641186980494,0.49988347704497776,0.32921618892255106,0.2696341179212305,0.1961469742872679,0.304668686397887,0.4330769828322846,0.29612366969626347,0.34886972733628524,0.37800046609182003,0.1374194049561097,0.36300784587897145,0.5739920764390585,0.5350734094616639,0.3736502757709935,0.4299697040316942,0.3141458867396877,0.3162432999300862,0.3607550687485434,0.19606929231725315,0.29425930241590925,0.3590460654082187,0.3903518993241668,0.4190165462596131,0.37613609881146587,0.22846267381340787,0.4235221005204692,0.0795463372951138,0.36836790180998985,0.44100054377379005
hhm15,0.24629921259842522,0.2801574803149606,0.32377952755905515,0.37196850393700787,0.3521259842519685,0.26086614173228345,0.3511023622047244,0.38661417322834646,0.3006299212598425,0.30283464566929136,0.33149606299212603,0.3605511811023622,0.20803149606299212,0.24779527559055117,0.20732283464566928,0.3282677165354331,0.35338582677165353,0.29629921259842523,0.43078740157480316,0.43236220472440945,0.42094488188976376,0.3044881889763779,0.36338582677165354,0.30700787401574803,0.27535433070866144,0.3939370078740157,0.3002362204724409,0.18228346456692915,0.18842519685039372,0.4438582677165354,0.3440944881889764,0.3521259842519685,0.361496062992126,0.3431496062992126,0.3549606299212598,0.238503937007874
hhm16,0.4328954882924043,0.2961572978706045,0.3814147018030513,0.5121155258219793,0.3877784123358081,0.37431671697805335,0.43852492453291997,0.49229011993146776,0.3278942645019173,0.37545892143265075,0.4261238475972913,0.3066003100269234,0.2215060781594191,0.39732397813494336,0.2555274536999266,0.4674879660602104,0.38614669168638327,0.28971200130537655,0.5300644529656523,0.4412988496369422,0.4435016725136656,0.4494574528840662,0.2909357917924451,0.32463082320306763,0.10149302439422371,0.5384678143101901,0.20682059231459574,0.10239047075140736,0.1429387288896141,0.45084441543607734,0.2691523211226238,0.4209023415191319,0.4624296320469935,0.3080688586114057,0.2778820265970466,0.3882679285306355
hhm17,0.6127529850114319,0.2912185621136421,0.4300956897281734,0.37733931746972643,0.5014819205690574,0.43034973325429754,0.5242611567448556,0.5188415615208739,0.40121940892539587,0.28723854687103056,0.35337454483868236,0.2906257938860191,0.4152764840375984,0.43466847319840796,0.4891184689643492,0.550512321111017,0.38038783978321616,0.22355830298924548,0.4274705732915573,0.655686340926412,0.2004403421119485,0.46811753747142004,0.4412736048776357,0.3181471758828012,0.48564654077398595,0.6090270132949445,0.3709882293166229,0.34321280379371666,0.43830976373952063,0.47810991616563636,0.3526124142603099,0.43839444491489543,0.6683885172326192,0.3935981031416716,0.3540519942416801,0.5158777203827588
hhm18,0.7652865998316369,0.5644753960358154,0.7652865998316369,0.5361597918420449,0.5461085176398561,0.617127114104232,0.5475625621795362,0.03795821535164919,0.7652865998316369,0.4657534246575343,0.6503405525369251,0.3580776000612229,0.6636565393739956,0.6810285451901738,0.5955460319889799,0.7652865998316369,0.6663350424734064,0.43537154664421823,0.5542970842580547,0.46827887043697863,0.3655008800795898,0.6042702992270605,0.48350807377362826,0.6290655850616056,0.7652865998316369,0.6310553302211679,0.5986071783883065,0.7652865998316369,0.6339634193005281,0.05793219560725492,0.6596005203948879,0.7652865998316369,0.7652865998316369,0.6349582918803092,0.5060074998086783,0.5655467972755798
hhm19,0.592785207198283,0.4273567772824831,0.6020307082714215,0.5685983159980188,0.6064058114578174,0.42587089318144294,0.5863463760937758,0.38765065213802213,0.5645534092785207,0.5254251279511308,0.3126135050354961,0.30625722304771336,0.8254911672445104,0.5229486544493973,0.4662374112596995,0.5435033845137857,0.5062737328710583,0.36073964008585113,0.07247812448406803,0.08857520224533598,0.220901436354631,0.5873369654944692,0.47754664025094934,0.49446920917946174,0.5627373287105828,0.7346045897308899,0.6149909195971602,0.8254911672445104,0.5241043420835397,0.2965989763909526,0.5522535908865776,0.6035165923724616,0.6529635132904077,0.6292719167904903,0.439986792141324,0.5156843321776458
A,0.5,0.5909090909090909,0.5,0.5,0.5,0.6818181818181818,0.5909090909090909,0.4090909090909091,0.5,0.5909090909090909,0.8181818181818182,0.5454545454545454,0.6363636363636364,0.7272727272727273,0.6363636363636364,0.5909090909090909,0.5454545454545454,0.5909090909090909,0.45454545454545453,0.45454545454545453,0.5454545454545454,0.5,0.45454545454545453,0.5454545454545454,0.5909090909090909,0.5454545454545454,0.5909090909090909,0.5454545454545454,0.5909090909090909,0.4090909090909091,0.5454545454545454,0.45454545454545453,0.5,0.5,0.5454545454545454,0.8181818181818182
R,0.47619047619047616,0.5238095238095238,0.42857142857142855,0.38095238095238093,0.38095238095238093,0.47619047619047616,0.38095238095238093,0.3333333333333333,0.47619047619047616,0.5238095238095238,0.8095238095238095,0.6666666666666666,0.42857142857142855,0.47619047619047616,0.5238095238095238,0.38095238095238093,0.8095238095238095,0.7619047619047619,0.38095238095238093,0.38095238095238093,0.38095238095238093,0.42857142857142855,0.47619047619047616,0.5238095238095238,0.47619047619047616,0.8095238095238095,0.47619047619047616,0.5238095238095238,0.42857142857142855,0.3333333333333333,0.5238095238095238,0.38095238095238093,0.38095238095238093,0.9523809523809523,0.7619047619047619,0.47619047619047616
N,0.6666666666666666,0.47619047619047616,0.38095238095238093,0.3333333333333333,0.38095238095238093,0.5238095238095238,0.6666666666666666,0.2857142857142857,0.47619047619047616,0.42857142857142855,0.47619047619047616,0.5238095238095238,0.5238095238095238,0.5714285714285714,0.6666666666666666,0.5238095238095238,0.5238095238095238,0.47619047619047616,0.38095238095238093,0.3333333333333333,0.38095238095238093,0.8571428571428571,0.47619047619047616,0.8571428571428571,0.6190476190476191,0.5238095238095238,0.47619047619047616,0.47619047619047616,0.47619047619047616,0.2857142857142857,0.5714285714285714,0.5714285714285714,0.38095238095238093,0.47619047619047616,0.5238095238095238,0.5238095238095238
D,0.8636363636363636,0.6363636363636364,0.45454545454545453,0.36363636363636365,0.4090909090909091,0.6363636363636364,0.5909090909090909,0.2727272727272727,0.6363636363636364,0.45454545454545453,0.45454545454545453,0.5,0.5909090909090909,0.5909090909090909,0.6818181818181818,0.45454545454545453,0.5,0.45454545454545453,0.36363636363636365,0.36363636363636365,0.4090909090909091,0.8636363636363636,0.45454545454545453,0.5454545454545454,0.6818181818181818,0.5,0.45454545454545453,0.45454545454545453,0.45454545454545453,0.2727272727272727,0.6818181818181818,0.9545454545454546,0.4090909090909091,0.4090909090909091,0.5,0.5
C,0.37037037037037035,0.48148148148148145,0.37037037037037035,0.4444444444444444,0.37037037037037035,0.4444444444444444,0.4074074074074074,0.37037037037037035,0.37037037037037035,0.4444444444444444,0.4444444444444444,0.5555555555555556,0.4444444444444444,0.4444444444444444,0.4444444444444444,0.4074074074074074,0.4074074074074074,0.5185185185185185,0.4074074074074074,0.4074074074074074,0.48148148148148145,0.37037037037037035,0.37037037037037035,0.4444444444444444,0.4444444444444444,0.37037037037037035,0.48148148148148145,0.4444444444444444,0.4444444444444444,0.37037037037037035,0.4444444444444444,0.3333333333333333,0.37037037037037035,0.37037037037037035,0.5185185185185185,0.5185185185185185
Q,0.47619047619047616,0.47619047619047616,0.38095238095238093,0.3333333333333333,0.38095238095238093,0.5238095238095238,0.38095238095238093,0.3333333333333333,0.6190476190476191,0.6666666666666666,0.47619047619047616,0.5714285714285714,0.42857142857142855,0.5238095238095238,0.5238095238095238,0.38095238095238093,0.7619047619047619,0.47619047619047616,0.3333333333333333,0.2857142857142857,0.38095238095238093,0.42857142857142855,0.42857142857142855,0.47619047619047616,0.47619047619047616,0.7142857142857143,0.42857142857142855,0.42857142857142855,0.5238095238095238,0.3333333333333333,0.6666666666666666,0.42857142857142855,0.38095238095238093,0.47619047619047616,0.5714285714285714,0.47619047619047616
E,0.75,0.6,0.5,0.35,0.45,0.65,0.45,0.35,0.95,0.6,0.5,0.55,0.5,0.65,0.75,0.4,0.65,0.5,0.4,0.35,0.4,0.55,0.5,0.55,0.65,0.55,0.5,0.45,0.5,0.35,0.75,0.6,0.45,0.5,0.65,0.55
G,0.5,0.5454545454545454,0.45454545454545453,0.4090909090909091,0.45454545454545453,0.5454545454545454,0.9090909090909091,0.4090909090909091,0.45454545454545453,0.45454545454545453,0.5909090909090909,0.5,0.5,0.5454545454545454,0.5454545454545454,0.9545454545454546,0.5,0.5,0.4090909090909091,0.4090909090909091,0.4090909090909091,0.5454545454545454,0.45454545454545453,0.5454545454545454,0.5,0.5454545454545454,0.5,0.5,0.5,0.4090909090909091,0.5454545454545454,0.5,0.45454545454545453,0.45454545454545453,0.5454545454545454,0.6818181818181818
H,0.4166666666666667,0.4583333333333333,0.3333333333333333,0.3333333333333333,0.3333333333333333,0.5,0.375,0.2916666666666667,0.4166666666666667,0.375,0.4166666666666667,0.5,0.375,0.4166666666666667,0.4583333333333333,0.3333333333333333,0.4583333333333333,0.4166666666666667,0.5,0.4166666666666667,0.3333333333333333,0.4166666666666667,0.9166666666666666,0.5416666666666666,0.4583333333333333,0.5416666666666666,0.375,0.3333333333333333,0.375,0.3333333333333333,0.5416666666666666,0.375,0.3333333333333333,0.4166666666666667,0.4166666666666667,0.4166666666666667
I,0.4583333333333333,0.7083333333333334,0.4166666666666667,0.625,0.4166666666666667,0.5,0.4166666666666667,0.4166666666666667,0.4166666666666667,0.6666666666666666,0.5,0.5833333333333334,0.5,0.5,0.5416666666666666,0.4166666666666667,0.5,0.6666666666666666,0.5,0.5416666666666666,0.7916666666666666,0.4166666666666667,0.375,0.7083333333333334,0.5,0.4583333333333333,0.625,0.5,0.5,0.4166666666666667,0.5833333333333334,0.4166666666666667,0.4166666666666667,0.4166666666666667,0.5416666666666666,0.5
L,0.45454545454545453,0.7272727272727273,0.45454545454545453,0.9545454545454546,0.45454545454545453,0.5909090909090909,0.45454545454545453,0.5,0.45454545454545453,0.6818181818181818,0.5454545454545454,0.6818181818181818,0.5454545454545454,0.5454545454545454,0.5454545454545454,0.45454545454545453,0.5454545454545454,0.6363636363636364,0.5454545454545454,0.6363636363636364,0.8181818181818182,0.45454545454545453,0.45454545454545453,0.6363636363636364,0.5454545454545454,0.5,0.5909090909090909,0.5454545454545454,0.5454545454545454,0.5,0.6363636363636364,0.4090909090909091,0.45454545454545453,0.5,0.6818181818181818,0.5454545454545454
K,0.5454545454545454,0.5454545454545454,0.45454545454545453,0.4090909090909091,0.45454545454545453,0.5454545454545454,0.45454545454545453,0.3181818181818182,0.5454545454545454,0.5454545454545454,0.6363636363636364,0.6818181818181818,0.5,0.5454545454545454,0.5909090909090909,0.45454545454545453,0.6818181818181818,0.5909090909090909,0.4090909090909091,0.36363636363636365,0.4090909090909091,0.5,0.45454545454545453,0.5,0.5,0.7727272727272727,0.5454545454545454,0.5,0.5,0.36363636363636365,0.5909090909090909,0.45454545454545453,0.45454545454545453,0.5909090909090909,0.7727272727272727,0.5454545454545454
M,0.38461538461538464,0.5769230769230769,0.38461538461538464,0.6153846153846154,0.34615384615384615,0.5,0.38461538461538464,0.38461538461538464,0.38461538461538464,0.8461538461538461,0.5,0.5384615384615384,0.5,0.4230769230769231,0.5,0.38461538461538464,0.5,0.5384615384615384,0.4230769230769231,0.46153846153846156,0.6153846153846154,0.38461538461538464,0.38461538461538464,0.5,0.46153846153846156,0.46153846153846156,0.46153846153846156,0.4230769230769231,0.46153846153846156,0.38461538461538464,0.5,0.34615384615384615,0.34615384615384615,0.4230769230769231,0.46153846153846156,0.46153846153846156
F,0.34782608695652173,0.4782608695652174,0.30434782608695654,0.5217391304347826,0.30434782608695654,0.43478260869565216,0.34782608695652173,0.5217391304347826,0.34782608695652173,0.4782608695652174,0.391304347826087,0.6086956521739131,0.391304347826087,0.4782608695652174,0.43478260869565216,0.34782608695652173,0.43478260869565216,0.43478260869565216,0.6956521739130435,0.9130434782608695,0.5217391304347826,0.34782608695652173,0.43478260869565216,0.4782608695652174,0.391304347826087,0.391304347826087,0.391304347826087,0.391304347826087,0.391304347826087,0.6521739130434783,0.4782608695652174,0.30434782608695654,0.30434782608695654,0.34782608695652173,0.43478260869565216,0.43478260869565216
P,0.4782608695652174,0.5217391304347826,0.9565217391304348,0.391304347826087,0.9565217391304348,0.8260869565217391,0.43478260869565216,0.34782608695652173,0.4782608695652174,0.43478260869565216,0.4782608695652174,0.4782608695652174,0.4782608695652174,0.8260869565217391,0.5217391304347826,0.43478260869565216,0.4782608695652174,0.782608695652174,0.391304347826087,0.391304347826087,0.43478260869565216,0.4782608695652174,0.43478260869565216,0.4782608695652174,0.5217391304347826,0.4782608695652174,0.4782608695652174,0.4782608695652174,0.4782608695652174,0.34782608695652173,0.5217391304347826,0.4782608695652174,0.9565217391304348,0.43478260869565216,0.5217391304347826,0.5217391304347826
S,0.5714285714285714,0.5714285714285714,0.47619047619047616,0.42857142857142855,0.47619047619047616,0.6666666666666666,0.5714285714285714,0.38095238095238093,0.5238095238095238,0.47619047619047616,0.6190476190476191,0.5714285714285714,0.6190476190476191,0.7142857142857143,0.7142857142857143,0.5714285714285714,0.5238095238095238,0.5714285714285714,0.42857142857142855,0.42857142857142855,0.47619047619047616,0.5714285714285714,0.47619047619047616,0.5714285714285714,0.6190476190476191,0.5238095238095238,0.6666666666666666,0.6190476190476191,0.6666666666666666,0.38095238095238093,0.5714285714285714,0.5238095238095238,0.47619047619047616,0.47619047619047616,0.5714285714285714,0.8095238095238095
T,0.5217391304347826,0.6521739130434783,0.5217391304347826,0.4782608695652174,0.4782608695652174,0.5652173913043478,0.4782608695652174,0.391304347826087,0.4782608695652174,0.5217391304347826,0.5652173913043478,0.6086956521739131,0.9130434782608695,0.5652173913043478,0.6956521739130435,0.4782608695652174,0.5217391304347826,0.5652173913043478,0.43478260869565216,0.43478260869565216,0.5217391304347826,0.5217391304347826,0.43478260869565216,0.5652173913043478,0.8260869565217391,0.5217391304347826,0.8695652173913043,0.9130434782608695,0.9130434782608695,0.391304347826087,0.5652173913043478,0.4782608695652174,0.4782608695652174,0.4782608695652174,0.5652173913043478,0.6086956521739131
W,0.3333333333333333,0.4074074074074074,0.2962962962962963,0.4074074074074074,0.2962962962962963,0.37037037037037035,0.37037037037037035,0.9629629629629629,0.3333333333333333,0.4074074074074074,0.37037037037037035,0.48148148148148145,0.37037037037037035,0.37037037037037035,0.37037037037037035,0.37037037037037035,0.37037037037037035,0.37037037037037035,0.5185185185185185,0.5925925925925926,0.4074074074074074,0.2962962962962963,0.3333333333333333,0.37037037037037035,0.37037037037037035,0.37037037037037035,0.37037037037037035,0.37037037037037035,0.37037037037037035,0.9629629629629629,0.4074074074074074,0.2962962962962963,0.2962962962962963,0.3333333333333333,0.37037037037037035,0.4074074074074074
Y,0.36363636363636365,0.45454545454545453,0.3181818181818182,0.4090909090909091,0.3181818181818182,0.45454545454545453,0.3181818181818182,0.5454545454545454,0.36363636363636365,0.4090909090909091,0.4090909090909091,0.6818181818181818,0.4090909090909091,0.4090909090909091,0.4090909090909091,0.3181818181818182,0.4090909090909091,0.5,0.9545454545454546,0.7272727272727273,0.45454545454545453,0.36363636363636365,0.5454545454545454,0.4090909090909091,0.4090909090909091,0.4090909090909091,0.4090909090909091,0.36363636363636365,0.4090909090909091,0.5909090909090909,0.5,0.3181818181818182,0.3181818181818182,0.36363636363636365,0.4090909090909091,0.4090909090909091
V,0.4782608695652174,0.7391304347826086,0.4782608695652174,0.6086956521739131,0.43478260869565216,0.5652173913043478,0.43478260869565216,0.43478260869565216,0.4782608695652174,0.6521739130434783,0.5652173913043478,0.6086956521739131,0.5652173913043478,0.5217391304347826,0.5652173913043478,0.43478260869565216,0.5652173913043478,0.7391304347826086,0.5217391304347826,0.5217391304347826,0.8260869565217391,0.43478260869565216,0.43478260869565216,0.6521739130434783,0.5652173913043478,0.4782608695652174,0.6086956521739131,0.5652173913043478,0.5652173913043478,0.43478260869565216,0.6521739130434783,0.43478260869565216,0.4782608695652174,0.4782608695652174,0.5652173913043478,0.5652173913043478
