,S,G,P,S.1,C,K,H,C.1,K.1,D,D.1,V,N,R,L,C.2,R.1,V.1,C.3,A,C.4,H.1,L.1,C.5,G.1,G.2,R.2,Q,D.2,P.1,D.3,K.2,Q.1,L.2,M,C.6,D.4,E,C.7,D.5,M.1,A.1,F,H.2,I,Y,C.8,L.3,D.6,P.2,P.3,L.4,S.2,S.3,V.2,P.4,S.4,E.1,D.7,E.2,W,Y.1,C.9,P.5,E.3,C.10,R.3,N.1,D.8
ASA,0.5030769230769231,0.2353846153846154,0.2923076923076923,0.34615384615384615,0.13948717948717948,0.7143589743589744,0.40461538461538465,0.10564102564102563,0.5871794871794872,0.5825641025641026,0.37128205128205133,0.3738461538461539,0.6,0.5051282051282051,0.3451282051282052,0.11025641025641025,0.6251282051282051,0.2712820512820513,0.1076923076923077,0.16153846153846155,0.13025641025641024,0.5784615384615385,0.38974358974358975,0.24153846153846154,0.26615384615384613,0.18256410256410258,0.7856410256410258,0.5266666666666667,0.298974358974359,0.3302564102564103,0.4671794871794872,0.337948717948718,0.15128205128205127,0.06307692307692309,0.16153846153846155,0.07487179487179486,0.3430769230769231,0.6102564102564103,0.16564102564102562,0.5394871794871795,0.42000000000000004,0.12051282051282051,0.13846153846153847,0.11128205128205128,0.13948717948717948,0.4548717948717949,0.11692307692307691,0.06307692307692309,0.4394871794871795,0.14102564102564102,0.34256410256410263,0.13743589743589743,0.39692307692307693,0.28,0.2594871794871795,0.13948717948717948,0.3943589743589744,0.6415384615384616,0.5476923076923077,0.4625641025641026,0.20307692307692307,0.3400000000000001,0.06256410256410257,0.4076923076923077,0.556923076923077,0.08358974358974358,0.6035897435897436,0.5856410256410256,0.6256410256410256
HSE_alpha_up,0.061290322580645165,0.16774193548387098,0.4612903225806452,0.17419354838709675,0.6161290322580646,0.10322580645161289,0.31290322580645163,0.6064516129032258,0.1870967741935484,0.09032258064516129,0.20967741935483872,0.40645161290322585,0.07096774193548386,0.33548387096774196,0.36774193548387096,0.6580645161290323,0.28064516129032263,0.39354838709677425,0.6451612903225806,0.4161290322580645,0.5483870967741935,0.23225806451612904,0.2870967741935484,0.3580645161290323,0.10967741935483871,0.22580645161290322,0.16774193548387098,0.21935483870967742,0.32903225806451614,0.40967741935483876,0.18387096774193548,0.40645161290322585,0.5645161290322581,0.7548387096774194,0.5290322580645161,0.6774193548387096,0.3612903225806452,0.132258064516129,0.5161290322580645,0.13548387096774195,0.30000000000000004,0.5548387096774193,0.6193548387096774,0.7032258064516129,0.6903225806451614,0.3967741935483871,0.6000000000000001,0.7838709677419355,0.17096774193548386,0.6580645161290323,0.2709677419354839,0.6870967741935484,0.11612903225806451,0.13548387096774195,0.5645161290322581,0.567741935483871,0.14838709677419354,0.1870967741935484,0.10322580645161289,0.25483870967741934,0.6612903225806451,0.34838709677419355,0.7,0.2032258064516129,0.14838709677419354,0.6000000000000001,0.29677419354838713,0.0935483870967742,0.12258064516129032
HSE_alpha_down,0.20521172638436483,0.3583061889250814,0.35179153094462545,0.5667752442996742,0.22149837133550487,0.5504885993485341,0.4234527687296417,0.23452768729641696,0.4104234527687297,0.4136807817589576,0.3973941368078176,0.3127035830618893,0.4527687296416938,0.39087947882736157,0.5211726384364821,0.4006514657980456,0.6123778501628665,0.5407166123778501,0.4657980456026059,0.6775244299674268,0.44951140065146583,0.5570032573289901,0.501628664495114,0.29641693811074926,0.44625407166123776,0.34201954397394135,0.4267100977198697,0.4136807817589576,0.4006514657980456,0.39087947882736157,0.5407166123778501,0.5732899022801302,0.5993485342019543,0.6156351791530944,0.7719869706840391,0.501628664495114,0.5374592833876222,0.5407166123778501,0.24755700325732902,0.52442996742671,0.501628664495114,0.5276872964169381,0.6905537459283387,0.6254071661237784,0.5798045602605864,0.6710097719869706,0.5309446254071661,0.3583061889250814,0.7328990228013029,0.37133550488599343,0.6123778501628665,0.3192182410423453,0.5504885993485341,0.6579804560260586,0.3973941368078176,0.3583061889250814,0.4657980456026059,0.34201954397394135,0.39413680781758964,0.4397394136807818,0.36482084690553745,0.7068403908794788,0.3973941368078176,0.49837133550488605,0.4527687296416938,0.21172638436482089,0.32247557003257327,0.3061889250814332,0.1465798045602606
P(C),0.986,0.9329999999999999,0.795,0.617,0.679,0.446,0.47700000000000004,0.627,0.821,0.956,0.9670000000000001,0.7659999999999999,0.711,0.57,0.527,0.674,0.5770000000000001,0.54,0.669,0.598,0.6759999999999999,0.6859999999999999,0.764,0.889,0.925,0.922,0.917,0.948,0.9740000000000001,0.414,0.445,0.39399999999999996,0.312,0.155,0.242,0.802,0.9470000000000001,0.946,0.9359999999999999,0.937,0.917,0.745,0.483,0.439,0.4,0.41600000000000004,0.527,0.826,0.975,0.99,0.9670000000000001,0.8959999999999999,0.9470000000000001,0.89,0.97,0.9940000000000001,0.97,0.898,0.899,0.845,0.807,0.8009999999999999,0.98,0.212,0.23,0.259,0.483,0.976,0.998
P(H),0.005,0.059000000000000004,0.18899999999999997,0.261,0.233,0.522,0.478,0.311,0.136,0.031,0.006999999999999999,0.225,0.261,0.302,0.21899999999999997,0.17600000000000002,0.243,0.23600000000000002,0.146,0.17,0.158,0.16399999999999998,0.141,0.084,0.057999999999999996,0.048,0.066,0.045,0.013000000000000001,0.584,0.5479999999999999,0.562,0.11199999999999999,0.008,0.013999999999999999,0.018000000000000002,0.027999999999999997,0.038,0.043,0.055,0.057,0.083,0.086,0.085,0.48200000000000004,0.452,0.396,0.042,0.0,0.003,0.024,0.061,0.03,0.011000000000000001,0.0,0.001,0.026000000000000002,0.09,0.08900000000000001,0.098,0.034,0.015,0.011000000000000001,0.7879999999999999,0.769,0.7390000000000001,0.47100000000000003,0.017,0.001
P(E),0.009000000000000001,0.009000000000000001,0.016,0.122,0.08800000000000001,0.032,0.046,0.062,0.043,0.013000000000000001,0.026000000000000002,0.009000000000000001,0.027999999999999997,0.128,0.254,0.15,0.18,0.22399999999999998,0.184,0.23199999999999998,0.166,0.15,0.094,0.027000000000000003,0.017,0.03,0.017,0.006999999999999999,0.013000000000000001,0.001,0.006999999999999999,0.044000000000000004,0.5760000000000001,0.8370000000000001,0.7440000000000001,0.18100000000000002,0.025,0.015,0.022000000000000002,0.008,0.026000000000000002,0.172,0.43,0.47600000000000003,0.11800000000000001,0.132,0.077,0.132,0.025,0.006,0.009000000000000001,0.044000000000000004,0.023,0.099,0.03,0.005,0.004,0.012,0.012,0.057,0.159,0.184,0.009000000000000001,0.0,0.001,0.002,0.046,0.008,0.0
cosPhi,0.3943388029957729,0.1507928166252178,0.626036586136116,0.39689911632430486,0.496510882308122,0.6420096280231393,0.55660330239285,0.4938930040649742,0.5496615492349483,0.5764946742434378,0.34798452955767367,0.6905372916698819,0.55660330239285,0.5183234332551435,0.4869130090664023,0.5078552056697634,0.5592036875833654,0.37988713596258467,0.34798452955767367,0.37481113971164287,0.48604066120123346,0.6816276915910676,0.6235014056533372,0.39689911632430486,0.5859663350934232,0.22914659287836012,0.5548688457709675,0.5383611540036007,0.3554851843964611,0.6937599065374325,0.5979748936551013,0.4312790407311786,0.4712194219352035,0.43300822630800107,0.28869174853411295,0.46512317997272834,0.6353021582270091,0.5209394137351894,0.31593868606095754,0.6327799862995145,0.4886578217489462,0.3858257402358935,0.1812885573616202,0.566994819872383,0.6873053903577763,0.6553402110937807,0.515706950470675,0.5043648041306795,0.4808075600783365,0.6277247911250158,0.6710121156805522,0.558337069339914,0.5191954861020476,0.10332364459588309,0.48342388339760184,0.6751057471173533,0.5739064537820616,0.6031039298560792,0.5825255774029204,0.4269597863113581,0.397753185703366,0.23061530999026203,0.6184209568488588,0.7033704641246838,0.6520185166227104,0.566994819872383,0.6141773059444905,0.5078552056697634,0.48953028125131925
cosPsi,0.10707155341229901,0.00017133751222142557,0.10068224497635353,0.21607812747344946,0.13018445251069527,0.9605927027828606,0.9652087839910123,0.9999383162408303,0.9667902132486008,0.9971689720666024,0.4373333832178478,0.9592231906715436,0.9994852848953574,0.11923084623163172,0.20118742651223942,0.13972444415983476,0.9945079316809584,0.32244651879593145,0.17065526994065988,0.16220489619216988,0.08892797948463121,0.9447081866456488,0.9135402871372809,0.9990673992109333,0.9951340343707852,0.002219017698460002,0.9992203820909904,0.9557016383177226,0.40888223725392625,0.9612690447281231,0.9942469434043417,0.9945079316809584,0.13372855060631067,0.19285739995052836,0.13851642704521577,0.10599462319663905,0.9730426794137725,0.9913063982718076,0.14460026306350376,0.9966863828001982,0.9991709083070142,0.13018445251069527,0.061426918147205634,0.2606540710296966,0.942696812877208,0.9549806354382716,0.9937069033754558,0.1403300998306744,0.3046344357553631,0.08257606836829678,0.1203643463325596,0.17527597583490823,0.9605927027828606,0.06698729810778065,0.17927518421542105,0.06830222469661418,0.9939799328846946,0.9954915998574182,0.9992203820909904,0.33969350470716186,0.15016832974331723,0.09042397785550405,0.21321178182447692,0.9377322635000089,0.9538887392664543,0.9813458732132394,0.9822787092288989,0.9932860808034847,0.3579923276480387
cosTheta,0.45663119371974764,0.40983823495542443,0.5315540545558494,0.48296557210160435,0.435500541088409,0.8032150501723183,0.7670267805113433,0.6792509187234953,0.6491796638331967,0.7400067574389942,0.551959055534927,0.8250000700976063,0.8159172805945597,0.47800120028332294,0.5163620911406818,0.45499712172784573,0.6952590488486456,0.4945956351837025,0.4146201200552919,0.4290486426519627,0.3971554874585801,0.8359090664658281,0.8122863794219237,0.7148999811734038,0.7778654903830264,0.3368362975954329,0.6739279683602847,0.6351098522788466,0.5485467201255698,0.8431870247477466,0.8468274590991198,0.7256457903291439,0.4003166855571702,0.4517332467179547,0.3429028691111005,0.4034842352493901,0.7887199616519883,0.7887199616519883,0.37209916575593127,0.8014018440253943,0.6881371948361149,0.4146201200552919,0.2300488198958083,0.5622229184514362,0.8159172805945597,0.8504688044512568,0.7778654903830264,0.4290486426519627,0.5673696988149799,0.4517332467179547,0.5605095074425451,0.49793029274808315,0.7778654903830264,0.16054957186986385,0.45499712172784573,0.49293025492739123,0.6544696826357251,0.6934775376001407,0.7472006915127254,0.5214151541315819,0.3971554874585801,0.2777861834122121,0.5673696988149799,0.8759800017091586,0.8686876429626403,0.7778654903830264,0.7202701260601071,0.6810267191551437,0.5605095074425451
cosTau,0.17860619515673032,0.9929980185352525,0.6005389605729823,0.04429836168227741,0.060175713566691824,0.0849938574523163,0.8160146513324255,0.8098895158975701,0.09600505805098475,0.7207529263958726,0.7065522149122709,0.010388594689117014,0.7634778977483387,0.42092096637275833,0.12379254555213776,0.17262959314133014,0.07924460902734687,0.735505940609705,0.15204360170384285,0.0338380993922438,0.1272620001585691,0.22112744551015495,0.8332662351247262,0.909576022144496,0.38752447282806746,0.10120803558738567,0.2823844503138363,0.5557344661031628,0.8071426000494716,0.02501397423767371,0.7316480175599309,0.813981528824669,0.3454915028125264,0.10068224497635353,0.02134025123396638,0.11363321325132447,0.09703585887574218,0.8460715869352033,0.7136789316935961,0.0840229389347587,0.7424048101231686,0.11033101753426289,0.0013427613877710076,0.29185960386979953,0.08450776536283594,0.7530168820605818,0.800210112662942,0.4200594061540826,0.14830264859474812,0.1772711561380248,0.37396532087844325,0.18533980447508136,0.01912934522539439,0.9773803997513988,0.19978988733705788,0.3722771210321048,0.2350403678833976,0.5331369502000001,0.8779267345838198,0.5470541566592573,0.00027489202912139854,0.005753056595658224,0.3355666766307084,0.059348273967503806,0.7745114089990659,0.7846397617154222,0.5911177627460737,0.7853567838422159,0.3463216911000965
sinPhi,0.011292052856952006,0.8578463668518679,0.016145414759014376,0.010745507449110792,1.2184647302626583e-05,0.02059013256590353,0.0032140721617062162,3.731516977401039e-05,0.002472215019386881,0.005885809276723608,0.023669259373206797,0.03772698319384338,0.0032140721617062162,0.00033580311067188395,0.00017133751222142557,6.168375916970614e-05,0.003517245946731584,0.014641759210904604,0.023669259373206797,0.015926179810946184,0.00019494247982282387,0.03415438620722561,0.015492134296565208,0.010745507449110792,0.9925546630773869,0.07971669825215782,0.003019522272410202,0.0014736238865398765,0.02134025123396638,0.0390684242057498,0.009692670726693553,0.004745268380845602,0.0008290916929857839,0.004508400142581803,0.046846106481674976,0.0012179748700879012,0.018654126786760594,0.0004385849505708084,0.035111757055874215,0.017952297882945,0.00012869533865078608,0.0132105485634198,0.11474337861210537,0.004508400142581803,0.03640807271660629,0.02474213418610821,0.0002467198171342,1.903846791440067e-05,0.0003685417946894254,0.01658830569777031,0.030153689607045786,0.0034146752307570027,0.0003685417946894254,0.19561928549563956,0.00027489202912139854,0.031663905375801216,0.0054920683190415875,0.010745507449110792,0.006857199231384281,0.005363833518505778,0.010566305619157501,0.07877380149642627,0.014225440001176981,0.04322727117869962,0.023669259373206908,0.004508400142581803,0.01321054856341991,6.168375916970614e-05,0.00010965826257719469
sinPsi,0.809204197678777,0.5130884741539368,0.800907511576024,0.911568184267221,0.8365062567548869,0.3054380249298969,0.31674938663785135,0.5078536586559104,0.32081602522734987,0.4468679643318834,0.9960573506572389,0.3022272487185175,0.4773185059353731,0.8240599505315656,0.900887822121877,0.8467009141379065,0.42609529443519467,0.9674128381980072,0.8762074544478623,0.868638668405062,0.7846397617154219,0.27145103647065294,0.2189583110739347,0.46947573023257155,0.5695865504800327,0.5470541566592572,0.5279107524965819,0.7057571793025544,0.9916274537819774,0.3070469788378407,0.4243695898763904,0.5739047055648053,0.840360434479459,0.8945420424173454,0.845441205538429,0.8078307376628292,0.3380412909009253,0.4071666923072114,0.8516973514052519,0.4425314247535667,0.5287820134797836,0.8365062567548869,0.7401117487215945,0.9389914877139902,0.2675789771376902,0.29265337867188046,0.4209209663727582,0.8473291852294986,0.9602524267262202,0.7752403700424979,0.8253871086329254,0.8802029828000154,0.3054380249298969,0.75,0.8835825759076498,0.7522638119075097,0.577355193149734,0.433006907290854,0.5279107524965819,0.9736051388730145,0.8572363398164016,0.786788218175523,0.9095760221444958,0.25835880837249886,0.2902739587769114,0.3646997770120682,0.3680634750173135,0.5816629811208112,0.9794098674340965
sinTheta,0.8022781477070561,0.7574539518744037,0.863183523086986,0.8251537487883627,0.7827158205715634,0.987812771551718,0.9791749880244756,0.9483853232172293,0.934538972054433,0.9711967598473807,0.8776072371133385,0.9918943823771844,0.9902942485641469,0.8209662756162371,0.8518590165514206,0.8008042643726822,0.9550591956509676,0.8347408300908483,0.762289364531021,0.7765223150753671,0.7443382785514564,0.993624764322336,0.9896139680051544,0.9625957835100849,0.982006729501968,0.675869418215168,0.9460594914024463,0.927464696310934,0.8752571407888462,0.9946632466455553,0.9951479367139084,0.96641809658343,0.7476472763651796,0.7978409966872159,0.6832325309023892,0.7509362478662144,0.9846325354743227,0.9846325354743227,0.7171502380908549,0.9874353132809867,0.9521493176447353,0.762289364531021,0.5262313153084726,0.8845277538601982,0.9902942485641469,0.9956095847521328,0.982006729501968,0.7765223150753671,0.8879148416414002,0.7978409966872159,0.8833878729103208,0.8374326114162464,0.982006729501968,0.4043376572635965,0.8008042643726822,0.833387029548143,0.9370998966615165,0.9543401782443128,0.9734496478584933,0.855681907530276,0.7443382785514564,0.5980859724999907,0.8879148416414002,0.9981955070654223,0.9975720074454255,0.982006729501968,0.964532442628132,0.9491493674907825,0.8833878729103208
sinTau,0.883022221559489,0.41661562664194884,0.010212375200328028,0.29424282069744545,0.2621878954648622,0.22112744551015484,0.8874722443520897,0.8923881852665414,0.794598178676671,0.051370815162835815,0.9553418304030885,0.3986063523217438,0.924946346493432,0.9937069033754558,0.17065526994065983,0.12207326541618019,0.2298798397611726,0.9410634330088339,0.8590631488815944,0.3191877149589539,0.16673376487527358,0.08499385745231625,0.8727379998414311,0.786788218175523,0.012814967607382377,0.8016039938726411,0.04984061429890324,0.9968839595802982,0.8945420424173454,0.3438325407438838,0.9431017896156073,0.8891215742630105,0.9755282581475768,0.19909248842397592,0.35548410152776416,0.1826347433988662,0.20399341060039017,0.8608801140491811,0.9520412748303893,0.2225777862760004,0.9373098535696979,0.8133019056822304,0.46338090143618416,0.04538194547646568,0.22185219224984748,0.9312568346036287,0.8998423292435453,0.993568132536494,0.1446002630635037,0.11810198568267882,0.016145414759014376,0.1114270192715145,0.36302039065378366,0.648687437038893,0.10015767075645482,0.01658830569777031,0.07597595192178697,0.0010992658539749622,0.8273704068586698,0.99778098230154,0.4834224108057367,0.4243695898763904,0.02781181488125939,0.26372461756547316,0.9179036806841352,0.9110720205153686,0.9916274537819774,0.9105746045668521,0.9757972019397191
hhm0,0.27681049709815797,0.419211035410884,0.5614433509967196,0.5997981327277314,0.8411136344520144,0.3977626377323576,0.39414584910421396,0.3967533013710152,0.49835982841281856,0.4643788375809572,0.281016065270418,0.3504079401127092,0.4843132307174699,0.28782908570947935,0.3461182605770039,0.6569097485070232,0.3480528219362436,0.3342585583312305,0.5021448397678526,0.2833711834468836,0.5257801328959542,0.3182773992766423,0.3488939355706956,0.5115653124737152,0.4722011943813609,0.4250988308520481,0.293128101606527,0.30641769703086885,0.3557910673732021,0.3112961561106905,0.3791740264109681,0.40701488771132976,0.45066868533938936,0.4394818740011775,0.3696694423416603,0.5516864328370763,0.3965850786441248,0.3297165447051897,0.49465892842122966,0.42501471948860287,0.31188493565480696,0.20228782908570947,0.5145933215577424,0.45285558078896454,0.36344520144671544,0.3423332492219699,0.5149297670115232,0.36411809235427706,0.4501640171587181,0.4865001261670452,0.3596601900916814,0.48195811254100424,0.3197072924552107,0.31760450836908066,0.3424173605854151,0.3827908150391118,0.36605265371351664,0.42922028766086295,0.3859870468500294,0.3551181764656405,0.5069391874842291,0.4489864580704853,0.5631255782656236,0.3545293969215241,0.3488098242072504,0.524013794263605,0.420472705862562,0.279333838001514,0.43805198082260915
hhm1,0.7903264048051845,0.7903264048051845,0.7903264048051845,0.5660317711214731,0.01730814826523354,0.35501462103848885,0.5874496166916936,0.0316920888326879,0.7903264048051845,0.541768750493954,0.4986959614320714,0.6258594799652256,0.5617640085355251,0.7903264048051845,0.4236149529755789,0.015016201691298504,0.422113332806449,0.5366316288627203,0.03208725203509049,0.48312653125740923,0.01730814826523354,0.37872441318264444,0.5064411601991623,0.018809768434363393,0.4355488816881372,0.5745672962933691,0.6156642693432387,0.43404726151900735,0.5526752548802656,0.4972733739034221,0.5265154508812139,0.4577570536631629,0.503358887220422,0.6286256223820438,0.2674464553860744,0.016833952422350428,0.4409231012408124,0.5126847387971232,0.017624278827155615,0.535367106615032,0.4113648937010985,0.4064648699913064,0.4229036592112542,0.6106061803524855,0.45182960562712393,0.514344424247214,0.020627519165415317,0.42021654943491654,0.5455623172370189,0.6467240970520824,0.6611080376195368,0.5987512842804078,0.518612186833162,0.531099344029084,0.49758950446534417,0.541926815774915,0.5242235043072788,0.6443531178376669,0.4644748281040069,0.5457203825179799,0.644511183118628,0.503200821939461,0.016043626017545245,0.5642140203904212,0.4979056350272662,0.016833952422350428,0.5219315577333439,0.6058642219236544,0.5856318659606417
hhm2,0.28870223978919635,0.26745718050065875,0.44688735177865613,0.5001646903820818,0.8234519104084322,0.3077239789196311,0.22241436100131753,0.4785079051383399,0.3353096179183136,0.12944664031620554,0.20734519104084326,0.35803689064558636,0.174901185770751,0.1827239789196311,0.4752140974967062,0.491600790513834,0.36536561264822137,0.35638998682476947,0.5270092226613966,0.5804512516469038,0.4379940711462451,0.39583333333333337,0.606637022397892,0.5939558629776022,0.325098814229249,0.33679183135704877,0.3503787878787879,0.23073122529644272,0.19351119894598157,0.2721508563899869,0.2335309617918314,0.2637516469038208,0.7742918313570488,0.5517951251646904,0.5299736495388669,0.717967720685112,0.08399209486166008,0.36610671936758893,0.6524209486166008,0.17465415019762848,0.3295454545454546,0.5501482213438735,0.6507740447957839,0.4369235836627141,0.5764163372859025,0.2821969696969697,0.6871706192358367,0.610836627140975,0.19754611330698288,0.5107872200263505,0.4291831357048749,0.4077733860342556,0.29891304347826086,0.3106884057971015,0.4298418972332016,0.4000329380764164,0.27832674571805005,0.2555171277997365,0.217967720685112,0.2434947299077734,0.5831686429512517,0.5615942028985508,0.6922760210803689,0.36618906455862976,0.2843379446640316,0.8234519104084322,0.5292325428194994,0.3111001317523057,0.20569828722002637
hhm3,0.47562918126791964,0.36978337050015925,0.3543325899968143,0.3581554635234151,0.7964319847085058,0.3556865243708187,0.21169162153552085,0.6103854730805989,0.2898215992354253,0.3085377508760752,0.21877986619942655,0.24394711691621535,0.23534565148136347,0.2540618031220134,0.3851545078050334,0.614049060210258,0.2744504619305511,0.29858235106721887,0.509079324625677,0.42354252946798343,0.7964319847085058,0.2597961134119146,0.3924816820643517,0.5714399490283529,0.3840395030264415,0.29428161834979294,0.3372889455240522,0.25422108951895506,0.27763618986938515,0.2077094616119783,0.22515132207709462,0.2505575023892959,0.4700541573749601,0.47523096527556546,0.42776361898693854,0.6403313157056387,0.2816979929913985,0.2993787830519274,0.7404428161834978,0.2620261229690984,0.31642242752468935,0.3875438037591589,0.48908888180949345,0.6184294361261548,0.4597005415737496,0.3023255813953488,0.4667091430391844,0.49776999044281617,0.341669321439949,0.37655304237018156,0.44910799617712643,0.3845970054157375,0.2769194010831475,0.22252309652755653,0.37949984071360304,0.3986938515450781,0.30073271742593183,0.19241796750557502,0.3245460337687161,0.21702771583306787,0.7964319847085058,0.5231761707550175,0.5348040777317616,0.38563236699585857,0.2754858235106722,0.5827492832112138,0.31594456833386425,0.25215036635871296,0.1776043325899968
hhm4,0.80768920119538,0.80768920119538,0.414506098053469,0.36523705678055085,0.80768920119538,0.5109441886761974,0.39067926661820535,0.5349325579517002,0.80768920119538,0.43267910508036506,0.560859381310072,0.66085130441806,0.740570228576044,0.46296745012519186,0.26322591066957435,0.623939907923431,0.3047411356110169,0.3893061949761732,0.5237864469752039,0.3397140780227768,0.80768920119538,0.43647524432598334,0.5034326791050804,0.6804781520071077,0.5501171149341734,0.49939423309910347,0.4190291575801632,0.5925207979969308,0.46401744608674583,0.5147403279218157,0.6140053307487279,0.39205233826023744,0.4357483240449075,0.435667555124788,0.2665374363944754,0.622566836281399,0.5233018334544868,0.4549713270333576,0.5628786043130604,0.599305387286972,0.5129634116791859,0.4209676116630321,0.13722639528309508,0.5719247233664485,0.34843712139568694,0.28874888942734833,0.6243437525240287,0.47492125030288346,0.518698005007673,0.5557709393425411,0.6285437363702447,0.4640982150068654,0.3964946288668121,0.44996365398594623,0.42411759954769407,0.4548905581132381,0.49745577901623456,0.4855019788385429,0.5284710443421371,0.5960746304821904,0.3242872142799451,0.19045311364187062,0.5560132461028996,0.45561747839431394,0.41595993861562075,0.5595670785881592,0.44107907277279707,0.553670947419433,0.80768920119538
hhm5,0.34012591119946983,0.23094764744864146,0.8283631544068919,0.44350563286944994,0.8283631544068919,0.46620278330019876,0.5349569251159708,0.6024685222001325,0.27965540092776675,0.40448972829688534,0.3344102054340623,0.3095593108018555,0.3507289595758781,0.3633200795228628,0.6529986746189529,0.5694996686547382,0.40564943671305503,0.48732604373757454,0.4290092776673294,0.3634857521537442,0.50480450629556,0.39529489728296885,0.37301192842942343,0.5475480450629555,0.15962557985420808,0.28338303512259777,0.2802352551358515,0.23956262425447317,0.3116302186878727,0.23053346587143803,0.19292577866136512,0.476805831676607,0.5044731610337971,0.6482770046388336,0.4620609675281643,0.5360337972166997,0.39214711729622265,0.2229953611663353,0.5070410868124585,0.3019383697813121,0.32430417495029823,0.21015573227302847,0.6170477137176938,0.5799370444002651,0.3846090125911199,0.37980450629555995,0.5873094764744865,0.5107687210072896,0.27849569251159706,0.4207256461232604,0.2838800530152419,0.4229622266401591,0.38759111994698475,0.3181742876076872,0.44988402915838305,0.40457256461232605,0.39985089463220674,0.2386514247846256,0.13593439363817097,0.3353214049039099,0.543157720344599,0.5458084824387012,0.7223326706428098,0.4372100728959576,0.4243704440026507,0.6025513585155733,0.5589794565937707,0.4716699801192843,0.8283631544068919
hhm6,0.805607024893257,0.5573995005236445,0.805607024893257,0.38379118665914763,0.43059695480544585,0.44904535567550147,0.22266978168049623,0.805607024893257,0.5693224844920647,0.4251188270361717,0.4895673890276323,0.218400064448562,0.47192459518246993,0.4675743172480464,0.39877547732216223,0.5788286473858052,0.5043905582856683,0.4661242246032385,0.6173366631757028,0.5071296221703052,0.6392491742527995,0.3601869008297752,0.4937565455570772,0.5202610166760654,0.35124466285346007,0.49133972448239743,0.49214533150729073,0.38290501893176504,0.37372109884798194,0.5424957705631193,0.38830258599854994,0.4691049705953436,0.5254169016353822,0.6301458148715057,0.44397003141867397,0.805607024893257,0.4581487150567953,0.4419560138564408,0.5292032546523806,0.39353903166035603,0.4641102070410053,0.41730443889470714,0.49262869572222673,0.024893257069201643,0.47490534117457506,0.3886248288085072,0.6719568194634656,0.2843792797873197,0.4776444050592121,0.5722226697816805,0.4816724401836784,0.5044711189881576,0.44324498509627,0.5043905582856683,0.5130911141545155,0.6261177797470394,0.4190767743494723,0.3889470716184645,0.5159107387416417,0.45468460484975426,0.7289937968259083,0.33617981148795617,0.805607024893257,0.4053814549262869,0.3971642632723757,0.6986224119874325,0.5433819382905019,0.48159187948118903,0.644082816402159
hhm7,0.40666257291986496,0.5406816088424932,0.4776634940128953,0.3316702486951182,0.7675775253300584,0.30342339576297206,0.5075990175007676,0.3384249309180227,0.4097328830211852,0.4451949646914338,0.4832668099478048,0.49554805035308563,0.5345409886398527,0.43306723979121897,0.30764507215228737,0.59295363831747,0.5200337734111146,0.22973595333128646,0.5267116978814861,0.29789683758059565,0.7675775253300584,0.3657506908197728,0.18621430764507216,0.7675775253300584,0.512665029167946,0.41218913110224137,0.41280319312250535,0.3827141541295671,0.525253300583359,0.4511053116364753,0.5343874731347866,0.44066625729198655,0.2391771568928462,0.18114829597789378,0.262895302425545,0.4428922321154437,0.4616211237334971,0.3732729505680074,0.6716303346638011,0.5049892539146454,0.4412035615597175,0.4443506294135708,0.46684065090574145,0.5214921707092417,0.27256677924470374,0.46377034080442125,0.4974669941664108,0.2668099478047283,0.4064322996622659,0.3446423088731962,0.38194657660423703,0.2562941357077065,0.43813325145839727,0.39975437519189444,0.2252072459318391,0.42930610991710166,0.39307645072152286,0.3697420939514891,0.5071384709855695,0.4082744857230581,0.49700644765121277,0.3230733804114216,0.4860300890389929,0.3963002763279091,0.3636782315013817,0.643536997236721,0.28177770954866443,0.44580902671169786,0.3312864599324532
hhm8,0.32451597482272326,0.34562983029240696,0.5532626882320133,0.3253923990120309,0.5056170823041989,0.27766711815791567,0.2658752290654131,0.46681539319576126,0.12389451039757787,0.26085570870846947,0.2718508485379651,0.4308820014341486,0.3332802167157995,0.3128037606565214,0.28276631344116004,0.7967492630069316,0.21058083021273202,0.36403473826786703,0.6654449844633894,0.27256792287467135,0.5598757071149708,0.2763126444108039,0.33192574296868776,0.6777149231136961,0.2751175205162935,0.21376782726475974,0.254481714604414,0.34809975300772844,0.3334395665684009,0.3528005736594694,0.35694366982710535,0.25838578599314793,0.5535813879372161,0.5856107083100948,0.4480917855150984,0.5016333359891642,0.37232093060313914,0.2938411281969564,0.5692773484184527,0.3365468886941279,0.24986056887897376,0.4108039200063739,0.5321488327623297,0.4847422516134173,0.4271372798980161,0.34076965978806467,0.5577244841048521,0.5245797147637637,0.3010118715640188,0.5607521313042785,0.3207712532865907,0.47765118317265554,0.25153374233128833,0.2714524739064616,0.3257907736435343,0.4031551270815074,0.228507688630388,0.2984622739223966,0.3300932196637718,0.27878256712612537,0.6357262369532308,0.3473030037447215,0.6311847661540912,0.3544737471117839,0.2798183411680344,0.7024938251932117,0.25105569277348416,0.23273045972432477,0.17416938889331526
hhm9,0.5050872694184796,0.38332368268673994,0.5021093556125403,0.35280006617586235,0.8271982794275787,0.33476714368434113,0.41227562246670524,0.5488460584001985,0.4357680536024485,0.5106294978906443,0.44652163123500693,0.5059144676979072,0.6132848043676068,0.5291587393498222,0.265778807180081,0.6117958474646372,0.3609893291421954,0.31309454876333853,0.4297295061626271,0.31938125568698816,0.5233683513938291,0.3465133592522127,0.29167011332616427,0.5280006617586235,0.4355198941186202,0.33286458764165766,0.4221192819918934,0.3820828852675986,0.4203821656050955,0.4351062949789064,0.5007031185375134,0.29754322111010006,0.12101910828025478,0.1160559186036893,0.19232359996691206,0.549011498056084,0.5124493341053851,0.3776160145586897,0.6027793862188766,0.48167755811067914,0.33054843245926047,0.4057407560592274,0.41756969145504175,0.638514351890148,0.1912482422036562,0.35677061791711473,0.4691868640913227,0.1066258582182149,0.3688477127967574,0.3545371825626602,0.4384978079245595,0.1040615435519894,0.3614029282819092,0.4415584415584416,0.27984117793034985,0.3906857473736454,0.3448589626933576,0.41856232939035487,0.5157581272230953,0.3987922905120357,0.4170733724873852,0.26867400115807755,0.5536438084208785,0.41972040698155344,0.33294730746960044,0.4538836959219124,0.23947390189428402,0.3815038464719993,0.4551244933410538
hhm10,0.7923302432453847,0.7923302432453847,0.5384676333095634,0.5032089374851438,0.7923302432453847,0.4357816337849616,0.4959987322716108,0.7923302432453847,0.4432295380714682,0.7923302432453847,0.5946438475556611,0.6073211314475874,0.4494097139687822,0.4986134220743206,0.5454401394501228,0.7923302432453847,0.4795182632121068,0.4570953173282624,0.6325172331827906,0.4803898264796767,0.5830758260042785,0.43950558592821487,0.49615719832025984,0.5366452737500991,0.5006734807067585,0.603438713255685,0.5380714681879407,0.5976547024799936,0.5232548926392521,0.6096981221773234,0.6086680928611045,0.4593138420093495,0.20196497900324856,0.34014737342524365,0.3910942080659219,0.5867205451232074,0.4660486490769352,0.4645432216147691,0.7923302432453847,0.6226923381665479,0.4448934315822835,0.5238887568338484,0.5728547658664132,0.7923302432453847,0.2673322240709928,0.5938515173124158,0.6625465494017907,0.3994136756199984,0.49132398383646303,0.5238887568338484,0.5188970763014025,0.3273116234846684,0.5134299976230093,0.4631962602012519,0.3966405197686396,0.5946438475556611,0.4629585611282783,0.4831629823310356,0.5328420885825211,0.48482687584185086,0.5787972426907535,0.36407574677125426,0.7923302432453847,0.512796133428413,0.507645986847318,0.7923302432453847,0.43118611837413834,0.611678947785437,0.7923302432453847
hhm11,0.23678664072632946,0.3568417639429312,0.8106355382619974,0.4237191958495461,0.8106355382619974,0.35992217898832685,0.35051880674448765,0.8106355382619974,0.363651102464332,0.29815175097276264,0.304798962386511,0.19495784695201038,0.193579766536965,0.36673151750972766,0.4404993514915694,0.6459954604409858,0.4058852140077821,0.39283398184176394,0.5890888456549935,0.44787613488975353,0.518644617380026,0.35392347600518803,0.45111867704280156,0.6630998702983139,0.2837224383916991,0.3862678339818417,0.3734597924773022,0.35076199740596625,0.2521887159533074,0.37094682230869,0.2701848249027237,0.3069876783398184,0.4904345006485084,0.7389753566796368,0.4974870298313878,0.6782587548638133,0.3741083009079118,0.33803501945525294,0.8106355382619974,0.30941958495460437,0.3455739299610895,0.3942120622568093,0.6351329442282749,0.49635214007782097,0.5125648508430609,0.38845654993514916,0.6483463035019454,0.6250810635538262,0.27448119325551235,0.40215629053177687,0.4298800259403372,0.47641050583657585,0.4016699092088197,0.32919909208819714,0.45087548638132297,0.4139915693904021,0.3968060959792477,0.373378728923476,0.36511024643320367,0.32822632944228275,0.8106355382619974,0.4911640726329442,0.5821984435797665,0.38383592736705574,0.29053177691309984,0.6186770428015564,0.45614461738002593,0.258916990920882,0.3117704280155642
hhm12,0.4601226993865031,0.16424633066708083,0.21573347829463382,0.4052186068183583,0.5424400093189408,0.17403121845150266,0.7765783955890346,0.7765783955890346,0.4372912945561855,0.3580802982061039,0.29820610390618935,0.29851673526442496,0.46951929797313036,0.4250213559058787,0.45111438999767023,0.5708627785974993,0.3525665915974217,0.530092412829075,0.5613108643317543,0.3567601149336025,0.5609225751339598,0.4125961015764541,0.5137066086821465,0.5114545313349382,0.5320338588180477,0.5653490719888172,0.27180243845616214,0.4572493593228236,0.381299992234216,0.24306903781936784,0.4100333928710103,0.3405296264657917,0.5335093577696669,0.4832647355750562,0.4337190339364759,0.5785509047138309,0.4991845926846315,0.48442960316843986,0.6997747922652792,0.23351712355362275,0.4727032693950454,0.3653801351246408,0.5015919857109575,0.5011260386736041,0.3399860215888794,0.47014056068960164,0.6463461986487535,0.43542750640677175,0.33719033936475884,0.06624213714374466,0.10041158654966219,0.42672982837617457,0.3152908286091481,0.34464549196241356,0.30806864953017005,0.0716781859128679,0.2781703812999922,0.3340063679428438,0.42183738448396363,0.29044031995029895,0.5749786440941212,0.44560068338898806,0.460976935621651,0.12052496699541819,0.34184980973829304,0.47495534674225365,0.5019026170691931,0.3580802982061039,0.38782325075716395
hhm13,0.7867201636377941,0.4455196286680828,0.7867201636377941,0.17575328455668318,0.7867201636377941,0.35292266540791445,0.3945401620643537,0.7867201636377941,0.3797498229879632,0.337030918102431,0.44567697270081036,0.517111163559122,0.3400204547242546,0.38266068759342303,0.5020848084336402,0.509637322004563,0.3950121941625364,0.47069467390449227,0.4999606639918181,0.3920226575407128,0.7867201636377941,0.2995043662969082,0.3809299032334199,0.5156163952482102,0.3386043584297066,0.3320745810715129,0.39186531350798526,0.343088663362442,0.3304224687278735,0.4050035402407364,0.4154669184171191,0.34182991110062155,0.3914719534261663,0.5861065219101566,0.3457635119188105,0.5997167807410905,0.4458343167335379,0.40547557233891907,0.5981433404138148,0.3381323263315239,0.3825033435606955,0.4153882464007553,0.6265439383211392,0.516796475493667,0.2829045708441507,0.423334120053497,0.6169459523247581,0.5942884116119896,0.3581150184879239,0.44284478011171424,0.42970655337896313,0.5190779639682166,0.3369522460860672,0.3659822201243018,0.4560616788608292,0.4716387381008576,0.4432381401935332,0.3850995201007002,0.5083785697427425,0.3507198489497286,0.5287546219809615,0.4227047439225868,0.7867201636377941,0.37770435056250495,0.3697584769097632,0.5050743450554638,0.31279993706238696,0.3450554637715365,0.3325466131696956
hhm14,0.3958673191952148,0.45063310805562024,0.4578575312669929,0.2977549910665734,0.3672803542297832,0.5033014837256272,0.3285170511924182,0.7768197001475957,0.2620989668297988,0.3983531422356871,0.3564048784277169,0.4278722908412957,0.3719412724306688,0.3971102307154509,0.3337217431834071,0.5657577876174938,0.21945156529169577,0.37846655791190864,0.6651907092363861,0.2694010720111862,0.4642274528082032,0.30653305367824124,0.3233123592014293,0.5145653693777673,0.25448613376835233,0.23374504777441155,0.3277402314922706,0.32354540511147356,0.3341878350034957,0.3672803542297832,0.3292938708925658,0.29247261710556977,0.4879204536627048,0.4257748776508972,0.36759108210984226,0.49149382428338384,0.4197933659597607,0.30117299774722284,0.5248193894197156,0.33721743183407127,0.17851316709391749,0.3664258525596209,0.4450400062145575,0.5422201507030218,0.39345917812475717,0.34684999611590145,0.531810766721044,0.5005826147751107,0.2723529868717471,0.42942593024159087,0.3484813174862114,0.41031616561796,0.3342655169735104,0.2944923483259535,0.3717082265206245,0.4659364561485279,0.335042336673658,0.2938708925658355,0.3583469276780859,0.35508428493746597,0.4368833993630078,0.33527538258370226,0.46849996115901493,0.32742950361221157,0.2830730987337839,0.5106035889070146,0.2205391128719024,0.2586032781791346,0.3102617882389497
hhm15,0.12385826771653542,0.22921259842519687,0.7874015748031495,0.21881889763779525,0.5196062992125985,0.28425196850393697,0.2986614173228347,0.3569291338582677,0.29874015748031496,0.2581102362204724,0.3710236220472441,0.2953543307086614,0.3223622047244094,0.3236220472440945,0.40858267716535435,0.5018897637795275,0.26598425196850395,0.2955905511811024,0.4983464566929134,0.28291338582677167,0.531259842519685,0.28188976377952757,0.3968503937007874,0.43417322834645666,0.27307086614173226,0.23511811023622045,0.21708661417322833,0.32511811023622045,0.29141732283464566,0.28448818897637795,0.27141732283464565,0.3339370078740157,0.37055118110236224,0.5871653543307087,0.34,0.6199212598425197,0.3124409448818897,0.26338582677165356,0.4871653543307087,0.3132283464566929,0.2937795275590551,0.2556692913385827,0.421496062992126,0.47448818897637796,0.40582677165354325,0.22023622047244096,0.4934645669291339,0.3963779527559055,0.292755905511811,0.3270866141732283,0.308503937007874,0.3728346456692913,0.2469291338582677,0.2569291338582677,0.31866141732283465,0.3163779527559055,0.22574803149606298,0.34307086614173227,0.28929133858267714,0.2837007874015748,0.4512598425196851,0.3537007874015748,0.4434645669291339,0.2777165354330709,0.2741732283464567,0.5069291338582678,0.29811023622047245,0.2682677165354331,0.39598425196850395
hhm16,0.28628538794158437,0.27412906910336954,0.5549481928693808,0.39822142449212694,0.4431753283837807,0.4214734437464306,0.361997226074896,0.4319980419352207,0.45255772211797335,0.4099698131679856,0.3632210165619646,0.3500040793016235,0.3977319082972995,0.3474749122950151,0.35318593456800196,0.47270947213836995,0.4855184792363547,0.4094802969731582,0.4452965652280329,0.28122705392836744,0.5299012809007098,0.34616953577547527,0.36158929591253974,0.5649016888308722,0.44170677979929834,0.342008648119442,0.3390715509504773,0.3146773272415762,0.40042424736885046,0.38598351962144084,0.4236762666231541,0.3238149628783552,0.3727665823610998,0.4647956269886595,0.37080851758179,0.5612303173696662,0.453781512605042,0.27706616627233416,0.6570939055233744,0.3951211552582198,0.4169046259280411,0.3907155095047728,0.48543689320388345,0.4697723749694052,0.26809170270049765,0.3402137554050747,0.5254140491147915,0.43330341845476056,0.3485355307171412,0.4512523455984336,0.3631394305294933,0.4584319164559027,0.2728236925838296,0.32071469364444805,0.3556335155421392,0.40344293057028635,0.3315656359631231,0.4191890348372359,0.3927551603165538,0.34804601452231376,0.7119197193440483,0.4231867504283267,0.660357346822224,0.33597128171657015,0.3579995104838052,0.5055070571918088,0.34461940115852163,0.39128661173207147,0.5223137798808843
hhm17,0.4101956135151156,0.44305190956050466,0.48835633838597675,0.34431365907358796,0.846811753747142,0.3574392412566686,0.4594800575831992,0.4649843339825557,0.39817088661190614,0.7010754509272588,0.3811499703615886,0.3665848081971378,0.33347446862562447,0.4811584384791261,0.25455161317639086,0.846811753747142,0.44051147429926324,0.17122533660767209,0.4656617833855534,0.25912439664662545,0.846811753747142,0.3495638919468202,0.15970869675671096,0.5561012786857481,0.5741383690405621,0.3808959268354644,0.4144296722838513,0.45058853416885425,0.47345245152002713,0.4181556440003387,0.4932678465577102,0.3566771106782962,0.32094165467016683,0.19629096451858752,0.296892200863748,0.49013464306884574,0.4787873655686341,0.3740367516301126,0.4772631044118892,0.5440765517825387,0.43695486493352526,0.35286645778643405,0.3323736133457532,0.6353628588364806,0.35896350241341346,0.4396646625455161,0.4791260902701329,0.258955034295876,0.4419510542806334,0.36362096705902275,0.425776949784063,0.2742823270386993,0.4153611652129731,0.4446608518926243,0.18062494707426538,0.3947836395969176,0.33957151325260393,0.46193581166906594,0.43830976373952063,0.40528410534338216,0.5913286476416293,0.3356761791853671,0.5917520535185028,0.4455923448217461,0.38191210093996103,0.7437547633161148,0.2563299178592599,0.39114234905580486,0.5292573460919637
hhm18,0.7652865998316369,0.7652865998316369,0.05571286446774317,0.5797811280324482,0.7652865998316369,0.7652865998316369,0.7652865998316369,0.7652865998316369,0.7652865998316369,0.7652865998316369,0.6531721129563022,0.5720517333741487,0.7652865998316369,0.25001913216499577,0.36779673987908473,0.7652865998316369,0.4192239993877707,0.4748603351955308,0.4016989362516263,0.5819239305119768,0.6462845335578175,0.5302670850233412,0.6990127802862172,0.7652865998316369,0.5677661284150914,0.7061299456646514,0.4222086171271141,0.5573582306573812,0.5901890257901584,0.6217188337032219,0.5415933267008495,0.5372311930818092,0.5663886125353945,0.5459554603198898,0.7149307415627153,0.7652865998316369,0.6953394046070254,0.6281472411418076,0.48174791459401545,0.7089615060840285,0.5569755873574653,0.29960970383408586,0.30045151909390067,0.7652865998316369,0.43055024106527895,0.4223616744470804,0.5653937399556134,0.7652865998316369,0.5376903650417081,0.7652865998316369,0.532027244202954,0.7016912833856279,0.5458789316599066,0.6564628453355782,0.6465141195377669,0.7652865998316369,0.5926379429096197,0.5738118925537614,0.5734292492538455,0.6205709038034743,0.030841049973214973,0.553531797658223,0.7652865998316369,0.6071018596464376,0.541899441340782,0.6687839595928675,0.5763373383332058,0.7652865998316369,0.5784801408127344
hhm19,0.8254911672445104,0.8254911672445104,0.349017665510979,0.3203731220075945,0.44130757800891524,0.41538715535743764,0.46656760772659733,0.8254911672445104,0.8254911672445104,0.5504375103186395,0.5498596665015685,0.5054482417038137,0.629767211490837,0.44089483242529304,0.2540861812778603,0.5515106488360575,0.46557701832590387,0.49323097242859504,0.5894006934125805,0.5292223873204557,0.8254911672445104,0.4142314677232954,0.5681030212976721,0.8254911672445104,0.481508997853723,0.5326069011061582,0.48382037312200754,0.5244345385504374,0.42727422816575855,0.6045897308898796,0.6285289747399703,0.5719002806669968,0.5272412085190689,0.6276209344560013,0.42496285289747404,0.8254911672445104,0.6168895492818226,0.4353640416047548,0.626465246821859,0.49191018656100377,0.5028892190853558,0.45253425788344065,0.1276209344560013,0.5875846128446426,0.5147762918936768,0.26069011061581643,0.6602278355621595,0.41373617302294863,0.6135050354961201,0.5289747399702823,0.6457817401353805,0.48282978372131413,0.5008254911672445,0.4908370480435859,0.5971603103846789,0.5621594848935115,0.6158164107644049,0.47193330031368663,0.4479940564635958,0.5333498431566782,0.43330031368664357,0.20241043420835397,0.7381542017500412,0.441802872709262,0.4492322932144626,0.7610203070827143,0.6555225359088658,0.6967145451543669,0.6939904243024599
A,0.5909090909090909,0.7272727272727273,0.5909090909090909,0.6363636363636364,0.5909090909090909,0.5909090909090909,0.6363636363636364,0.5,0.5454545454545454,0.5454545454545454,0.5,0.5454545454545454,0.5909090909090909,0.6363636363636364,0.6363636363636364,0.5,0.5,0.6363636363636364,0.45454545454545453,0.7272727272727273,0.4090909090909091,0.5454545454545454,0.5909090909090909,0.4090909090909091,0.6363636363636364,0.5454545454545454,0.5,0.5454545454545454,0.5,0.6363636363636364,0.5,0.5,0.5454545454545454,0.5,0.5,0.45454545454545453,0.5,0.5454545454545454,0.5,0.5,0.6363636363636364,0.7727272727272727,0.5,0.45454545454545453,0.5454545454545454,0.5454545454545454,0.5,0.5,0.5909090909090909,0.5454545454545454,0.5454545454545454,0.5,0.6363636363636364,0.6363636363636364,0.5454545454545454,0.5,0.6363636363636364,0.5454545454545454,0.5454545454545454,0.5454545454545454,0.4090909090909091,0.4090909090909091,0.45454545454545453,0.5454545454545454,0.5909090909090909,0.45454545454545453,0.5454545454545454,0.5454545454545454,0.45454545454545453
R,0.47619047619047616,0.47619047619047616,0.47619047619047616,0.47619047619047616,0.2857142857142857,0.6190476190476191,0.5714285714285714,0.2857142857142857,0.7142857142857143,0.38095238095238093,0.5238095238095238,0.42857142857142855,0.6666666666666666,0.6666666666666666,0.5714285714285714,0.2857142857142857,0.7619047619047619,0.47619047619047616,0.23809523809523808,0.42857142857142855,0.19047619047619047,0.7142857142857143,0.47619047619047616,0.23809523809523808,0.5714285714285714,0.6190476190476191,0.5714285714285714,0.6190476190476191,0.6666666666666666,0.38095238095238093,0.42857142857142855,0.6666666666666666,0.42857142857142855,0.38095238095238093,0.38095238095238093,0.23809523809523808,0.3333333333333333,0.47619047619047616,0.3333333333333333,0.42857142857142855,0.6666666666666666,0.42857142857142855,0.38095238095238093,0.42857142857142855,0.6190476190476191,0.5238095238095238,0.3333333333333333,0.42857142857142855,0.5714285714285714,0.42857142857142855,0.47619047619047616,0.6666666666666666,0.5238095238095238,0.6190476190476191,0.38095238095238093,0.38095238095238093,0.5238095238095238,0.5714285714285714,0.6190476190476191,0.6190476190476191,0.3333333333333333,0.42857142857142855,0.23809523809523808,0.5238095238095238,0.5238095238095238,0.19047619047619047,0.8095238095238095,0.6190476190476191,0.38095238095238093
N,0.8095238095238095,0.5714285714285714,0.3333333333333333,0.6666666666666666,0.2857142857142857,0.6190476190476191,0.5238095238095238,0.2857142857142857,0.6190476190476191,0.6666666666666666,0.8095238095238095,0.38095238095238093,0.7142857142857143,0.47619047619047616,0.6190476190476191,0.3333333333333333,0.5238095238095238,0.5238095238095238,0.2857142857142857,0.5714285714285714,0.23809523809523808,0.5714285714285714,0.47619047619047616,0.23809523809523808,0.42857142857142855,0.5238095238095238,0.47619047619047616,0.6190476190476191,0.6666666666666666,0.42857142857142855,0.6190476190476191,0.6190476190476191,0.42857142857142855,0.47619047619047616,0.3333333333333333,0.2857142857142857,0.47619047619047616,0.5238095238095238,0.3333333333333333,0.7142857142857143,0.5714285714285714,0.47619047619047616,0.38095238095238093,0.6666666666666666,0.42857142857142855,0.42857142857142855,0.3333333333333333,0.38095238095238093,0.7142857142857143,0.42857142857142855,0.38095238095238093,0.38095238095238093,0.5714285714285714,0.5238095238095238,0.38095238095238093,0.38095238095238093,0.5714285714285714,0.5238095238095238,0.5714285714285714,0.6190476190476191,0.2857142857142857,0.3333333333333333,0.2857142857142857,0.47619047619047616,0.6190476190476191,0.23809523809523808,0.5238095238095238,0.9047619047619048,0.7142857142857143
D,0.5454545454545454,0.6818181818181818,0.4090909090909091,0.6818181818181818,0.2727272727272727,0.7272727272727273,0.45454545454545453,0.5,0.5909090909090909,0.9090909090909091,0.8181818181818182,0.5454545454545454,0.6818181818181818,0.5,0.5909090909090909,0.4090909090909091,0.5909090909090909,0.6363636363636364,0.2727272727272727,0.45454545454545453,0.22727272727272727,0.5,0.4090909090909091,0.2727272727272727,0.4090909090909091,0.5,0.7272727272727273,0.7272727272727273,0.9090909090909091,0.7727272727272727,0.8636363636363636,0.5,0.4090909090909091,0.36363636363636365,0.36363636363636365,0.2727272727272727,0.9545454545454546,0.6363636363636364,0.36363636363636365,0.8636363636363636,0.5909090909090909,0.45454545454545453,0.4090909090909091,0.4090909090909091,0.4090909090909091,0.5,0.36363636363636365,0.4090909090909091,0.6818181818181818,0.45454545454545453,0.4090909090909091,0.4090909090909091,0.6818181818181818,0.5909090909090909,0.4090909090909091,0.4090909090909091,0.6363636363636364,0.7272727272727273,0.7727272727272727,0.7272727272727273,0.3181818181818182,0.3181818181818182,0.2727272727272727,0.5454545454545454,0.6818181818181818,0.22727272727272727,0.5454545454545454,0.5454545454545454,0.9090909090909091
C,0.4444444444444444,0.4444444444444444,0.3333333333333333,0.4444444444444444,0.9629629629629629,0.4074074074074074,0.4074074074074074,0.9629629629629629,0.37037037037037035,0.3333333333333333,0.37037037037037035,0.3333333333333333,0.5925925925925926,0.4074074074074074,0.4444444444444444,0.9629629629629629,0.48148148148148145,0.4444444444444444,0.9629629629629629,0.5185185185185185,1.0,0.6666666666666666,0.4444444444444444,1.0,0.4074074074074074,0.4444444444444444,0.5185185185185185,0.37037037037037035,0.3333333333333333,0.4444444444444444,0.3333333333333333,0.4444444444444444,0.5555555555555556,0.48148148148148145,0.48148148148148145,0.9629629629629629,0.3333333333333333,0.37037037037037035,0.9629629629629629,0.37037037037037035,0.5925925925925926,0.48148148148148145,0.48148148148148145,0.37037037037037035,0.5555555555555556,0.5185185185185185,0.9629629629629629,0.4444444444444444,0.5185185185185185,0.4074074074074074,0.37037037037037035,0.5185185185185185,0.48148148148148145,0.5185185185185185,0.4444444444444444,0.37037037037037035,0.48148148148148145,0.4074074074074074,0.4444444444444444,0.4444444444444444,0.37037037037037035,0.37037037037037035,1.0,0.37037037037037035,0.4444444444444444,1.0,0.4444444444444444,0.4074074074074074,0.3333333333333333
Q,0.42857142857142855,0.42857142857142855,0.3333333333333333,0.47619047619047616,0.42857142857142855,0.5714285714285714,0.5714285714285714,0.5238095238095238,0.6190476190476191,0.38095238095238093,0.47619047619047616,0.42857142857142855,0.5714285714285714,0.47619047619047616,0.5238095238095238,0.2857142857142857,0.5238095238095238,0.5238095238095238,0.3333333333333333,0.38095238095238093,0.19047619047619047,0.5238095238095238,0.42857142857142855,0.19047619047619047,0.38095238095238093,0.47619047619047616,0.47619047619047616,0.7142857142857143,0.42857142857142855,0.42857142857142855,0.42857142857142855,0.5714285714285714,0.7619047619047619,0.3333333333333333,0.42857142857142855,0.19047619047619047,0.38095238095238093,0.47619047619047616,0.2857142857142857,0.6190476190476191,0.5238095238095238,0.42857142857142855,0.38095238095238093,0.42857142857142855,0.42857142857142855,0.47619047619047616,0.2857142857142857,0.42857142857142855,0.5238095238095238,0.47619047619047616,0.42857142857142855,0.42857142857142855,0.5238095238095238,0.6190476190476191,0.38095238095238093,0.38095238095238093,0.5238095238095238,0.5714285714285714,0.47619047619047616,0.5238095238095238,0.2857142857142857,0.2857142857142857,0.19047619047619047,0.42857142857142855,0.5238095238095238,0.19047619047619047,0.5714285714285714,0.47619047619047616,0.42857142857142855
E,0.5,0.55,0.4,0.7,0.3,0.65,0.6,0.3,0.65,0.65,0.6,0.8,0.6,0.6,0.6,0.5,0.6,0.75,0.25,0.45,0.2,0.75,0.5,0.2,0.4,0.5,0.55,0.75,0.65,0.75,0.8,0.55,0.5,0.35,0.4,0.25,0.6,0.85,0.35,0.6,0.6,0.6,0.4,0.45,0.45,0.65,0.35,0.45,0.6,0.5,0.45,0.4,0.75,0.7,0.4,0.45,0.7,0.85,0.7,0.8,0.35,0.35,0.25,0.5,0.8,0.2,0.55,0.5,0.7
G,0.5454545454545454,0.8181818181818182,0.4090909090909091,0.5,0.36363636363636365,0.5454545454545454,0.5909090909090909,0.45454545454545453,0.5909090909090909,0.6363636363636364,0.5454545454545454,0.45454545454545453,0.5909090909090909,0.5,0.5,0.4090909090909091,0.45454545454545453,0.5,0.5909090909090909,0.7727272727272727,0.3181818181818182,0.45454545454545453,0.5,0.3181818181818182,0.9090909090909091,0.8636363636363636,0.5454545454545454,0.5909090909090909,0.45454545454545453,0.45454545454545453,0.5454545454545454,0.45454545454545453,0.4090909090909091,0.4090909090909091,0.4090909090909091,0.36363636363636365,0.45454545454545453,0.7727272727272727,0.4090909090909091,0.5909090909090909,0.6363636363636364,0.8181818181818182,0.6363636363636364,0.45454545454545453,0.45454545454545453,0.5,0.4090909090909091,0.45454545454545453,0.5454545454545454,0.5,0.6818181818181818,0.45454545454545453,0.5454545454545454,0.5454545454545454,0.45454545454545453,0.45454545454545453,0.5909090909090909,0.5454545454545454,0.8181818181818182,0.5,0.4090909090909091,0.36363636363636365,0.36363636363636365,0.45454545454545453,0.5454545454545454,0.3181818181818182,0.45454545454545453,0.5,0.45454545454545453
H,0.4166666666666667,0.375,0.2916666666666667,0.4166666666666667,0.25,0.5,0.7916666666666666,0.25,0.5416666666666666,0.3333333333333333,0.5,0.375,0.5,0.375,0.4583333333333333,0.25,0.5416666666666666,0.5833333333333334,0.25,0.375,0.20833333333333334,0.75,0.375,0.20833333333333334,0.625,0.4166666666666667,0.375,0.625,0.5,0.3333333333333333,0.5833333333333334,0.5416666666666666,0.375,0.2916666666666667,0.625,0.20833333333333334,0.3333333333333333,0.4583333333333333,0.2916666666666667,0.4583333333333333,0.5833333333333334,0.375,0.625,0.9166666666666666,0.375,0.5,0.2916666666666667,0.375,0.4583333333333333,0.375,0.3333333333333333,0.375,0.4166666666666667,0.4583333333333333,0.3333333333333333,0.3333333333333333,0.4583333333333333,0.4583333333333333,0.4166666666666667,0.4583333333333333,0.2916666666666667,0.5416666666666666,0.20833333333333334,0.625,0.4166666666666667,0.20833333333333334,0.4583333333333333,0.5,0.375
I,0.4583333333333333,0.4583333333333333,0.375,0.5416666666666666,0.4166666666666667,0.5416666666666666,0.5,0.5,0.4583333333333333,0.375,0.5833333333333334,0.5416666666666666,0.5,0.5416666666666666,0.5,0.4583333333333333,0.5833333333333334,0.5416666666666666,0.5,0.5833333333333334,0.375,0.4583333333333333,0.75,0.4166666666666667,0.4583333333333333,0.5833333333333334,0.375,0.4166666666666667,0.5,0.4583333333333333,0.375,0.5,0.7083333333333334,0.75,0.7083333333333334,0.4166666666666667,0.375,0.4166666666666667,0.4583333333333333,0.4583333333333333,0.5416666666666666,0.5,0.5,0.4166666666666667,0.7916666666666666,0.5416666666666666,0.4583333333333333,0.625,0.5416666666666666,0.5,0.4583333333333333,0.625,0.5416666666666666,0.5833333333333334,0.8333333333333334,0.4166666666666667,0.625,0.5,0.4583333333333333,0.5,0.4583333333333333,0.4583333333333333,0.4166666666666667,0.5,0.5,0.4166666666666667,0.4583333333333333,0.5833333333333334,0.375
L,0.5,0.5,0.4090909090909091,0.5454545454545454,0.5454545454545454,0.5909090909090909,0.5909090909090909,0.45454545454545453,0.5454545454545454,0.4090909090909091,0.5,0.5,0.5454545454545454,0.5909090909090909,0.6363636363636364,0.5909090909090909,0.5454545454545454,0.5909090909090909,0.5,0.7272727272727273,0.4090909090909091,0.5454545454545454,0.7727272727272727,0.45454545454545453,0.6818181818181818,0.5909090909090909,0.45454545454545453,0.5,0.5,0.4090909090909091,0.4090909090909091,0.6363636363636364,0.7727272727272727,0.9090909090909091,0.9090909090909091,0.45454545454545453,0.36363636363636365,0.45454545454545453,0.5,0.45454545454545453,0.6363636363636364,0.5454545454545454,0.5454545454545454,0.45454545454545453,0.7727272727272727,0.5454545454545454,0.5,0.9090909090909091,0.5454545454545454,0.5,0.5,0.9090909090909091,0.5909090909090909,0.5909090909090909,0.7272727272727273,0.45454545454545453,0.6363636363636364,0.5454545454545454,0.5,0.5454545454545454,0.5,0.5454545454545454,0.45454545454545453,0.5,0.5909090909090909,0.45454545454545453,0.5,0.5,0.4090909090909091
K,0.5,0.6363636363636364,0.4090909090909091,0.5454545454545454,0.5,0.7272727272727273,0.6363636363636364,0.4090909090909091,0.7727272727272727,0.5,0.6363636363636364,0.5454545454545454,0.6363636363636364,0.7727272727272727,0.7272727272727273,0.3181818181818182,0.7272727272727273,0.5454545454545454,0.3181818181818182,0.5,0.2727272727272727,0.6363636363636364,0.5454545454545454,0.2727272727272727,0.5,0.5909090909090909,0.8636363636363636,0.6818181818181818,0.45454545454545453,0.45454545454545453,0.5,0.8181818181818182,0.5,0.4090909090909091,0.4090909090909091,0.2727272727272727,0.4090909090909091,0.5909090909090909,0.36363636363636365,0.5,0.5909090909090909,0.5,0.4090909090909091,0.45454545454545453,0.5,0.5909090909090909,0.36363636363636365,0.45454545454545453,0.6818181818181818,0.45454545454545453,0.5,0.5,0.6363636363636364,0.6818181818181818,0.4090909090909091,0.5454545454545454,0.5909090909090909,0.6363636363636364,0.5454545454545454,0.6363636363636364,0.36363636363636365,0.45454545454545453,0.2727272727272727,0.5454545454545454,0.6363636363636364,0.2727272727272727,0.8181818181818182,0.5,0.45454545454545453
M,0.4230769230769231,0.4230769230769231,0.34615384615384615,0.4230769230769231,0.34615384615384615,0.46153846153846156,0.4230769230769231,0.34615384615384615,0.5,0.3076923076923077,0.38461538461538464,0.46153846153846156,0.46153846153846156,0.5384615384615384,0.5,0.38461538461538464,0.4230769230769231,0.5769230769230769,0.34615384615384615,0.46153846153846156,0.3076923076923077,0.46153846153846156,0.5384615384615384,0.3076923076923077,0.4230769230769231,0.5384615384615384,0.38461538461538464,0.4230769230769231,0.34615384615384615,0.34615384615384615,0.34615384615384615,0.5769230769230769,0.6923076923076923,0.6153846153846154,0.7307692307692307,0.34615384615384615,0.3076923076923077,0.38461538461538464,0.38461538461538464,0.38461538461538464,0.6153846153846154,0.5,0.4230769230769231,0.38461538461538464,0.7307692307692307,0.4230769230769231,0.38461538461538464,0.6923076923076923,0.46153846153846156,0.4230769230769231,0.38461538461538464,0.6153846153846154,0.46153846153846156,0.46153846153846156,0.5384615384615384,0.38461538461538464,0.5384615384615384,0.4230769230769231,0.4230769230769231,0.46153846153846156,0.38461538461538464,0.38461538461538464,0.34615384615384615,0.38461538461538464,0.4230769230769231,0.34615384615384615,0.4230769230769231,0.4230769230769231,0.34615384615384615
F,0.391304347826087,0.391304347826087,0.30434782608695654,0.5217391304347826,0.30434782608695654,0.391304347826087,0.6086956521739131,0.43478260869565216,0.391304347826087,0.30434782608695654,0.34782608695652173,0.30434782608695654,0.391304347826087,0.43478260869565216,0.4782608695652174,0.34782608695652173,0.391304347826087,0.6086956521739131,0.30434782608695654,0.6086956521739131,0.5217391304347826,0.391304347826087,0.4782608695652174,0.2608695652173913,0.5217391304347826,0.4782608695652174,0.391304347826087,0.34782608695652173,0.391304347826087,0.43478260869565216,0.30434782608695654,0.391304347826087,0.43478260869565216,0.5217391304347826,0.5652173913043478,0.30434782608695654,0.2608695652173913,0.34782608695652173,0.34782608695652173,0.34782608695652173,0.5217391304347826,0.5652173913043478,0.782608695652174,0.391304347826087,0.5217391304347826,0.6086956521739131,0.34782608695652173,0.5217391304347826,0.43478260869565216,0.391304347826087,0.34782608695652173,0.4782608695652174,0.43478260869565216,0.43478260869565216,0.4782608695652174,0.34782608695652173,0.4782608695652174,0.391304347826087,0.391304347826087,0.43478260869565216,0.5217391304347826,0.782608695652174,0.30434782608695654,0.30434782608695654,0.4782608695652174,0.2608695652173913,0.4782608695652174,0.34782608695652173,0.30434782608695654
P,0.4782608695652174,0.5217391304347826,1.0,0.4782608695652174,0.34782608695652173,0.5652173913043478,0.5652173913043478,0.34782608695652173,0.4782608695652174,0.4782608695652174,0.43478260869565216,0.9130434782608695,0.5217391304347826,0.4782608695652174,0.6956521739130435,0.34782608695652173,0.7391304347826086,0.5217391304347826,0.34782608695652173,0.4782608695652174,0.30434782608695654,0.43478260869565216,0.43478260869565216,0.30434782608695654,0.391304347826087,0.43478260869565216,0.4782608695652174,0.4782608695652174,0.43478260869565216,0.8695652173913043,0.4782608695652174,0.4782608695652174,0.43478260869565216,0.391304347826087,0.391304347826087,0.34782608695652173,0.391304347826087,0.6521739130434783,0.391304347826087,0.6956521739130435,0.5217391304347826,0.5652173913043478,0.43478260869565216,0.43478260869565216,0.4782608695652174,0.43478260869565216,0.391304347826087,0.4782608695652174,0.6956521739130435,0.9565217391304348,0.9565217391304348,0.43478260869565216,0.5652173913043478,0.5217391304347826,0.43478260869565216,0.9565217391304348,0.6521739130434783,0.5217391304347826,0.5217391304347826,0.5217391304347826,0.391304347826087,0.34782608695652173,0.34782608695652173,0.9130434782608695,0.5652173913043478,0.30434782608695654,0.4782608695652174,0.5652173913043478,0.43478260869565216
S,0.8571428571428571,0.6190476190476191,0.47619047619047616,0.7142857142857143,0.42857142857142855,0.6666666666666666,0.5714285714285714,0.47619047619047616,0.5714285714285714,0.5238095238095238,0.5714285714285714,0.5238095238095238,0.6666666666666666,0.5714285714285714,0.5714285714285714,0.47619047619047616,0.5714285714285714,0.7142857142857143,0.42857142857142855,0.6666666666666666,0.42857142857142855,0.5714285714285714,0.5238095238095238,0.38095238095238093,0.5238095238095238,0.6190476190476191,0.6666666666666666,0.5714285714285714,0.5714285714285714,0.47619047619047616,0.5714285714285714,0.5714285714285714,0.47619047619047616,0.42857142857142855,0.47619047619047616,0.42857142857142855,0.6190476190476191,0.5238095238095238,0.6190476190476191,0.5238095238095238,0.6190476190476191,0.5714285714285714,0.47619047619047616,0.47619047619047616,0.5238095238095238,0.5238095238095238,0.42857142857142855,0.47619047619047616,0.6190476190476191,0.5238095238095238,0.5238095238095238,0.47619047619047616,0.6666666666666666,0.7142857142857143,0.47619047619047616,0.47619047619047616,0.6190476190476191,0.5714285714285714,0.5714285714285714,0.6190476190476191,0.38095238095238093,0.5238095238095238,0.38095238095238093,0.6190476190476191,0.7142857142857143,0.38095238095238093,0.6666666666666666,0.5714285714285714,0.5238095238095238
T,0.6521739130434783,0.6086956521739131,0.43478260869565216,0.6086956521739131,0.6086956521739131,0.6086956521739131,0.5652173913043478,0.43478260869565216,0.5217391304347826,0.4782608695652174,0.5652173913043478,0.4782608695652174,0.6086956521739131,0.5652173913043478,0.6086956521739131,0.5217391304347826,0.5217391304347826,0.5652173913043478,0.6956521739130435,0.5217391304347826,0.391304347826087,0.5217391304347826,0.5652173913043478,0.391304347826087,0.43478260869565216,0.6086956521739131,0.4782608695652174,0.5652173913043478,0.43478260869565216,0.43478260869565216,0.4782608695652174,0.5652173913043478,0.6086956521739131,0.4782608695652174,0.4782608695652174,0.6521739130434783,0.43478260869565216,0.5217391304347826,0.4782608695652174,0.4782608695652174,0.5652173913043478,0.5217391304347826,0.43478260869565216,0.43478260869565216,0.6521739130434783,0.5217391304347826,0.43478260869565216,0.5217391304347826,0.6521739130434783,0.6521739130434783,0.4782608695652174,0.5217391304347826,0.7391304347826086,0.6521739130434783,0.5652173913043478,0.4782608695652174,0.6086956521739131,0.5652173913043478,0.5652173913043478,0.5217391304347826,0.391304347826087,0.43478260869565216,0.391304347826087,0.5217391304347826,0.6086956521739131,0.391304347826087,0.5217391304347826,0.6956521739130435,0.4782608695652174
W,0.3333333333333333,0.37037037037037035,0.25925925925925924,0.4074074074074074,0.2962962962962963,0.37037037037037035,0.37037037037037035,0.2962962962962963,0.3333333333333333,0.25925925925925924,0.3333333333333333,0.2962962962962963,0.37037037037037035,0.7777777777777778,0.4074074074074074,0.6666666666666666,0.37037037037037035,0.48148148148148145,0.2962962962962963,0.37037037037037035,0.25925925925925924,0.4074074074074074,0.37037037037037035,0.2962962962962963,0.3333333333333333,0.37037037037037035,0.2962962962962963,0.3333333333333333,0.2962962962962963,0.5185185185185185,0.25925925925925924,0.3333333333333333,0.37037037037037035,0.37037037037037035,0.37037037037037035,0.2962962962962963,0.25925925925925924,0.3333333333333333,0.3333333333333333,0.3333333333333333,0.4444444444444444,0.7407407407407407,0.5555555555555556,0.3333333333333333,0.4074074074074074,0.6666666666666666,0.3333333333333333,0.4074074074074074,0.4074074074074074,0.37037037037037035,0.3333333333333333,0.5925925925925926,0.37037037037037035,0.4074074074074074,0.37037037037037035,0.3333333333333333,0.4444444444444444,0.4074074074074074,0.4074074074074074,0.4074074074074074,0.9629629629629629,0.48148148148148145,0.2962962962962963,0.2962962962962963,0.48148148148148145,0.2962962962962963,0.3333333333333333,0.3333333333333333,0.25925925925925924
Y,0.36363636363636365,0.36363636363636365,0.2727272727272727,0.6363636363636364,0.2727272727272727,0.4090909090909091,0.5454545454545454,0.2727272727272727,0.4090909090909091,0.2727272727272727,0.36363636363636365,0.36363636363636365,0.5,0.45454545454545453,0.6818181818181818,0.3181818181818182,0.4090909090909091,0.5454545454545454,0.2727272727272727,0.45454545454545453,0.2727272727272727,0.5909090909090909,0.5454545454545454,0.22727272727272727,0.4090909090909091,0.45454545454545453,0.36363636363636365,0.36363636363636365,0.4090909090909091,0.3181818181818182,0.3181818181818182,0.4090909090909091,0.36363636363636365,0.4090909090909091,0.4090909090909091,0.2727272727272727,0.2727272727272727,0.36363636363636365,0.3181818181818182,0.36363636363636365,0.5909090909090909,0.5909090909090909,0.9090909090909091,0.45454545454545453,0.4090909090909091,0.8636363636363636,0.3181818181818182,0.45454545454545453,0.45454545454545453,0.36363636363636365,0.3181818181818182,0.45454545454545453,0.4090909090909091,0.45454545454545453,0.4090909090909091,0.3181818181818182,0.5,0.45454545454545453,0.4090909090909091,0.5909090909090909,0.5,0.9090909090909091,0.2727272727272727,0.3181818181818182,0.4090909090909091,0.22727272727272727,0.45454545454545453,0.36363636363636365,0.3181818181818182
V,0.4782608695652174,0.5217391304347826,0.43478260869565216,0.6521739130434783,0.4782608695652174,0.5217391304347826,0.5652173913043478,0.5652173913043478,0.4782608695652174,0.391304347826087,0.6086956521739131,0.6521739130434783,0.5652173913043478,0.6086956521739131,0.5652173913043478,0.5217391304347826,0.5652173913043478,0.6956521739130435,0.4782608695652174,0.6521739130434783,0.43478260869565216,0.5217391304347826,0.8260869565217391,0.43478260869565216,0.4782608695652174,0.6086956521739131,0.43478260869565216,0.5217391304347826,0.43478260869565216,0.43478260869565216,0.43478260869565216,0.5217391304347826,0.6521739130434783,0.7391304347826086,0.6521739130434783,0.4782608695652174,0.391304347826087,0.4782608695652174,0.4782608695652174,0.4782608695652174,0.6086956521739131,0.5217391304347826,0.5217391304347826,0.43478260869565216,0.6521739130434783,0.6521739130434783,0.4782608695652174,0.6521739130434783,0.5652173913043478,0.5217391304347826,0.4782608695652174,0.6086956521739131,0.5652173913043478,0.6086956521739131,0.8695652173913043,0.4782608695652174,0.6956521739130435,0.5652173913043478,0.5217391304347826,0.5652173913043478,0.6956521739130435,0.4782608695652174,0.43478260869565216,0.4782608695652174,0.5217391304347826,0.43478260869565216,0.5217391304347826,0.6086956521739131,0.391304347826087
