,M,A,K,T,E,E.1,M.1,V,Q,T.1,E.2,E.3,M.2,E.4,T.2,P,R,L,S,V.1,I,V.2,T.3,H,S.1,N,E.5,R.1,Y,D,L.1,L.2,V.3,T.4,P.1,Q.1,Q.2,G,N.1,S.2,E.6,P.2,V.4,V.5,Q.3,D.1,L.3,A.1,Q.4,L.4,V.6,E.7,E.8,A.2,T.5,G.1,V.7,P.3,L.5,P.4,F,Q.5,K.1,L.6,I.1,F.1,K.2,G.2,K.3,S.3,L.7,K.4,E.9,M.3,E.10,T.6,P.5,L.8,S.4,A.3,L.9,G.3,M.4,Q.6,N.2,G.4,C,R.2,V.8,M.5,L.10,I.2,G.5,E.11,K.5,S.5,N.3
ASA,0.7312820512820513,0.456923076923077,0.7123076923076923,0.47384615384615386,0.7328205128205129,0.6882051282051282,0.5641025641025641,0.4774358974358975,0.6358974358974359,0.43333333333333335,0.7220512820512821,0.6866666666666666,0.5635897435897436,0.6964102564102564,0.42923076923076925,0.36307692307692313,0.6492307692307693,0.1123076923076923,0.26461538461538464,0.03076923076923077,0.2451282051282051,0.02871794871794872,0.201025641025641,0.14512820512820512,0.3523076923076923,0.7117948717948719,0.5020512820512821,0.6302564102564103,0.1671794871794872,0.4420512820512821,0.036923076923076927,0.4323076923076924,0.0558974358974359,0.3107692307692308,0.298974358974359,0.5256410256410257,0.6138461538461538,0.31846153846153846,0.5015384615384616,0.4148717948717949,0.5374358974358975,0.17025641025641022,0.19897435897435897,0.05179487179487179,0.4128205128205128,0.3338461538461539,0.02153846153846154,0.06923076923076923,0.49282051282051287,0.22974358974358972,0.018974358974358972,0.3230769230769231,0.675897435897436,0.2276923076923077,0.11743589743589743,0.29333333333333333,0.1005128205128205,0.31846153846153846,0.27025641025641023,0.4297435897435898,0.378974358974359,0.08769230769230768,0.36717948717948723,0.05846153846153846,0.23435897435897435,0.13999999999999999,0.718974358974359,0.3215384615384615,0.5174358974358975,0.32820512820512815,0.08051282051282052,0.7148717948717949,0.4902564102564103,0.3769230769230769,0.7497435897435898,0.17794871794871792,0.1933333333333333,0.03435897435897436,0.2938461538461538,0.38153846153846155,0.14769230769230768,0.2523076923076923,0.06256410256410257,0.5123076923076924,0.5143589743589744,0.2205128205128205,0.10358974358974359,0.46102564102564103,0.022051282051282053,0.2569230769230769,0.07025641025641026,0.2369230769230769,0.0887179487179487,0.5107692307692309,0.5528205128205129,0.418974358974359,0.675897435897436
HSE_alpha_up,0.16129032258064516,0.10967741935483871,0.16129032258064516,0.16774193548387098,0.08709677419354837,0.08709677419354837,0.2161290322580645,0.20645161290322578,0.132258064516129,0.21935483870967742,0.08709677419354837,0.0935483870967742,0.23225806451612904,0.1193548387096774,0.20645161290322578,0.30000000000000004,0.2387096774193548,0.6612903225806451,0.22903225806451613,0.8129032258064516,0.2838709677419355,0.8161290322580645,0.27419354838709675,0.5806451612903226,0.132258064516129,0.035483870967741936,0.1870967741935484,0.27419354838709675,0.6032258064516128,0.16451612903225804,0.803225806451613,0.1870967741935484,0.7774193548387097,0.25161290322580643,0.4580645161290323,0.2387096774193548,0.18387096774193548,0.03870967741935484,0.18387096774193548,0.132258064516129,0.2129032258064516,0.5516129032258065,0.3225806451612903,0.803225806451613,0.3451612903225807,0.19032258064516128,0.7774193548387097,0.6548387096774194,0.13870967741935483,0.31290322580645163,0.7870967741935485,0.4709677419354839,0.04838709677419355,0.29677419354838713,0.5741935483870968,0.054838709677419356,0.6516129032258065,0.16774193548387098,0.6000000000000001,0.1774193548387097,0.37419354838709684,0.7290322580645162,0.2935483870967742,0.7709677419354839,0.2935483870967742,0.6064516129032258,0.11612903225806451,0.03870967741935484,0.18064516129032257,0.22580645161290322,0.7612903225806452,0.1064516129032258,0.17096774193548386,0.535483870967742,0.04838709677419355,0.45161290322580644,0.2774193548387097,0.8387096774193549,0.2935483870967742,0.07741935483870968,0.5612903225806453,0.10322580645161289,0.8,0.10322580645161289,0.2225806451612903,0.132258064516129,0.5903225806451613,0.3032258064516129,0.8290322580645161,0.33548387096774196,0.7419354838709677,0.3870967741935484,0.4580645161290323,0.24516129032258063,0.34838709677419355,0.14516129032258066,0.08387096774193548
HSE_alpha_down,0.06188925081433226,0.1237785016286645,0.244299674267101,0.20846905537459282,0.21498371335504887,0.254071661237785,0.19218241042345274,0.2182410423452769,0.2833876221498371,0.250814332247557,0.2638436482084691,0.2638436482084691,0.21172638436482089,0.2768729641693811,0.32247557003257327,0.3615635179153095,0.48859934853420195,0.3876221498371335,0.7296416938110749,0.3973941368078176,0.7915309446254072,0.4657980456026059,0.7361563517915309,0.3843648208469056,0.4429967426710097,0.3680781758957655,0.34201954397394135,0.44951140065146583,0.4006514657980456,0.7166123778501629,0.3355048859934854,0.768729641693811,0.37133550488599343,0.6449511400651466,0.3843648208469056,0.4104234527687297,0.3061889250814332,0.2931596091205212,0.254071661237785,0.32899022801302935,0.4397394136807818,0.4039087947882736,0.6872964169381107,0.4364820846905537,0.5993485342019543,0.6677524429967426,0.511400651465798,0.5602605863192183,0.7003257328990228,0.5928338762214984,0.4234527687296417,0.47557003257328984,0.5765472312703583,0.4527687296416938,0.30293159609120524,0.5863192182410424,0.250814332247557,0.6612377850162867,0.3615635179153095,0.5374592833876222,0.482084690553746,0.4136807817589576,0.742671009771987,0.4788273615635179,0.7035830618892508,0.3583061889250814,0.44625407166123776,0.3843648208469056,0.3485342019543974,0.5537459283387622,0.22801302931596096,0.5309446254071661,0.48859934853420195,0.2931596091205212,0.504885993485342,0.32899022801302935,0.7003257328990228,0.3615635179153095,0.5081433224755699,0.5374592833876222,0.28664495114006516,0.6547231270358306,0.1465798045602606,0.7166123778501629,0.5342019543973942,0.5895765472312703,0.42019543973941365,0.762214983713355,0.4723127035830619,0.7882736156351792,0.5504885993485341,0.6449511400651466,0.5179153094462541,0.52442996742671,0.3615635179153095,0.2931596091205212,0.2182410423452769
P(C),0.978,0.965,0.9359999999999999,0.883,0.8320000000000001,0.848,0.841,0.8220000000000001,0.86,0.8059999999999999,0.7929999999999999,0.802,0.871,0.946,0.987,0.978,0.574,0.188,0.055999999999999994,0.021,0.008,0.01,0.013000000000000001,0.059000000000000004,0.995,0.9990000000000001,0.09300000000000001,0.016,0.011000000000000001,0.022000000000000002,0.07200000000000001,0.111,0.475,0.9129999999999999,0.898,0.831,0.8059999999999999,0.925,0.961,0.972,0.96,0.9229999999999999,0.47700000000000004,0.044000000000000004,0.011000000000000001,0.005,0.001,0.001,0.001,0.002,0.001,0.001,0.001,0.004,0.054000000000000006,0.9990000000000001,0.998,1.0,0.162,0.21600000000000003,0.18899999999999997,0.425,0.028999999999999998,0.008,0.004,0.019,0.9990000000000001,0.9990000000000001,0.055,0.064,0.902,0.9670000000000001,0.9329999999999999,0.958,0.971,0.9790000000000001,0.43,0.052000000000000005,0.03,0.031,0.3,0.998,0.9890000000000001,0.9790000000000001,0.992,0.995,0.966,0.032,0.004,0.008,0.055,0.23399999999999999,0.574,0.721,0.889,0.972,0.997
P(H),0.016,0.023,0.048,0.10099999999999999,0.156,0.145,0.14800000000000002,0.157,0.131,0.18,0.198,0.188,0.12,0.043,0.003,0.01,0.018000000000000002,0.001,0.0,0.0,0.0,0.0,0.0,0.0,0.001,0.001,0.0,0.0,0.0,0.0,0.0,0.001,0.003,0.001,0.075,0.122,0.14400000000000002,0.06,0.027000000000000003,0.022000000000000002,0.027999999999999997,0.055,0.031,0.956,0.9890000000000001,0.995,0.9990000000000001,0.9990000000000001,0.9990000000000001,0.998,0.9990000000000001,0.9990000000000001,0.9990000000000001,0.996,0.946,0.0,0.0,0.0,0.838,0.7829999999999999,0.8079999999999999,0.006,0.0,0.0,0.0,0.0,0.001,0.001,0.0,0.0,0.006,0.012,0.045,0.039,0.025,0.006999999999999999,0.011000000000000001,0.948,0.97,0.9690000000000001,0.7,0.001,0.0,0.0,0.001,0.002,0.0,0.0,0.0,0.0,0.0,0.001,0.005,0.006,0.006,0.002,0.001
P(E),0.006,0.012,0.015,0.016,0.013000000000000001,0.006999999999999999,0.011000000000000001,0.02,0.009000000000000001,0.013999999999999999,0.009000000000000001,0.01,0.009000000000000001,0.011000000000000001,0.01,0.012,0.40700000000000003,0.812,0.9440000000000001,0.9790000000000001,0.992,0.99,0.987,0.941,0.003,0.001,0.9059999999999999,0.9840000000000001,0.9890000000000001,0.978,0.9279999999999999,0.888,0.522,0.086,0.027000000000000003,0.047,0.051,0.015,0.012,0.006999999999999999,0.013000000000000001,0.022000000000000002,0.49200000000000005,0.0,0.0,0.0,0.0,0.0,0.0,0.0,0.0,0.0,0.0,0.0,0.0,0.0,0.002,0.0,0.0,0.001,0.003,0.569,0.971,0.992,0.996,0.981,0.0,0.0,0.945,0.9359999999999999,0.092,0.021,0.022000000000000002,0.003,0.004,0.013999999999999999,0.5579999999999999,0.0,0.0,0.0,0.0,0.001,0.011000000000000001,0.02,0.006999999999999999,0.003,0.034,0.968,0.996,0.992,0.945,0.765,0.42200000000000004,0.273,0.105,0.025,0.002
cosPhi,0.448605098134264,0.4851683558632712,0.5200674804808114,0.5200674804808114,0.6158758278102295,0.5851065319176271,0.5305258858400523,0.48953028125131925,0.500001523090192,0.5678595160144014,0.6158758278102295,0.5851065319176271,0.5270410119494893,0.5279123606079607,0.4616418921767834,0.6611348615451672,0.39092957014008944,0.24248170118572446,0.4063105803986873,0.2606548650290148,0.3257149685226179,0.27534133942888395,0.2575959745582459,0.18601903782114906,0.7136811056883583,0.5235548201923863,0.34052138263736137,0.32163198008623145,0.16869048975222672,0.45468509494970794,0.20399403200111607,0.3697488719970058,0.2660359032605945,0.47470497599422445,0.6511869290020291,0.496510882308122,0.5609363804107673,0.6218094000308383,0.4816796129252406,0.5635340209217263,0.43387312652322,0.6243468454497475,0.4729620342308947,0.7424070716221381,0.7301021164078965,0.7009760236208884,0.7113112976462711,0.7331955536090552,0.7152577272015687,0.7009760236208884,0.7041673752050037,0.7215377933396668,0.696170678956787,0.6344618429869661,0.3858257402358935,0.6594816635430225,0.33969453947485245,0.69777487682315,0.7408790938953456,0.6800004754578253,0.43300822630800107,0.4886578217489462,0.22694971082043686,0.31512758129561774,0.27145186335947535,0.17927573031997054,0.7846421518696728,0.5764946742434378,0.31027286537973464,0.6369815497010073,0.5756321635976734,0.5626683307661628,0.3248972990630308,0.6889224919850222,0.5435795272100781,0.5721798434581925,0.6511869290020291,0.7545230062813653,0.7136811056883583,0.6726511485097596,0.4991288562489504,0.5453179512306761,0.5017468541143808,0.3094657545105023,0.7176177356725745,0.515706950470675,0.6005407899229838,0.38412721837015446,0.2855333030817245,0.29344867898261573,0.40202815252528273,0.28003126809519974,0.014852182104289789,0.3388681846352169,0.5183234332551435,0.5279123606079607,0.478191762971263
cosPsi,0.15267081477050132,0.1307723296870582,0.14276366018359843,0.583384373358051,0.9796569872700288,0.9956077701257708,0.8715724127386971,0.28081442660546124,0.23282382530508683,0.6403333544603939,0.9825082472361557,0.9947628945344849,0.7001745162784474,0.7191855733945387,0.1596395655205411,0.07643903930893142,0.15204360170384285,0.1278442268844231,0.19148206242962573,0.1602793478692417,0.21895831107393465,0.17994515025752217,0.1489234735024188,0.2387507176420256,0.24623081851964784,0.9987203914654721,0.10653248901933138,0.14768289501820264,0.09193120495991997,0.20893851492135534,0.11418770830613995,0.19700579986714456,0.13911988595081892,0.1577264470356558,0.4011713298104369,0.3355666766307084,0.6436802599248561,0.9998507448905916,0.4217827674798846,0.9997251079708787,0.20893851492135534,0.08066471602728803,0.048707357825069686,0.8961448216775953,0.8818980143173211,0.88581229169386,0.8596699001693255,0.8692276703129419,0.883022221559489,0.8756320667517556,0.8674572975749799,0.882460700459216,0.9029641411242579,0.911568184267221,0.9938441702975689,0.9683360946241988,0.10332332985438247,0.07322460136233633,0.9183821567294808,0.9648882429441257,0.9999931461237134,0.12207326541618024,0.12610095475073396,0.16738482267281962,0.16999916601953147,0.1963120801383566,0.879067168098826,0.9999238475781955,0.1049224938121549,0.14276366018359843,0.17860619515673032,0.9599107486608688,0.39860635232174374,0.9760646963710694,0.9996641968893281,0.10923976379059058,0.07459444528797438,0.8982649590120981,0.9045084971874737,0.9385730818527944,0.999524110790929,0.9885227872176319,0.13195145644013284,0.05529181335435124,0.16999916601953147,0.9993147673772869,0.07971669825215788,0.1949274180493662,0.17131237710295222,0.17527597583490823,0.190795802321223,0.1583631131596005,0.0012179748700879012,0.12321830384918103,0.15016832974331723,0.5643977982887814,0.495636732250813
cosTheta,0.4452227116948749,0.45010345364229426,0.501270112515095,0.6019229049831574,0.7346170957228316,0.7148999811734038,0.6298479249336872,0.5451389301736499,0.5485467201255698,0.6141107089473745,0.7346170957228316,0.7202701260601071,0.6123667416869196,0.6193482093404479,0.4599035817891462,0.5231019533320916,0.41941590408680574,0.2981113560328886,0.4533644710694691,0.3247889495762096,0.4371172298010969,0.3505257113953375,0.3368362975954329,0.3659012792150713,0.6245939959411818,0.8250000700976063,0.30398745355904433,0.3674482235349926,0.22458954747492793,0.49293025492739123,0.2508190843563691,0.4435986933251303,0.315829664495544,0.4648226993131143,0.6368655805449582,0.5656530193619944,0.6280957194460757,0.6703830979376492,0.5708062895698619,0.7095355028942687,0.4664651946246928,0.4763491054785088,0.35973047632968996,0.8814507491446919,0.8814507491446919,0.8705105047910613,0.85228980488783,0.8686876429626403,0.8778034526472047,0.86322004664864,0.85228980488783,0.8723335222271821,0.8942198470628439,0.8431870247477466,0.7238532980690099,0.8796270369773674,0.31731829200591355,0.4664651946246928,0.8650424083394216,0.8796270369773674,0.7652219447084846,0.3830097279231673,0.30104562420587433,0.3659012792150713,0.35973047632968996,0.3247889495762096,0.8613978627735588,0.8559324335465859,0.2893542756630881,0.5079650758160088,0.5214151541315819,0.78329083019856,0.509641979357046,0.8413671630595275,0.8395475457546818,0.4178157731920731,0.4435986933251303,0.9252437439606113,0.8705105047910613,0.9088179936986103,0.8286352843229204,0.8250000700976063,0.39873529014946446,0.29226564614743006,0.5915141237638555,0.8395475457546818,0.3845749801938092,0.44197613101050093,0.3489976451923102,0.37832383387602486,0.4290486426519627,0.3674482235349926,0.22595119116528886,0.38144611627213654,0.48296557210160435,0.6088816383506805,0.5811415394691719
cosTau,0.021593207971196293,0.15329908586209345,0.22914589485863013,0.07459444528797438,0.6158739517470787,0.7246594993079484,0.5357487221663428,0.1278442268844231,0.03873095527187681,0.09042397785550405,0.6977727512814825,0.735505940609705,0.46251063658683617,0.20048820074220713,0.02059013256590353,0.3790390522001661,0.12901207951219185,0.010926199633097211,0.0859698326887528,0.011108381620696883,0.0364080727166064,0.010745507449110792,0.015708419435684406,0.00033580311067188395,0.813981528824669,0.9385730818527944,0.43300690729085395,0.09243610213572295,0.001279608534527965,0.14276366018359843,0.0018273519045468034,0.08114064168978063,0.006431867463505991,0.11033101753426289,0.19839600612735875,0.06655162553219862,0.1403300998306744,0.999524110790929,0.5052358920581228,0.006155829702431226,0.5043632677491869,0.2061073738537635,0.1379140692812662,0.33145237078845896,0.7860729367227581,0.8173652566011338,0.8173652566011338,0.8057635200929156,0.8160146513324255,0.8227288438619753,0.8240599505315654,0.8078307376628291,0.8193839087577989,0.8498316702566827,0.9202833017478422,0.2815991058161488,0.12150247217412186,0.3655400896923672,0.2815991058161488,0.7324210228623099,0.8358602946614951,0.43214221378284784,0.013410563611455983,0.04216870333021938,0.021593207971196293,0.0009866357858642205,0.9894336943808425,0.8313100241078688,0.3680634750173135,0.2910664630994615,0.1990924884239758,0.005363833518505889,0.8365062567548867,0.025287261179048115,0.7530168820605818,0.35214597497797673,0.2910664630994615,0.2950384830792136,0.7745114089990659,0.7953028338099627,0.8009075115760242,0.38073327121070966,0.07971669825215788,0.03135900525405422,0.6520165304627452,0.9592231906715436,0.15267081477050132,0.1255221396054989,0.023669259373206797,0.020838712767433376,0.060591443669017364,0.009692670726693553,0.10226325957255222,0.5470541566592573,0.2298798397611725,0.14644660940672627,0.8880232035332729
sinPhi,0.002648591441412884,0.00022006994030798754,0.00040280244277701716,0.00040280244277701716,0.013612060895301814,0.007296050758255013,0.0009326007890665955,0.00010965826257719469,0.0,0.0046260797642782014,0.013612060895301814,0.007296050758255013,0.0007316648368941858,0.0007796179090095445,0.0014736238865398765,0.026675369942151805,0.012041619030626283,0.07141634964894383,0.008856374635655584,0.06100851228600973,0.03135900525405422,0.05331430583608121,0.06269014643030207,0.11087842573698947,0.9520412748303893,0.0005550625190149927,0.02611579499520722,0.0328977628394852,0.12552213960549896,0.0020578006920147773,0.09703585887574212,0.017263684560387405,0.05811718495565338,0.0006403214079069852,0.023404666103526484,1.2184647302626583e-05,0.003726924179338953,0.9849360076423734,0.00033580311067188395,0.004052778704985216,0.004392229874229214,0.015708419435684406,0.0007316648368941858,0.06269014643030213,0.056092307431799326,0.04216870333021955,0.046846106481674976,0.05770951239245803,0.0487073578250698,0.04216870333021955,0.043582911383478584,0.05175678480827972,0.040089251339131216,0.018418716601170892,0.0132105485634198,0.9738842050047929,0.02639486112698558,0.0407768093284564,0.06184665997806815,0.03352323258725548,0.004508400142581803,0.00012869533865078608,0.08114064168978058,0.035433714232971925,0.055291813354351294,0.11641742409235023,0.9110720205153686,0.9941141907232764,0.037395140807108984,0.01912934522539439,0.005753056595658224,0.0039426493427610065,0.031663905375801216,0.03706470759500258,0.0019026509541272274,0.005237105465515202,0.023404666103526484,0.06962898649802823,0.047958725169610805,0.03075348862022198,7.615433562091489e-07,0.9979421993079852,3.046171104803541e-06,0.03772698319384338,0.04984061429890324,0.9997532801828658,0.010212375200328028,0.013612060895301703,0.048332353568349584,0.04465816959691138,0.009692670726693553,0.050986212119692176,0.37903905220016615,0.026675369942151805,0.00033580311067188395,0.0007796179090095445,0.0004758892090711009
sinPsi,0.8596699001693255,0.8371511937918619,0.8498316702566828,0.9929980185352525,0.3588292715785618,0.4338718048714388,0.8345653031794291,0.9493970231495834,0.9226309166109281,0.9799026459875935,0.3689054106795676,0.4278218994995134,0.9581813647811198,0.9493970231495834,0.8662714493936894,0.7656992897590413,0.8590631488815944,0.8339162777355235,0.8934675109806687,0.8668649322514381,0.9135402871372809,0.8841417617967616,0.8560130229954983,0.9263200821770461,0.06918541977923715,0.535748722166343,0.8085179375703744,0.8547853682682605,0.7889288121917528,0.9065503805235138,0.818039110138882,0.897736740427448,0.8460715869352033,0.8644843137107059,0.990135587310861,0.9721881851187406,0.9789112474226573,0.4877839109236734,0.9938441702975689,0.4834224108057369,0.9065503805235138,0.7723195175075137,0.7152555484041475,0.1949274180493662,0.1772711561380247,0.18196088986111797,0.15267081477050137,0.1628488062081383,0.17860619515673037,0.16999916601953163,0.16092016506596468,0.17793818511930676,0.20399341060039022,0.21607812747344934,0.4217827674798846,0.6751036906297337,0.8043807145043604,0.7605048159202883,0.22621838825372487,0.31593772365766104,0.4973820180842902,0.8273704068586699,0.8319631063261207,0.8733190911426957,0.8756320667517554,0.897207310267709,0.8260492019151962,0.5087262032186417,0.8064535268264884,0.8498316702566828,0.883022221559489,0.30383144169821924,0.9896114053108829,0.34715234751844715,0.48167814564672184,0.811939798354693,0.7627358255361338,0.19770044256881258,0.20610737385376343,0.25988825127840554,0.478190306317332,0.6065151931374883,0.8384379848413304,0.7285489635293471,0.8756320667517554,0.4738320218785281,0.77085410514137,0.8961448216775953,0.876781696150819,0.8802029828000154,0.892928446587701,0.8650811383103763,0.5348782368720628,0.8286876228970479,0.8572363398164016,0.9958355811915451,0.9999809615320856
sinTheta,0.7918525839522409,0.7963516213627504,0.8401032724229833,0.9092412993148494,0.9694473685937612,0.9625957835100849,0.9247201215237345,0.8728854632657385,0.8752571407888462,0.9161872228505653,0.9694473685937612,0.964532442628132,0.9152114840652795,0.9190813074980823,0.8052103909105782,0.8569455383342166,0.7670793166210373,0.626158288465558,0.7993252125309194,0.6609137354765644,0.7842514251811671,0.6923281472969192,0.675869418215168,0.7101558435668056,0.921925633048679,0.9918943823771844,0.6340127636960674,0.7119117941163573,0.5174436071483752,0.833387029548143,0.5585644405628988,0.7903426162306431,0.6494976351126023,0.8095698801802534,0.9283684495981216,0.8867912416732258,0.9237941675755121,0.9444808780231918,0.8901457365876771,0.960608172323776,0.8110126587385054,0.8195599856916042,0.7030831713155594,0.9986025506526787,0.9986025506526787,0.9977365354255,0.9958317662411548,0.9975720074454255,0.9983369586251768,0.9970438182214219,0.9958317662411548,0.997895295008335,0.9993503165771815,0.9946632466455553,0.9657952157252112,0.9984726399586985,0.6514121214448376,0.8110126587385054,0.9972256483158515,0.9984726399586985,0.9786830310784267,0.7292010495333687,0.6300948230673837,0.7101558435668056,0.7030831713155594,0.6609137354765644,0.9968562218398896,0.9962588407750017,0.6142376016048455,0.8453811035735675,0.855681907530276,0.983345392952788,0.8466873106286904,0.994412262684677,0.99415552045287,0.7654877252302247,0.7903426162306431,0.999988449424506,0.9977365354255,0.9998585070665057,0.9924941883966378,0.9918943823771844,0.7459952782331738,0.6182296294301842,0.9030731586086927,0.99415552045287,0.7309028342014408,0.7888275118696513,0.6905186780666905,0.724066013990787,0.7765223150753671,0.7119117941163573,0.5196470089643638,0.7274943144737177,0.8251537487883627,0.9132434584489203,0.896707738352948
sinTau,0.6453510967991263,0.13972444415983487,0.07971669825215782,0.23726417446386616,0.9863879391046981,0.9466856941639188,0.9987203914654721,0.8339162777355235,0.3070469788378407,0.21321178182447703,0.9592231906715436,0.9410634330088339,0.9985925667625578,0.9003656854743667,0.3579923276480387,0.014852136862001819,0.1647866905206004,0.39604415459112036,0.21968050271837913,0.3951907185480892,0.3126967032920439,0.39689790730168517,0.3756550564175726,0.48167814564672184,0.11087842573698953,0.25988825127840554,0.9954915998574182,0.21035941382866047,0.464251277833657,0.15016832974331717,0.4572915384313162,0.2269490194927854,0.42005940615408266,0.18669809431776968,0.10120803558738578,0.25075613012308484,0.15267081477050143,0.521809693682668,0.9999725846827561,0.4217827674798845,0.9999809615320856,0.09549150281252627,0.15519022813216515,0.029264727593981077,0.9100759379368861,0.8863667867486755,0.8863667867486755,0.895611766483745,0.8874722443520897,0.8818980143173211,0.8807691537683684,0.894005376803361,0.8846997775234475,0.8572363398164017,0.7708541051413699,0.050221110522409906,0.8267103019950528,0.018418716601170892,0.050221110522409906,0.942696812877208,0.870402298143375,0.9953739202357218,0.38497513140594763,0.2990261116720201,0.3546489032008738,0.46860474023534343,0.39775197407910484,0.12552213960549896,0.9822787092288989,0.04574591123663918,0.10068224497635364,0.426958485718794,0.8698155474893048,0.3430037720162974,0.9312568346036287,0.9776391810611718,0.04574591123663918,0.04393994191386347,0.9179036806841352,0.903480156071901,0.8993177550236464,0.014432860045182017,0.77085410514137,0.3257139763390924,0.023669259373206908,0.6977727512814824,0.8596699001693255,0.1686899758921313,0.3479834695372549,0.35715581629751325,0.2614206198701957,0.402026927878741,0.8029942001328557,0.002219017698460002,0.07924460902734692,0.1464466094067262,0.8153379037156432
hhm0,0.8411136344520144,0.07317688619732525,0.35074438556649007,0.2147363108755993,0.2645302380351585,0.22651190175792746,0.3501556060223736,0.2845487425351165,0.2764740516443771,0.326099756077046,0.35234250147194884,0.2859786357136849,0.3111279333838001,0.2789973925477332,0.30465135839851964,0.2960719993271091,0.37606190596349565,0.45605181259988226,0.5228362351753721,0.4920514761544284,0.4348557490116915,0.4127344604256035,0.4415005467238624,0.4151736899655143,0.3570527378248801,0.38380015140045415,0.4410799899066363,0.4161830263268568,0.44200521490453354,0.3612583059971402,0.48843468752628477,0.38741694002859783,0.3434266969467575,0.33409033560434015,0.30330557658339635,0.36361342417360587,0.3047354697619648,0.32029607199932714,0.3188661788207587,0.3543611741946337,0.40440743544452856,0.255950878963748,0.45680881487088904,0.4625283875851628,0.23702582218857765,0.3322398856085457,0.5508453192026243,0.4364538649171503,0.25906299941122046,0.28379174026410964,0.38842627638994026,0.19883926318445622,0.2734460425603499,0.3093615947514509,0.4023887627218437,0.4394818740011775,0.4021364286315081,0.3308099924299773,0.2619227857683573,0.281016065270418,0.38623938094036503,0.5052569602153251,0.4574817057784507,0.618807300866347,0.44982757170493737,0.39532340819244677,0.2855580788964589,0.4377155353688283,0.36041719236268815,0.36369753553705103,0.4865001261670452,0.3195390697283203,0.4203885944991168,0.4114727899739255,0.3548658423753049,0.2579695516864328,0.43998654218184874,0.5155185465556397,0.23071746993018755,0.31743628564219023,0.3393052401379426,0.4293043990243081,0.4611826057700395,0.36361342417360587,0.3485574901169148,0.3774076877786189,0.291866431154849,0.4230801581293633,0.5154344351921945,0.42232315585835645,0.33131466061064846,0.3750525696021532,0.2863150811674657,0.39389351501387837,0.2618386744049121,0.2514929767011523,0.31895029018420384
hhm1,0.7903264048051845,0.7903264048051845,0.7903264048051845,0.36220659132221605,0.7903264048051845,0.7903264048051845,0.7903264048051845,0.7903264048051845,0.7903264048051845,0.40796649016043623,0.7903264048051845,0.46384256698016274,0.5226428514976685,0.7903264048051845,0.4863668695171105,0.6281514265391606,0.5637398245475381,0.6532838062119655,0.48589267367422745,0.55947206196159,0.5470639374061488,0.4369714692167865,0.5114202165494349,0.42203430016596855,0.5689559788192523,0.5476171658895123,0.4954556231723702,0.6098158539476803,0.4272504544376827,0.49553465581285067,0.5120524776732791,0.47103453726388994,0.3968228878526831,0.4540425195605785,0.5607365842092784,0.5149766853710582,0.7903264048051845,0.7903264048051845,0.7903264048051845,0.5130008693590452,0.7903264048051845,0.4538844542796175,0.5252509286335256,0.6173239547933296,0.7124002212913932,0.5644511183118627,0.5842092784319923,0.5725124476408757,0.5694301746621354,0.608393266419031,0.374851813799099,0.4717458310282146,0.5194815458784477,0.5617640085355251,0.42298269185173476,0.48794752232672084,0.42258752864933213,0.4994862878368766,0.49237335019362993,0.4235359203350984,0.44250375405042275,0.5179008930688374,0.43902631786928,0.6165336283885244,0.520429937564214,0.34252746384256694,0.39042124397376116,0.5284122342527463,0.6073658420927842,0.47949102979530545,0.6335256460918358,0.5278590057693827,0.6193788034458231,0.6575515687979135,0.47522326720935737,0.46779419900418867,0.45459574804394215,0.503358887220422,0.5887931715798624,0.597407729392239,0.2973207934877104,0.44771990832213704,0.5175057298664348,0.47506520192839635,0.6627677230696277,0.5181379909902789,0.34584683474274874,0.4753813324903185,0.5940093258515767,0.5371058247056033,0.35691140441002134,0.5092863352564608,0.5272267446455385,0.6215126847387971,0.5794673200031613,0.7903264048051845,0.5237493084643957
hhm2,0.8234519104084322,0.8234519104084322,0.3526844532279315,0.29528985507246375,0.38768115942028986,0.3283102766798419,0.4835309617918314,0.28227931488801056,0.2796442687747036,0.3859519104084322,0.3455204216073781,0.25922266139657446,0.2965250329380764,0.2919960474308301,0.29701910408432153,0.3008069828722003,0.38027009222661395,0.4620388669301713,0.3820816864295125,0.7333662714097496,0.46936758893280633,0.5616765480895917,0.4776021080368906,0.43651185770750994,0.29059617918313574,0.29471343873517786,0.34700263504611334,0.3834815546772069,0.5311264822134388,0.31933465085639,0.5519598155467721,0.24398880105401846,0.5569005270092227,0.2202733860342556,0.30690052700922266,0.2265316205533597,0.24785902503293808,0.2597167325428195,0.34930830039525695,0.4113142292490119,0.23023715415019766,0.24127140974967062,0.4505105401844533,0.6088603425559947,0.35589591567852435,0.14739789196310935,0.7046277997364955,0.6791831357048749,0.32172266139657446,0.48649538866930175,0.7200263504611331,0.49547101449275366,0.298336627140975,0.45223978919631097,0.5085638998682478,0.33539196310935443,0.4710144927536233,0.287796442687747,0.49958827404479583,0.22002635046113309,0.2756916996047431,0.6088603425559947,0.4468050065876153,0.6864295125164691,0.6964756258234519,0.5560770750988143,0.37903491436100134,0.36182476943346514,0.48278985507246386,0.42770092226613965,0.579792490118577,0.25559947299077734,0.09856719367588933,0.12738801054018448,0.19771080368906457,0.29537220026350464,0.4180665349143611,0.6931818181818182,0.36305994729907776,0.17020750988142294,0.5489130434782609,0.3480731225296443,0.5670289855072465,0.38586956521739135,0.1796772068511199,0.2800559947299078,0.1977931488801054,0.601366930171278,0.7293313570487484,0.35754281949934125,0.6878293807641634,0.4428524374176548,0.28326745718050067,0.46475625823451916,0.4407114624505929,0.3837285902503294,0.22266139657444003
hhm3,0.7964319847085058,0.20635552723797387,0.7964319847085058,0.7964319847085058,0.10003185727938833,0.13021662949984072,0.24896463841987893,0.21431984708505894,0.26258362535839436,0.24330997132844853,0.1958426250398216,0.21161197833705,0.3082191780821918,0.2813794201975151,0.27325581395348836,0.26736221726664544,0.3287671232876712,0.5608474036317299,0.3137145587766804,0.6842147180630773,0.4091271105447595,0.6088722523096527,0.3851545078050334,0.47833705001592863,0.3420675374323033,0.33354571519592224,0.268636508442179,0.3176170755017521,0.4098438993309971,0.25215036635871296,0.5053360942975469,0.19249761070404586,0.5773335457151959,0.3243071041733036,0.3028830837846448,0.2764415418923224,0.23717744504619306,0.20316979929913984,0.23845173622172666,0.24283211213762343,0.26441541892322395,0.2922108951895508,0.45444409047467343,0.6858075820324944,0.24896463841987893,0.1898693851545078,0.7260273972602739,0.4684612934055431,0.20070086014654348,0.2950780503345014,0.7210895189550812,0.1690825103536158,0.1944090474673463,0.24203568015291493,0.30941382605925455,0.37464160560688115,0.47069130296272693,0.3081395348837209,0.3480407773176171,0.21360305829882126,0.2773972602739726,0.6829404268875439,0.36755336094297547,0.7370978018477221,0.43389614526919396,0.7084262503982159,0.36309334182860786,0.4953010512902198,0.36532335138579164,0.2793883402357439,0.5483434214718063,0.23606244026760115,0.2996177126473399,0.28998088563236696,0.24378783051927364,0.33593501115004776,0.4410640331315705,0.6328448550493787,0.24617712647339915,0.21424020388658804,0.5209461611978337,0.35648295635552724,0.5997929276839757,0.2612296909843899,0.23948709780184774,0.3282096208983753,0.3802166294998407,0.34915578209620896,0.6069608155463523,0.37209302325581395,0.6271105447594775,0.4412233195285122,0.40275565466709146,0.42051608792609113,0.4475151322077094,0.2818572793883402,0.29579483912073906
hhm4,0.80768920119538,0.80768920119538,0.80768920119538,0.80768920119538,0.80768920119538,0.80768920119538,0.40659074388175426,0.46886358129391814,0.80768920119538,0.80768920119538,0.5492286568128585,0.41087149664808986,0.6026976819319926,0.80768920119538,0.5287133511024957,0.5621516840319845,0.4161214764558598,0.3532024876827397,0.5740247152895566,0.29908731120264925,0.28261045149826347,0.3681447379048542,0.47605201518455703,0.3037719085695824,0.5732170260883612,0.6461513609563041,0.5022211453032873,0.42783296987319275,0.21718762620143767,0.5054519021080689,0.2913334948711736,0.5146595590016961,0.2722720297229626,0.5237056780550844,0.46353283256602856,0.4920442613682255,0.5934900250383652,0.431467571278572,0.3365640901381149,0.4454405944592521,0.5791131572570876,0.5324287214279946,0.5860592843873678,0.39560617074549714,0.5129634116791859,0.5218479928923351,0.2959373233179872,0.4647443663678217,0.533559486309668,0.4699943461755916,0.47782893142718685,0.36887165818593004,0.56118245699055,0.5074711251110573,0.30805266133591797,0.48970196268475885,0.37727162587836205,0.5114288021969147,0.46030207576124704,0.5250787496971165,0.5008480736612552,0.3393910023422987,0.5745093288102738,0.3338179468540506,0.29020272998950003,0.18689928115661095,0.49422502221145304,0.6389629270656652,0.5138518698005008,0.4141022534528714,0.462078992003877,0.5756400936919474,0.5131249495194249,0.5284710443421371,0.5487440432921412,0.4471367417817624,0.46312898796543095,0.4002099991923108,0.5075518940311767,0.46894435021403763,0.3290525805669978,0.6246668282045069,0.34076407398433084,0.5703093449640578,0.6313706485744285,0.5500363460140537,0.45941361763993216,0.41321379533155644,0.38752927873354337,0.36200629997576933,0.4636136014861481,0.3586140053307487,0.5617478394313868,0.80768920119538,0.5393748485582748,0.6278168160891688,0.80768920119538
hhm5,0.8283631544068919,0.8283631544068919,0.8283631544068919,0.8283631544068919,0.4464049039098741,0.8283631544068919,0.8283631544068919,0.36133200795228626,0.339546056991385,0.31154738237243207,0.42064280980781976,0.3221504307488403,0.3362326043737574,0.31262425447316106,0.2873591782637508,0.34633863485752153,0.3955434062292909,0.7311961563949636,0.5533465871438038,0.7215043074884029,0.531974817760106,0.5342113982770046,0.472001325381047,0.34633863485752153,0.22432074221338633,0.1226805831676607,0.2757620941020543,0.47539761431411526,0.524768058316766,0.4996686547382372,0.5582339297548046,0.4684393638170974,0.4797051027170311,0.411779324055666,0.3656394963552021,0.3511431411530815,0.30889662027833004,0.28876739562624254,0.3449304174950298,0.2262259774685222,0.3433565275016567,0.4700132538104705,0.5637011265738899,0.45559973492379063,0.23633200795228626,0.4525347912524851,0.7354208084824387,0.5939363817097416,0.46901921802518226,0.5308979456593771,0.655649436713055,0.3941351888667992,0.40457256461232605,0.5845758780649436,0.42793240556660034,0.11025513585155731,0.5550861497680584,0.46264082173624915,0.49701789264413515,0.3404572564612326,0.4283465871438038,0.6426441351888668,0.5229456593770708,0.68149436713055,0.6940026507620941,0.3654738237243207,0.26855533465871434,0.05699138502319417,0.4154241219350563,0.48177601060304837,0.4948641484426773,0.4085487077534791,0.3809642147117296,0.39777998674618953,0.3002816434724983,0.4772200132538104,0.5001656726308814,0.5824221338634857,0.2989562624254473,0.4681080185553347,0.6341948310139164,0.10702451954937045,0.5618787276341948,0.34186547382372434,0.4287607687210072,0.1051192842942346,0.4116136514247846,0.5855699138502319,0.6759443339960238,0.7369946984758118,0.5941020543406229,0.6677435387673957,0.12036116633532142,0.2988734261100066,0.45742213386348574,0.3420311464546057,0.4459907223326706
hhm6,0.805607024893257,0.805607024893257,0.805607024893257,0.805607024893257,0.805607024893257,0.805607024893257,0.805607024893257,0.805607024893257,0.40650930476113756,0.5076935470877305,0.44735358092322564,0.805607024893257,0.5283976476274873,0.5071296221703052,0.4624989929912189,0.4982679448964795,0.4674131958430678,0.5923628454040119,0.4211713526141948,0.805607024893257,0.38161604769193586,0.658664303552727,0.44542012406348175,0.27318134214130346,0.516958027874003,0.5937323773463304,0.45404011922983967,0.43261097236767904,0.28260694433255457,0.4446145170385885,0.5571578184161765,0.4109401433980504,0.6612422460323854,0.450656569725288,0.47442197695963906,0.43567227906227335,0.4949649560944171,0.805607024893257,0.805607024893257,0.4247160235237251,0.4455812454684605,0.47998066543140255,0.6879078385563522,0.651736083138645,0.41770724240715373,0.436800128897124,0.805607024893257,0.4664464674131958,0.4251993877386611,0.4091678079432853,0.6879883992588416,0.369290260211069,0.5632804318053654,0.3923306211230162,0.5843873358575686,0.4047369693063723,0.5505518408120519,0.4654797389833239,0.5769757512285506,0.40167566261177795,0.4015145412067993,0.4265689196809796,0.4206074276967695,0.7306050108756948,0.5369370820913558,0.3002497381777169,0.42084910980423745,0.5808426649480383,0.4663659067107065,0.4688632884878757,0.6157254491259163,0.49569000241682104,0.4727302022073632,0.461290582453879,0.40256183033916054,0.4201240634818335,0.5270281156851687,0.6116168532989608,0.45057600902279865,0.4297913477805526,0.4159349069523886,0.4480786272456296,0.5307339079996778,0.4445339563360992,0.38878595021348583,0.5267864335777008,0.47232739869491663,0.4588737613791992,0.7393861274470312,0.2262950132925159,0.5856763070973978,0.45524852976717955,0.6257149762345927,0.5105937323773463,0.805607024893257,0.805607024893257,0.47401917344719247
hhm7,0.24877187595947192,0.7675775253300584,0.7675775253300584,0.3660577218299048,0.7675775253300584,0.7675775253300584,0.3035769112680381,0.4559410500460546,0.41357077064783543,0.43897758673626036,0.38831747006447653,0.5806723979121892,0.4175621737795518,0.43183911575069084,0.45747620509671477,0.34003684372121584,0.3460239484187903,0.1605004605465152,0.3787227509978508,0.13616825299355234,0.2879183297513049,0.15858151673319007,0.3531624194043599,0.32107767884556343,0.44404359840343877,0.5779091188210009,0.4419711390850476,0.30741479889468837,0.23319005219527175,0.3408044212465459,0.15980964077371815,0.43337427080135094,0.20095179613140926,0.4543291372428615,0.4118053423395763,0.4718299048203869,0.47459318391157507,0.41119128031931224,0.4464998464844949,0.4004451949646915,0.355388394227817,0.36490635554190975,0.4930918022720295,0.16771568928461775,0.4456555112066319,0.46154436598096404,0.23925391464537918,0.43475591034694505,0.4900214921707092,0.37127724900214926,0.1064630027632791,0.5123579981578139,0.43183911575069084,0.28346638010439057,0.3244550199570157,0.5423702793982192,0.1340190359226282,0.499539453484802,0.31877494626957326,0.49378262204482654,0.4567853853239177,0.23487872275099786,0.36720908811789993,0.22528400368437212,0.17109303039607,0.3707399447344182,0.4748234571691741,0.5710776788455635,0.3777249002149217,0.28031931225053736,0.2719527172244397,0.42715689284617747,0.4464998464844949,0.526097635861222,0.5762972060178079,0.42807798587657353,0.34909425852011056,0.23518575376112988,0.4628492477740252,0.4881793061099171,0.34379797359533315,0.5455173472520725,0.11237334970832055,0.4550967147681916,0.5443659809640774,0.605004605465152,0.3854006754682223,0.31056186674854164,0.13340497390236414,0.29183297513048817,0.2696499846484495,0.21591955787534542,0.38117899907890695,0.407583665950261,0.7675775253300584,0.38655204175621743,0.4159502609763587
hhm8,0.7967492630069316,0.7967492630069316,0.12771890686001114,0.7967492630069316,0.3268265476854434,0.44785276073619634,0.3759063022866703,0.7967492630069316,0.30937773882559155,0.4856186758027249,0.32937614532706555,0.44052266751653246,0.37686240140227867,0.3743924786869572,0.3300135447374711,0.34547048043980555,0.2932037287865508,0.5561309855788382,0.2595809098876583,0.6431360050991952,0.2819695641781531,0.5974822723288981,0.1512230101187156,0.50920245398773,0.28491753645127876,0.28053541550474065,0.21862799776910202,0.2592622101824556,0.4022787028921998,0.3253923990120309,0.44147876663214086,0.3255517488646323,0.5756513425225082,0.34116803441956817,0.3303322444426739,0.36491116245717464,0.31192733646721377,0.3219663771811011,0.38642339255836183,0.29288502908134806,0.2833240379252649,0.4360608716436937,0.3312086686319815,0.619313202135288,0.3070671659628715,0.3716038562664329,0.5644968528404111,0.06620986375587601,0.27312564735877615,0.18843120070113933,0.7365946936499083,0.3789339494860967,0.2657955541391124,0.2390247789020795,0.4303242769500438,0.3299338698111704,0.4355828220858895,0.40028682973468244,0.41909011234164606,0.3551908214484901,0.2508963429208828,0.567365150187236,0.15401163253923988,0.6267229702812525,0.35471277189068595,0.46872759142697795,0.2141662018962632,0.38060712293841126,0.14054656999442275,0.31638913234005256,0.5813082622898573,0.23966217831248504,0.40841367221735314,0.43343159907577083,0.3301728945900725,0.23010118715640185,0.3219663771811011,0.7130109154649031,0.29352242849175364,0.405864074575731,0.6520595968448729,0.29192892996573977,0.513106525376464,0.19185722253206913,0.3277826468010517,0.35957294239502824,0.4523145566090351,0.23241176001912198,0.7967492630069316,0.4299259023185403,0.7259182535256155,0.42450800733009325,0.38801689108437576,0.23966217831248504,0.18524420364911162,0.3402916102302605,0.25766871165644173
hhm9,0.8271982794275787,0.3410538506079907,0.2762015055008685,0.386053437008851,0.4707585408222351,0.27951029861857885,0.33269914798577216,0.3333609066093142,0.42426999751840516,0.36214740673339396,0.32955579452394734,0.3932500620398709,0.33592522127553975,0.4200512862933245,0.4580196873190503,0.45785424766316485,0.36942675159235666,0.20977748366283397,0.3775332947307469,0.15468607825295722,0.35263462651997685,0.21664322938208289,0.38613615683679375,0.22408801389693106,0.38870047150301923,0.48275291587393493,0.3816692861278848,0.36768963520555875,0.27223095375961615,0.35726693688477124,0.16949292745471087,0.43601621308627675,0.20241541897592852,0.36024485069071055,0.27504342790966996,0.3899412689221606,0.393911820663413,0.3695094714202994,0.1935643973860534,0.27893125982297956,0.4140127388535031,0.3296385143518901,0.43006038547439823,0.2277276863264124,0.31077839358094134,0.5300686574571924,0.0646041856232939,0.38985854909421785,0.3669451567540739,0.24352717346347919,0.16734221192819917,0.3978823724046654,0.3707502688394408,0.23326991479857717,0.21705682852179667,0.44131028207461326,0.25725866490197696,0.3876251137397634,0.35280006617586235,0.4583505666308214,0.3976342129208371,0.25138555711804117,0.4136818595417321,0.05087269418479609,0.2065514103730664,0.25907850111671765,0.4322938208288526,0.5753991231698238,0.4236909587228058,0.28281909173628916,0.05947555629084292,0.35685333774505745,0.4078087517577963,0.3976342129208371,0.4609148812970469,0.33857225576970795,0.2812474150053768,0.05219621143188022,0.41492265696087355,0.4583505666308214,0.17933658697989907,0.4644718338985855,0.175945074034246,0.433534618247994,0.5098850194391595,0.46190751923235995,0.42691703201257336,0.35288278600380507,0.1250723798494499,0.26917032012573416,0.12325254363470922,0.2205310612953925,0.3513111092728927,0.4605840019852758,0.43651253205393326,0.3192985358590454,0.8271982794275787
hhm10,0.03446636558117423,0.7923302432453847,0.7923302432453847,0.7923302432453847,0.4173995721416687,0.7923302432453847,0.17518421678155455,0.4166072418984233,0.7923302432453847,0.3173282624197766,0.7923302432453847,0.3215276127089771,0.22018857459789237,0.34759527771175025,0.32263687504952065,0.27668172094128834,0.27842484747642815,0.1818397908248158,0.4917993819824103,0.46470168766341813,0.495444101101339,0.5051105300689327,0.4398225180255131,0.38380476982806433,0.4959987322716108,0.6065288012043419,0.533555185801442,0.5284842722446716,0.4251644085254734,0.49409713968782193,0.4090008715632676,0.615799065050313,0.4082877743443467,0.6183345218286982,0.5786387766421044,0.5944061484826876,0.7923302432453847,0.7923302432453847,0.4610569685444893,0.7923302432453847,0.5825211948340068,0.32430076856033596,0.5085175501148879,0.41430948419301167,0.540606924966326,0.564139133190714,0.497345693685128,0.38420093494968705,0.5440139450122811,0.382140876317249,0.47785436970129147,0.5192932414230251,0.4662071151255844,0.45115284050392207,0.4215989224308692,0.5752317565961492,0.4322953807146819,0.5366452737500991,0.4484589176768878,0.5754694556691229,0.514856192060851,0.27240313762776325,0.4710403296093812,0.4373662942714524,0.3452975200063387,0.5190555423500515,0.5544727042231202,0.6109658505665161,0.5380714681879407,0.4371285951984787,0.30924649393867365,0.4853022739877981,0.6499484985341891,0.4013152682037873,0.6202361144124872,0.397432850011885,0.4471119562633706,0.42872989462007766,0.6368750495206402,0.5172331827905872,0.5268203787338563,0.5443308771095793,0.3964028206956659,0.460423104349893,0.6871880199667221,0.5314158941446795,0.4093970366848903,0.3951350923064733,0.4141510181443626,0.24514697726012202,0.2964899770224229,0.23801600507091356,0.5963869740908011,0.6592187623801601,0.7923302432453847,0.7923302432453847,0.7923302432453847
hhm11,0.8106355382619974,0.8106355382619974,0.2598086900129702,0.4045071335927367,0.32790207522697795,0.32960440985732814,0.8106355382619974,0.4880836575875486,0.49627107652399477,0.3257944228274967,0.26548313878080415,0.3773508430609598,0.3537613488975357,0.3398994811932555,0.3387645914396887,0.3533560311284047,0.381890402075227,0.5412613488975356,0.32263294422827493,0.6536964980544747,0.3172827496757458,0.6060311284046693,0.3771887159533074,0.3869974059662775,0.25664721141374836,0.30804150453955903,0.32174124513618674,0.3702172503242542,0.5347762645914397,0.35027561608300906,0.5724708171206226,0.33941309987029833,0.5390726329442282,0.3158236057068742,0.39105058365758755,0.258511673151751,0.3426556420233463,0.29426070038910507,0.35311284046692604,0.27537289234760054,0.2696984435797665,0.39186121919584954,0.40564202334630345,0.6867704280155641,0.4407425421530479,0.35732814526588846,0.7407587548638132,0.610408560311284,0.3223086900129702,0.5515564202334631,0.6264591439688716,0.4965142671854734,0.35813878080415046,0.49586575875486383,0.4323119325551232,0.26467250324254216,0.4910019455252918,0.38294422827496755,0.5166180285343709,0.32174124513618674,0.28615434500648507,0.5035667963683528,0.3996433203631647,0.7714818417639429,0.6736381322957198,0.4796530479896239,0.2508916990920882,0.35967898832684825,0.4101815823605707,0.4379863813229572,0.6073281452658884,0.31914721141374836,0.26386186770428016,0.3022859922178988,0.2851005188067445,0.3997243839169909,0.4402561608300908,0.8106355382619974,0.42793450064850846,0.3657587548638132,0.4875162127107653,0.24902723735408558,0.6228112840466926,0.38416018158236054,0.22576199740596628,0.24902723735408558,0.40077821011673154,0.4139105058365759,0.6990920881971466,0.4036964980544747,0.7602950713359273,0.4148022049286641,0.5042153047989624,0.3469520103761349,0.3874837872892347,0.3137970168612192,0.22624837872892348
hhm12,0.7765783955890346,0.7765783955890346,0.18692241981828064,0.374077813155238,0.29906034014133726,0.3929486681680516,0.7765783955890346,0.3536538013512464,0.30535062514560846,0.2863244544536771,0.24982526986099243,0.3246097693562165,0.31785353731459187,0.20905490409256813,0.2732779374077813,0.28578084957676475,0.2841500349460278,0.47705210841034396,0.381299992234216,0.584841189718102,0.5673681758173488,0.6195542440009318,0.44948357536693323,0.4011803991612953,0.33315213170769586,0.47262561155548655,0.4973984623747767,0.36180787450493124,0.4807796847091714,0.2878776112448551,0.5345189096839326,0.3712821309311175,0.4943698066319795,0.2085112992156558,0.19391162537858198,0.42183738448396363,0.38922109186922416,0.7765783955890346,0.27731614506484425,0.3180088529937097,0.41609070435660483,0.4980197250912479,0.3661567135202298,0.5539333695736585,0.5520695814242448,0.5640288887163158,0.6829230410809971,0.7466801273588568,0.49545701638580414,0.6193212704822552,0.6012269938650306,0.528539256037897,0.4275840646113225,0.561466180010872,0.5315679117806942,0.43954337190339365,0.4872252853925603,0.10219771685951697,0.163314436592374,0.44575599906810587,0.47355750563019333,0.5648054671119048,0.6650617379824494,0.5834433486060417,0.6770210452745204,0.5422846936398229,0.4047526597810049,0.4116642075017473,0.44327094820222096,0.25720276461908825,0.4045196862623282,0.40886852527762674,0.3242991379979809,0.24726256115554865,0.4991069348450726,0.5112992156558204,0.25828997437291296,0.5570396831560146,0.5505940824726256,0.5203851828842122,0.5489632678418885,0.37827133649141875,0.48668168051564803,0.3277160829385727,0.28492661334161684,0.46509280111827284,0.5064067717636095,0.49499106934845066,0.7765783955890346,0.5296264657917217,0.5353731459190805,0.5835986642851595,0.47588724081696043,0.3149025394113536,0.23934146152054048,0.21619942533198724,0.3139706453366467
hhm13,0.7867201636377941,0.7867201636377941,0.7867201636377941,0.36047517897883724,0.33325466131696957,0.30123515065691137,0.3115411848005665,0.4256942805444104,0.22531665486586422,0.584533081582881,0.3714892612697664,0.36826370859885144,0.4107465974352923,0.36960113287703567,0.34293131932971443,0.40256470773345926,0.3583510345370152,0.5455904334828102,0.2539532688222799,0.7867201636377941,0.3831327196916058,0.5979859963810873,0.35866572260247037,0.5143576429863899,0.33026512469514596,0.39225867358980415,0.25749350955864997,0.3247580835496814,0.4365510188026119,0.3453701518369916,0.602706317362914,0.352371961293368,0.6752419164503186,0.3988671229643616,0.40988120525529076,0.331681220989694,0.3106757926205649,0.3004484304932736,0.4021713476516403,0.43120132168987496,0.36810636456612383,0.37880575879159784,0.4706160018881284,0.7867201636377941,0.3419872551333491,0.2747226811423177,0.7309417040358746,0.33828967036425145,0.26606875934230195,0.275666745338683,0.6943592164267172,0.2797576901895996,0.2854220753677917,0.299583038313272,0.4221540398080403,0.31744158602784994,0.5311934544882386,0.4202659114153096,0.43206671386987655,0.36425143576429864,0.26764219966957753,0.10573518999291952,0.349146408622453,0.6959326567539927,0.4115333175989301,0.5736763433246794,0.3449767917551727,0.48406891668633467,0.29682951774053973,0.2991110062150893,0.5373298717646133,0.33419872551333496,0.48485563684997246,0.44693572496263084,0.35976713083156325,0.30705687986783103,0.4334041381480607,0.6625757218157502,0.3576429863897412,0.32656753992604837,0.44315946817716945,0.40374478797891594,0.5412634725828023,0.2718118165368578,0.369837148926127,0.41145464558256634,0.45260011014082296,0.34670757611517583,0.7867201636377941,0.32373534733695225,0.5552670914955551,0.4491385414208166,0.5042089528754623,0.4630634883172056,0.378412398709779,0.32735426008968616,0.4030367398316419
hhm14,0.7768197001475957,0.7768197001475957,0.7768197001475957,0.298531810766721,0.2614775110696807,0.32641963800201973,0.7768197001475957,0.28695719723452184,0.3365182941039384,0.3134467490095549,0.37201895440068355,0.41598694942903747,0.4075972966674435,0.4093063000077682,0.3481705896061524,0.3052901421580051,0.3243222248116212,0.5086615396566457,0.29161811543540744,0.692379398741552,0.22488930319272893,0.5464926590538336,0.21657733240114968,0.42181309718014437,0.2930940728656879,0.32540977239182783,0.2635749242600792,0.28594733162432995,0.41458867396877175,0.3214479919210751,0.3871669385535617,0.30327041093762136,0.5819933193505786,0.34879204536627045,0.3439757632253554,0.4089955721277091,0.3798648333721743,0.7768197001475957,0.3240891789015769,0.4105492115280043,0.40169346694632174,0.5692534762681581,0.37396100365105256,0.6178047075273828,0.29441466635593877,0.4030917424065874,0.6442165773324011,0.23335663792433775,0.29495844014604206,0.23405577565447058,0.5759341256894274,0.4034801522566612,0.3045133224578575,0.2883554726947875,0.44884642274528075,0.4114813951681814,0.4712188301095316,0.4177736347393769,0.37691291851161346,0.37015458712032934,0.25106812708770293,0.6107356482560398,0.15769439912996194,0.7229860949273673,0.49467878505398893,0.4848908568321292,0.2706439835314223,0.3905849452342111,0.19894352520779926,0.30552318806804935,0.4415443175638934,0.3089411947486988,0.49770838188456457,0.597063621533442,0.35679328827779067,0.25114580905771766,0.4066651130272663,0.6613066107356481,0.29612366969626347,0.42220150703021825,0.5833139128408296,0.375436961081333,0.596752893653383,0.2794220461430902,0.3960226831352443,0.38530257127320744,0.5023693000854501,0.31764157539035187,0.590616018022217,0.4089955721277091,0.5354618193117378,0.4299697040316942,0.3342655169735104,0.32292394935135554,0.2695564359512157,0.3236230870814884,0.36549366891944374
hhm15,0.7874015748031495,0.21606299212598423,0.20259842519685037,0.24763779527559054,0.7874015748031495,0.2619685039370079,0.2888188976377953,0.23645669291338584,0.22464566929133858,0.2410236220472441,0.20496062992125982,0.22826771653543307,0.20559055118110237,0.22535433070866143,0.24944881889763781,0.25094488188976377,0.26543307086614176,0.3950393700787402,0.26244094488188974,0.5186614173228346,0.2983464566929134,0.4472440944881889,0.27629921259842516,0.2862204724409449,0.25236220472440946,0.2848031496062992,0.288503937007874,0.2482677165354331,0.377244094488189,0.2768503937007874,0.508503937007874,0.26692913385826766,0.4231496062992126,0.21874015748031495,0.2606299212598425,0.22921259842519687,0.20409448818897635,0.23937007874015748,0.27228346456692915,0.25842519685039367,0.27629921259842516,0.2447244094488189,0.2232283464566929,0.49291338582677163,0.23716535433070868,0.308503937007874,0.613228346456693,0.46488188976377953,0.31716535433070864,0.35275590551181096,0.5225984251968504,0.2735433070866142,0.2726771653543307,0.37007874015748027,0.31732283464566924,0.2904724409448819,0.39771653543307084,0.27535433070866144,0.27669291338582674,0.23692913385826772,0.2658267716535433,0.515748031496063,0.3409448818897638,0.562992125984252,0.31354330708661415,0.3862204724409449,0.2953543307086614,0.32354330708661416,0.3250393700787402,0.3562204724409449,0.465511811023622,0.2795275590551181,0.33574803149606297,0.2662204724409449,0.23157480314960627,0.32377952755905515,0.24393700787401576,0.5006299212598425,0.18527559055118112,0.20417322834645668,0.34464566929133855,0.351259842519685,0.4653543307086614,0.3183464566929134,0.2515748031496063,0.3715748031496063,0.15566929133858268,0.348503937007874,0.5597637795275591,0.38637795275590553,0.5545669291338583,0.3610236220472441,0.37070866141732284,0.17007874015748034,0.22921259842519687,0.2506299212598425,0.1958267716535433
hhm16,0.8158603247124092,0.8158603247124092,0.8158603247124092,0.14049114791547687,0.8158603247124092,0.41364118462919147,0.2726605205188872,0.31785918250795464,0.3225911723912866,0.2733132087786571,0.4276739822142449,0.3030105245981888,0.3502488373990373,0.35204373011340456,0.3185118707677246,0.3147589132740475,0.24165782817981563,0.4169046259280411,0.2166925022436159,0.5339805825242718,0.22917516521171574,0.4594925348780289,0.28881455494819286,0.34967773517173856,0.3181039406053684,0.35693889206167906,0.32805743656685976,0.22240352451660275,0.35212531614587583,0.22738027249734846,0.4789915966386554,0.28261401648037854,0.4226972342334992,0.4126621522395366,0.34943297707432486,0.2502243615892959,0.3116586440401403,0.3317288080280656,0.3668108019906992,0.3965081178102309,0.22044545973729296,0.2290935791792445,0.07669087052296647,0.44252264012401077,0.4186179326099372,0.37056375948437625,0.5179897201599086,0.5312066574202496,0.34037692747001713,0.4281634984090724,0.5209268173288732,0.3892469609202905,0.3563677898343804,0.35457289712001305,0.15917434935139105,0.45443420086481195,0.37350085665334093,0.40075059149873543,0.33336052867749044,0.34682222403524515,0.33482907726197275,0.4531288243452721,0.35057518152892225,0.6189116423268337,0.3212857958717467,0.4594925348780289,0.44856000652688255,0.4448070490332055,0.3337684588398466,0.34143754589214326,0.5507873052133475,0.3263441298849637,0.4355878273639553,0.36012074732805743,0.3026025944358326,0.2883250387533654,0.1365750183568573,0.5596801827527127,0.3943868809659786,0.3450273313208779,0.5126866280492779,0.5048543689320388,0.4583503304234315,0.2960757118381333,0.42734763808436,0.5061597454515786,0.3062739658970384,0.16741453863098638,0.59565962307253,0.3249571673329526,0.5564983274863343,0.3617524679774823,0.45043648527372115,0.19034021375540508,0.27706616627233416,0.3354817655217427,0.40303500040793017
hhm17,0.2279617241087306,0.3079854348378355,0.846811753747142,0.41307477347785587,0.46218985519519007,0.846811753747142,0.22355830298924548,0.24413582860530103,0.5637225844694723,0.3460072825810822,0.46218985519519007,0.47616224913201793,0.3805572021339656,0.38148869506308747,0.42730121094080786,0.38767042086544157,0.3620967059022779,0.2357523922432043,0.32729274282327037,0.16241849436870182,0.3280548734016428,0.1156744855618596,0.37632314336522993,0.389025319671437,0.6461173681090693,0.5178253874163774,0.4162079769667203,0.33017190278601066,0.30984842069607926,0.34211194851384535,0.1830807011601321,0.390210856126683,0.14954695571174528,0.4367855025827759,0.37954102802946904,0.47650097383351675,0.4362774155305275,0.4458463883478702,0.846811753747142,0.4397493437208908,0.44787873655686344,0.4046066559403844,0.543991870607164,0.10000846811753747,0.5172326191887543,0.4648149716318063,0.23041747819459735,0.45804047760182914,0.40409856888813617,0.41959522398170884,0.1992548056567025,0.45490727411296467,0.4678634939452959,0.3214497417224151,0.3335591498009992,0.6090270132949445,0.18274197645863324,0.6087729697688203,0.24430519095605044,0.4695571174527902,0.4648149716318063,0.3467694131594546,0.35049538487594206,0.31924803116267253,0.2590397154712507,0.3633669235328986,0.4767550173596409,0.5134219662968922,0.39283597256329916,0.26403590481835887,0.34736218138707764,0.37149631636887115,0.45668557879583366,0.5326445931069523,0.5980184604962318,0.4074858159031247,0.42509950038106525,0.2967228385129985,0.4144296722838513,0.5035142687780506,0.40274367008214074,0.5011431958675586,0.21915488186976032,0.37606909983910575,0.5425522906257939,0.519688373274621,0.398509611313405,0.2553137437547633,0.1813870776526378,0.30696926073333897,0.1552205944618511,0.19764586332458292,0.2624269624862393,0.4218816157168261,0.35921754593953764,0.39639258192903715,0.5524599881446354
hhm18,0.7652865998316369,0.7652865998316369,0.7652865998316369,0.7652865998316369,0.7652865998316369,0.7652865998316369,0.7652865998316369,0.7652865998316369,0.4871049207928369,0.7652865998316369,0.7652865998316369,0.7652865998316369,0.7652865998316369,0.7652865998316369,0.7652865998316369,0.7652865998316369,0.5627917655161858,0.4731767046759011,0.5350883906022806,0.7652865998316369,0.662967781434147,0.7652865998316369,0.5962347899288284,0.30267085023341245,0.7132471110430857,0.7652865998316369,0.6597535777148542,0.5616438356164384,0.4868753348128874,0.6861559654090457,0.7652865998316369,0.5432004285604959,0.5523838677584756,0.5751894084334583,0.5939389301293334,0.5905716690900743,0.5399862248412031,0.4519782658605648,0.7652865998316369,0.7652865998316369,0.5340169893625163,0.40567842657075076,0.6777378128108977,0.5057013851687457,0.5953929746690135,0.6995484809060993,0.7304660595392974,0.6406979413790465,0.48618657687303896,0.6228667636029693,0.7652865998316369,0.5820769878319432,0.6692431315527666,0.5465676895997551,0.46590648197750056,0.7652865998316369,0.5200122445855974,0.6355705211601745,0.513354251167062,0.6529425269763526,0.5873574653707814,0.5838371470115559,0.5249866074845029,0.5009566082497895,0.4811356853141502,0.4399632662432081,0.4367490625239152,0.7078901048442642,0.6369480370398715,0.6012856814877171,0.5947807453891483,0.6641922399938778,0.6426876865386087,0.7652865998316369,0.5601132624167751,0.5052422132088468,0.7295477156194995,0.5334812887426341,0.6678656156730696,0.7011555827657457,0.5644753960358154,0.7652865998316369,0.5943215734292492,0.7652865998316369,0.6194995025637101,0.6676360296931201,0.6196525598836764,0.6432233871584909,0.7652865998316369,0.562868294176169,0.6583760618351573,0.6036580699471952,0.7652865998316369,0.5976888344685084,0.7652865998316369,0.7652865998316369,0.46873804239687766
hhm19,0.8254911672445104,0.8254911672445104,0.8254911672445104,0.8254911672445104,0.8254911672445104,0.8254911672445104,0.8254911672445104,0.8254911672445104,0.8254911672445104,0.411424797754664,0.8254911672445104,0.5923724616146607,0.8254911672445104,0.8254911672445104,0.522701007099224,0.5984810962522701,0.5032194155522536,0.5671949810137031,0.47440977381542015,0.5813934290903088,0.43387815750371467,0.6381046722800066,0.5236090473831929,0.2910681855704144,0.6300974079577348,0.5380551428099719,0.563150074294205,0.4985966650156843,0.24376754168730394,0.52781905233614,0.48109625227010067,0.4674756480105663,0.5196466897804193,0.5436684827472346,0.5982334489020967,0.46714545154366843,0.8254911672445104,0.43569423807165264,0.4807660558032029,0.4875350833746079,0.5984810962522701,0.5113092289912498,0.6393429090308733,0.6419019316493313,0.46359583952451705,0.5156017830609213,0.7439326399207529,0.5349182763744428,0.5535743767541687,0.46483407627538387,0.5103186395905563,0.38525672775301306,0.5555555555555555,0.4824995872544164,0.5247647350173353,0.5848604919927357,0.4203401023609047,0.6688954928182268,0.47193330031368663,0.47820703318474495,0.47961036816906055,0.4347036486709592,0.5904738319299984,0.6085520884926531,0.3497606075614991,0.1735182433547961,0.45732210665345874,0.7500412745583622,0.5775136206042595,0.47985801551923396,0.6070662043916131,0.6447911507346872,0.5289747399702823,0.5208849265312862,0.5486214297507016,0.5704143965659567,0.5909691266303451,0.7864454350338451,0.4475813108799736,0.455340927852072,0.13604094436189532,0.5331847449232293,0.5960046227505366,0.6400033019646689,0.6477629189367673,0.4778768367178471,0.479692917285785,0.6034340432557371,0.5946838368829453,0.34158824500577845,0.6085520884926531,0.5179131583292058,0.6468548786527983,0.8254911672445104,0.4977711738484398,0.6708766716196136,0.5591877166914314
A,0.5454545454545454,0.7727272727272727,0.5909090909090909,0.6818181818181818,0.5454545454545454,0.6818181818181818,0.6818181818181818,0.7272727272727273,0.6363636363636364,0.6818181818181818,0.6363636363636364,0.5909090909090909,0.5909090909090909,0.7727272727272727,0.7272727272727273,0.7272727272727273,0.6363636363636364,0.45454545454545453,0.5909090909090909,0.4090909090909091,0.5,0.5,0.6363636363636364,0.36363636363636365,0.5909090909090909,0.5909090909090909,0.5454545454545454,0.5,0.45454545454545453,0.5454545454545454,0.45454545454545453,0.5909090909090909,0.5,0.6363636363636364,0.6818181818181818,0.5454545454545454,0.5909090909090909,0.6363636363636364,0.6363636363636364,0.6818181818181818,0.6363636363636364,0.6818181818181818,0.5,0.5454545454545454,0.6818181818181818,0.5454545454545454,0.4090909090909091,0.6818181818181818,0.6818181818181818,0.6818181818181818,0.5454545454545454,0.7272727272727273,0.5909090909090909,0.6818181818181818,0.5,0.5454545454545454,0.5454545454545454,0.5,0.5909090909090909,0.6818181818181818,0.6363636363636364,0.45454545454545453,0.45454545454545453,0.45454545454545453,0.5454545454545454,0.5454545454545454,0.5909090909090909,0.5909090909090909,0.6363636363636364,0.5909090909090909,0.5909090909090909,0.6818181818181818,0.5,0.5909090909090909,0.5909090909090909,0.7272727272727273,0.5454545454545454,0.4090909090909091,0.6363636363636364,0.6818181818181818,0.6818181818181818,0.5,0.5,0.5,0.5909090909090909,0.5,0.7272727272727273,0.5,0.45454545454545453,0.45454545454545453,0.36363636363636365,0.4090909090909091,0.5454545454545454,0.5454545454545454,0.5454545454545454,0.6363636363636364,0.5
R,0.38095238095238093,0.5238095238095238,0.6666666666666666,0.5238095238095238,0.5714285714285714,0.47619047619047616,0.5238095238095238,0.5238095238095238,0.6190476190476191,0.5714285714285714,0.5714285714285714,0.5238095238095238,0.42857142857142855,0.42857142857142855,0.5238095238095238,0.42857142857142855,0.5238095238095238,0.47619047619047616,0.5714285714285714,0.3333333333333333,0.5238095238095238,0.23809523809523808,0.5238095238095238,0.3333333333333333,0.6190476190476191,0.6190476190476191,0.5714285714285714,0.7142857142857143,0.38095238095238093,0.5238095238095238,0.2857142857142857,0.5714285714285714,0.38095238095238093,0.5238095238095238,0.47619047619047616,0.47619047619047616,0.5238095238095238,0.5714285714285714,0.5238095238095238,0.5238095238095238,0.5238095238095238,0.5238095238095238,0.42857142857142855,0.47619047619047616,0.5714285714285714,0.47619047619047616,0.2857142857142857,0.6190476190476191,0.6190476190476191,0.6190476190476191,0.2857142857142857,0.47619047619047616,0.6190476190476191,0.5238095238095238,0.38095238095238093,0.5238095238095238,0.2857142857142857,0.5238095238095238,0.5238095238095238,0.6190476190476191,0.5714285714285714,0.42857142857142855,0.7142857142857143,0.3333333333333333,0.38095238095238093,0.47619047619047616,0.7142857142857143,0.5714285714285714,0.6190476190476191,0.5238095238095238,0.42857142857142855,0.6190476190476191,0.42857142857142855,0.47619047619047616,0.47619047619047616,0.5238095238095238,0.47619047619047616,0.2857142857142857,0.6190476190476191,0.47619047619047616,0.38095238095238093,0.42857142857142855,0.3333333333333333,0.6190476190476191,0.5238095238095238,0.47619047619047616,0.42857142857142855,0.6666666666666666,0.23809523809523808,0.38095238095238093,0.2857142857142857,0.2857142857142857,0.42857142857142855,0.5714285714285714,0.8095238095238095,0.5238095238095238,0.38095238095238093
N,0.38095238095238093,0.47619047619047616,0.5714285714285714,0.6190476190476191,0.5238095238095238,0.5714285714285714,0.5238095238095238,0.5714285714285714,0.6190476190476191,0.5714285714285714,0.5714285714285714,0.5714285714285714,0.5238095238095238,0.5238095238095238,0.5238095238095238,0.5714285714285714,0.5714285714285714,0.3333333333333333,0.6666666666666666,0.23809523809523808,0.6666666666666666,0.23809523809523808,0.47619047619047616,0.42857142857142855,0.7142857142857143,0.6666666666666666,0.6190476190476191,0.5238095238095238,0.38095238095238093,0.6666666666666666,0.38095238095238093,0.6190476190476191,0.38095238095238093,0.47619047619047616,0.47619047619047616,0.5714285714285714,0.5714285714285714,0.5714285714285714,0.6190476190476191,0.5714285714285714,0.6190476190476191,0.5238095238095238,0.5238095238095238,0.3333333333333333,0.47619047619047616,0.5238095238095238,0.23809523809523808,0.38095238095238093,0.6190476190476191,0.47619047619047616,0.2857142857142857,0.5238095238095238,0.5714285714285714,0.47619047619047616,0.42857142857142855,0.6666666666666666,0.2857142857142857,0.3333333333333333,0.38095238095238093,0.5714285714285714,0.5714285714285714,0.38095238095238093,0.6190476190476191,0.2857142857142857,0.3333333333333333,0.47619047619047616,0.5238095238095238,0.5714285714285714,0.6666666666666666,0.5714285714285714,0.42857142857142855,0.5238095238095238,0.6190476190476191,0.6190476190476191,0.6190476190476191,0.47619047619047616,0.5714285714285714,0.42857142857142855,0.5238095238095238,0.5238095238095238,0.42857142857142855,0.6190476190476191,0.42857142857142855,0.47619047619047616,0.7619047619047619,0.6666666666666666,0.47619047619047616,0.47619047619047616,0.23809523809523808,0.3333333333333333,0.23809523809523808,0.38095238095238093,0.42857142857142855,0.5714285714285714,0.47619047619047616,0.6666666666666666,0.8095238095238095
D,0.36363636363636365,0.5,0.5,0.6363636363636364,0.7272727272727273,0.7272727272727273,0.5909090909090909,0.6363636363636364,0.5909090909090909,0.5909090909090909,0.6363636363636364,0.7272727272727273,0.5454545454545454,0.6363636363636364,0.6818181818181818,0.6363636363636364,0.5,0.45454545454545453,0.5909090909090909,0.2727272727272727,0.45454545454545453,0.22727272727272727,0.4090909090909091,0.2727272727272727,0.5,0.5,0.5909090909090909,0.45454545454545453,0.3181818181818182,0.7727272727272727,0.3181818181818182,0.6363636363636364,0.4090909090909091,0.6363636363636364,0.5909090909090909,0.7727272727272727,0.7272727272727273,0.6363636363636364,0.6363636363636364,0.6363636363636364,0.6363636363636364,0.5454545454545454,0.4090909090909091,0.36363636363636365,0.5,0.8636363636363636,0.2727272727272727,0.36363636363636365,0.5909090909090909,0.5,0.3181818181818182,0.5,0.5909090909090909,0.45454545454545453,0.36363636363636365,0.5909090909090909,0.3181818181818182,0.5,0.45454545454545453,0.6818181818181818,0.5909090909090909,0.4090909090909091,0.4090909090909091,0.3181818181818182,0.36363636363636365,0.36363636363636365,0.45454545454545453,0.5909090909090909,0.5,0.5454545454545454,0.45454545454545453,0.5,0.9090909090909091,0.8181818181818182,0.8181818181818182,0.5454545454545454,0.5909090909090909,0.2727272727272727,0.5454545454545454,0.6363636363636364,0.36363636363636365,0.5,0.3181818181818182,0.45454545454545453,0.7727272727272727,0.5454545454545454,0.45454545454545453,0.36363636363636365,0.2727272727272727,0.2727272727272727,0.22727272727272727,0.2727272727272727,0.36363636363636365,0.5,0.4090909090909091,0.5454545454545454,0.7727272727272727
C,0.48148148148148145,0.48148148148148145,0.5185185185185185,0.48148148148148145,0.37037037037037035,0.37037037037037035,0.5555555555555556,0.4444444444444444,0.4074074074074074,0.5185185185185185,0.4074074074074074,0.37037037037037035,0.48148148148148145,0.4444444444444444,0.4444444444444444,0.4074074074074074,0.48148148148148145,0.4074074074074074,0.48148148148148145,0.37037037037037035,0.4444444444444444,0.48148148148148145,0.48148148148148145,0.4074074074074074,0.4444444444444444,0.4074074074074074,0.4444444444444444,0.3333333333333333,0.4074074074074074,0.4074074074074074,0.48148148148148145,0.5555555555555556,0.48148148148148145,0.5555555555555556,0.5555555555555556,0.4444444444444444,0.5555555555555556,0.48148148148148145,0.5555555555555556,0.5185185185185185,0.48148148148148145,0.5185185185185185,0.5555555555555556,0.48148148148148145,0.48148148148148145,0.4444444444444444,0.37037037037037035,0.48148148148148145,0.4074074074074074,0.5185185185185185,0.7037037037037037,0.5185185185185185,0.37037037037037035,0.4444444444444444,0.5555555555555556,0.3333333333333333,0.5555555555555556,0.3333333333333333,0.48148148148148145,0.48148148148148145,0.6296296296296297,0.3333333333333333,0.3333333333333333,0.4074074074074074,0.5185185185185185,0.6296296296296297,0.48148148148148145,0.4074074074074074,0.5925925925925926,0.4444444444444444,0.48148148148148145,0.4444444444444444,0.2962962962962963,0.4074074074074074,0.37037037037037035,0.5925925925925926,0.5555555555555556,0.37037037037037035,0.48148148148148145,0.4444444444444444,0.5925925925925926,0.3333333333333333,0.4074074074074074,0.48148148148148145,0.3333333333333333,0.4444444444444444,0.6666666666666666,0.3333333333333333,0.48148148148148145,0.3333333333333333,0.5555555555555556,0.37037037037037035,0.2962962962962963,0.4444444444444444,0.37037037037037035,0.4444444444444444,0.37037037037037035
Q,0.38095238095238093,0.47619047619047616,0.7142857142857143,0.47619047619047616,0.5714285714285714,0.5714285714285714,0.5238095238095238,0.47619047619047616,0.6666666666666666,0.47619047619047616,0.6666666666666666,0.5714285714285714,0.47619047619047616,0.47619047619047616,0.5238095238095238,0.5238095238095238,0.5238095238095238,0.38095238095238093,0.5238095238095238,0.23809523809523808,0.5238095238095238,0.19047619047619047,0.47619047619047616,0.38095238095238093,0.5238095238095238,0.47619047619047616,0.6666666666666666,0.5238095238095238,0.42857142857142855,0.5714285714285714,0.23809523809523808,0.5714285714285714,0.3333333333333333,0.47619047619047616,0.47619047619047616,0.6666666666666666,0.6666666666666666,0.5238095238095238,0.47619047619047616,0.5238095238095238,0.5714285714285714,0.47619047619047616,0.42857142857142855,0.3333333333333333,0.6190476190476191,0.6190476190476191,0.23809523809523808,0.5714285714285714,0.6666666666666666,0.6190476190476191,0.2857142857142857,0.6666666666666666,0.6666666666666666,0.5238095238095238,0.2857142857142857,0.5238095238095238,0.2857142857142857,0.42857142857142855,0.5238095238095238,0.5714285714285714,0.5714285714285714,0.9047619047619048,0.42857142857142855,0.2857142857142857,0.42857142857142855,0.3333333333333333,0.47619047619047616,0.42857142857142855,0.5238095238095238,0.5714285714285714,0.3333333333333333,0.5238095238095238,0.47619047619047616,0.47619047619047616,0.47619047619047616,0.6666666666666666,0.47619047619047616,0.23809523809523808,0.5238095238095238,0.5714285714285714,0.42857142857142855,0.5238095238095238,0.2857142857142857,0.6190476190476191,0.5714285714285714,0.38095238095238093,0.5714285714285714,0.47619047619047616,0.23809523809523808,0.5714285714285714,0.23809523809523808,0.23809523809523808,0.23809523809523808,0.47619047619047616,0.47619047619047616,0.5238095238095238,0.38095238095238093
E,0.4,0.55,0.65,0.55,0.85,0.85,0.6,0.6,0.7,0.6,0.8,0.85,0.55,0.65,0.7,0.7,0.6,0.35,0.6,0.3,0.6,0.25,0.45,0.3,0.45,0.4,0.75,0.65,0.4,0.7,0.35,0.7,0.4,0.55,0.6,0.65,0.7,0.65,0.6,0.6,0.75,0.55,0.45,0.4,0.6,0.7,0.3,0.5,0.75,0.65,0.3,0.8,0.8,0.6,0.45,0.55,0.3,0.65,0.5,0.7,0.6,0.5,0.55,0.3,0.4,0.4,0.5,0.55,0.5,0.65,0.45,0.5,0.75,0.6,0.75,0.65,0.5,0.25,0.6,0.7,0.45,0.55,0.3,0.5,0.65,0.45,0.45,0.4,0.25,0.35,0.25,0.35,0.45,0.65,0.5,0.75,0.5
G,0.4090909090909091,0.5909090909090909,0.5454545454545454,0.6363636363636364,0.5909090909090909,0.5454545454545454,0.6363636363636364,0.5909090909090909,0.6363636363636364,0.6363636363636364,0.5909090909090909,0.5454545454545454,0.5,0.5909090909090909,0.6818181818181818,0.6363636363636364,0.6818181818181818,0.36363636363636365,0.45454545454545453,0.3181818181818182,0.45454545454545453,0.36363636363636365,0.45454545454545453,0.3181818181818182,0.8636363636363636,0.8181818181818182,0.45454545454545453,0.45454545454545453,0.36363636363636365,0.45454545454545453,0.45454545454545453,0.5,0.4090909090909091,0.5,0.5909090909090909,0.5454545454545454,0.5909090909090909,0.6818181818181818,0.6818181818181818,0.6818181818181818,0.6363636363636364,0.5909090909090909,0.45454545454545453,0.5,0.7727272727272727,0.5454545454545454,0.3181818181818182,0.4090909090909091,0.5454545454545454,0.5454545454545454,0.45454545454545453,0.5,0.5909090909090909,0.45454545454545453,0.36363636363636365,0.9090909090909091,0.36363636363636365,0.45454545454545453,0.5,0.5909090909090909,0.6363636363636364,0.4090909090909091,0.4090909090909091,0.36363636363636365,0.4090909090909091,0.5454545454545454,0.5454545454545454,0.8181818181818182,0.5909090909090909,0.5454545454545454,0.5,0.5,0.5,0.5454545454545454,0.5454545454545454,0.5454545454545454,0.45454545454545453,0.3181818181818182,0.5909090909090909,0.5,0.5,0.9090909090909091,0.36363636363636365,0.5,0.5,0.9090909090909091,0.5,0.36363636363636365,0.3181818181818182,0.4090909090909091,0.2727272727272727,0.3181818181818182,0.9545454545454546,0.5,0.45454545454545453,0.5,0.5
H,0.3333333333333333,0.375,0.4166666666666667,0.4166666666666667,0.4166666666666667,0.5,0.4583333333333333,0.375,0.5,0.375,0.4583333333333333,0.4583333333333333,0.2916666666666667,0.4583333333333333,0.4166666666666667,0.375,0.4583333333333333,0.3333333333333333,0.4166666666666667,0.25,0.5416666666666666,0.3333333333333333,0.375,0.8333333333333334,0.375,0.375,0.4583333333333333,0.5833333333333334,0.8333333333333334,0.5416666666666666,0.25,0.625,0.2916666666666667,0.4583333333333333,0.5,0.5416666666666666,0.4583333333333333,0.4583333333333333,0.4583333333333333,0.4583333333333333,0.4583333333333333,0.4166666666666667,0.3333333333333333,0.2916666666666667,0.5416666666666666,0.5416666666666666,0.25,0.4583333333333333,0.5,0.625,0.25,0.5833333333333334,0.4583333333333333,0.4583333333333333,0.25,0.5416666666666666,0.25,0.5,0.5,0.5833333333333334,0.5833333333333334,0.5,0.3333333333333333,0.2916666666666667,0.2916666666666667,0.625,0.5833333333333334,0.375,0.5,0.4166666666666667,0.375,0.4166666666666667,0.4583333333333333,0.4583333333333333,0.4166666666666667,0.4583333333333333,0.5,0.20833333333333334,0.625,0.4583333333333333,0.375,0.4583333333333333,0.25,0.4583333333333333,0.4166666666666667,0.4166666666666667,0.5416666666666666,0.2916666666666667,0.20833333333333334,0.5833333333333334,0.20833333333333334,0.25,0.25,0.3333333333333333,0.375,0.5416666666666666,0.375
I,0.7083333333333334,0.5416666666666666,0.4583333333333333,0.5416666666666666,0.4583333333333333,0.4166666666666667,0.625,0.5833333333333334,0.5,0.5,0.4583333333333333,0.4166666666666667,0.5833333333333334,0.5,0.5,0.5,0.5833333333333334,0.8333333333333334,0.5,0.8333333333333334,0.6666666666666666,0.7916666666666666,0.6666666666666666,0.4166666666666667,0.375,0.4166666666666667,0.4583333333333333,0.4583333333333333,0.6666666666666666,0.5,0.8333333333333334,0.5416666666666666,0.75,0.5833333333333334,0.5833333333333334,0.5416666666666666,0.5,0.5833333333333334,0.5416666666666666,0.5833333333333334,0.5416666666666666,0.5833333333333334,0.6666666666666666,0.7083333333333334,0.5416666666666666,0.5,0.625,0.4583333333333333,0.4583333333333333,0.5833333333333334,0.7916666666666666,0.4583333333333333,0.4583333333333333,0.7083333333333334,0.7083333333333334,0.375,0.7916666666666666,0.4583333333333333,0.625,0.5,0.625,0.625,0.375,0.7083333333333334,0.7916666666666666,0.625,0.5,0.4583333333333333,0.5833333333333334,0.6666666666666666,0.625,0.5416666666666666,0.4166666666666667,0.5,0.4583333333333333,0.625,0.5416666666666666,0.6666666666666666,0.5,0.5,0.625,0.5,0.7916666666666666,0.5,0.4583333333333333,0.3333333333333333,0.5,0.5,0.8333333333333334,0.625,0.625,0.8333333333333334,0.4166666666666667,0.5,0.4166666666666667,0.5833333333333334,0.375
L,0.8181818181818182,0.5454545454545454,0.5909090909090909,0.5909090909090909,0.45454545454545453,0.45454545454545453,0.6818181818181818,0.5909090909090909,0.5454545454545454,0.5909090909090909,0.5454545454545454,0.5,0.6363636363636364,0.5,0.5454545454545454,0.5,0.6363636363636364,0.8181818181818182,0.5454545454545454,0.7727272727272727,0.5454545454545454,0.6818181818181818,0.5909090909090909,0.45454545454545453,0.45454545454545453,0.4090909090909091,0.5,0.5,0.6363636363636364,0.5,0.8181818181818182,0.5454545454545454,0.8181818181818182,0.6818181818181818,0.6818181818181818,0.6363636363636364,0.5454545454545454,0.6363636363636364,0.6363636363636364,0.6363636363636364,0.6363636363636364,0.6818181818181818,0.6363636363636364,0.7727272727272727,0.6818181818181818,0.5454545454545454,0.9545454545454546,0.5454545454545454,0.5909090909090909,0.7272727272727273,0.8636363636363636,0.5454545454545454,0.5,0.8181818181818182,0.5909090909090909,0.45454545454545453,0.7727272727272727,0.6363636363636364,0.7272727272727273,0.5454545454545454,0.6363636363636364,0.5909090909090909,0.4090909090909091,0.9090909090909091,0.8181818181818182,0.6363636363636364,0.5454545454545454,0.5909090909090909,0.6818181818181818,0.6363636363636364,0.9090909090909091,0.5909090909090909,0.45454545454545453,0.6363636363636364,0.5909090909090909,0.6363636363636364,0.6818181818181818,0.9545454545454546,0.5909090909090909,0.6363636363636364,0.8181818181818182,0.5454545454545454,0.8181818181818182,0.5,0.4090909090909091,0.45454545454545453,0.5909090909090909,0.5454545454545454,0.7727272727272727,0.6818181818181818,0.9090909090909091,0.7727272727272727,0.3181818181818182,0.45454545454545453,0.5,0.6363636363636364,0.4090909090909091
K,0.4090909090909091,0.5454545454545454,0.6363636363636364,0.5909090909090909,0.5909090909090909,0.5454545454545454,0.5454545454545454,0.5,0.6363636363636364,0.6363636363636364,0.6363636363636364,0.5909090909090909,0.45454545454545453,0.5,0.5454545454545454,0.5454545454545454,0.5909090909090909,0.36363636363636365,0.7272727272727273,0.3181818181818182,0.6818181818181818,0.2727272727272727,0.8181818181818182,0.36363636363636365,0.5909090909090909,0.7272727272727273,0.7727272727272727,0.8181818181818182,0.4090909090909091,0.5454545454545454,0.3181818181818182,0.5909090909090909,0.4090909090909091,0.5454545454545454,0.5,0.5,0.5909090909090909,0.5909090909090909,0.5909090909090909,0.5909090909090909,0.5454545454545454,0.5454545454545454,0.5454545454545454,0.4090909090909091,0.6363636363636364,0.5,0.3181818181818182,0.8636363636363636,0.6363636363636364,0.6363636363636364,0.36363636363636365,0.5909090909090909,0.6818181818181818,0.6363636363636364,0.36363636363636365,0.5454545454545454,0.3181818181818182,0.45454545454545453,0.45454545454545453,0.5909090909090909,0.5909090909090909,0.5454545454545454,0.9090909090909091,0.36363636363636365,0.5454545454545454,0.4090909090909091,0.8181818181818182,0.6363636363636364,0.6818181818181818,0.6363636363636364,0.5,0.8181818181818182,0.5454545454545454,0.5,0.5909090909090909,0.6363636363636364,0.5909090909090909,0.4090909090909091,0.6363636363636364,0.6363636363636364,0.5454545454545454,0.6363636363636364,0.5,0.8636363636363636,0.5909090909090909,0.5454545454545454,0.45454545454545453,0.9090909090909091,0.3181818181818182,0.4090909090909091,0.2727272727272727,0.3181818181818182,0.45454545454545453,0.7272727272727273,0.8181818181818182,0.5454545454545454,0.45454545454545453
M,0.6923076923076923,0.46153846153846156,0.46153846153846156,0.5,0.38461538461538464,0.38461538461538464,0.6153846153846154,0.46153846153846156,0.46153846153846156,0.4230769230769231,0.4230769230769231,0.38461538461538464,0.8846153846153846,0.46153846153846156,0.4230769230769231,0.4230769230769231,0.5769230769230769,0.7307692307692307,0.46153846153846156,0.46153846153846156,0.38461538461538464,0.4230769230769231,0.5384615384615384,0.4230769230769231,0.38461538461538464,0.34615384615384615,0.38461538461538464,0.38461538461538464,0.4230769230769231,0.34615384615384615,0.5,0.4230769230769231,0.5,0.46153846153846156,0.5,0.46153846153846156,0.4230769230769231,0.5,0.5,0.5,0.46153846153846156,0.5384615384615384,0.46153846153846156,0.5,0.46153846153846156,0.46153846153846156,0.5769230769230769,0.5769230769230769,0.5,0.5384615384615384,0.5384615384615384,0.46153846153846156,0.46153846153846156,0.5384615384615384,0.5,0.46153846153846156,0.4230769230769231,0.46153846153846156,0.5384615384615384,0.4230769230769231,0.5769230769230769,0.6923076923076923,0.38461538461538464,0.5769230769230769,0.7307692307692307,0.5,0.5,0.4230769230769231,0.5384615384615384,0.5,0.6538461538461539,0.5384615384615384,0.3076923076923077,0.6538461538461539,0.4230769230769231,0.6153846153846154,0.5,0.6153846153846154,0.46153846153846156,0.5769230769230769,0.5384615384615384,0.34615384615384615,0.5384615384615384,0.46153846153846156,0.4230769230769231,0.5384615384615384,0.5384615384615384,0.46153846153846156,0.6153846153846154,0.9230769230769231,0.8076923076923077,0.8076923076923077,0.38461538461538464,0.38461538461538464,0.46153846153846156,0.5,0.34615384615384615
F,0.4782608695652174,0.43478260869565216,0.391304347826087,0.43478260869565216,0.34782608695652173,0.34782608695652173,0.4782608695652174,0.391304347826087,0.391304347826087,0.391304347826087,0.34782608695652173,0.34782608695652173,0.391304347826087,0.391304347826087,0.391304347826087,0.43478260869565216,0.43478260869565216,0.5217391304347826,0.34782608695652173,0.7391304347826086,0.43478260869565216,0.43478260869565216,0.391304347826087,0.7391304347826086,0.30434782608695654,0.34782608695652173,0.34782608695652173,0.30434782608695654,0.6956521739130435,0.34782608695652173,0.5652173913043478,0.4782608695652174,0.6956521739130435,0.43478260869565216,0.5217391304347826,0.4782608695652174,0.43478260869565216,0.4782608695652174,0.5217391304347826,0.5217391304347826,0.4782608695652174,0.5217391304347826,0.43478260869565216,0.6521739130434783,0.43478260869565216,0.391304347826087,0.6956521739130435,0.43478260869565216,0.43478260869565216,0.4782608695652174,0.43478260869565216,0.5217391304347826,0.34782608695652173,0.4782608695652174,0.5217391304347826,0.30434782608695654,0.391304347826087,0.4782608695652174,0.4782608695652174,0.391304347826087,0.5652173913043478,0.5217391304347826,0.30434782608695654,0.5652173913043478,0.5652173913043478,0.782608695652174,0.43478260869565216,0.391304347826087,0.6086956521739131,0.4782608695652174,0.4782608695652174,0.391304347826087,0.2608695652173913,0.43478260869565216,0.391304347826087,0.43478260869565216,0.4782608695652174,0.391304347826087,0.34782608695652173,0.4782608695652174,0.6086956521739131,0.391304347826087,0.5652173913043478,0.391304347826087,0.30434782608695654,0.30434782608695654,0.5217391304347826,0.2608695652173913,0.6521739130434783,0.43478260869565216,0.391304347826087,0.4782608695652174,0.2608695652173913,0.34782608695652173,0.30434782608695654,0.5652173913043478,0.30434782608695654
P,0.43478260869565216,0.6086956521739131,0.7391304347826086,0.6086956521739131,0.5652173913043478,0.5652173913043478,0.5652173913043478,0.6086956521739131,0.6521739130434783,0.6956521739130435,0.6521739130434783,0.6086956521739131,0.5652173913043478,0.6086956521739131,0.6086956521739131,0.782608695652174,0.6086956521739131,0.34782608695652173,0.5652173913043478,0.34782608695652173,0.391304347826087,0.30434782608695654,0.43478260869565216,0.30434782608695654,0.391304347826087,0.5652173913043478,0.43478260869565216,0.4782608695652174,0.391304347826087,0.6956521739130435,0.34782608695652173,0.6521739130434783,0.43478260869565216,0.782608695652174,0.8260869565217391,0.6521739130434783,0.5652173913043478,0.6086956521739131,0.6521739130434783,0.6086956521739131,0.6086956521739131,0.7391304347826086,0.5217391304347826,0.43478260869565216,0.4782608695652174,0.4782608695652174,0.43478260869565216,0.43478260869565216,0.4782608695652174,0.4782608695652174,0.34782608695652173,0.43478260869565216,0.6086956521739131,0.5217391304347826,0.43478260869565216,0.391304347826087,0.34782608695652173,0.9130434782608695,0.8260869565217391,0.6956521739130435,0.4782608695652174,0.391304347826087,0.43478260869565216,0.34782608695652173,0.391304347826087,0.391304347826087,0.5217391304347826,0.6086956521739131,0.5652173913043478,0.6521739130434783,0.5652173913043478,0.5652173913043478,0.5652173913043478,0.6521739130434783,0.5217391304347826,0.4782608695652174,0.6956521739130435,0.30434782608695654,0.4782608695652174,0.4782608695652174,0.5217391304347826,0.5217391304347826,0.4782608695652174,0.5652173913043478,0.7391304347826086,0.43478260869565216,0.4782608695652174,0.391304347826087,0.30434782608695654,0.30434782608695654,0.30434782608695654,0.30434782608695654,0.43478260869565216,0.4782608695652174,0.6521739130434783,0.6956521739130435,0.43478260869565216
S,0.47619047619047616,0.7142857142857143,0.6666666666666666,0.7619047619047619,0.7142857142857143,0.6666666666666666,0.6190476190476191,0.6666666666666666,0.6190476190476191,0.7619047619047619,0.6666666666666666,0.6666666666666666,0.6190476190476191,0.8095238095238095,0.7142857142857143,0.6666666666666666,0.7142857142857143,0.42857142857142855,0.7619047619047619,0.3333333333333333,0.6190476190476191,0.3333333333333333,0.7142857142857143,0.5238095238095238,0.7142857142857143,0.7142857142857143,0.5714285714285714,0.6190476190476191,0.38095238095238093,0.6666666666666666,0.38095238095238093,0.7142857142857143,0.47619047619047616,0.6666666666666666,0.6666666666666666,0.6190476190476191,0.7142857142857143,0.6666666666666666,0.6666666666666666,0.6666666666666666,0.6666666666666666,0.6666666666666666,0.5714285714285714,0.47619047619047616,0.6190476190476191,0.5714285714285714,0.3333333333333333,0.5714285714285714,0.6666666666666666,0.5714285714285714,0.47619047619047616,0.6190476190476191,0.6666666666666666,0.5238095238095238,0.5714285714285714,0.6190476190476191,0.47619047619047616,0.47619047619047616,0.5714285714285714,0.6666666666666666,0.6190476190476191,0.5714285714285714,0.5714285714285714,0.38095238095238093,0.47619047619047616,0.47619047619047616,0.6666666666666666,0.5714285714285714,0.6190476190476191,0.6666666666666666,0.5238095238095238,0.5714285714285714,0.5238095238095238,0.6666666666666666,0.6666666666666666,0.6190476190476191,0.6666666666666666,0.47619047619047616,0.8095238095238095,0.7619047619047619,0.6190476190476191,0.47619047619047616,0.38095238095238093,0.5714285714285714,0.6666666666666666,0.5238095238095238,0.8095238095238095,0.47619047619047616,0.3333333333333333,0.38095238095238093,0.2857142857142857,0.3333333333333333,0.42857142857142855,0.8571428571428571,0.5714285714285714,0.6190476190476191,0.8571428571428571
T,0.5217391304347826,0.7391304347826086,0.5217391304347826,0.6956521739130435,0.5652173913043478,0.6086956521739131,0.6086956521739131,0.7391304347826086,0.6956521739130435,0.6521739130434783,0.6086956521739131,0.6086956521739131,0.5652173913043478,0.6521739130434783,0.6521739130434783,0.5652173913043478,0.7391304347826086,0.43478260869565216,0.7391304347826086,0.4782608695652174,0.8260869565217391,0.43478260869565216,0.6956521739130435,0.34782608695652173,0.4782608695652174,0.5217391304347826,0.6521739130434783,0.6521739130434783,0.43478260869565216,0.6086956521739131,0.43478260869565216,0.6956521739130435,0.5217391304347826,0.6956521739130435,0.6086956521739131,0.5652173913043478,0.5652173913043478,0.6521739130434783,0.6086956521739131,0.6521739130434783,0.6521739130434783,0.6521739130434783,0.9130434782608695,0.5217391304347826,0.5217391304347826,0.5652173913043478,0.391304347826087,0.43478260869565216,0.6086956521739131,0.5652173913043478,0.4782608695652174,0.5652173913043478,0.5652173913043478,0.5652173913043478,0.9130434782608695,0.5217391304347826,0.5652173913043478,0.4782608695652174,0.5652173913043478,0.5652173913043478,0.6086956521739131,0.43478260869565216,0.5652173913043478,0.43478260869565216,0.5652173913043478,0.5217391304347826,0.5652173913043478,0.4782608695652174,0.6086956521739131,0.6086956521739131,0.5217391304347826,0.6521739130434783,0.5217391304347826,0.5217391304347826,0.6521739130434783,0.6521739130434783,0.782608695652174,0.4782608695652174,0.6086956521739131,0.6086956521739131,0.5652173913043478,0.4782608695652174,0.43478260869565216,0.6521739130434783,0.5217391304347826,0.4782608695652174,0.6521739130434783,0.6956521739130435,0.391304347826087,0.5652173913043478,0.391304347826087,0.4782608695652174,0.43478260869565216,0.6956521739130435,0.6521739130434783,0.6086956521739131,0.5217391304347826
W,0.37037037037037035,0.37037037037037035,0.37037037037037035,0.37037037037037035,0.3333333333333333,0.3333333333333333,0.37037037037037035,0.37037037037037035,0.48148148148148145,0.37037037037037035,0.3333333333333333,0.3333333333333333,0.3333333333333333,0.3333333333333333,0.3333333333333333,0.3333333333333333,0.37037037037037035,0.3333333333333333,0.3333333333333333,0.3333333333333333,0.2962962962962963,0.25925925925925924,0.2962962962962963,0.8518518518518519,0.2962962962962963,0.2962962962962963,0.3333333333333333,0.2962962962962963,0.48148148148148145,0.2962962962962963,0.3333333333333333,0.37037037037037035,0.48148148148148145,0.37037037037037035,0.4444444444444444,0.4074074074074074,0.4444444444444444,0.48148148148148145,0.48148148148148145,0.4444444444444444,0.4444444444444444,0.48148148148148145,0.37037037037037035,0.4444444444444444,0.48148148148148145,0.3333333333333333,0.3333333333333333,0.2962962962962963,0.37037037037037035,0.37037037037037035,0.3333333333333333,0.48148148148148145,0.3333333333333333,0.48148148148148145,0.48148148148148145,0.2962962962962963,0.2962962962962963,0.25925925925925924,0.3333333333333333,0.3333333333333333,0.4074074074074074,0.3333333333333333,0.2962962962962963,0.5555555555555556,0.37037037037037035,0.5925925925925926,0.3333333333333333,0.6296296296296297,0.4074074074074074,0.4074074074074074,0.37037037037037035,0.3333333333333333,0.25925925925925924,0.37037037037037035,0.2962962962962963,0.37037037037037035,0.5555555555555556,0.5925925925925926,0.5185185185185185,0.3333333333333333,0.4074074074074074,0.2962962962962963,0.3333333333333333,0.2962962962962963,0.2962962962962963,0.2962962962962963,0.3333333333333333,0.25925925925925924,0.2962962962962963,0.2962962962962963,0.2962962962962963,0.2962962962962963,0.25925925925925924,0.2962962962962963,0.2962962962962963,0.37037037037037035,0.2962962962962963
Y,0.45454545454545453,0.4090909090909091,0.5,0.45454545454545453,0.36363636363636365,0.36363636363636365,0.4090909090909091,0.4090909090909091,0.4090909090909091,0.4090909090909091,0.36363636363636365,0.36363636363636365,0.36363636363636365,0.36363636363636365,0.4090909090909091,0.36363636363636365,0.4090909090909091,0.4090909090909091,0.36363636363636365,0.45454545454545453,0.4090909090909091,0.36363636363636365,0.36363636363636365,0.7727272727272727,0.2727272727272727,0.36363636363636365,0.5,0.5,0.8636363636363636,0.36363636363636365,0.36363636363636365,0.4090909090909091,0.5,0.45454545454545453,0.45454545454545453,0.5,0.45454545454545453,0.5,0.5,0.5,0.5,0.45454545454545453,0.36363636363636365,0.4090909090909091,0.45454545454545453,0.5,0.36363636363636365,0.4090909090909091,0.45454545454545453,0.5,0.36363636363636365,0.5909090909090909,0.45454545454545453,0.5,0.4090909090909091,0.45454545454545453,0.3181818181818182,0.2727272727272727,0.45454545454545453,0.45454545454545453,0.5909090909090909,0.36363636363636365,0.3181818181818182,0.5,0.4090909090909091,0.7727272727272727,0.5,0.36363636363636365,0.5454545454545454,0.45454545454545453,0.36363636363636365,0.5,0.2727272727272727,0.45454545454545453,0.3181818181818182,0.4090909090909091,0.5,0.3181818181818182,0.45454545454545453,0.45454545454545453,0.6818181818181818,0.3181818181818182,0.36363636363636365,0.45454545454545453,0.3181818181818182,0.2727272727272727,0.4090909090909091,0.2727272727272727,0.36363636363636365,0.45454545454545453,0.2727272727272727,0.3181818181818182,0.22727272727272727,0.3181818181818182,0.3181818181818182,0.5454545454545454,0.3181818181818182
V,0.8695652173913043,0.6956521739130435,0.5217391304347826,0.6521739130434783,0.4782608695652174,0.4782608695652174,0.7391304347826086,0.6521739130434783,0.5217391304347826,0.5652173913043478,0.5217391304347826,0.5217391304347826,0.6521739130434783,0.5652173913043478,0.5652173913043478,0.5652173913043478,0.6086956521739131,0.782608695652174,0.5217391304347826,0.8695652173913043,0.6956521739130435,0.9565217391304348,0.6956521739130435,0.391304347826087,0.43478260869565216,0.4782608695652174,0.5652173913043478,0.5652173913043478,0.4782608695652174,0.4782608695652174,0.8260869565217391,0.5652173913043478,0.8260869565217391,0.6086956521739131,0.5652173913043478,0.5652173913043478,0.5217391304347826,0.6086956521739131,0.6086956521739131,0.6086956521739131,0.6086956521739131,0.6521739130434783,0.6086956521739131,0.8695652173913043,0.5217391304347826,0.5652173913043478,0.6086956521739131,0.4782608695652174,0.5217391304347826,0.6521739130434783,0.7391304347826086,0.5652173913043478,0.5217391304347826,0.6956521739130435,0.5217391304347826,0.391304347826087,0.9130434782608695,0.4782608695652174,0.7391304347826086,0.5217391304347826,0.6521739130434783,0.5652173913043478,0.43478260869565216,0.6956521739130435,0.6956521739130435,0.7391304347826086,0.5217391304347826,0.6086956521739131,0.6086956521739131,0.6956521739130435,0.6521739130434783,0.6086956521739131,0.43478260869565216,0.5217391304347826,0.5217391304347826,0.6521739130434783,0.5652173913043478,0.6086956521739131,0.5217391304347826,0.5652173913043478,0.6956521739130435,0.43478260869565216,0.8260869565217391,0.5652173913043478,0.4782608695652174,0.391304347826087,0.5652173913043478,0.5652173913043478,0.8260869565217391,0.6086956521739131,0.7391304347826086,0.782608695652174,0.43478260869565216,0.4782608695652174,0.4782608695652174,0.6086956521739131,0.43478260869565216
