,E,G,R,A,I,Y,N,N.1,M,K,Q,F,I.1,R.1,Y.1,L,I.2,S,S.1,N.2,V,G.1,E.1,V.1,V.2,C,I.3,F.1,L.1,T,A.1,A.2
ASA,0.7712820512820513,0.2728205128205128,0.7225641025641026,0.378974358974359,0.39128205128205135,0.43282051282051287,0.4661538461538462,0.37948717948717947,0.2446153846153846,0.5071794871794872,0.5107692307692309,0.3564102564102564,0.24717948717948715,0.6261538461538462,0.6035897435897436,0.3082051282051282,0.3584615384615385,0.35589743589743594,0.2876923076923077,0.38974358974358975,0.2794871794871795,0.1794871794871795,0.4512820512820513,0.2251282051282051,0.24358974358974358,0.2794871794871795,0.4133333333333334,0.48871794871794877,0.4528205128205129,0.4041025641025642,0.37230769230769234,0.41384615384615386
HSE_alpha_up,0.06774193548387096,0.05806451612903226,0.18064516129032257,0.054838709677419356,0.19032258064516128,0.3064516129032258,0.0935483870967742,0.14193548387096772,0.4129032258064516,0.2129032258064516,0.08709677419354837,0.27419354838709675,0.4,0.15806451612903225,0.14838709677419354,0.33225806451612905,0.33225806451612905,0.14193548387096772,0.24193548387096775,0.25161290322580643,0.4709677419354839,0.19677419354838707,0.15806451612903225,0.2903225806451613,0.2774193548387097,0.19032258064516128,0.16129032258064516,0.1935483870967742,0.18064516129032257,0.15161290322580645,0.12580645161290321,0.0935483870967742
HSE_alpha_down,0.20521172638436483,0.2671009771986971,0.26058631921824105,0.35179153094462545,0.4039087947882736,0.3745928338762215,0.501628664495114,0.4853420195439739,0.4136807817589576,0.4853420195439739,0.5342019543973942,0.47557003257328984,0.4267100977198697,0.495114006514658,0.504885993485342,0.4039087947882736,0.3876221498371335,0.43322475570032576,0.3583061889250814,0.4364820846905537,0.3680781758957655,0.504885993485342,0.52442996742671,0.482084690553746,0.4918566775244299,0.504885993485342,0.4918566775244299,0.44951140065146583,0.4104234527687297,0.3583061889250814,0.30944625407166126,0.28664495114006516
P(C),0.929,0.8320000000000001,0.435,0.263,0.17300000000000001,0.16699999999999998,0.161,0.16,0.021,0.008,0.005,0.004,0.005,0.004,0.008,0.024,0.099,0.366,0.754,0.97,0.031,0.012,0.004,0.002,0.003,0.009000000000000001,0.01,0.018000000000000002,0.05,0.18899999999999997,0.395,0.88
P(H),0.066,0.16699999999999998,0.564,0.735,0.8220000000000001,0.83,0.838,0.84,0.9790000000000001,0.992,0.995,0.996,0.995,0.996,0.992,0.976,0.9009999999999999,0.633,0.242,0.028999999999999998,0.9690000000000001,0.988,0.995,0.998,0.997,0.991,0.9890000000000001,0.982,0.95,0.81,0.605,0.11900000000000001
P(E),0.005,0.002,0.002,0.001,0.004,0.003,0.0,0.0,0.0,0.0,0.0,0.0,0.0,0.0,0.0,0.0,0.0,0.001,0.004,0.001,0.0,0.0,0.0,0.0,0.0,0.0,0.0,0.0,0.0,0.0,0.001,0.001
cosPhi,0.4991288562489504,0.5043648041306795,0.7089356964399721,0.7121018805568672,0.6993766648836112,0.7136811056883583,0.7144697430986597,0.6993766648836112,0.7041673752050037,0.7121018805568672,0.7041673752050037,0.6993766648836112,0.6993766648836112,0.7001766491363243,0.6889224919850222,0.6669054611250307,0.6150267420707426,0.6056642431846112,0.5069826345254247,0.4720906855724233,0.7121018805568672,0.7128918173729912,0.6993766648836112,0.7049636643607307,0.7097282031766333,0.7041673752050037,0.6985760732996393,0.6929551320220594,0.6832526946667644,0.6553402110937807,0.6327799862995145,0.5704523536642677
cosPsi,0.25912316294914245,0.06439309443990532,0.9221639627510075,0.8993177550236464,0.88581229169386,0.8813341648478441,0.88581229169386,0.8863667867486755,0.8813341648478441,0.8863667867486755,0.88581229169386,0.883022221559489,0.8863667867486755,0.8940053768033609,0.8966766701456176,0.9090748587125117,0.9347474647526095,0.9645662857670281,0.9983894392281236,0.46338090143618416,0.902446898677957,0.8880232035332729,0.88581229169386,0.879067168098826,0.879067168098826,0.883022221559489,0.8852566213878945,0.8907602362094094,0.9065503805235138,0.9290324528618223,0.9549806354382716,0.9881480035599667
cosTheta,0.5587971963581544,0.48628184239898975,0.8104714255234919,0.8686876429626403,0.8577540506726897,0.86322004664864,0.8723335222271821,0.86322004664864,0.8541110164355151,0.8577540506726897,0.8723335222271821,0.8559324335465859,0.8504688044512568,0.8577540506726897,0.8541110164355151,0.8340902155652593,0.7796735065115366,0.7778654903830264,0.6280957194460757,0.5897828152708864,0.8213660328329033,0.86322004664864,0.8613978627735588,0.8613978627735588,0.8595758622648653,0.8613978627735588,0.86322004664864,0.8541110164355151,0.8504688044512568,0.8286352843229204,0.8068425387457049,0.7760579120749974
cosTau,0.43300690729085395,0.9776391810611718,0.4503401251281805,0.768649804173412,0.8092041976787772,0.8057635200929156,0.8050725819506339,0.8146601955249188,0.8112573183188098,0.8064535268264883,0.8173652566011338,0.818039110138882,0.8160146513324255,0.8085179375703744,0.8193839087577989,0.8200548497424778,0.820724815784579,0.794598178676671,0.6969709547954757,0.5409692543150205,0.016145414759014376,0.7995117992577929,0.8133019056822303,0.818039110138882,0.8160146513324255,0.8153379037156432,0.820724815784579,0.8260492019151962,0.8273704068586698,0.8227288438619753,0.8126213281678527,0.8390798349340354
sinPhi,7.615433562091489e-07,0.9999809615320856,0.04574591123663918,0.04721560049443019,0.04146996280743798,0.047958725169610805,0.048332353568349584,0.04146996280743798,0.043582911383478584,0.04721560049443019,0.043582911383478584,0.04146996280743798,0.04146996280743798,0.041818635218880185,0.03706470759500258,0.028679254453910785,0.013410563611455817,0.011292052856952006,4.873799534788059e-05,0.0007796179090095445,0.04721560049443019,0.04758647376699021,0.04146996280743798,0.04393994191386341,0.0461112607335456,0.043582911383478584,0.041122687158009485,0.03873095527187681,0.03479121600898771,0.02474213418610821,0.017952297882945,0.004988171141721176
sinPsi,0.9381533400219318,0.2545481231924295,0.23208660251050167,0.19909248842397587,0.18196088986111797,0.1766051102447702,0.18196088986111797,0.1826347433988662,0.1766051102447702,0.1826347433988662,0.18196088986111797,0.17860619515673037,0.1826347433988662,0.19216926233717085,0.19561928549563967,0.21249737397836072,0.2530290667078845,0.31512662136308534,0.45990053783557056,0.998657238612229,0.20329055669814927,0.18466209628435687,0.18196088986111797,0.1739507980848039,0.1739507980848039,0.17860619515673037,0.18128800512565513,0.1880602016453069,0.2089385149213553,0.24322937397091499,0.29265337867188046,0.3917801930309486
sinTheta,0.8822425718890605,0.8279191912556324,0.9892652117214851,0.9975720074454255,0.9964637325188842,0.9970438182214219,0.997895295008335,0.9970438182214219,0.9960481851351943,0.9964637325188842,0.997895295008335,0.9962588407750017,0.9956095847521328,0.9964637325188842,0.9960481851351943,0.9933507520403837,0.9824586729635518,0.982006729501968,0.9237941675755121,0.9020259366174426,0.9912715739711364,0.9970438182214219,0.9968562218398896,0.9968562218398896,0.9966628597427053,0.9968562218398896,0.9970438182214219,0.9960481851351943,0.9956095847521328,0.9924941883966378,0.9885504724576554,0.9815490655588617
sinTau,0.9954915998574182,0.6478540250220233,0.0024722150193868253,0.9216957229064429,0.892928446587701,0.895611766483745,0.8961448216775953,0.8885729807284855,0.891304078426207,0.8950775061878452,0.8863667867486755,0.88581229169386,0.8874722443520897,0.8934675109806687,0.8846997775234475,0.8841417617967617,0.8835825759076498,0.9039949419490152,0.9595676696276172,0.9983186934090182,0.37396532087844325,0.9003656854743667,0.8896689824657371,0.88581229169386,0.8874722443520897,0.8880232035332729,0.8835825759076498,0.8790671680988261,0.8779267345838198,0.8818980143173211,0.8902152036691648,0.8674572975749799
hhm0,0.4991168306838254,0.49230381024476405,0.6696946757506939,0.2803431743628564,0.372024560518126,0.5503406510219531,0.2620068971318025,0.49592059887290774,0.5233409033560433,0.46597695348641593,0.407098999074775,0.25628732441752883,0.4044915468079737,0.291025317520397,0.4161830263268568,0.4293043990243081,0.5121540920178316,0.20094204727058623,0.2809319539069728,0.4589957103204642,0.31937084700142987,0.17772731095971064,0.2837076289006645,0.30734292202876606,0.30675414248464966,0.2828665152662124,0.33535200605601817,0.2660442425771722,0.27815627891328115,0.15291445874337622,0.22928757675161915,0.22323155858356464
hhm1,0.5468268394847071,0.5175847625069153,0.5304670829052398,0.43404726151900735,0.5203509049237335,0.5750414921362522,0.5283332016122658,0.4578360863036434,0.6215917173792775,0.5325219315577333,0.610211017150083,0.47964909507626646,0.5044653441871493,0.4782265075476171,0.6027819489449142,0.4442424721409942,0.6383466371611475,0.4762506915356042,0.28815300719197023,0.48328459653837036,0.4598909349561368,0.5730656761242392,0.5065201928396428,0.5088911720540583,0.48850075081008454,0.3786453805421639,0.47561843041176005,0.5457994151584604,0.5197976764403698,0.4021971074053584,0.6889275270686793,0.4227455939302932
hhm2,0.4151844532279315,0.5051054018445322,0.8234519104084322,0.5580533596837944,0.8234519104084322,0.585062582345191,0.1474802371541502,0.5491600790513834,0.5904150197628459,0.4209486166007905,0.5458662714097497,0.5427371541501976,0.8234519104084322,0.5024703557312253,0.5429841897233202,0.4846837944664032,0.6226119894598156,0.5808629776021081,0.38158761528326746,0.6082015810276681,0.6697957839262187,0.45619235836627137,0.5499835309617919,0.7013339920948617,0.8234519104084322,0.8234519104084322,0.5237977602108037,0.8234519104084322,0.8234519104084322,0.5921442687747036,0.6387516469038208,0.8234519104084322
hhm3,0.07789104810449188,0.5973239885313794,0.6494902835297865,0.4365243708187321,0.6645428480407773,0.7964319847085058,0.24625676967187,0.4898056705957311,0.7964319847085058,0.44026760114686203,0.6237655304237018,0.7964319847085058,0.7964319847085058,0.524530105129022,0.6437559732398853,0.5760592545396623,0.7964319847085058,0.6064033131570563,0.47570882446639057,0.4839120739088882,0.7964319847085058,0.6509238611022619,0.09254539662312838,0.7964319847085058,0.45133800573431027,0.6539503026441542,0.7964319847085058,0.7964319847085058,0.7964319847085058,0.5515291494106404,0.5629977699904428,0.7964319847085058
hhm4,0.6360552459413618,0.80768920119538,0.80768920119538,0.6605282287375818,0.4738712543413295,0.10653420563767062,0.6293514255714401,0.6582666989742347,0.4170907034972942,0.61012842258299,0.7128664889750425,0.145626362975527,0.38397544624828367,0.3409256118245699,0.14150714804943057,0.450690574267022,0.2757450932881027,0.80768920119538,0.5341248687505048,0.48905581132380266,0.1959454002099992,0.5801631532186415,0.4492367337048704,0.35772554720943384,0.25111057265164366,0.3700831919877231,0.3045795977707778,0.2014376867781278,0.31322187222356834,0.38437929084888134,0.33850254422098375,0.27639124464905906
hhm5,0.48774022531477795,0.016815772034459907,0.5941848906560636,0.3030152418820411,0.5524353876739563,0.6781809145129224,0.36911862160371106,0.44715043074884026,0.8283631544068919,0.45460569913850224,0.5754638833664678,0.5067097415506958,0.5899602385685885,0.4139330682571239,0.6909377070907885,0.585818422796554,0.5512756792577865,0.38957919151756126,0.3079025844930417,0.41666666666666663,0.4433399602385686,0.14910536779324055,0.5035619615639496,0.4016732935719019,0.31287276341948306,0.48334990059642147,0.6549867461895295,0.3892478462557985,0.29903909874088797,0.21578860172299535,0.4309973492379059,0.4436713055003313
hhm6,0.44445339563360986,0.6471441230967534,0.4792556191089986,0.41988238137436557,0.805607024893257,0.5053572867155401,0.46942721340530086,0.6929026021106903,0.5698864094094901,0.5714170627567873,0.49899299121888335,0.805607024893257,0.805607024893257,0.4848948682832514,0.40747603319100945,0.5259808265528075,0.805607024893257,0.7057923145089825,0.35269475549826795,0.3144284218158382,0.805607024893257,0.6802545718198663,0.6056553613147506,0.805607024893257,0.805607024893257,0.805607024893257,0.805607024893257,0.805607024893257,0.805607024893257,0.6989446547973899,0.805607024893257,0.805607024893257
hhm7,0.44005219527172246,0.7675775253300584,0.5949493398833282,0.34088117899907894,0.09487258213079522,0.4166410807491556,0.4185600245624808,0.7675775253300584,0.08581516733190052,0.39583972981271115,0.5805956401596561,0.3167024869511821,0.11214307645072154,0.3199263125575683,0.367746392385631,0.2799355234878723,0.21860607921400063,0.3647528400368437,0.32253607614369056,0.4455019957015659,0.18053423395762971,0.44266195885784465,0.31562787841572,0.17792447037150752,0.19565551120663188,0.23096407737181457,0.16096100706171323,0.25575683143997546,0.1826834510285539,0.3689745164261591,0.20033773411114525,0.19005219527172243
hhm8,0.5021113855469683,0.6042546410644569,0.42243645924627515,0.3165484821926539,0.7967492630069316,0.6281571189546649,0.3811648474225161,0.3942315353358298,0.7967492630069316,0.1692295434626723,0.06310254163014899,0.505059357820094,0.7967492630069316,0.2889012827663134,0.6477571508246354,0.6409847820890765,0.7967492630069316,0.511274002071548,0.6113457095052186,0.4210023105728627,0.7967492630069316,0.6789897219345071,0.5013146362839613,0.5844155844155844,0.7967492630069316,0.7967492630069316,0.7967492630069316,0.7967492630069316,0.5380447773085809,0.6667994582105011,0.6992271532148833,0.7967492630069316
hhm9,0.36413268260402015,0.8271982794275787,0.5703532136653156,0.3010174538836959,0.2947307469600463,0.346761518736041,0.4145090578211597,0.8271982794275787,0.17801306973281494,0.3850607990735379,0.4830010753577632,0.41525353627264455,0.1826453800976094,0.26610968649185207,0.39358094135164196,0.1150632806683762,0.07287616841756968,0.49995864008602864,0.4169906526594424,0.3743899412689221,0.21862850525270905,0.6432293820828852,0.3507320704772934,0.17941930680784182,0.1749524360989329,0.2139961948879146,0.23484159152948958,0.1386384316320622,0.17288444040036394,0.40756059227396807,0.21589875093059804,0.14782033253370833
hhm10,0.48134062277157125,0.7923302432453847,0.7923302432453847,0.579906505031297,0.4016322003010855,0.520164804690595,0.6176214246097773,0.7923302432453847,0.302670152919737,0.4143887172173362,0.5465494017906664,0.5299896997068378,0.3726329133983044,0.44925124792013316,0.4162903098011251,0.36938435940099834,0.34402979161714603,0.5237302907851992,0.4638301243958482,0.5805403692258934,0.38325013865779256,0.6324380001584661,0.4524205688931147,0.3282624197765629,0.35749940575231753,0.41026859995246023,0.29538071468187943,0.35139846287932813,0.37833769114967114,0.4811821567229221,0.3560732113144759,0.42666983598763963
hhm11,0.46927691309987024,0.5013780804150454,0.5530155642023347,0.305204280155642,0.6365920881971465,0.4546044098573281,0.33025291828793774,0.038910505836575876,0.5692282749675746,0.45517185473411154,0.3633268482490272,0.6095168612191958,0.8106355382619974,0.5363164721141375,0.5083495460440985,0.5886835278858624,0.8106355382619974,0.6174610894941635,0.49165045395590146,0.07133592736705578,0.6597762645914397,0.6017347600518806,0.29807068741893644,0.6917963683527886,0.6793936446173799,0.6832036316472114,0.4381485084306096,0.8106355382619974,0.8106355382619974,0.38861867704280156,0.5887645914396886,0.6113813229571984
hhm12,0.7765783955890346,0.7765783955890346,0.4971654888561,0.4822551836607905,0.7765783955890346,0.7765783955890346,0.7765783955890346,0.5493515570396832,0.7765783955890346,0.6042556496078278,0.7765783955890346,0.6668478682923041,0.7765783955890346,0.7765783955890346,0.5622427584064612,0.5258988894928943,0.4655587481556263,0.3114855944707618,0.5190649996117108,0.7765783955890346,0.5972664440475266,0.22318863089228855,0.5080375863943465,0.6670031839714219,0.6360953638269783,0.27343325308689914,0.5830550594082472,0.48893375786285626,0.48574978644094113,0.3365690766482876,0.3428593616525588,0.5489632678418885
hhm13,0.2787349539768704,0.7867201636377941,0.4844622767681536,0.42514357642986395,0.5053103611045552,0.5380379199118873,0.3329399732515145,0.5455117614664464,0.5322161907009677,0.25772952560774137,0.39642829045708444,0.6813783337266934,0.7867201636377941,0.24120840217134765,0.6296121469593267,0.23522932892770043,0.629140114861144,0.5778459601919598,0.6011328770356384,0.6360632523011566,0.5557391235937378,0.4345055463771537,0.315632129651483,0.6700495633703093,0.620564865077492,0.6673747148139407,0.5054677051372827,0.7867201636377941,0.7867201636377941,0.6421209975611676,0.571709542915585,0.7867201636377941
hhm14,0.42833838266138424,0.48193894197156834,0.013438980812553404,0.19404956109686938,0.5495222558844092,0.4839586731919521,0.318573759030529,0.35873533752815967,0.4950671949040627,0.12833061446438282,0.22551075895284703,0.5705740697584091,0.7768197001475957,0.2105958207100132,0.4834148994018488,0.43299930086226984,0.7768197001475957,0.5795074963101063,0.4941350112638856,0.7768197001475957,0.7768197001475957,0.5352287734016935,0.7768197001475957,0.7768197001475957,0.7768197001475957,0.5617960071467412,0.4678008234288821,0.7768197001475957,0.7768197001475957,0.7768197001475957,0.5466480229938631,0.7768197001475957
hhm15,0.3933858267716535,0.3929921259842519,0.7874015748031495,0.30606299212598426,0.3972440944881889,0.3823622047244094,0.31716535433070864,0.29976377952755906,0.535748031496063,0.3336220472440945,0.33173228346456696,0.24448818897637795,0.4237007874015748,0.3440944881889764,0.46937007874015746,0.43031496062992125,0.5282677165354331,0.12393700787401575,0.18535433070866142,0.23984251968503936,0.44582677165354334,0.2468503937007874,0.3593700787401575,0.4470866141732283,0.34708661417322834,0.2468503937007874,0.33661417322834647,0.3823622047244094,0.3871653543307087,0.21456692913385828,0.2383464566929134,0.5468503937007874
hhm16,0.4726278861058987,0.8158603247124092,0.8158603247124092,0.26947866525250874,0.3358896956840989,0.5259851513420902,0.37235865219874353,0.4208207554866607,0.37431671697805335,0.41486497511626,0.3867993799461532,0.33099453373582444,0.3211226238068043,0.3296075711838133,0.6039813983845965,0.2633597128171657,0.42693970792200375,0.1835685730602921,0.21163416823039896,0.36909521089989394,0.41372277066166274,0.3327078404177205,0.4274292241168312,0.49277963612629516,0.3909602676021865,0.2506322917516521,0.3828832503875336,0.3649343232438606,0.3683609366076528,0.2976258464550869,0.30978216529330177,0.6107530390797096
hhm17,0.5587263951223643,0.6452705563553222,0.846811753747142,0.32636124989414855,0.1770683377085274,0.49148954187484123,0.46769413159454654,0.6231687695825218,0.27648403759844187,0.44457617071724953,0.608010839190448,0.28410534338216614,0.2063680243881785,0.32415953933440594,0.4292488779744263,0.3365229909391142,0.32170378524853926,0.3990176983656533,0.2647980353967313,0.46854094334829366,0.1951054280633415,0.33779320856973494,0.4574477093742061,0.15488186976035226,0.255398424930138,0.2440511474299263,0.18858497755948853,0.28114150224405116,0.22406639004149376,0.4510966212211025,0.270217630620713,0.22355830298924548
hhm18,0.2631055330221168,0.6158261268845182,0.7652865998316369,0.5350883906022806,0.5747302364735593,0.39756638861253535,0.6740644371317058,0.7652865998316369,0.7652865998316369,0.6666411571133389,0.6460549475778679,0.7652865998316369,0.7652865998316369,0.6234789928828346,0.4730236473559348,0.7652865998316369,0.6440652024183057,0.7652865998316369,0.6217188337032219,0.7652865998316369,0.4162393816484274,0.7652865998316369,0.7652865998316369,0.46146781969847706,0.462386163618275,0.7652865998316369,0.6726103925920257,0.5337108747225836,0.632509374760848,0.540904568761001,0.7652865998316369,0.608249789546185
hhm19,0.44815915469704476,0.5955918771669143,0.8254911672445104,0.5824665676077266,0.4513785702492983,0.1313356447086016,0.5784216608882284,0.8254911672445104,0.8254911672445104,0.7338616476803698,0.6785537394749876,0.22453359749050686,0.49240548126135053,0.38500908040283965,0.10516757470695065,0.42562324583126954,0.5408618127786032,0.6949810137031533,0.6992735677728248,0.6910186561003797,0.5057784381707116,0.7252765395410269,0.5799075449892687,0.8254911672445104,0.4676407462440152,0.4797754664025095,0.4618623080733036,0.6289417203235925,0.5179957074459303,0.420752847944527,0.5954267789334654,0.5056133399372627
A,0.5909090909090909,0.6363636363636364,0.5454545454545454,0.8181818181818182,0.5454545454545454,0.5454545454545454,0.5909090909090909,0.5454545454545454,0.5909090909090909,0.5909090909090909,0.7272727272727273,0.5,0.5454545454545454,0.5454545454545454,0.5,0.5454545454545454,0.5454545454545454,0.6818181818181818,0.6818181818181818,0.5454545454545454,0.5909090909090909,0.6363636363636364,0.5909090909090909,0.5909090909090909,0.6818181818181818,0.6818181818181818,0.5454545454545454,0.5,0.5454545454545454,0.6818181818181818,0.8181818181818182,0.8636363636363636
R,0.5714285714285714,0.42857142857142855,0.8571428571428571,0.47619047619047616,0.38095238095238093,0.47619047619047616,0.5238095238095238,0.5238095238095238,0.47619047619047616,0.6666666666666666,0.5714285714285714,0.38095238095238093,0.38095238095238093,0.9047619047619048,0.47619047619047616,0.47619047619047616,0.38095238095238093,0.5238095238095238,0.5238095238095238,0.5238095238095238,0.42857142857142855,0.42857142857142855,0.5238095238095238,0.42857142857142855,0.42857142857142855,0.47619047619047616,0.38095238095238093,0.38095238095238093,0.42857142857142855,0.47619047619047616,0.47619047619047616,0.47619047619047616
N,0.5238095238095238,0.5238095238095238,0.5238095238095238,0.5238095238095238,0.38095238095238093,0.42857142857142855,0.8571428571428571,0.9047619047619048,0.47619047619047616,0.6190476190476191,0.5238095238095238,0.38095238095238093,0.38095238095238093,0.5238095238095238,0.42857142857142855,0.38095238095238093,0.38095238095238093,0.5714285714285714,0.5714285714285714,0.9047619047619048,0.38095238095238093,0.5238095238095238,0.5238095238095238,0.42857142857142855,0.42857142857142855,0.5714285714285714,0.38095238095238093,0.38095238095238093,0.38095238095238093,0.5238095238095238,0.47619047619047616,0.47619047619047616
D,0.6363636363636364,0.5,0.5,0.5,0.4090909090909091,0.5,0.6818181818181818,0.6363636363636364,0.45454545454545453,0.5454545454545454,0.5454545454545454,0.4090909090909091,0.4090909090909091,0.5,0.4090909090909091,0.4090909090909091,0.4090909090909091,0.5454545454545454,0.5454545454545454,0.6363636363636364,0.4090909090909091,0.5,0.6818181818181818,0.5,0.4090909090909091,0.5454545454545454,0.4090909090909091,0.4090909090909091,0.4090909090909091,0.5,0.5,0.5
C,0.4074074074074074,0.4444444444444444,0.4074074074074074,0.5925925925925926,0.48148148148148145,0.4444444444444444,0.5185185185185185,0.4444444444444444,0.48148148148148145,0.4074074074074074,0.48148148148148145,0.4444444444444444,0.48148148148148145,0.4074074074074074,0.4444444444444444,0.48148148148148145,0.48148148148148145,0.5185185185185185,0.5185185185185185,0.4444444444444444,0.48148148148148145,0.4444444444444444,0.4074074074074074,0.5185185185185185,0.5185185185185185,0.7777777777777778,0.48148148148148145,0.4444444444444444,0.48148148148148145,0.5185185185185185,0.5185185185185185,0.5185185185185185
Q,0.6190476190476191,0.42857142857142855,0.5714285714285714,0.47619047619047616,0.38095238095238093,0.42857142857142855,0.5238095238095238,0.5238095238095238,0.47619047619047616,0.6190476190476191,0.8095238095238095,0.3333333333333333,0.38095238095238093,0.5714285714285714,0.42857142857142855,0.42857142857142855,0.38095238095238093,0.47619047619047616,0.47619047619047616,0.5238095238095238,0.38095238095238093,0.42857142857142855,0.6190476190476191,0.38095238095238093,0.42857142857142855,0.47619047619047616,0.38095238095238093,0.3333333333333333,0.38095238095238093,0.47619047619047616,0.47619047619047616,0.47619047619047616
E,0.9,0.45,0.6,0.55,0.4,0.45,0.6,0.55,0.5,0.65,0.65,0.4,0.4,0.55,0.45,0.45,0.4,0.55,0.55,0.55,0.4,0.45,0.9,0.45,0.45,0.55,0.4,0.4,0.45,0.55,0.55,0.55
G,0.5,0.9545454545454546,0.5909090909090909,0.6363636363636364,0.45454545454545453,0.45454545454545453,0.5909090909090909,0.5909090909090909,0.5,0.5454545454545454,0.5909090909090909,0.45454545454545453,0.4090909090909091,0.5,0.45454545454545453,0.45454545454545453,0.45454545454545453,0.5909090909090909,0.5909090909090909,0.5909090909090909,0.45454545454545453,0.9090909090909091,0.5,0.45454545454545453,0.5,0.5909090909090909,0.45454545454545453,0.45454545454545453,0.45454545454545453,0.5454545454545454,0.6818181818181818,0.6363636363636364
H,0.4583333333333333,0.375,0.4583333333333333,0.4166666666666667,0.3333333333333333,0.5416666666666666,0.5,0.5,0.4166666666666667,0.4583333333333333,0.5,0.4166666666666667,0.3333333333333333,0.5416666666666666,0.5416666666666666,0.375,0.3333333333333333,0.4583333333333333,0.4583333333333333,0.5833333333333334,0.3333333333333333,0.375,0.4583333333333333,0.3333333333333333,0.375,0.4166666666666667,0.3333333333333333,0.4166666666666667,0.375,0.4166666666666667,0.4166666666666667,0.4166666666666667
I,0.4583333333333333,0.4166666666666667,0.4583333333333333,0.5416666666666666,0.8333333333333334,0.5416666666666666,0.5,0.4583333333333333,0.6666666666666666,0.5,0.5,0.5833333333333334,0.8333333333333334,0.4583333333333333,0.5416666666666666,0.6666666666666666,0.8333333333333334,0.5,0.5,0.5416666666666666,0.8333333333333334,0.4583333333333333,0.4583333333333333,0.7083333333333334,0.75,0.5416666666666666,0.8333333333333334,0.5833333333333334,0.7083333333333334,0.5833333333333334,0.5833333333333334,0.5416666666666666
L,0.5,0.5,0.5454545454545454,0.5909090909090909,0.7272727272727273,0.5909090909090909,0.5,0.5,0.7272727272727273,0.5454545454545454,0.5454545454545454,0.6818181818181818,0.7727272727272727,0.5454545454545454,0.5909090909090909,0.8636363636363636,0.7272727272727273,0.5454545454545454,0.5454545454545454,0.5,0.7272727272727273,0.5,0.5,0.6818181818181818,0.6818181818181818,0.5454545454545454,0.7272727272727273,0.6818181818181818,0.8636363636363636,0.5909090909090909,0.5909090909090909,0.5909090909090909
K,0.6363636363636364,0.5,0.6818181818181818,0.5454545454545454,0.45454545454545453,0.45454545454545453,0.5909090909090909,0.5454545454545454,0.5454545454545454,0.8181818181818182,0.6363636363636364,0.4090909090909091,0.45454545454545453,0.6818181818181818,0.45454545454545453,0.45454545454545453,0.45454545454545453,0.5454545454545454,0.5454545454545454,0.5454545454545454,0.45454545454545453,0.5,0.5909090909090909,0.45454545454545453,0.45454545454545453,0.5454545454545454,0.45454545454545453,0.4090909090909091,0.45454545454545453,0.5454545454545454,0.5454545454545454,0.5454545454545454
M,0.4230769230769231,0.4230769230769231,0.46153846153846156,0.5,0.5769230769230769,0.46153846153846156,0.4230769230769231,0.4230769230769231,0.8076923076923077,0.46153846153846156,0.5,0.5384615384615384,0.5769230769230769,0.46153846153846156,0.46153846153846156,0.7307692307692307,0.5769230769230769,0.46153846153846156,0.46153846153846156,0.4230769230769231,0.5769230769230769,0.4230769230769231,0.4230769230769231,0.5384615384615384,0.5769230769230769,0.46153846153846156,0.5769230769230769,0.5384615384615384,0.6153846153846154,0.5,0.5,0.5
F,0.391304347826087,0.391304347826087,0.391304347826087,0.43478260869565216,0.5217391304347826,0.6956521739130435,0.391304347826087,0.391304347826087,0.5217391304347826,0.391304347826087,0.391304347826087,0.9130434782608695,0.5217391304347826,0.391304347826087,0.6956521739130435,0.5652173913043478,0.6086956521739131,0.43478260869565216,0.43478260869565216,0.43478260869565216,0.5652173913043478,0.391304347826087,0.391304347826087,0.5217391304347826,0.5217391304347826,0.4782608695652174,0.6086956521739131,0.8695652173913043,0.6086956521739131,0.43478260869565216,0.43478260869565216,0.43478260869565216
P,0.5217391304347826,0.4782608695652174,0.6086956521739131,0.5652173913043478,0.4782608695652174,0.43478260869565216,0.5217391304347826,0.4782608695652174,0.4782608695652174,0.5217391304347826,0.5217391304347826,0.43478260869565216,0.4782608695652174,0.4782608695652174,0.43478260869565216,0.4782608695652174,0.4782608695652174,0.5652173913043478,0.5652173913043478,0.4782608695652174,0.4782608695652174,0.4782608695652174,0.5217391304347826,0.4782608695652174,0.4782608695652174,0.5217391304347826,0.4782608695652174,0.43478260869565216,0.4782608695652174,0.5217391304347826,0.5652173913043478,0.5652173913043478
S,0.5714285714285714,0.5714285714285714,0.5714285714285714,0.7142857142857143,0.5238095238095238,0.5238095238095238,0.6666666666666666,0.6190476190476191,0.5714285714285714,0.5714285714285714,0.6666666666666666,0.47619047619047616,0.47619047619047616,0.5714285714285714,0.5238095238095238,0.47619047619047616,0.47619047619047616,0.8571428571428571,0.8571428571428571,0.6190476190476191,0.47619047619047616,0.5714285714285714,0.5714285714285714,0.5238095238095238,0.5714285714285714,0.8095238095238095,0.47619047619047616,0.47619047619047616,0.47619047619047616,0.7142857142857143,0.6666666666666666,0.6666666666666666
T,0.5652173913043478,0.5217391304347826,0.5652173913043478,0.6086956521739131,0.6086956521739131,0.5217391304347826,0.6086956521739131,0.6086956521739131,0.6956521739130435,0.5652173913043478,0.5652173913043478,0.4782608695652174,0.5652173913043478,0.5217391304347826,0.5217391304347826,0.5652173913043478,0.5652173913043478,0.6521739130434783,0.6521739130434783,0.5652173913043478,0.5652173913043478,0.5217391304347826,0.5652173913043478,0.6086956521739131,0.6086956521739131,0.6521739130434783,0.5652173913043478,0.4782608695652174,0.5652173913043478,0.8260869565217391,0.6086956521739131,0.6086956521739131
W,0.37037037037037035,0.4074074074074074,0.4074074074074074,0.4074074074074074,0.4074074074074074,0.5925925925925926,0.37037037037037035,0.3333333333333333,0.4444444444444444,0.37037037037037035,0.4074074074074074,0.5555555555555556,0.4074074074074074,0.4074074074074074,0.5925925925925926,0.4444444444444444,0.4074074074074074,0.37037037037037035,0.4074074074074074,0.37037037037037035,0.4074074074074074,0.4074074074074074,0.37037037037037035,0.37037037037037035,0.5925925925925926,0.4074074074074074,0.4074074074074074,0.5555555555555556,0.4444444444444444,0.4074074074074074,0.4074074074074074,0.4074074074074074
Y,0.4090909090909091,0.36363636363636365,0.45454545454545453,0.45454545454545453,0.45454545454545453,0.9090909090909091,0.4090909090909091,0.4090909090909091,0.45454545454545453,0.45454545454545453,0.45454545454545453,0.6818181818181818,0.45454545454545453,0.45454545454545453,0.9090909090909091,0.5,0.5,0.45454545454545453,0.5,0.45454545454545453,0.45454545454545453,0.36363636363636365,0.4090909090909091,0.45454545454545453,0.5,0.45454545454545453,0.5,0.6818181818181818,0.5,0.45454545454545453,0.45454545454545453,0.45454545454545453
V,0.5217391304347826,0.4782608695652174,0.5217391304347826,0.6086956521739131,0.7391304347826086,0.5652173913043478,0.5217391304347826,0.5217391304347826,0.6521739130434783,0.5217391304347826,0.5652173913043478,0.6086956521739131,0.782608695652174,0.5217391304347826,0.5652173913043478,0.6956521739130435,0.782608695652174,0.5652173913043478,0.5652173913043478,0.5217391304347826,0.782608695652174,0.4782608695652174,0.5217391304347826,0.8695652173913043,0.8260869565217391,0.5652173913043478,0.782608695652174,0.6086956521739131,0.6956521739130435,0.6521739130434783,0.6956521739130435,0.6086956521739131
