,I,R,G,A,I.1,Y,Y.1,F,K,I.2,A.1,V,A.2,L,A.3,V.1,A.4,A.5,I.3,P,E,G.1,L.1,P.1,A.6,V.2,I.4,T,T.1,C,L.2,A.7,L.3,G.2,T.2,R.1,R.2,M,A.8,K.1,K.2,N,A.9,I.5,V.3,R.3,S,L.4
ASA,0.36102564102564105,0.7615384615384615,0.20358974358974358,0.1317948717948718,0.3871794871794872,0.6143589743589745,0.2856410256410256,0.17076923076923076,0.4917948717948718,0.34666666666666673,0.055384615384615386,0.15025641025641023,0.2358974358974359,0.19948717948717948,0.05743589743589744,0.2692307692307692,0.27897435897435896,0.20923076923076922,0.20564102564102565,0.3384615384615385,0.6174358974358974,0.22615384615384615,0.2123076923076923,0.2794871794871795,0.29025641025641025,0.3717948717948718,0.22205128205128202,0.2712820512820513,0.3733333333333334,0.27384615384615385,0.22615384615384615,0.23846153846153847,0.4471794871794872,0.10871794871794871,0.19692307692307692,0.642051282051282,0.6307692307692307,0.26666666666666666,0.25794871794871793,0.8005128205128205,0.6128205128205129,0.5784615384615385,0.18153846153846154,0.32051282051282054,0.2523076923076923,0.5871794871794872,0.3769230769230769,0.5256410256410257
HSE_alpha_up,0.41935483870967744,0.14516129032258066,0.2129032258064516,0.4967741935483871,0.31290322580645163,0.13548387096774195,0.4032258064516129,0.5935483870967743,0.2774193548387097,0.24193548387096775,0.635483870967742,0.5548387096774193,0.2,0.39032258064516134,0.6516129032258065,0.3967741935483871,0.2225806451612903,0.3806451612903226,0.567741935483871,0.31935483870967746,0.14193548387096772,0.17096774193548386,0.4870967741935484,0.3612903225806452,0.15806451612903225,0.1774193548387097,0.42903225806451617,0.32903225806451614,0.13870967741935483,0.2225806451612903,0.4387096774193549,0.3064516129032258,0.12580645161290321,0.3032258064516129,0.40645161290322585,0.15161290322580645,0.1064516129032258,0.37419354838709684,0.29677419354838713,0.029032258064516134,0.12580645161290321,0.12258064516129032,0.37419354838709684,0.4,0.41935483870967744,0.30000000000000004,0.2,0.32903225806451614
HSE_alpha_down,0.254071661237785,0.4169381107491857,0.43322475570032576,0.40716612377850164,0.5179153094462541,0.6156351791530944,0.5211726384364821,0.49837133550488605,0.6384364820846905,0.6612377850162867,0.5570032573289901,0.6156351791530944,0.6970684039087948,0.6351791530944626,0.5407166123778501,0.5472312703583062,0.5635179153094463,0.4527687296416938,0.30293159609120524,0.44951140065146583,0.43322475570032576,0.4657980456026059,0.3745928338762215,0.4527687296416938,0.5439739413680782,0.5407166123778501,0.44951140065146583,0.482084690553746,0.5700325732899023,0.5276872964169381,0.4527687296416938,0.5179153094462541,0.5798045602605864,0.4788273615635179,0.43322475570032576,0.504885993485342,0.511400651465798,0.3452768729641694,0.3452768729641694,0.3973941368078176,0.3322475570032573,0.46905537459283386,0.3615635179153095,0.45928338762214976,0.4527687296416938,0.43322475570032576,0.3615635179153095,0.2247557003257329
P(C),0.823,0.856,0.774,0.087,0.027000000000000003,0.011000000000000001,0.005,0.003,0.001,0.001,0.001,0.001,0.001,0.002,0.003,0.008,0.04,0.28600000000000003,0.85,0.754,0.72,0.8220000000000001,0.085,0.024,0.008,0.008,0.006999999999999999,0.008,0.006,0.006,0.006999999999999999,0.006,0.005,0.01,0.016,0.013999999999999999,0.019,0.028999999999999998,0.102,0.249,0.727,0.985,0.7509999999999999,0.392,0.379,0.5660000000000001,0.804,0.995
P(H),0.115,0.12,0.221,0.9129999999999999,0.973,0.9890000000000001,0.995,0.997,0.9990000000000001,0.9990000000000001,0.9990000000000001,0.9990000000000001,0.9990000000000001,0.998,0.997,0.992,0.96,0.713,0.13699999999999998,0.243,0.271,0.177,0.915,0.976,0.992,0.992,0.993,0.992,0.9940000000000001,0.9940000000000001,0.993,0.9940000000000001,0.995,0.99,0.9840000000000001,0.986,0.981,0.971,0.898,0.75,0.26899999999999996,0.012,0.022000000000000002,0.006999999999999999,0.01,0.017,0.01,0.0
P(E),0.061,0.024,0.004,0.0,0.0,0.0,0.0,0.0,0.0,0.0,0.0,0.0,0.0,0.0,0.0,0.0,0.0,0.0,0.013000000000000001,0.003,0.009000000000000001,0.001,0.0,0.0,0.0,0.0,0.0,0.0,0.0,0.0,0.0,0.0,0.0,0.0,0.0,0.0,0.0,0.0,0.0,0.001,0.004,0.002,0.22699999999999998,0.601,0.612,0.41700000000000004,0.18600000000000003,0.005
cosPhi,0.4157565766831692,0.5034921638722618,0.9941172189744236,0.7262195668449516,0.7207551219392987,0.7065543671977683,0.7009760236208884,0.7160450555967492,0.7136811056883583,0.7017747859022699,0.7105200710494552,0.7293269988969874,0.7128918173729912,0.7001766491363243,0.7144697430986597,0.7073487760335222,0.6751057471173533,0.5522659139302959,0.4581624739751319,0.6816276915910676,0.6478559985022461,0.6545104909384191,0.677555545154192,0.7168317258858625,0.7049636643607307,0.6913438221341193,0.6864959824721298,0.7017747859022699,0.7009760236208884,0.6905372916698819,0.6889224919850222,0.7160450555967492,0.7009760236208884,0.6993766648836112,0.6993766648836112,0.7057593291662297,0.696170678956787,0.6832526946667644,0.7057593291662297,0.6840643601194266,0.49127529328996117,0.7469732087003199,0.45381608867817547,0.434738228177003,0.400317252226248,0.36890653443199317,0.4278232027221915,0.45294722309548585
cosPsi,0.16478669052060047,0.09446809050533678,0.7737816117462751,0.8891215742630105,0.8813341648478441,0.88581229169386,0.879067168098826,0.8750555348152298,0.883022221559489,0.882460700459216,0.8662714493936894,0.872155773115577,0.8796356536674403,0.877354790111386,0.868638668405062,0.8940053768033609,0.9364610386349048,0.982047702117055,0.2815991058161488,0.9801468428384716,0.9847226749475694,0.9973514085585871,0.903480156071901,0.8846997775234475,0.8885729807284855,0.8896689824657371,0.891304078426207,0.8869201048632531,0.8896689824657371,0.8885729807284855,0.8945420424173454,0.8807691537683684,0.8874722443520897,0.8841417617967617,0.8863667867486755,0.8918467286629199,0.8923881852665416,0.8982649590120981,0.8961448216775953,0.9240240480782129,0.9994030686707169,0.9267753986376637,0.10120803558738567,0.17527597583490823,0.19148206242962573,0.17065526994065988,0.19148206242962573,0.3454915028125264
cosTheta,0.44197613101050093,0.5146801987833775,0.6739279683602847,0.8759800017091586,0.8613978627735588,0.8705105047910613,0.8541110164355151,0.8541110164355151,0.8650424083394216,0.8668649422946731,0.8504688044512568,0.8668649422946731,0.8796270369773674,0.8613978627735588,0.8541110164355151,0.8668649422946731,0.8778034526472047,0.8213660328329033,0.5062894322589223,0.7023919340836179,0.7814819549529968,0.750800867852382,0.8195494693987302,0.8541110164355151,0.8613978627735588,0.8559324335465859,0.8450071252757246,0.8486480206728793,0.8613978627735588,0.85228980488783,0.8450071252757246,0.8559324335465859,0.8650424083394216,0.8486480206728793,0.8431870247477466,0.8613978627735588,0.8741566897177764,0.85228980488783,0.8595758622648653,0.8850985347690807,0.78329083019856,0.8304533189544963,0.4178157731920731,0.45499712172784573,0.4517332467179547,0.4599035817891462,0.47800120028332294,0.5485467201255698
cosTau,0.231350195826588,0.05214411988029366,0.9853582407890954,0.8863667867486755,0.7981124374828079,0.8193839087577989,0.816690436313775,0.8133019056822303,0.8092041976787772,0.820724815784579,0.8153379037156432,0.8105738901391552,0.8160146513324255,0.8220618148806933,0.8153379037156432,0.8133019056822303,0.8071426000494716,0.8105738901391552,0.5513962683936234,0.07783603724899246,0.8112573183188098,0.9447081866456488,0.4982546742923882,0.7882161580848966,0.8112573183188098,0.8227288438619753,0.8260492019151962,0.8112573183188098,0.8227288438619753,0.820724815784579,0.820724815784579,0.8057635200929156,0.8213938048432696,0.818039110138882,0.8078307376628291,0.8098895158975701,0.8213938048432696,0.8200548497424778,0.7981124374828079,0.8105738901391552,0.8516973514052519,0.2974292066100688,0.08645971286271903,0.1558227121531231,0.06525253524739044,0.02261960024860138,0.13972444415983476,0.0170370868554659
sinPhi,0.007148265455573177,1.2184647302626583e-05,0.5764929181420191,0.05410123519739296,0.051370815162835815,0.044658169596911546,0.04216870333021955,0.0490837367974431,0.047958725169610805,0.04252016607508757,0.046477992854267625,0.055691383672525574,0.04758647376699021,0.041818635218880185,0.048332353568349584,0.04501936456172839,0.031663905375801216,0.0027390523158634106,0.001753570375247815,0.03415438620722561,0.022360818938828186,0.9755282581475768,0.03258716180199278,0.04946148933895422,0.04393994191386341,0.038060233744356575,0.03608187305054,0.04252016607508757,0.04216870333021955,0.03772698319384338,0.03706470759500258,0.0490837367974431,0.04216870333021955,0.04146996280743798,0.04146996280743798,0.04429836168227741,0.040089251339131216,0.03479121600898771,0.04429836168227741,0.035111757055874215,7.615242180442072e-05,0.9347474647526095,0.00213765090770901,0.004277569313094809,0.010037647689585205,0.017491752763844293,0.005237105465515202,0.002219017698460002
sinPsi,0.8709879204878082,0.7924788374936078,0.08161784327051919,0.1860184711753311,0.1766051102447702,0.18196088986111797,0.1739507980848039,0.1693440673381741,0.17860619515673037,0.17793818511930676,0.15963956552054115,0.1660837222644767,0.17461289136707453,0.17197048550474636,0.16220489619216988,0.19216926233717085,0.2560701704306336,0.3672219412565956,0.94977888947759,0.36050444698038536,0.37734630706059874,0.4486037316063766,0.2046971661900373,0.18061609124220113,0.1853398044750813,0.1866980943177698,0.18874268168119024,0.18330956368622492,0.1866980943177698,0.1853398044750813,0.19285739995052842,0.17594004946843456,0.18398534866757454,0.17994515025752228,0.1826347433988662,0.18942610986084485,0.19011048410243003,0.19770044256881258,0.1949274180493662,0.23504036788339755,0.47557511510219336,0.7605048159202882,0.8016039938726411,0.8802029828000154,0.8934675109806687,0.8762074544478623,0.8934675109806687,0.9755282581475768
sinTheta,0.7888275118696513,0.8505740663085575,0.9460594914024463,0.9981955070654223,0.9968562218398896,0.9977365354255,0.9960481851351943,0.9960481851351943,0.9972256483158515,0.9974017115692927,0.9956095847521328,0.9974017115692927,0.9984726399586985,0.9968562218398896,0.9960481851351943,0.9974017115692927,0.9983369586251768,0.9912715739711364,0.8440695922222728,0.9578788596861304,0.9829048945669149,0.9745419321923995,0.9909515462336694,0.9960481851351943,0.9968562218398896,0.9962588407750017,0.994908471570965,0.9953816413449323,0.9968562218398896,0.9958317662411548,0.994908471570965,0.9962588407750017,0.9972256483158515,0.9953816413449323,0.9946632466455553,0.9968562218398896,0.9980482857103211,0.9958317662411548,0.9966628597427053,0.9988450585566723,0.983345392952788,0.9927854632165506,0.7654877252302247,0.8008042643726822,0.7978409966872159,0.8052103909105782,0.8209662756162371,0.8752571407888462
sinTau,0.9216957229064429,0.2776824104075361,0.6201140212386318,0.8173652566011338,0.9014087375955573,0.8846997775234475,0.8869201048632531,0.8896689824657371,0.892928446587701,0.8835825759076498,0.8880232035332729,0.8918467286629199,0.8874722443520897,0.8824607004592159,0.8880232035332729,0.8896689824657371,0.8945420424173454,0.8918467286629199,0.9973514085585871,0.23208660251050167,0.891304078426207,0.7285489635293471,0.9999969538288952,0.9085724491675642,0.891304078426207,0.8818980143173211,0.8790671680988261,0.891304078426207,0.8818980143173211,0.8835825759076498,0.8835825759076498,0.895611766483745,0.883022221559489,0.88581229169386,0.894005376803361,0.8923881852665414,0.883022221559489,0.8841417617967617,0.9014087375955573,0.8918467286629199,0.8553997369364963,0.04287302238286811,0.7810416889260652,0.13731281449385607,0.2530290667078845,0.3513125629611068,0.1532990858620935,0.3705904774487395
hhm0,0.4250988308520481,0.39103372865674146,0.3112961561106905,0.39498696273866596,0.35923963327445535,0.4141643536041719,0.21507275632938008,0.3668096559845235,0.407940112709227,0.3305576583396416,0.15459668601228024,0.37160400370089997,0.16679283371183445,0.3319034401547649,0.14702666330221212,0.37833291277651604,0.11767179745983682,0.15989570190932795,0.4633695012196147,0.6122466145176213,0.3846412650349062,0.28185717890487005,0.4722853057448061,0.44915468079737575,0.18697956093868282,0.22911935402472872,0.3246698628984776,0.3072588106653209,0.32980065606863485,0.20296071999327106,0.46908907393388843,0.09857851795777609,0.34090335604340144,0.2615022289511313,0.1447556564891917,0.3665573218941879,0.3861552695769198,0.5055934056691058,0.1228025906299941,0.3237446379005804,0.33518378332912774,0.5530322146521994,0.15325090419715703,0.4341828581041298,0.3714357809740096,0.4332576331062326,0.38800571957271424,0.3912019513836319
hhm1,0.5670591954477199,0.6154271714217971,0.7903264048051845,0.46400063226112376,0.45269896467240966,0.7903264048051845,0.4575199557417213,0.5197976764403698,0.535367106615032,0.6345530704180826,0.36204852604125504,0.4988540267130324,0.5318106377934086,0.4486683000079032,0.572117284438473,0.5063621275586817,0.4066229352722674,0.4209278431992412,0.49956532047735713,0.7903264048051845,0.6343950051371215,0.5642930530309018,0.509760531099344,0.601833557259148,0.666324191891251,0.4617086856871888,0.5027266260965778,0.6409547142970046,0.5615269106140836,0.3139966806290998,0.7903264048051845,0.7252825416897177,0.5265154508812139,0.5555994625780447,0.6057851892831738,0.5731447087647198,0.4644748281040069,0.6903501145973286,0.6036513079902,0.6287836876630047,0.6348692009800047,0.5857899312416027,0.3407887457519956,0.5085750414921362,0.4587054453489291,0.6798387734134197,0.6918517347664584,0.4930846439579546
hhm2,0.398633069828722,0.3190876152832675,0.2539525691699605,0.49769433465085644,0.47677865612648224,0.23805994729907776,0.6012845849802372,0.7436594202898551,0.4202075098814229,0.3801877470355731,0.6538208168642952,0.5580533596837944,0.8234519104084322,0.5881093544137023,0.8234519104084322,0.5166337285902504,0.60350790513834,0.4958827404479578,0.5566534914361001,0.5008234519104084,0.4266304347826087,0.47908432147562585,0.8234519104084322,0.6427865612648221,0.6040019762845851,0.5866271409749672,0.8234519104084322,0.737401185770751,0.6819005270092227,0.7683629776021081,0.6388339920948617,0.48278985507246386,0.6949934123847168,0.6045783926218709,0.6376811594202899,0.47488471673254284,0.5185276679841898,0.7425065876152833,0.565711462450593,0.4024209486166008,0.2570816864295125,0.5181982872200264,0.625576416337286,0.8234519104084322,0.8234519104084322,0.5749341238471674,0.363471673254282,0.6370223978919631
hhm3,0.4851067218859509,0.2865562280981204,0.3520229372411596,0.6165179993628543,0.45332908569608155,0.1893915259636827,0.5869703727301688,0.6189869385154507,0.4409843899330997,0.546909843899331,0.5107518317935648,0.5169640012742912,0.5215036635871296,0.7298502707868748,0.5786874800892003,0.6678878623765531,0.5122650525645109,0.5578209620898376,0.6899490283529786,0.7964319847085058,0.0747849633641287,0.3684294361261548,0.6077572475310609,0.44050653074227464,0.55431666135712,0.539901242433896,0.7964319847085058,0.5521662949984071,0.6791175533609429,0.5971647021344377,0.5373526600828289,0.47953169799299133,0.5670595731124562,0.3796591271105448,0.572475310608474,0.4091271105447595,0.3742433896145269,0.5297865562280981,0.5279547626632686,0.40140172029308696,0.30312201338005734,0.5555113093341828,0.5157693532972284,0.5334501433577572,0.6380216629499841,0.5009557183816502,0.33012105766167565,0.7964319847085058
hhm4,0.2580566997819239,0.5434132945642517,0.5168403198449237,0.22227606816896858,0.41062918988773117,0.4754866327437202,0.32719489540424845,0.1706647282125838,0.3803408448429044,0.19004926904127292,0.48703658832081415,0.38567159357079395,0.567320894919635,0.4172522413375333,0.3611178418544544,0.39560617074549714,0.4999596155399402,0.3640255229787578,0.4808981503917293,0.6077053549794039,0.5240287537355626,0.6673935869477425,0.3544947904046523,0.4466521282610451,0.4183830062192069,0.48760197076165096,0.3532024876827397,0.547532509490348,0.3757370163960908,0.42314837250625964,0.3211372263952831,0.469590501574994,0.33599870769727813,0.7343510217268395,0.47072126645666745,0.4751635570632421,0.5795977707778047,0.48445198287698893,0.5121557224779905,0.5510863419756078,0.5388094661174381,0.6307244972134723,0.5463209756885551,0.3953638639851385,0.5393748485582748,0.5550440190614652,0.80768920119538,0.4500444229060658
hhm5,0.32471835652750164,0.37972166998011925,0.2773359840954274,0.6318754141815772,0.399519549370444,0.4133532140490391,0.3537110669317429,0.49826043737574555,0.6052021206096753,0.38891650099403574,0.22332670642809807,0.6181245858184228,0.24693505632869447,0.4577534791252485,0.4034128561961564,0.6040424121935056,0.22183565275016565,0.3836978131212723,0.6318754141815772,0.43389662027833004,0.47150430748840294,0.06295559973492379,0.631129887342611,0.5390159045725645,0.49817760106030484,0.42229953611663357,0.5275016567263088,0.4748177601060305,0.602882703777336,0.5103545394300861,0.6914347249834327,0.35106030483764084,0.6914347249834327,0.10462226640159045,0.421636845593108,0.3939695162359178,0.460818422796554,0.6524188204108681,0.41641815772034463,0.3903247183565275,0.4180748840291584,0.2352551358515573,0.3663850231941683,0.8283631544068919,0.560470510271703,0.5350397614314115,0.382455268389662,0.5570742213386348
hhm6,0.5971159268508821,0.38580520422138076,0.5144606460968338,0.5855151856924192,0.43108031902038185,0.4169821960847498,0.4239104164988318,0.5891404173044388,0.538226053331185,0.4772416015467655,0.5887376137919922,0.5768951905260613,0.6363489889631838,0.805607024893257,0.805607024893257,0.805607024893257,0.5035043905582857,0.5739144445339563,0.4562958188995408,0.47176347377749134,0.5311367115121244,0.47297188431483117,0.6069443325545798,0.485781036010634,0.5098686860549424,0.4747442197695964,0.4349472327398695,0.44848143075807617,0.4410698461290582,0.5393539031660356,0.5267864335777008,0.47538870538951095,0.47595263030693624,0.47498590187706435,0.4872311286554418,0.3506807379360348,0.555788286473858,0.5071296221703052,0.5639249174252798,0.46378796423104807,0.3311044872311287,0.2942882461935068,0.46080721823894305,0.619108998630468,0.52090550229598,0.47192459518246993,0.3016192701200354,0.7187625876097639
hhm7,0.17270494319926313,0.3661344795824379,0.3696653361989561,0.22466994166410809,0.26903592262818543,0.44081977279705253,0.23672090881179,0.20993245317777098,0.21515198035001534,0.26235799815781397,0.37672704943199264,0.14929382867669636,0.34379797359533315,0.18606079214000615,0.21922014123426467,0.2049431992631256,0.368206938900829,0.28860914952410194,0.11214307645072154,0.5570310101320234,0.34725207245931844,0.5201872889161805,0.3271415412956709,0.36859072766349404,0.27149217070924164,0.2265121277249002,0.22727970525023025,0.4122658888547744,0.1737027939821922,0.2902978200798281,0.42922935216456864,0.3894688363524716,0.20855081363217687,0.35853546208167025,0.35861221983420327,0.3475591034694504,0.46538225360761437,0.3250690819772797,0.38801043905434446,0.5873503223825607,0.46016272643537004,0.6172090881179,0.28369665336198957,0.18867055572612834,0.22190666257291988,0.7675775253300584,0.5462081670248695,0.3087964384402825
hhm8,0.7967492630069316,0.3303322444426739,0.47820890765676033,0.5781212652378296,0.38044777308580985,0.30388016891084374,0.6285554935861685,0.6430563301728945,0.3495339016811409,0.5181260457334076,0.5867261572783045,0.7967492630069316,0.47454386104692853,0.5778025655326268,0.5312724085730219,0.5521472392638036,0.5160544976495897,0.5213130427854353,0.4998804876105489,0.4898414468966616,0.38546729344275354,0.469205640984782,0.7967492630069316,0.5593179826308661,0.6487132499402438,0.5860887578678989,0.5686399490080472,0.41964783682575085,0.5381244522348816,0.5374870528244761,0.5795554139112421,0.48529997609752207,0.4256234562983029,0.4586088757867899,0.6668791331368018,0.19289299657397815,0.1889092502589435,0.6127001832523304,0.40833399729105246,0.11951238945103974,0.18149948211297903,0.18747510158553102,0.508963429208828,0.7018564257828062,0.5247390646163651,0.14787666321408652,0.2030913871404669,0.4852203011712214
hhm9,0.21730498800562492,0.34014393250062036,0.44528083381586564,0.2144097940276284,0.19406071635370997,0.3721565059144677,0.24981388038712876,0.14757217304988005,0.18975928530068656,0.26428985027711144,0.3002729754322111,0.20828852675986434,0.48705434692695837,0.12614773761270576,0.19248903962279756,0.27330631152287205,0.47547357101497223,0.2666887252874514,0.32359996691206877,0.44809330796591934,0.428075109603772,0.4303912647861692,0.05318884936719331,0.3251716436429812,0.15791215154272478,0.272975432211101,0.2118454793614029,0.45471089420134,0.17627595334601703,0.35635701877740095,0.060550914054098764,0.39887501033997846,0.1669286127884854,0.47307469600463226,0.3707502688394408,0.3282322772768632,0.5012821573331127,0.11953015137728512,0.30267185044255107,0.5204731574158326,0.48349739432541977,0.4993796012904293,0.43634709239804775,0.08908925469435024,0.3436181652742162,0.570518653321201,0.627926213913475,0.061378112333526344
hhm10,0.3637588146739561,0.4425164408525473,0.5760240868393947,0.4692179700499168,0.4183503684335631,0.48284605023373744,0.24863323033040172,0.4693764360985659,0.3122573488630061,0.4285714285714286,0.4079708422470486,0.43998098407416214,0.4986926550986451,0.3410981697171381,0.4022660644956818,0.3608271927739482,0.44418033436336263,0.2819903335710324,0.43388004120117263,0.5626337057285477,0.4917993819824103,0.40305839473892724,0.31217811583868155,0.5965454401394501,0.33531415894144684,0.37889232231994296,0.3689089612550511,0.4544806275255526,0.3731083115442516,0.4660486490769352,0.29538071468187943,0.47666587433642343,0.3742968069091197,0.6442437207828223,0.2737500990412804,0.4578876475715078,0.5927422549718723,0.10133903811108472,0.2758101576737184,0.5417161873068694,0.563426035971793,0.5728547658664132,0.5181839790824816,0.39862134537675303,0.45978924015529676,0.6465414784882338,0.4732588542904683,0.2853973536169876
hhm11,0.5399643320363164,0.3176880674448768,0.29863813229571984,0.5804150453955901,0.38107976653696496,0.3424124513618677,0.46133268482490275,0.5189688715953307,0.4352302204928664,0.3657587548638132,0.5478274967574578,0.6574254215304798,0.6053015564202334,0.5457198443579766,0.688715953307393,0.6344033722438391,0.49254215304798965,0.3415207522697795,0.5356679636835279,0.5107814526588845,0.5695525291828794,0.39348249027237353,0.8106355382619974,0.6009241245136187,0.8106355382619974,0.5312905317769131,0.5817120622568094,0.4641699092088197,0.7299773022049286,0.3872405966277562,0.4679798962386511,0.5496919584954605,0.48184176394293127,0.4612516212710765,0.39259079118028534,0.43490596627756156,0.381890402075227,0.6945525291828794,0.5809824902723735,0.37273022049286636,0.39202334630350194,0.14640077821011674,0.32028210116731515,0.7056582360570688,0.8106355382619974,0.558041504539559,0.23013942931258105,0.5937094682230869
hhm12,0.5826667702104527,0.5231032072687737,0.24050632911392403,0.3661567135202298,0.3621961637027258,0.4018016618777665,0.4816339209443193,0.706298050788227,0.3507028034480081,0.5213170769589189,0.5224042867127436,0.4710724547643085,0.4822551836607905,0.5293158344334861,0.5919857109575211,0.5169682379436203,0.5818901918148637,0.7334782946338433,0.5841422691620719,0.022520773472082003,0.5291605187543682,0.7063757086277859,0.4372136367166265,0.06220392948668168,0.3642152675312572,0.39030830162304886,0.4372136367166265,0.42828298516735264,0.4213714374466102,0.47006290285004265,0.42447775102896634,0.3983847169371748,0.4035101343480624,0.38883280267142967,0.452123941911936,0.4854391550827056,0.4516579948745826,0.4697522714918071,0.37454376019259145,0.4201289120136678,0.4896326784188863,0.45336646734487845,0.42214801584219924,0.44901762832957987,0.4487846548109031,0.39279335248893377,0.5065620874427273,0.34247107245476427
hhm13,0.44481158052080877,0.268900951931398,0.4425300920462592,0.5005113681063647,0.4083077649280151,0.284241995122335,0.5032648886790969,0.7867201636377941,0.44064196365352853,0.5266304775391394,0.4227047439225868,0.5938950515301707,0.5586499881991975,0.5637636692628433,0.5876012902210684,0.7867201636377941,0.7867201636377941,0.5326882227991504,0.6731964440248605,0.5740697034064983,0.2984816300841791,0.631578947368421,0.4413500118008025,0.41822043898985134,0.5493666902682717,0.5306427503736921,0.6715443316812211,0.4399339155062545,0.7867201636377941,0.49988199197545435,0.34560616788608295,0.45267878215718677,0.42128864762803875,0.6750059004012273,0.4994099598772717,0.25159310833136656,0.34686492014790343,0.7867201636377941,0.5153017071827551,0.34867437652427036,0.253559908740461,0.29486271733144526,0.7867201636377941,0.48619306112815674,0.5192353080009441,0.2816458185823303,0.3324679411533318,0.5353630713555189
hhm14,0.5161966907480773,0.2170434242212382,0.3870892565835469,0.5668453351977005,0.2902198399751417,0.2892876563349646,0.7768197001475957,0.5352287734016935,0.3275071855822263,0.39796473238561325,0.48978482094305903,0.5038452575157305,0.43463062223257976,0.4477588751650742,0.46772314145886734,0.510137497086926,0.4524974753359745,0.3849918433931484,0.4566923017167715,0.4722286957197234,0.3215256738910898,0.5784976306999146,0.5914705196923793,0.479142391051037,0.3509671405266837,0.4031694243766022,0.4360288976928455,0.4401460421036277,0.5119241823972656,0.38646780082342885,0.4149770838188456,0.4632175871980113,0.3418006680649421,0.4827157616717159,0.42033713974986403,0.2015847121883011,0.10572516119008778,0.45684766565680096,0.36036665889846964,0.18962168880602812,0.19428260700691366,0.3008622698671638,0.5758564437194127,0.4476811931950594,0.47059737434941346,0.10626893498019109,0.16950205857220538,0.678163598228851
hhm15,0.35267716535433075,0.3618897637795276,0.22401574803149604,0.4174015748031496,0.2947244094488189,0.3205511811023622,0.27669291338582674,0.4379527559055118,0.3620472440944882,0.31354330708661415,0.21976377952755907,0.412755905511811,0.1905511811023622,0.4703149606299213,0.3592125984251968,0.4152755905511811,0.22574803149606298,0.2716535433070866,0.3929921259842519,0.47259842519685036,0.4041732283464567,0.33488188976377953,0.4575590551181102,0.3474803149606299,0.3747244094488189,0.39795275590551177,0.467007874015748,0.21425196850393702,0.3403149606299212,0.20196850393700788,0.4858267716535433,0.23511811023622045,0.4326771653543307,0.20826771653543308,0.2528346456692913,0.3495275590551181,0.36244094488188977,0.46188976377952756,0.22307086614173227,0.3001574803149606,0.384251968503937,0.3984251968503937,0.4359055118110236,0.6060629921259842,0.4033070866141732,0.3222047244094488,0.3278740157480315,0.41929133858267714
hhm16,0.4955535612303174,0.2859590438116994,0.29167006608468626,0.45712653993636293,0.36795300644529655,0.36232357020478095,0.31524842946887494,0.5571510157461043,0.2800848494737701,0.2684180468303826,0.3168801501182998,0.37431671697805335,0.2151423676266623,0.3788039487639716,0.38883903075793425,0.4196785510320633,0.4871501998857795,0.3516357999510484,0.3187566288651383,0.575671045117076,0.4971852818797422,0.41804683038263846,0.4011585216610916,0.4386880965978624,0.328139022599331,0.24647140409561882,0.26645998205107285,0.08737864077669903,0.27731092436974786,0.20168067226890757,0.5053438851268662,0.2734763808435996,0.3936526066737374,0.35188055804846213,0.2936281308639961,0.37904870686138536,0.35196214408093335,0.5168475157053112,0.37439830301052457,0.390797095537244,0.46414293872888956,0.40605368360936606,0.33107611976829565,0.4239210247205678,0.37031900138696255,0.36925838296483643,0.3891653748878192,0.45883984661825894
hhm17,0.23126428994834447,0.3889406384960623,0.36362096705902275,0.2548903378778897,0.2560758743331357,0.4017274959776441,0.32500635108815307,0.2372766533999492,0.30146498433398256,0.3072233042594631,0.3431281226183419,0.14683715809975442,0.2898636633076467,0.22940130409010073,0.26767719535947154,0.0846811753747142,0.27656871877381656,0.3454991955288339,0.14971631806249472,0.6904903040054196,0.36353628588364806,0.5361165212973156,0.44533830129562196,0.3222965534761622,0.2639512236429841,0.1730036412905411,0.14192564992802098,0.4067236853247523,0.2045050385299348,0.29943263612498944,0.5027521381996782,0.4067236853247523,0.2750444576170717,0.4485561859598611,0.23016343466847317,0.39969514776865106,0.4542298247099669,0.5498348717080193,0.37606909983910575,0.6901515793039207,0.5556778728088746,0.6137691591159284,0.1598780591074604,0.2656448471504784,0.0728258108222542,0.54517740706241,0.5124057921923956,0.4297569650266745
hhm18,0.32478763296854674,0.6033519553072626,0.7652865998316369,0.2006581464758552,0.5132011938470957,0.6424581005586593,0.5756485803933573,0.5236856202647892,0.5037881686691666,0.5652406826356471,0.6151373689446697,0.5793984847325323,0.5104461620877019,0.5308027856432234,0.5350118619422974,0.7652865998316369,0.5882758092905793,0.49338027091145636,0.7652865998316369,0.7652865998316369,0.6322032601209152,0.7652865998316369,0.5954695033289967,0.7652865998316369,0.7652865998316369,0.5565164153975664,0.6970995637866382,0.5365424351419606,0.7652865998316369,0.6060304584066734,0.48832937935256754,0.7652865998316369,0.47355934797581695,0.45817708731920104,0.6657993418535242,0.3978725032524681,0.6413101706589117,0.44447845718221474,0.7652865998316369,0.5278946965638631,0.6817938317900054,0.7652865998316369,0.7652865998316369,0.6898293410882376,0.5271294099640316,0.7652865998316369,0.6728399785719752,0.5088390602280555
hhm19,0.5442463265643057,0.3403500082549117,0.40176655109790327,0.3614000330196467,0.44370150239392436,0.414891860657091,0.4347861977876836,0.48926861482582135,0.46821859006108635,0.3591712068680865,0.5960046227505366,0.5979858015519234,0.8254911672445104,0.6209344560013208,0.6225028892190854,0.8254911672445104,0.6194485719002806,0.5913818722139673,0.4613670133729569,0.8254911672445104,0.7689450222882614,0.6595674426283639,0.46755819712729074,0.4649166253921083,0.8254911672445104,0.8254911672445104,0.6363711408287931,0.5076770678553739,0.8254911672445104,0.5927026580815585,0.5093280501898629,0.5892355951791316,0.2854548456331517,0.8254911672445104,0.5938583457157008,0.4673105497771174,0.5094931484233118,0.5885752022453359,0.5127951130922899,0.7230477133894667,0.6360409443618953,0.6778107974244676,0.6403334984315667,0.4496450387980848,0.5854383358098069,0.8254911672445104,0.6428099719333003,0.6619613670133729
A,0.5454545454545454,0.5909090909090909,0.6363636363636364,0.8181818181818182,0.5909090909090909,0.5454545454545454,0.5,0.5,0.5909090909090909,0.6363636363636364,0.8181818181818182,0.6363636363636364,0.8181818181818182,0.5454545454545454,0.8636363636363636,0.5909090909090909,0.8636363636363636,0.8636363636363636,0.5454545454545454,0.5909090909090909,0.5909090909090909,0.6363636363636364,0.5454545454545454,0.6818181818181818,0.8181818181818182,0.5909090909090909,0.5454545454545454,0.5909090909090909,0.6363636363636364,0.5909090909090909,0.5454545454545454,0.8636363636363636,0.5454545454545454,0.6363636363636364,0.6363636363636364,0.5909090909090909,0.5909090909090909,0.5454545454545454,0.8636363636363636,0.6363636363636364,0.5909090909090909,0.5454545454545454,0.8636363636363636,0.5454545454545454,0.5909090909090909,0.5454545454545454,0.6363636363636364,0.5454545454545454
R,0.42857142857142855,0.7619047619047619,0.47619047619047616,0.47619047619047616,0.42857142857142855,0.47619047619047616,0.47619047619047616,0.42857142857142855,0.6666666666666666,0.42857142857142855,0.47619047619047616,0.42857142857142855,0.47619047619047616,0.5238095238095238,0.47619047619047616,0.42857142857142855,0.47619047619047616,0.47619047619047616,0.38095238095238093,0.42857142857142855,0.5238095238095238,0.42857142857142855,0.47619047619047616,0.5238095238095238,0.47619047619047616,0.42857142857142855,0.38095238095238093,0.47619047619047616,0.47619047619047616,0.38095238095238093,0.42857142857142855,0.47619047619047616,0.42857142857142855,0.42857142857142855,0.47619047619047616,0.8095238095238095,0.8095238095238095,0.47619047619047616,0.47619047619047616,0.6666666666666666,0.7142857142857143,0.5238095238095238,0.47619047619047616,0.42857142857142855,0.42857142857142855,0.9047619047619048,0.6190476190476191,0.42857142857142855
N,0.38095238095238093,0.5714285714285714,0.5238095238095238,0.47619047619047616,0.42857142857142855,0.42857142857142855,0.42857142857142855,0.38095238095238093,0.5238095238095238,0.38095238095238093,0.5238095238095238,0.42857142857142855,0.47619047619047616,0.42857142857142855,0.47619047619047616,0.42857142857142855,0.47619047619047616,0.47619047619047616,0.38095238095238093,0.42857142857142855,0.5238095238095238,0.5238095238095238,0.38095238095238093,0.47619047619047616,0.47619047619047616,0.38095238095238093,0.38095238095238093,0.5238095238095238,0.5238095238095238,0.42857142857142855,0.38095238095238093,0.47619047619047616,0.38095238095238093,0.5238095238095238,0.5714285714285714,0.5714285714285714,0.5714285714285714,0.42857142857142855,0.47619047619047616,0.5714285714285714,0.5714285714285714,0.8571428571428571,0.47619047619047616,0.38095238095238093,0.42857142857142855,0.5238095238095238,0.6190476190476191,0.38095238095238093
D,0.4090909090909091,0.5454545454545454,0.5454545454545454,0.5,0.45454545454545453,0.4090909090909091,0.4090909090909091,0.4090909090909091,0.5454545454545454,0.45454545454545453,0.5,0.4090909090909091,0.5,0.4090909090909091,0.5,0.5454545454545454,0.5,0.5,0.4090909090909091,0.5,0.6363636363636364,0.5,0.4090909090909091,0.5,0.5,0.4090909090909091,0.4090909090909091,0.5,0.5,0.4090909090909091,0.4090909090909091,0.5,0.4090909090909091,0.5,0.5,0.5,0.5454545454545454,0.4090909090909091,0.5,0.5454545454545454,0.5454545454545454,0.6363636363636364,0.5,0.4090909090909091,0.4090909090909091,0.5,0.5454545454545454,0.4090909090909091
C,0.48148148148148145,0.4444444444444444,0.4444444444444444,0.7407407407407407,0.48148148148148145,0.4444444444444444,0.4444444444444444,0.4444444444444444,0.4074074074074074,0.48148148148148145,0.5185185185185185,0.5185185185185185,0.5185185185185185,0.48148148148148145,0.5185185185185185,0.5185185185185185,0.6666666666666666,0.5185185185185185,0.48148148148148145,0.4074074074074074,0.4074074074074074,0.4444444444444444,0.48148148148148145,0.4444444444444444,0.5185185185185185,0.5185185185185185,0.48148148148148145,0.5185185185185185,0.5185185185185185,0.9259259259259259,0.48148148148148145,0.5185185185185185,0.48148148148148145,0.4444444444444444,0.5185185185185185,0.4074074074074074,0.4074074074074074,0.48148148148148145,0.5185185185185185,0.4444444444444444,0.48148148148148145,0.4444444444444444,0.5555555555555556,0.48148148148148145,0.5185185185185185,0.4074074074074074,0.48148148148148145,0.48148148148148145
Q,0.38095238095238093,0.5714285714285714,0.42857142857142855,0.47619047619047616,0.38095238095238093,0.42857142857142855,0.42857142857142855,0.3333333333333333,0.5714285714285714,0.38095238095238093,0.47619047619047616,0.38095238095238093,0.47619047619047616,0.42857142857142855,0.47619047619047616,0.38095238095238093,0.47619047619047616,0.47619047619047616,0.38095238095238093,0.42857142857142855,0.6190476190476191,0.42857142857142855,0.38095238095238093,0.42857142857142855,0.47619047619047616,0.38095238095238093,0.38095238095238093,0.47619047619047616,0.47619047619047616,0.3333333333333333,0.38095238095238093,0.47619047619047616,0.38095238095238093,0.42857142857142855,0.47619047619047616,0.6190476190476191,0.5714285714285714,0.47619047619047616,0.47619047619047616,0.6190476190476191,0.6190476190476191,0.5238095238095238,0.47619047619047616,0.38095238095238093,0.38095238095238093,0.5714285714285714,0.5238095238095238,0.38095238095238093
E,0.45,0.65,0.5,0.5,0.45,0.45,0.45,0.4,0.65,0.45,0.55,0.45,0.55,0.45,0.55,0.45,0.55,0.55,0.4,0.5,0.9,0.45,0.45,0.55,0.5,0.45,0.4,0.55,0.55,0.4,0.45,0.55,0.45,0.45,0.55,0.6,0.6,0.45,0.55,0.65,0.65,0.55,0.55,0.4,0.45,0.55,0.6,0.45
G,0.45454545454545453,0.5454545454545454,0.9090909090909091,0.6363636363636364,0.45454545454545453,0.45454545454545453,0.45454545454545453,0.45454545454545453,0.5454545454545454,0.45454545454545453,0.6363636363636364,0.5,0.6363636363636364,0.45454545454545453,0.6363636363636364,0.45454545454545453,0.6363636363636364,0.6363636363636364,0.45454545454545453,0.5,0.5,0.9090909090909091,0.45454545454545453,0.5454545454545454,0.5909090909090909,0.45454545454545453,0.45454545454545453,0.5454545454545454,0.5454545454545454,0.5454545454545454,0.45454545454545453,0.6363636363636364,0.45454545454545453,0.9090909090909091,0.5454545454545454,0.5454545454545454,0.5454545454545454,0.45454545454545453,0.6363636363636364,0.5454545454545454,0.5454545454545454,0.6363636363636364,0.6363636363636364,0.45454545454545453,0.45454545454545453,0.5,0.5909090909090909,0.45454545454545453
H,0.375,0.5,0.4166666666666667,0.4166666666666667,0.4166666666666667,0.625,0.5416666666666666,0.4166666666666667,0.4583333333333333,0.3333333333333333,0.4166666666666667,0.3333333333333333,0.4166666666666667,0.375,0.4166666666666667,0.3333333333333333,0.4166666666666667,0.4166666666666667,0.3333333333333333,0.375,0.4583333333333333,0.375,0.375,0.375,0.4166666666666667,0.3333333333333333,0.3333333333333333,0.4166666666666667,0.4166666666666667,0.3333333333333333,0.375,0.4166666666666667,0.375,0.375,0.4166666666666667,0.4583333333333333,0.4583333333333333,0.4166666666666667,0.4166666666666667,0.4583333333333333,0.5416666666666666,0.5416666666666666,0.4166666666666667,0.3333333333333333,0.3333333333333333,0.4583333333333333,0.5416666666666666,0.375
I,0.75,0.5,0.4583333333333333,0.5416666666666666,0.7916666666666666,0.5416666666666666,0.5416666666666666,0.625,0.5,0.8333333333333334,0.5833333333333334,0.75,0.5833333333333334,0.6666666666666666,0.625,0.7083333333333334,0.5416666666666666,0.5416666666666666,0.8333333333333334,0.4583333333333333,0.4583333333333333,0.4583333333333333,0.6666666666666666,0.5,0.625,0.75,0.8333333333333334,0.5833333333333334,0.5833333333333334,0.5416666666666666,0.6666666666666666,0.5416666666666666,0.7083333333333334,0.4583333333333333,0.5833333333333334,0.5,0.5,0.6666666666666666,0.5416666666666666,0.5,0.5,0.4583333333333333,0.5416666666666666,0.8333333333333334,0.75,0.4583333333333333,0.5,0.6666666666666666
L,0.8181818181818182,0.5454545454545454,0.5,0.5909090909090909,0.7727272727272727,0.6363636363636364,0.5909090909090909,0.7272727272727273,0.5454545454545454,0.7272727272727273,0.5909090909090909,0.7272727272727273,0.5909090909090909,0.8636363636363636,0.5909090909090909,0.6818181818181818,0.5909090909090909,0.5909090909090909,0.7272727272727273,0.5,0.5,0.5,0.9090909090909091,0.5454545454545454,0.6363636363636364,0.7272727272727273,0.7272727272727273,0.5909090909090909,0.6363636363636364,0.5909090909090909,0.9090909090909091,0.5909090909090909,0.9090909090909091,0.5,0.5909090909090909,0.5909090909090909,0.5454545454545454,0.7727272727272727,0.5909090909090909,0.5454545454545454,0.5909090909090909,0.5,0.5909090909090909,0.7727272727272727,0.7272727272727273,0.5454545454545454,0.5454545454545454,0.9090909090909091
K,0.45454545454545453,0.7727272727272727,0.5454545454545454,0.5454545454545454,0.45454545454545453,0.5,0.45454545454545453,0.4090909090909091,0.8636363636363636,0.45454545454545453,0.5454545454545454,0.45454545454545453,0.5454545454545454,0.5,0.5454545454545454,0.45454545454545453,0.5454545454545454,0.5454545454545454,0.45454545454545453,0.5,0.5909090909090909,0.5,0.45454545454545453,0.5454545454545454,0.5454545454545454,0.45454545454545453,0.45454545454545453,0.5454545454545454,0.5454545454545454,0.4090909090909091,0.45454545454545453,0.5454545454545454,0.45454545454545453,0.5,0.5454545454545454,0.7272727272727273,0.7727272727272727,0.5,0.5454545454545454,0.8181818181818182,0.7727272727272727,0.5909090909090909,0.5454545454545454,0.45454545454545453,0.45454545454545453,0.6818181818181818,0.6818181818181818,0.45454545454545453
M,0.5769230769230769,0.5,0.4230769230769231,0.5,0.5769230769230769,0.5,0.46153846153846156,0.5384615384615384,0.46153846153846156,0.5769230769230769,0.5,0.5384615384615384,0.5,0.6153846153846154,0.5,0.5384615384615384,0.5,0.5,0.5769230769230769,0.4230769230769231,0.4230769230769231,0.4230769230769231,0.6153846153846154,0.4230769230769231,0.5,0.5384615384615384,0.5769230769230769,0.5,0.5,0.46153846153846156,0.6153846153846154,0.5,0.6153846153846154,0.4230769230769231,0.5,0.5,0.46153846153846156,0.8461538461538461,0.5,0.46153846153846156,0.5,0.4230769230769231,0.5,0.5769230769230769,0.5384615384615384,0.5,0.46153846153846156,0.6153846153846154
F,0.6956521739130435,0.43478260869565216,0.391304347826087,0.43478260869565216,0.5217391304347826,0.6956521739130435,0.6956521739130435,0.8695652173913043,0.391304347826087,0.5217391304347826,0.43478260869565216,0.5217391304347826,0.43478260869565216,0.5652173913043478,0.43478260869565216,0.5217391304347826,0.43478260869565216,0.43478260869565216,0.5217391304347826,0.391304347826087,0.391304347826087,0.391304347826087,0.5652173913043478,0.391304347826087,0.4782608695652174,0.5217391304347826,0.5217391304347826,0.43478260869565216,0.43478260869565216,0.43478260869565216,0.6086956521739131,0.43478260869565216,0.5652173913043478,0.391304347826087,0.43478260869565216,0.43478260869565216,0.43478260869565216,0.5217391304347826,0.43478260869565216,0.43478260869565216,0.43478260869565216,0.391304347826087,0.43478260869565216,0.5217391304347826,0.5217391304347826,0.43478260869565216,0.43478260869565216,0.5652173913043478
P,0.4782608695652174,0.5217391304347826,0.4782608695652174,0.5217391304347826,0.4782608695652174,0.43478260869565216,0.43478260869565216,0.43478260869565216,0.5217391304347826,0.4782608695652174,0.5652173913043478,0.4782608695652174,0.5652173913043478,0.4782608695652174,0.5652173913043478,0.4782608695652174,0.5652173913043478,0.5652173913043478,0.4782608695652174,0.9565217391304348,0.5217391304347826,0.4782608695652174,0.4782608695652174,0.9130434782608695,0.5652173913043478,0.4782608695652174,0.4782608695652174,0.6086956521739131,0.6086956521739131,0.43478260869565216,0.4782608695652174,0.5652173913043478,0.4782608695652174,0.4782608695652174,0.5217391304347826,0.5217391304347826,0.5217391304347826,0.4782608695652174,0.5652173913043478,0.5217391304347826,0.5217391304347826,0.5217391304347826,0.5652173913043478,0.4782608695652174,0.4782608695652174,0.4782608695652174,0.5652173913043478,0.4782608695652174
S,0.47619047619047616,0.6190476190476191,0.5714285714285714,0.6666666666666666,0.5238095238095238,0.5238095238095238,0.5238095238095238,0.47619047619047616,0.5714285714285714,0.5238095238095238,0.7142857142857143,0.5238095238095238,0.7142857142857143,0.5714285714285714,0.6666666666666666,0.5238095238095238,0.6666666666666666,0.6666666666666666,0.47619047619047616,0.5714285714285714,0.5714285714285714,0.6190476190476191,0.47619047619047616,0.6190476190476191,0.6666666666666666,0.5238095238095238,0.47619047619047616,0.6666666666666666,0.6666666666666666,0.5714285714285714,0.47619047619047616,0.6666666666666666,0.47619047619047616,0.5714285714285714,0.7142857142857143,0.6190476190476191,0.5714285714285714,0.5238095238095238,0.6666666666666666,0.6190476190476191,0.5714285714285714,0.6190476190476191,0.6666666666666666,0.47619047619047616,0.5238095238095238,0.5714285714285714,0.7619047619047619,0.47619047619047616
T,0.5652173913043478,0.5652173913043478,0.5217391304347826,0.6086956521739131,0.6086956521739131,0.5217391304347826,0.5217391304347826,0.4782608695652174,0.6086956521739131,0.5652173913043478,0.6086956521739131,0.6086956521739131,0.6086956521739131,0.5652173913043478,0.6086956521739131,0.6086956521739131,0.6086956521739131,0.6086956521739131,0.5652173913043478,0.5217391304347826,0.5652173913043478,0.5217391304347826,0.5217391304347826,0.5652173913043478,0.6086956521739131,0.6086956521739131,0.5652173913043478,0.8695652173913043,0.8260869565217391,0.5652173913043478,0.5217391304347826,0.6086956521739131,0.5217391304347826,0.5217391304347826,0.8695652173913043,0.5652173913043478,0.5652173913043478,0.5652173913043478,0.6086956521739131,0.5652173913043478,0.5652173913043478,0.6086956521739131,0.6086956521739131,0.5652173913043478,0.6086956521739131,0.5217391304347826,0.6521739130434783,0.5217391304347826
W,0.4444444444444444,0.4074074074074074,0.4074074074074074,0.4074074074074074,0.4074074074074074,0.5925925925925926,0.5925925925925926,0.5185185185185185,0.37037037037037035,0.4074074074074074,0.4074074074074074,0.4074074074074074,0.4074074074074074,0.4444444444444444,0.4074074074074074,0.37037037037037035,0.4074074074074074,0.4074074074074074,0.4074074074074074,0.3333333333333333,0.37037037037037035,0.4074074074074074,0.4444444444444444,0.37037037037037035,0.4074074074074074,0.4074074074074074,0.4074074074074074,0.4074074074074074,0.4074074074074074,0.4074074074074074,0.4444444444444444,0.4074074074074074,0.4444444444444444,0.4074074074074074,0.4074074074074074,0.4074074074074074,0.4074074074074074,0.4444444444444444,0.4074074074074074,0.4074074074074074,0.4074074074074074,0.37037037037037035,0.4074074074074074,0.4074074074074074,0.4074074074074074,0.4074074074074074,0.4074074074074074,0.4444444444444444
Y,0.5454545454545454,0.45454545454545453,0.4090909090909091,0.45454545454545453,0.45454545454545453,0.9090909090909091,0.9090909090909091,0.6818181818181818,0.45454545454545453,0.45454545454545453,0.45454545454545453,0.45454545454545453,0.45454545454545453,0.45454545454545453,0.45454545454545453,0.45454545454545453,0.45454545454545453,0.45454545454545453,0.45454545454545453,0.36363636363636365,0.4090909090909091,0.36363636363636365,0.45454545454545453,0.4090909090909091,0.45454545454545453,0.45454545454545453,0.45454545454545453,0.45454545454545453,0.45454545454545453,0.4090909090909091,0.5,0.45454545454545453,0.5,0.36363636363636365,0.45454545454545453,0.45454545454545453,0.45454545454545453,0.45454545454545453,0.45454545454545453,0.5,0.45454545454545453,0.4090909090909091,0.45454545454545453,0.45454545454545453,0.45454545454545453,0.45454545454545453,0.5,0.45454545454545453
V,0.7391304347826086,0.5217391304347826,0.5652173913043478,0.6086956521739131,0.782608695652174,0.5652173913043478,0.5652173913043478,0.6086956521739131,0.5217391304347826,0.782608695652174,0.6521739130434783,0.8695652173913043,0.6521739130434783,0.6521739130434783,0.6521739130434783,0.8695652173913043,0.6086956521739131,0.6086956521739131,0.782608695652174,0.5217391304347826,0.5217391304347826,0.4782608695652174,0.6521739130434783,0.5652173913043478,0.7391304347826086,0.8695652173913043,0.782608695652174,0.6086956521739131,0.6521739130434783,0.5652173913043478,0.6521739130434783,0.6086956521739131,0.6956521739130435,0.4782608695652174,0.6086956521739131,0.5217391304347826,0.5217391304347826,0.6521739130434783,0.6521739130434783,0.5217391304347826,0.5217391304347826,0.5217391304347826,0.6086956521739131,0.7391304347826086,0.8695652173913043,0.5217391304347826,0.5652173913043478,0.6956521739130435
