,S,P,L,T,A,S.1,M,L.1,A.1,S.2,A.2,P.1,P.2,Q,E,Q.1,K,Q.2,M.1,L.2,G,E.1,R,L.3,F,P.3,L.4,I,Q.3,A.3,M.2,H,P.4,T.1,L.5,A.4,G.1,K.1,I.1,T.2,G.2,M.3,L.6,L.7,E.2,I.2,D,N,S.3,E.3,L.8,L.9,H.1,M.4,L.10,E.4,S.4,P.5,E.5,S.5,L.11,R.1,S.6,K.2,V,D.1,E.6,A.5,V.1,A.6,V.2,L.12,Q.4,A.7,H.2,Q.5,A.8,K.3,E.7,A.9,A.10,Q.6,K.4,A.11
ASA,0.48000000000000004,0.4230769230769231,0.23333333333333334,0.3041025641025641,0.22,0.3625641025641026,0.3738461538461539,0.08564102564102563,0.2815384615384615,0.4394871794871795,0.1317948717948718,0.3943589743589744,0.2887179487179487,0.5615384615384615,0.5415384615384616,0.23384615384615384,0.32769230769230767,0.5061538461538462,0.358974358974359,0.08974358974358974,0.06923076923076923,0.561025641025641,0.5082051282051282,0.046153846153846156,0.21025641025641026,0.378974358974359,0.2533333333333333,0.07076923076923078,0.4369230769230769,0.40615384615384614,0.42512820512820515,0.2451282051282051,0.44358974358974357,0.561025641025641,0.201025641025641,0.07230769230769231,0.20410256410256408,0.5102564102564102,0.08,0.15179487179487178,0.17230769230769233,0.33128205128205135,0.11282051282051282,0.34666666666666673,0.6276923076923078,0.22256410256410256,0.41948717948717956,0.2953846153846154,0.33692307692307694,0.3974358974358974,0.07179487179487179,0.23794871794871794,0.5456410256410257,0.2158974358974359,0.09589743589743589,0.6005128205128205,0.2728205128205128,0.40871794871794875,0.6882051282051282,0.2087179487179487,0.08,0.5707692307692308,0.36000000000000004,0.3169230769230769,0.08,0.416923076923077,0.45948717948717954,0.04051282051282051,0.16923076923076924,0.32051282051282054,0.1882051282051282,0.10512820512820513,0.478974358974359,0.3030769230769231,0.2835897435897436,0.41794871794871796,0.36615384615384616,0.6128205128205129,0.4994871794871795,0.36153846153846153,0.4,0.5528205128205129,0.7574358974358976,0.4917948717948718
HSE_alpha_up,0.07096774193548386,0.2774193548387097,0.5838709677419355,0.1935483870967742,0.535483870967742,0.0935483870967742,0.23548387096774193,0.6709677419354839,0.31612903225806455,0.04838709677419355,0.5419354838709678,0.09999999999999999,0.5258064516129033,0.132258064516129,0.1064516129032258,0.432258064516129,0.49354838709677423,0.14838709677419354,0.22580645161290322,0.635483870967742,0.5548387096774193,0.1064516129032258,0.25161290322580643,0.7483870967741936,0.5645161290322581,0.11290322580645161,0.31290322580645163,0.6645161290322581,0.33225806451612905,0.054838709677419356,0.25161290322580643,0.42903225806451617,0.20645161290322578,0.03225806451612903,0.46774193548387094,0.6806451612903226,0.18387096774193548,0.18064516129032257,0.6774193548387096,0.5580645161290323,0.24838709677419354,0.30000000000000004,0.6451612903225806,0.432258064516129,0.10322580645161289,0.5129032258064516,0.14838709677419354,0.567741935483871,0.14838709677419354,0.20967741935483872,0.6870967741935484,0.4709677419354839,0.1064516129032258,0.40645161290322585,0.7032258064516129,0.17096774193548386,0.2032258064516129,0.32903225806451614,0.041935483870967745,0.20967741935483872,0.6741935483870969,0.29677419354838713,0.05806451612903226,0.3806451612903226,0.6935483870967742,0.16129032258064516,0.14516129032258066,0.6451612903225806,0.532258064516129,0.08709677419354837,0.3387096774193548,0.635483870967742,0.20645161290322578,0.1064516129032258,0.4032258064516129,0.3258064516129033,0.08064516129032258,0.11612903225806451,0.2225806451612903,0.12903225806451613,0.08064516129032258,0.15806451612903225,0.0935483870967742,0.061290322580645165
HSE_alpha_down,0.24104234527687296,0.3583061889250814,0.28664495114006516,0.6807817589576547,0.3452768729641694,0.5504885993485341,0.4853420195439739,0.32247557003257327,0.4364820846905537,0.501628664495114,0.13680781758957655,0.5830618892508143,0.2931596091205212,0.504885993485342,0.5309446254071661,0.42019543973941365,0.4527687296416938,0.6188925081433225,0.5863192182410424,0.47557003257328984,0.501628664495114,0.6351791530944626,0.5667752442996742,0.45928338762214976,0.5374592833876222,0.6416938110749185,0.5342019543973942,0.37785016286644957,0.44951140065146583,0.47557003257328984,0.37133550488599343,0.22801302931596096,0.3127035830618893,0.5146579804560261,0.37133550488599343,0.32899022801302935,0.5993485342019543,0.6188925081433225,0.4723127035830619,0.5081433224755699,0.6156351791530944,0.5602605863192183,0.4234527687296417,0.4527687296416938,0.52442996742671,0.18241042345276876,0.5895765472312703,0.31596091205211724,0.5211726384364821,0.5309446254071661,0.3973941368078176,0.5081433224755699,0.6351791530944626,0.48859934853420195,0.34201954397394135,0.504885993485342,0.4267100977198697,0.3192182410423453,0.52442996742671,0.44951140065146583,0.35179153094462545,0.5374592833876222,0.6384364820846905,0.5211726384364821,0.45602605863192186,0.6449511400651466,0.6612377850162867,0.45928338762214976,0.5439739413680782,0.6710097719869706,0.5342019543973942,0.4136807817589576,0.5472312703583062,0.5407166123778501,0.3745928338762215,0.39413680781758964,0.4169381107491857,0.3745928338762215,0.32573289902280134,0.29641693811074926,0.29967426710097717,0.24104234527687296,0.250814332247557,0.15309446254071662
P(C),0.998,0.971,0.878,0.8,0.09699999999999999,0.068,0.031,0.055,0.278,0.603,0.9990000000000001,1.0,0.07400000000000001,0.033,0.016,0.011000000000000001,0.012,0.017,0.013999999999999999,0.018000000000000002,0.064,0.128,0.19,0.107,0.021,0.011000000000000001,0.006999999999999999,0.013000000000000001,0.023,0.11900000000000001,0.21600000000000003,0.992,0.52,0.498,0.382,0.132,0.11900000000000001,0.098,0.10400000000000001,0.243,0.36,0.257,0.24,0.305,0.42100000000000004,0.893,0.976,0.16899999999999998,0.096,0.038,0.006999999999999999,0.004,0.01,0.018000000000000002,0.085,0.354,0.998,0.084,0.046,0.026000000000000002,0.018000000000000002,0.025,0.04,0.027999999999999997,0.005,0.001,0.001,0.001,0.001,0.001,0.002,0.003,0.017,0.044000000000000004,0.12300000000000001,0.17600000000000002,0.23600000000000002,0.289,0.295,0.363,0.501,0.637,0.7909999999999999,0.996
P(H),0.0,0.024,0.053,0.126,0.903,0.932,0.9690000000000001,0.9440000000000001,0.721,0.397,0.0,0.0,0.9259999999999999,0.9670000000000001,0.9840000000000001,0.9890000000000001,0.988,0.983,0.986,0.982,0.9359999999999999,0.872,0.81,0.893,0.9790000000000001,0.9890000000000001,0.993,0.987,0.977,0.8809999999999999,0.784,0.006999999999999999,0.48,0.502,0.617,0.867,0.88,0.897,0.885,0.736,0.617,0.7140000000000001,0.7190000000000001,0.6459999999999999,0.5,0.047,0.015,0.83,0.904,0.9620000000000001,0.993,0.996,0.99,0.982,0.915,0.6459999999999999,0.002,0.9159999999999999,0.9540000000000001,0.9740000000000001,0.982,0.975,0.96,0.972,0.995,0.9990000000000001,0.9990000000000001,0.9990000000000001,0.9990000000000001,0.9990000000000001,0.998,0.997,0.983,0.956,0.877,0.8240000000000001,0.764,0.711,0.7040000000000001,0.636,0.49700000000000005,0.358,0.201,0.003
P(E),0.002,0.005,0.069,0.07400000000000001,0.0,0.0,0.0,0.0,0.0,0.0,0.0,0.0,0.0,0.0,0.0,0.0,0.0,0.0,0.0,0.0,0.0,0.0,0.0,0.0,0.0,0.0,0.0,0.0,0.0,0.0,0.0,0.001,0.0,0.0,0.001,0.001,0.001,0.006,0.012,0.021,0.023,0.03,0.040999999999999995,0.049,0.079,0.061,0.009000000000000001,0.0,0.0,0.0,0.0,0.0,0.0,0.0,0.0,0.0,0.0,0.0,0.0,0.0,0.0,0.0,0.0,0.0,0.0,0.0,0.0,0.0,0.0,0.0,0.0,0.0,0.0,0.0,0.0,0.0,0.0,0.0,0.001,0.001,0.002,0.005,0.006999999999999999,0.0
cosPhi,0.448605098134264,0.6561694580605593,0.5322677755051968,0.3054389553492169,0.738581629975824,0.7097282031766333,0.6856860064920174,0.696170678956787,0.6889224919850222,0.5078552056697634,0.5825255774029204,0.696170678956787,0.7507576555160056,0.7191877641635248,0.69777487682315,0.6905372916698819,0.7215377933396668,0.7081425532535844,0.6993766648836112,0.7041673752050037,0.7301021164078965,0.7065543671977683,0.668549665728215,0.6710121156805522,0.7301021164078965,0.7136811056883583,0.6953676824535783,0.7017747859022699,0.7081425532535844,0.6783710660941525,0.5078552056697634,0.1693445831907501,0.7238817489870518,0.6461878207600362,0.4808075600783365,0.752266103438777,0.7223197899021362,0.6840643601194266,0.668549665728215,0.677555545154192,0.7121018805568672,0.6800004754578253,0.6783710660941525,0.648689413057839,0.5200674804808114,0.3926335324453897,0.6627860961884333,0.7416434508003511,0.7144697430986597,0.6921497697365305,0.7065543671977683,0.7238817489870518,0.7049636643607307,0.6824404709992533,0.6701918166254716,0.5971189945366133,0.37481113971164287,0.7347380195306702,0.7136811056883583,0.7001766491363243,0.7089356964399721,0.7269974644284428,0.7073487760335222,0.6848754648847661,0.7246617067515002,0.7168317258858625,0.7017747859022699,0.7049636643607307,0.7262195668449516,0.7113112976462711,0.696170678956787,0.7073487760335222,0.7105200710494552,0.6985760732996393,0.6751057471173533,0.7009760236208884,0.6929551320220594,0.6627860961884333,0.6619607255447095,0.6619607255447095,0.6277247911250158,0.5808036797790674,0.5730432598690259,0.5435795272100781
cosPsi,0.07413653292847616,0.10545795758265475,0.15455879446157106,0.03479121600898771,0.9159770610652412,0.8966766701456176,0.8993177550236464,0.8907602362094094,0.942290487607542,0.998657238612229,0.09142755083243564,0.05893656699116606,0.909576022144496,0.8945420424173454,0.8972073102677091,0.8940053768033609,0.883022221559489,0.8885729807284855,0.882460700459216,0.8709879204878082,0.872155773115577,0.8923881852665416,0.909576022144496,0.8940053768033609,0.8738990452492659,0.8841417617967617,0.8813341648478441,0.8733190911426957,0.8945420424173454,0.9174239316317033,0.950916263202557,0.6461858523613684,0.9276821300802534,0.9652087839910123,0.9961659689427445,0.8709879204878082,0.8961448216775953,0.8993177550236464,0.8950775061878452,0.9080687950400801,0.9070577591781597,0.8977367404274479,0.9029641411242579,0.9564170886165214,0.9906463319961226,0.0849938574523163,0.0840229389347587,0.9212261985035738,0.903480156071901,0.8982649590120981,0.8750555348152298,0.8818980143173211,0.8923881852665416,0.8982649590120981,0.9244858438145708,0.9710287263936483,0.37650049363862853,0.9188593583102194,0.8982649590120981,0.8885729807284855,0.8807691537683684,0.8802029828000155,0.8907602362094094,0.8902152036691648,0.872155773115577,0.88581229169386,0.8852566213878945,0.8668649322514382,0.8762074544478622,0.8835825759076499,0.8784975278258782,0.8762074544478622,0.8880232035332729,0.8896689824657371,0.902446898677957,0.8977367404274479,0.9045084971874737,0.9226309166109281,0.9230965830637821,0.9389914877139902,0.9592231906715436,0.9825082472361557,0.9999931461237134,0.9695471260473546
cosTheta,0.40189966886449263,0.5434367527222953,0.47965464634724925,0.2893542756630881,0.8650424083394216,0.8705105047910613,0.8650424083394216,0.8486480206728793,0.8668649422946731,0.8122863794219237,0.4003166855571702,0.4681090763360572,0.8850985347690807,0.8705105047910613,0.8723335222271821,0.8468274590991198,0.86322004664864,0.8668649422946731,0.8595758622648653,0.8450071252757246,0.8613978627735588,0.8814507491446919,0.8595758622648653,0.8286352843229204,0.8686876429626403,0.8850985347690807,0.8613978627735588,0.85228980488783,0.8668649422946731,0.8832745835938351,0.7760579120749974,0.501270112515095,0.8942198470628439,0.8832745835938351,0.7760579120749974,0.8759800017091586,0.8832745835938351,0.8650424083394216,0.8340902155652593,0.8322716312149072,0.8650424083394216,0.85228980488783,0.8359090664658281,0.8450071252757246,0.8050286169205682,0.3368362975954329,0.5197295739437523,0.8814507491446919,0.8668649422946731,0.8650424083394216,0.8504688044512568,0.8668649422946731,0.8832745835938351,0.86322004664864,0.8250000700976063,0.8268175328582282,0.5400358587944194,0.8850985347690807,0.8814507491446919,0.8668649422946731,0.8577540506726897,0.8705105047910613,0.8923953956046784,0.8613978627735588,0.8650424083394216,0.8778034526472047,0.8796270369773674,0.8541110164355151,0.8686876429626403,0.8869225971143573,0.8595758622648653,0.85228980488783,0.86322004664864,0.8723335222271821,0.8450071252757246,0.85228980488783,0.8595758622648653,0.8413671630595275,0.8268175328582282,0.8268175328582282,0.8086568101222078,0.7598103172934902,0.7131111848580168,0.6686118078730706
cosTau,0.12379254555213776,0.4729605935076124,0.26603509286971316,0.01658830569777031,0.3322742151248725,0.7723195175075135,0.813981528824669,0.8064535268264883,0.7715872249753353,0.8240599505315654,0.35214597497797673,0.3731210277075972,0.33145237078845896,0.7781478077501525,0.8200548497424778,0.8126213281678527,0.8029942001328555,0.8112573183188098,0.818039110138882,0.8247240241650918,0.8078307376628291,0.8153379037156432,0.8319631063261208,0.8313100241078688,0.7995117992577929,0.8146601955249188,0.8227288438619753,0.8227288438619753,0.8078307376628291,0.8160146513324255,0.8896689824657371,0.9578312966697806,0.0018273519045468034,0.77085410514137,0.8146601955249188,0.5695865504800327,0.7988125734877606,0.8057635200929156,0.8319631063261208,0.8220618148806933,0.8043807145043603,0.8092041976787772,0.8193839087577989,0.7896405861713394,0.8153379037156432,0.5392295478639225,0.39604415459112036,0.2254885910009342,0.7522638119075096,0.8098895158975701,0.8092041976787772,0.7967094433018507,0.8153379037156432,0.8160146513324255,0.7759684926560291,0.7839218725265507,0.6436802599248561,0.040089251339131216,0.7832031184624164,0.8112573183188098,0.813981528824669,0.7953028338099627,0.8200548497424778,0.8267103019950527,0.8105738901391552,0.8112573183188098,0.8233948897552297,0.8187119948743449,0.8098895158975701,0.8173652566011338,0.8220618148806933,0.8173652566011338,0.8092041976787772,0.8187119948743449,0.8213938048432696,0.8050725819506339,0.8092041976787772,0.816690436313775,0.818039110138882,0.8029942001328555,0.8085179375703744,0.7917706056780588,0.7634778977483387,0.7128896457825363
sinPhi,0.002648591441412884,0.02501397423767382,0.0010421908639104416,0.039407297217139425,0.06059144366901731,0.0461112607335456,0.03575708655954318,0.040089251339131216,0.03706470759500258,6.168375916970614e-05,0.006857199231384281,0.040089251339131216,0.06742428971514774,0.05060297685041654,0.0407768093284564,0.03772698319384338,0.05175678480827972,0.04538194547646579,0.04146996280743798,0.043582911383478584,0.056092307431799326,0.044658169596911546,0.02926472759398102,0.030153689607045786,0.056092307431799326,0.047958725169610805,0.03974757327377981,0.04252016607508757,0.04538194547646579,0.03289776283948531,6.168375916970614e-05,0.12494446518477031,0.05292288158031594,0.021847622018482282,0.0003685417946894254,0.06830222469661418,0.05214411988029355,0.035111757055874215,0.02926472759398102,0.03258716180199278,0.04721560049443019,0.03352323258725548,0.03289776283948531,0.022619600248601213,0.00040280244277701716,0.011663860832915984,0.027240712200341577,0.062267736499991067,0.048332353568349584,0.038394891443509604,0.044658169596911546,0.05292288158031594,0.04393994191386341,0.034472092068735805,0.029855936494790625,0.009522422325404178,0.015926179810946184,0.05852620357053656,0.047958725169610805,0.041818635218880185,0.04574591123663918,0.054496737905816106,0.04501936456172839,0.035433714232971925,0.053314305836081266,0.04946148933895422,0.04252016607508757,0.04393994191386341,0.05410123519739296,0.046846106481674976,0.040089251339131216,0.04501936456172839,0.046477992854267625,0.041122687158009485,0.031663905375801216,0.04216870333021955,0.03873095527187681,0.027240712200341577,0.026957320586227407,0.026957320586227407,0.01658830569777031,0.006572141796596376,0.005363833518505778,0.0019026509541272274
sinPsi,0.7619929529850396,0.8071426000494717,0.8614835729547843,0.6832506133621485,0.22257778627600033,0.19561928549563967,0.19909248842397587,0.1880602016453069,0.2668066798300544,0.46338090143618416,0.7882161580848965,0.7355059406097049,0.21321178182447698,0.19285739995052842,0.19631208013835666,0.19216926233717085,0.17860619515673037,0.1853398044750813,0.17793818511930676,0.1647866905206004,0.1660837222644767,0.19011048410243003,0.21321178182447698,0.19216926233717085,0.1680368936738792,0.17994515025752228,0.1766051102447702,0.16738482267281957,0.19285739995052842,0.22475962995750226,0.2839571255990089,0.9781523779815178,0.2409864953134349,0.31674938663785135,0.43819926162975364,0.1647866905206004,0.1949274180493662,0.19909248842397587,0.1935464731735118,0.21107118780824735,0.20964852214453011,0.1970057998671445,0.20399341060039022,0.29583476980930756,0.40373901673704626,0.7788725544898452,0.7774222137239997,0.23061460749656854,0.2046971661900373,0.19770044256881258,0.1693440673381741,0.1772711561380247,0.19011048410243003,0.19770044256881258,0.23578083263882643,0.3322742151248725,0.9845078657034347,0.22694901949278545,0.19770044256881258,0.1853398044750813,0.17594004946843456,0.17527597583490817,0.1880602016453069,0.1873786718321474,0.1660837222644767,0.18196088986111797,0.18128800512565513,0.16027934786924175,0.17065526994065977,0.1792751842154211,0.1732896980049473,0.17065526994065977,0.18466209628435687,0.1866980943177698,0.20329055669814927,0.1970057998671445,0.20610737385376343,0.23282382530508688,0.23356186196463496,0.2606540710296966,0.3022272487185175,0.3689054106795676,0.4973820180842902,0.671829847292808
sinTheta,0.7492942679152003,0.8716915405751109,0.8223673356164986,0.6142376016048455,0.9972256483158515,0.9977365354255,0.9972256483158515,0.9953816413449323,0.9974017115692927,0.9896139680051544,0.7476472763651796,0.8124502376928284,0.9988450585566723,0.9977365354255,0.997895295008335,0.9951479367139084,0.9970438182214219,0.9974017115692927,0.9966628597427053,0.994908471570965,0.9968562218398896,0.9986025506526787,0.9966628597427053,0.9924941883966378,0.9975720074454255,0.9988450585566723,0.9968562218398896,0.9958317662411548,0.9974017115692927,0.9987266903113869,0.9815490655588617,0.8401032724229833,0.9993503165771815,0.9987266903113869,0.9815490655588617,0.9981955070654223,0.9987266903113869,0.9972256483158515,0.9933507520403837,0.9930709847210485,0.9972256483158515,0.9958317662411548,0.993624764322336,0.994908471570965,0.9881844916547154,0.675869418215168,0.854412941052128,0.9986025506526787,0.9974017115692927,0.9972256483158515,0.9956095847521328,0.9974017115692927,0.9987266903113869,0.9970438182214219,0.9918943823771844,0.9921971611485837,0.8692875455201764,0.9988450585566723,0.9986025506526787,0.9974017115692927,0.9964637325188842,0.9977365354255,0.9992608104559126,0.9968562218398896,0.9972256483158515,0.9983369586251768,0.9984726399586985,0.9960481851351943,0.9975720074454255,0.9989576550279643,0.9966628597427053,0.9958317662411548,0.9970438182214219,0.997895295008335,0.994908471570965,0.9958317662411548,0.9966628597427053,0.994412262684677,0.9921971611485837,0.9921971611485837,0.9889107128456969,0.9771729041798275,0.9619389051266963,0.9436831608702037
sinTau,0.17065526994065983,0.0007316648368941858,0.05811718495565338,0.37227712103210475,0.0289712736063516,0.919335283972712,0.8891215742630105,0.8950775061878452,0.9198099322672066,0.8807691537683684,0.9776391810611718,0.01636612361206158,0.029264727593981077,0.9154922346371641,0.8841417617967617,0.8902152036691648,0.8977367404274479,0.891304078426207,0.88581229169386,0.8802029828000155,0.894005376803361,0.8880232035332729,0.8738990452492659,0.874477860394501,0.9003656854743667,0.8885729807284855,0.8818980143173211,0.8818980143173211,0.894005376803361,0.8874722443520897,0.8133019056822302,0.70097388832798,0.5427084615686838,0.9202833017478421,0.8885729807284855,0.9951340343707852,0.900887822121877,0.895611766483745,0.8738990452492659,0.8824607004592159,0.8966766701456176,0.892928446587701,0.8846997775234475,0.907563897864277,0.8880232035332729,0.9984586668665639,0.010926199633097211,0.08209631931586481,0.9316977753033858,0.8923881852665414,0.892928446587701,0.902446898677957,0.8880232035332729,0.8874722443520897,0.916942911033584,0.911568184267221,0.9789112474226573,0.3038314416982193,0.9120630943110078,0.891304078426207,0.8891215742630105,0.903480156071901,0.8841417617967617,0.8784975278258782,0.8918467286629199,0.891304078426207,0.8813341648478441,0.8852566213878946,0.8923881852665414,0.8863667867486755,0.8824607004592159,0.8863667867486755,0.892928446587701,0.8852566213878946,0.883022221559489,0.8961448216775953,0.892928446587701,0.8869201048632531,0.88581229169386,0.8977367404274479,0.8934675109806687,0.906041763445903,0.924946346493432,0.9524135262330098
hhm0,0.3606695264530238,0.33316511060644294,0.3206325174531079,0.41752880814197996,0.11901757927496003,0.22348389267390023,0.20211960635881907,0.43586508537303387,0.09672806796198166,0.21852132223063334,0.12507359744301455,0.32450164017158717,0.3609218605433594,0.3144923879216082,0.36916477416098914,0.4921355875178736,0.5230044579022626,0.37639835141727646,0.28925897888804775,0.46370594667339554,0.36529565144250986,0.5683404827992261,0.2833711834468836,0.8411136344520144,0.5727983850618218,0.3541088401042981,0.3834637059466734,0.4384725376398351,0.3330809992429977,0.20228782908570947,0.43779964673227345,0.36546387416940024,0.3437631424005383,0.39557574228278236,0.40852889225334343,0.05113970897468248,0.23147447220119438,0.5924804441079989,0.4849020102615863,0.3812768104970981,0.35209016738161325,0.38380015140045415,0.643031373538565,0.4683320716628816,0.624610984944066,0.4632853898561695,0.5683404827992261,0.3670619900748591,0.2631003448565901,0.34603414921355874,0.376230128690386,0.2645302380351585,0.33770712423248384,0.56161157372361,0.3891832786609471,0.2976701152325679,0.5321725965177896,0.43182773992766416,0.2993523425014719,0.17570863823702582,0.620068971318025,0.3606695264530238,0.20153082681470266,0.2979224493229035,0.2803431743628564,0.3030532424930608,0.42896795357052736,0.03667255446210783,0.31701572882496426,0.19135335183783328,0.24417528808141978,0.8411136344520144,0.37749179914206404,0.21591386996383208,0.2139793086045925,0.3026326856758348,0.1581293632769787,0.3107914879300193,0.3378753469593742,0.19656825637143577,0.16014803599966357,0.28917486752460253,0.3533518378332912,0.05172848851879889
hhm1,0.7903264048051845,0.35193234805974866,0.5627914328617718,0.7903264048051845,0.5284122342527463,0.7903264048051845,0.6241207618746542,0.6524144471666798,0.47182486366869514,0.49055559946257804,0.511736347111357,0.5777286019125898,0.7903264048051845,0.7903264048051845,0.5398719671224216,0.7903264048051845,0.5432703706630838,0.7903264048051845,0.6613451355409784,0.5537026792065123,0.4406069706788903,0.5582865723543824,0.6363708211491346,0.48952817513633123,0.5774124713506678,0.7903264048051845,0.6224610764245633,0.7903264048051845,0.4832055638978898,0.38417766537580017,0.6806290998182248,0.4356279143286177,0.47688295265944836,0.46929581917331853,0.657472536157433,0.39547933296451426,0.6136094206907452,0.7903264048051845,0.7903264048051845,0.516478305540188,0.5695882399430965,0.7042598593218999,0.7903264048051845,0.7903264048051845,0.7903264048051845,0.5711688927527069,0.6385047024421086,0.7903264048051845,0.6362917885086541,0.5572591480281356,0.6890065597091598,0.5386864775152137,0.6036513079902,0.5101556943017466,0.5026475934560973,0.48802655496720143,0.5327590294791749,0.7464632893384967,0.6502805658737058,0.6889275270686793,0.5116573144708764,0.449853789615111,0.6927210938117442,0.7903264048051845,0.4737216470402276,0.5603414210068759,0.6351853315419268,0.4102584367343713,0.7903264048051845,0.4771990832213704,0.7903264048051845,0.5751205247767328,0.5486445902157591,0.7217260728680944,0.6088674622619141,0.6337627440132774,0.4976685371058247,0.7903264048051845,0.6399272899707579,0.38836639532126765,0.7903264048051845,0.7903264048051845,0.4549909112463447,0.7903264048051845
hhm2,0.3299571805006588,0.4130434782608696,0.4022562582345191,0.3871870882740448,0.5131752305665349,0.3218050065876153,0.4298418972332016,0.5387022397891964,0.3859519104084322,0.3224637681159421,0.6094367588932806,0.3528491436100132,0.3839756258234519,0.32929841897233203,0.31982872200263507,0.39089262187088275,0.6829710144927537,0.3848814229249012,0.5590415019762845,0.5445487483530962,0.5939558629776022,0.22611989459815549,0.6813241106719368,0.565711462450593,0.8234519104084322,0.4202075098814229,0.8234519104084322,0.8234519104084322,0.3959156785243742,0.43577075098814233,0.6091073781291173,0.3374505928853755,0.4604743083003953,0.23558959156785247,0.40126811594202905,0.6324110671936759,0.4972002635046114,0.5307147562582345,0.4715909090909091,0.5750164690382082,0.5526185770750989,0.6112483530961792,0.5377140974967063,0.5277503293807643,0.18264163372859027,0.41156126482213445,0.09288537549407115,0.3744235836627141,0.33234519104084326,0.28680830039525695,0.8234519104084322,0.8234519104084322,0.3532608695652174,0.7166501976284585,0.8234519104084322,0.2909255599472991,0.16979578392621872,0.28442028985507245,0.21837944664031622,0.41386693017127807,0.8234519104084322,0.4106554677206851,0.4019268774703557,0.8234519104084322,0.5363142292490118,0.19202898550724637,0.4305006587615284,0.5606884057971014,0.8234519104084322,0.2792325428194994,0.8234519104084322,0.8234519104084322,0.31579380764163373,0.3680830039525692,0.47620223978919635,0.3711297760210804,0.4361824769433465,0.3773056653491436,0.33761528326745716,0.38092885375494073,0.33942687747035577,0.39822134387351776,0.2722332015810277,0.8234519104084322
hhm3,0.20635552723797387,0.27437081873208025,0.5480248486779229,0.49044281618349794,0.46702771583306785,0.29587448231920993,0.37655304237018156,0.5619624084103217,0.33346607199745143,0.3963841987894233,0.4748327492832112,0.3963045555909525,0.3186524370818732,0.15251672507167888,0.15641924179675054,0.3317139216310927,0.4251353934374005,0.26234469576298186,0.4061006690028672,0.7964319847085058,0.4790538388021663,0.07096208983752787,0.3544122331952851,0.5197515132207708,0.7964319847085058,0.3041573749601784,0.5359987257088243,0.7964319847085058,0.2166294998407136,0.28090156100669,0.4428161834979293,0.2167887862376553,0.3687480089200382,0.17529467983434213,0.48558458107677605,0.6225708824466389,0.408330678560051,0.406180312201338,0.7964319847085058,0.4698948709780184,0.45954125517680794,0.562360624402676,0.7964319847085058,0.5601306148454922,0.06857279388340236,0.33354571519592224,0.26999044281618345,0.3438993309971328,0.31148454921949664,0.07008601465434852,0.7964319847085058,0.5018317935648295,0.37703090156100666,0.7964319847085058,0.6664542848040776,0.12655304237018158,0.47539025167250715,0.2241956036954444,0.14240203886588085,0.33744823192099394,0.7964319847085058,0.28838802166294997,0.2155144950621217,0.6175533609429754,0.7964319847085058,0.20388658808537752,0.07605925453966231,0.7964319847085058,0.5194329404268875,0.22539025167250717,0.4112774769034724,0.5121854093660402,0.27230009557183815,0.22236381013061485,0.3337050015928639,0.36675692895826695,0.3905702453010513,0.2740522459381969,0.18644472762026124,0.25844217903791017,0.2969894870978018,0.26903472443453325,0.3545715195922268,0.7964319847085058
hhm4,0.49010580728535663,0.6283014296098861,0.37799854615943784,0.40626766820127613,0.6672320491075034,0.7190856958242469,0.4682174299329618,0.3738793312333414,0.4686212745335595,0.6259591309264195,0.4777481625070673,0.6671512801873839,0.6763589370810112,0.5648170583959293,0.6695743477909701,0.80768920119538,0.5741862531297957,0.6749050965188595,0.4247637509086504,0.4083676601243842,0.80768920119538,0.80768920119538,0.47726354898635004,0.4733866408206122,0.13254179791616186,0.6004361521686454,0.38728697197318473,0.6307244972134723,0.47952507874969713,0.6738551005573056,0.32574105484209676,0.4426944511751878,0.5187787739277926,0.6464744366367822,0.37799854615943784,0.5081980453921331,0.4965673208949197,0.6218399160003231,0.689847346740974,0.80768920119538,0.80768920119538,0.47790970034730634,0.38728697197318473,0.80768920119538,0.80768920119538,0.5324287214279946,0.80768920119538,0.6516436475244326,0.4284791212341491,0.4737097165010904,0.5768516274937404,0.34714481867377434,0.42371375494709634,0.3809869962038608,0.498425006057669,0.4581213149180196,0.5006057669008965,0.4866327437202165,0.7222356837089088,0.5391325417979161,0.3341410225345287,0.7016396090784267,0.7361279379694694,0.6267668201276149,0.4737097165010904,0.48647120587997733,0.80768920119538,0.6193360794766174,0.3392294645020596,0.6713512640335999,0.4993134641789839,0.42888296583474683,0.6363783216218399,0.48332121799531547,0.356998626928358,0.5619901461917454,0.6686858896696551,0.37420240691381956,0.80768920119538,0.80768920119538,0.80768920119538,0.80768920119538,0.80768920119538,0.80768920119538
hhm5,0.3341616964877402,0.2943174287607687,0.5179754804506295,0.4023359840954274,0.5712392312789927,0.37690523525513586,0.3327534791252485,0.707090788601723,0.37268058316766073,0.25952617627567925,0.41824055666003973,0.4456593770709078,0.5798542080848244,0.38593439363817095,0.4153412856196156,0.5567428760768721,0.6049536116633532,0.8283631544068919,0.6409045725646123,0.6645957587806495,0.02866136514247846,0.3886679920477137,0.48301855533465865,0.8283631544068919,0.8283631544068919,0.6049536116633532,0.8283631544068919,0.6755301524188204,0.5181411530815109,0.43903247183565275,0.5273359840954275,0.2538933068257124,0.48467528164347246,0.4076375082836315,0.4229622266401591,0.40639496355202115,0.11853876739562624,0.8283631544068919,0.8283631544068919,0.8283631544068919,0.046305500331345256,0.8283631544068919,0.8283631544068919,0.5218687872763419,0.36779324055666,0.5041418157720344,0.34012591119946983,0.42254804506295557,0.3913187541418157,0.43339960238568587,0.5136679920477136,0.49693505632869445,0.5383532140490391,0.5822564612326043,0.718025182239894,0.4160039761431411,0.6082670642809808,0.47953943008614974,0.36746189529489726,0.6770212060967528,0.6085984095427436,0.4919648774022531,0.5022365805168986,0.741467859509609,0.5627899271040424,0.39620609675281643,0.5394300861497681,0.48144466534128566,0.8283631544068919,0.45593108018555334,0.5468853545394301,0.708416169648774,0.5090291583830351,0.4289264413518887,0.6003147779986746,0.3425281643472498,0.4033300198807157,0.3728462557985421,0.46413187541418155,0.3398774022531478,0.2762591119946985,0.4165009940357853,0.2261431411530815,0.8283631544068919
hhm6,0.3763796020301297,0.3765407234351083,0.601305083380327,0.41400145009264483,0.4651574961733666,0.5073713042777733,0.5089825183275598,0.5790703294932732,0.7384999597196487,0.4920647708048014,0.6421493595424151,0.4633851607186015,0.46201562877628294,0.3099975831789253,0.511238217997261,0.3446386852493354,0.5226778377507452,0.6055748006122613,0.6844437283493112,0.47401917344719247,0.6281317973092725,0.5891404173044388,0.3282848626440022,0.40014500926448077,0.3754934343027471,0.5318617578345283,0.38878595021348583,0.805607024893257,0.2917103037138484,0.38572464351889146,0.30323048416982196,0.2563441553210344,0.4368806895996133,0.4914202851848868,0.28615161524208493,0.5520019334568598,0.805607024893257,0.475630387496979,0.5640860388302587,0.3902360428582937,0.5221944735358092,0.40143398050431,0.43825022154193183,0.805607024893257,0.6289374043341657,0.48368645774591157,0.5279142834125513,0.5462015628776282,0.4435672279062273,0.520663820188512,0.5650527672601305,0.42092967050672675,0.15282365262225087,0.47506646257955365,0.805607024893257,0.5244501732055102,0.4141625714976234,0.4405864819141223,0.4557318939821155,0.6174172238781922,0.805607024893257,0.31805365342785785,0.5195359703536615,0.38878595021348583,0.805607024893257,0.47136067026504463,0.3788769838072988,0.4782888906791267,0.49536775960686374,0.5138967211794087,0.5283976476274873,0.5981632159832434,0.3916861355031016,0.48118907596874244,0.14984290663014582,0.30226375573995,0.5431402561830339,0.581003786353017,0.37275437041811005,0.38717473616369935,0.4683799242729397,0.2776927414807057,0.805607024893257,0.805607024893257
hhm7,0.26274178692047895,0.5848940743015045,0.24808105618667486,0.45225667792447033,0.3259134172551428,0.5706938900828984,0.32890696960393,0.31662572919864906,0.49539453484801965,0.44933988332821617,0.3837120049124962,0.5598710469757446,0.3792600552655818,0.6677924470371508,0.47213693583051886,0.7675775253300584,0.551734725207246,0.4957015658581517,0.2447037150752226,0.2524562480810562,0.7675775253300584,0.6403899293828678,0.4024408965305496,0.21023948418790298,0.5620970217992017,0.513739637703408,0.3278323610684679,0.13240712311943506,0.6032391771568929,0.45018421860607927,0.25521952717224444,0.5357691126803807,0.36859072766349404,0.43337427080135094,0.4380564937058643,0.49731347866134484,0.644304574762051,0.7675775253300584,0.06524408965305496,0.4695271722443967,0.2553730426773104,0.38233036536690207,0.28361989560945655,0.3333589192508444,0.5100552655818238,0.22298127110838195,0.7675775253300584,0.3794903285231809,0.6202026404666872,0.5747620509671477,0.22021799201719375,0.2603622965919558,0.49009824992324225,0.31977279705250233,0.2252072459318391,0.48986797666564325,0.5764507215228738,0.551657967454713,0.5547282775560332,0.37012588271415414,0.42155357691126805,0.4413570770647835,0.4140313171630335,0.5571077678845564,0.19020571077678847,0.5934141848326682,0.5175007675775254,0.4597021799201719,0.24385937979735953,0.4393613754989254,0.2996622658888548,0.2729505680073688,0.5453638317470065,0.4120356155971754,0.6294903285231809,0.3632176849861836,0.3771875959471907,0.5643997543751919,0.6020878108688977,0.5059103469450414,0.315704636168253,0.434218606079214,0.7675775253300584,0.7675775253300584
hhm8,0.5137439247868696,0.5590789578519639,0.4743845111943271,0.5308740339415186,0.4416381164847422,0.5169309218388973,0.44291291530555327,0.7967492630069316,0.37574695243406897,0.3770217512548801,0.3244362998964226,0.37861524978089395,0.44092104214803596,0.4088917217751573,0.33184606804238703,0.3261891482750378,0.07202613337582661,0.30125089634292085,0.3398135606724563,0.6642498605688789,0.6300693171858816,0.34308023265078474,0.23846705441797464,0.7967492630069316,0.7967492630069316,0.323559875707115,0.19289299657397815,0.7967492630069316,0.2108198549916341,0.29925902318540354,0.36690303561469206,0.46490319496454463,0.35774041909011234,0.248506095131862,0.3989323559875707,0.46633734363795715,0.5535813879372161,0.03322444426738905,0.5997928451916181,0.5606724563779778,0.6107879850211138,0.4362202214962951,0.7967492630069316,0.7967492630069316,0.47271133774201257,0.5738188192175921,0.4049876503864233,0.3216476774758983,0.35487212174328736,0.5035455342203808,0.7967492630069316,0.48203330411919365,0.34547048043980555,0.6994661779937853,0.7967492630069316,0.37853557485459327,0.7324515974822723,0.34794040315512703,0.3429208827981834,0.3414070591984702,0.7967492630069316,0.1622181499482113,0.33399729105250575,0.07306190741773563,0.5853716835311927,0.32029320372878656,0.26738905266512625,0.5478447932435662,0.37255995538204123,0.2936021034180543,0.4364592462751971,0.7967492630069316,0.2389451039757788,0.2815711895466496,0.3891323400525854,0.2449207234483308,0.26730937773882557,0.1781531352083499,0.31176798661461236,0.37112580670862877,0.2955939765755716,0.28443948689347465,0.18819217592223725,0.7967492630069316
hhm9,0.41856232939035487,0.4153362561005873,0.10348250475639009,0.19430887583753825,0.26784680287865,0.5332120109190173,0.3001902556042683,0.04309703035817685,0.3838200016543965,0.4796922822400529,0.23393167342211926,0.35966581189511126,0.3044916866572917,0.41798329059475553,0.4769625279179419,0.5474398213251717,0.36959219124824216,0.4857308296798743,0.29117379435850776,0.051534452808338155,0.4973116055918603,0.6885598477955166,0.3809248076764,0.04665398295971544,0.386053437008851,0.37000579038795595,0.12656133675241954,0.3557779799818016,0.3610720489701381,0.39672429481346677,0.15915294896186613,0.438332368268674,0.39358094135164196,0.4274960708081727,0.12796757382744645,0.8271982794275787,0.4930101745388369,0.6245347009678219,0.24849036314004466,0.45462817437339725,0.8271982794275787,0.4068161138224832,0.043676069153776156,0.034163288940359006,0.6898006452146579,0.18032922491521217,0.5104640582347588,0.22781040615435516,0.5321366531557614,0.4717511787575482,0.07113905203077177,0.09942923318719496,0.3022582513028373,0.0746132848043676,0.07767391843824964,0.687732649516089,0.485813549507817,0.4356853337745057,0.5076515840847051,0.23434527256183305,0.02688394408139631,0.4141781785093887,0.404169079328315,0.5059971875258499,0.3890313508147903,0.3928364629001571,0.37166018694681113,0.42857142857142855,0.21258995781288773,0.5096368599553313,0.2751261477376127,0.04508230622880304,0.33112747125485975,0.37678881627926214,0.5198941186202332,0.37116386797915457,0.583174786996443,0.4444536355364381,0.43891140706427323,0.6591943088758375,0.4904458598726114,0.8271982794275787,0.522706592770287,0.8271982794275787
hhm10,0.4425164408525473,0.4574122494255606,0.4439426352903891,0.584898185563743,0.4692179700499168,0.5713493384042468,0.19475477378971554,0.5012281118770304,0.4620869978607084,0.48918469217970045,0.304888677600824,0.7322716108073846,0.47587354409317806,0.5328420885825211,0.4463196260201252,0.7923302432453847,0.5295935345852151,0.47999366135805405,0.16646858410585533,0.45558988986609616,0.6007447904286507,0.7923302432453847,0.45947230805799855,0.5193724744473497,0.5090721812851596,0.5600982489501624,0.41011013390381107,0.4925124792013311,0.45194517074716745,0.54591553759607,0.29569764677917754,0.7923302432453847,0.5806196022502179,0.5718247365501942,0.37699072973615405,0.7923302432453847,0.7923302432453847,0.5997939941367562,0.5663576578718009,0.5214325330797877,0.7923302432453847,0.043815862451469775,0.34854607400364473,0.430552254179542,0.7923302432453847,0.13398304413279455,0.49615719832025984,0.5692892797718089,0.5520164804690595,0.6978844782505348,0.4853815070121227,0.47959749623643133,0.35456778385230964,0.2055304650978528,0.2352428492195547,0.7923302432453847,0.7275968623722368,0.5163616195230172,0.5527295776879804,0.3321448379684653,0.47864669994453685,0.5717455035258696,0.4976626257824261,0.4720703589256002,0.5009111797797322,0.5066951905554234,0.5137469297203074,0.6432929244909278,0.21947547737897152,0.6409951667855163,0.4082877743443467,0.5587512875366453,0.4366531970525315,0.460423104349893,0.6530385864828461,0.441882576657951,0.4643847555661199,0.46398859044449725,0.6558117423342049,0.4578876475715078,0.5103399096743523,0.7923302432453847,0.405673084541637,0.7923302432453847
hhm11,0.36113813229571984,0.3323605706874189,0.3963197146562905,0.29904345006485084,0.5226167315175098,0.35773346303501946,0.45800907911802846,0.5463683527885863,0.38488975356679633,0.2547827496757458,0.4336900129701686,0.40199416342412453,0.43304150453955903,0.4088845654993514,0.3125,0.45192931258106356,0.47033073929961094,0.3476005188067445,0.40653372243839164,0.5124027237354085,0.686689364461738,0.3325226977950713,0.41115434500648507,0.8106355382619974,0.624594682230869,0.4053988326848249,0.5007295719844358,0.8106355382619974,0.4441472114137484,0.33787289234760054,0.49173151750972766,0.33698119325551235,0.4609273670557717,0.31922827496757455,0.28672178988326846,0.8106355382619974,0.40296692607003887,0.49724383916990916,0.8106355382619974,0.8106355382619974,0.45330739299610895,0.570201037613489,0.8106355382619974,0.8106355382619974,0.4840304798962386,0.4974059662775616,0.38367380025940334,0.16164072632944226,0.3826199740596628,0.5783884565499352,0.6922016861219196,0.49797341115434496,0.29134241245136183,0.666828793774319,0.8106355382619974,0.26442931258106356,0.22211413748378725,0.42404345006485084,0.3788910505836576,0.5075389105058365,0.8106355382619974,0.3398994811932555,0.36219195849546043,0.4777075226977951,0.6803664072632944,0.3037451361867704,0.5248865110246432,0.6643158236057068,0.4952983138780804,0.35440985732814523,0.6786640726329443,0.6061121919584954,0.3776750972762646,0.32976653696498054,0.3868352788586252,0.32782101167315175,0.38991569390402075,0.28453307392996113,0.29150453955901423,0.4372568093385214,0.3870784695201037,0.35732814526588846,0.36097600518806744,0.8106355382619974
hhm12,0.27048225518366076,0.1320183272501359,0.49607827910227537,0.5239574435039217,0.3521783023996272,0.458569542595325,0.5010483808340451,0.4516579948745826,0.3842509901374544,0.43022443115632514,0.37524268074862155,0.14195853071367553,0.09513085345965674,0.3134270404597344,0.4452900520307525,0.5785509047138309,0.4807796847091714,0.4407082394967772,0.7765783955890346,0.712743651471616,0.5302477285081928,0.46951929797313036,0.5168129222645026,0.6439388056224276,0.3967539023064378,0.07905568067096373,0.5648831249514639,0.4583365690766482,0.5146385027568532,0.33416168362196164,0.7765783955890346,0.5133959773239108,0.09070435660479925,0.3476741477052108,0.3886774869923118,0.45888017395356057,0.20843364137609693,0.47153840180166184,0.5599130232196939,0.7765783955890346,0.7765783955890346,0.544692086666149,0.5660479925448474,0.5747456705754446,0.4669565892676865,0.56798943853382,0.20734643162227226,0.2969635784732469,0.35893453444125184,0.41966296497631433,0.7765783955890346,0.7309155859283994,0.3376562864021123,0.7765783955890346,0.4138386270093966,0.5089694804690533,0.6360953638269783,0.11167197328570319,0.41453754756542677,0.7765783955890346,0.6260775025238797,0.629882736662266,0.3653024772850819,0.3916284848955502,0.4668012735885687,0.40638347441174183,0.6479770132794905,0.48714762755300145,0.5830550594082472,0.4441251844373689,0.7765783955890346,0.613807563873573,0.3746990758717092,0.4032771608293857,0.4095674458336569,0.40514094897879943,0.39388056224275836,0.41080997126659935,0.3453444125184437,0.30791333385105224,0.3684864487069969,0.3444125184437369,0.286402112293236,0.7765783955890346
hhm13,0.3160254897333019,0.35410274565337113,0.38911179293525294,0.5733616552592243,0.42813311305168755,0.3183856502242153,0.3458421839351743,0.7163873810085752,0.37801903862796005,0.30288726300055074,0.4287624891825978,0.41963653528439937,0.37770435056250495,0.18716072692943123,0.16859413106757926,0.07764928015105027,0.41373613405711596,0.09306899535835104,0.3262528518605932,0.6232397136338605,0.7867201636377941,0.37652427031704827,0.2662261033750295,0.7867201636377941,0.5850051136810637,0.380536543151601,0.3500118008024546,0.5403980804028007,0.22759814334041384,0.2723625206514043,0.3553614979151916,0.24781685154590513,0.4042954920934624,0.3578790024388326,0.3275116041224137,0.7020690740303674,0.470065297773582,0.37935646290614433,0.5163244433954842,0.7867201636377941,0.6046731177720085,0.5105027141845646,0.7867201636377941,0.6642278341593896,0.34395405554244357,0.3894264810007081,0.47124537801903865,0.2723625206514043,0.33600818188970183,0.3160254897333019,0.45260011014082296,0.4365510188026119,0.32837699630241524,0.6527417197702777,0.5764298638974118,0.32995043662969087,0.6457399103139014,0.3397057666587995,0.3504838329006373,0.3910785933443474,0.47384155455904337,0.2996617103296358,0.2564707733459209,0.32428605145149875,0.5789473684210527,0.2727558807332232,0.28172449059869403,0.6746125403194084,0.3834474077570608,0.2938399811187161,0.4827314924081505,0.5334749429627882,0.18668869483124856,0.29140114861143895,0.31350798520966094,0.18849815120761548,0.2679568877350327,0.2452206750059004,0.22036031783494614,0.26748485563685004,0.3475729682951775,0.14475651010935411,0.2670128235386673,0.7867201636377941
hhm14,0.4795308009011108,0.44993397032548743,0.48155053212149457,0.5113027266371475,0.5440068360133613,0.42546414977083813,0.48698827002252776,0.5792744504000621,0.43719412724306683,0.5991610347238405,0.5257515730598927,0.48986250291307387,0.42942593024159087,0.4376602190631554,0.4043346539268235,0.2723529868717471,0.18760195758564435,0.30847510292861025,0.4086848442476501,0.7768197001475957,0.4542064786762992,0.42414355628058725,0.13516662782568165,0.598384215023693,0.5551153577254718,0.42297832673036584,0.2997747222869572,0.5386467800823429,0.33348869727336283,0.2623320127398431,0.3973432766254952,0.36945544939019653,0.40783034257748774,0.310805562029053,0.4328439369222403,0.5520080789248815,0.46430513477821794,0.31919521479064705,0.6359046065408218,0.5712732074885419,0.38336052202283843,0.35935679328827774,0.5025246640254797,0.6495766332634195,0.4917268701934281,0.5482016623941582,0.4105492115280043,0.4290375203915171,0.3115046997591859,0.6177270255573681,0.5697972500582614,0.39540122737512623,0.3687563116600637,0.4687330070690593,0.7768197001475957,0.38631243688339933,0.43913617649343584,0.3474714518760195,0.38809912219373877,0.4181620445894508,0.4904062767031771,0.20438126310883242,0.39128408296434397,0.25192262875786525,0.7768197001475957,0.4132680804785209,0.41093762137807816,0.6501204070535228,0.3863901188534141,0.318573759030529,0.682047696729589,0.5073409461663948,0.22683135244309793,0.35500660296745123,0.4128019886584323,0.3602112949584401,0.31725316554027805,0.39470208964499337,0.3682902198399751,0.3421890779150159,0.483337217431834,0.3465392682358424,0.4624407674978637,0.7768197001475957
hhm15,0.2014173228346457,0.3096062992125984,0.3322047244094488,0.268503937007874,0.27401574803149603,0.11007874015748031,0.25,0.3933858267716535,0.2789763779527559,0.1816535433070866,0.29094488188976375,0.17480314960629922,0.3025984251968504,0.3455905511811024,0.40094488188976374,0.32669291338582673,0.4016535433070866,0.3867716535433071,0.3151181102362205,0.5374015748031495,0.5415748031496063,0.338503937007874,0.3851968503937008,0.387244094488189,0.37181102362204727,0.29889763779527556,0.36543307086614174,0.3974803149606299,0.30173228346456693,0.27692913385826773,0.3078740157480315,0.32070866141732285,0.3194488188976378,0.2986614173228347,0.3548031496062992,0.3500787401574803,0.2768503937007874,0.4656692913385827,0.7874015748031495,0.322992125984252,0.6477952755905512,0.5711811023622048,0.5240157480314961,0.44614173228346454,0.425984251968504,0.4239370078740157,0.3207874015748031,0.3563779527559055,0.14299212598425198,0.3337007874015748,0.5244094488188976,0.37149606299212595,0.37173228346456694,0.41637795275590556,0.5933070866141732,0.287244094488189,0.10196850393700788,0.38779527559055116,0.2803937007874016,0.18716535433070866,0.48307086614173234,0.3351968503937008,0.21905511811023623,0.41102362204724413,0.7874015748031495,0.30976377952755907,0.4923622047244094,0.46307086614173226,0.41771653543307086,0.294251968503937,0.3083464566929134,0.5073228346456693,0.3877165354330709,0.22614173228346457,0.25543307086614175,0.3185826771653543,0.28614173228346457,0.26086614173228345,0.2743307086614173,0.2625984251968504,0.26551181102362204,0.275748031496063,0.2951968503937008,0.21818897637795276
hhm16,0.40572733947948114,0.3427429224116831,0.3683609366076528,0.11634168230398956,0.2658072937913029,0.3395610671453047,0.30586603573468224,0.5884800522150608,0.44170677979929834,0.312229746267439,0.46218487394957986,0.2531614587582606,0.3668108019906992,0.44170677979929834,0.35057518152892225,0.3433140246389818,0.37904870686138536,0.345761605613119,0.3817410459329363,0.464958799053602,0.6414293872888961,0.6221750836256832,0.46389818063147586,0.5969649995920698,0.4700171330668189,0.3901444072774741,0.5484213102716815,0.4643876968263034,0.521497919556172,0.37015582932202007,0.31019009545565795,0.4213918577139593,0.33246308232030675,0.34657746593783145,0.5037121644774414,0.29354654483152487,0.3749694052378233,0.5818715835848902,0.8158603247124092,0.03516357999510484,0.46569307334584314,0.4869054417883658,0.4223708901036143,0.5042016806722689,0.4249000571102228,0.4068695439340785,0.5530717141225422,0.33703190013869627,0.27045769764216365,0.4487231785918251,0.5174186179326099,0.537080851758179,0.3948763971608061,0.4633270784041772,0.3974871501998858,0.36778983438035406,0.38410704087460223,0.37700905604960433,0.3570204780941503,0.3974871501998858,0.4784204944113568,0.34674063800277394,0.3380925185608224,0.43779065024067876,0.48780288814554945,0.35465448315248427,0.4184547605449947,0.41617035163579996,0.4071143020314922,0.32267275842375787,0.33336052867749044,0.49302439422370886,0.3672187321530554,0.35196214408093335,0.4997144488863507,0.3947132250958636,0.27412906910336954,0.3666476299257567,0.31271926246226645,0.2910173778249164,0.3686056947050665,0.38500448723178593,0.3229991025536428,0.8158603247124092
hhm17,0.4002032348208993,0.4587179270048268,0.33347446862562447,0.49800999237869414,0.31746972647980354,0.49360657125920904,0.4472859683292404,0.35997967651791,0.43034973325429754,0.4771784232365145,0.37488356338385975,0.5297654331442121,0.39952578541790157,0.509357269878906,0.3959691760521636,0.5940384452536202,0.5361165212973156,0.548734016428148,0.2653061224489796,0.30984842069607926,0.4881022948598526,0.6494199339486832,0.4065543229740029,0.43212803793716653,0.6615293420272673,0.6162249132017952,0.39393682784317047,0.08832246591582692,0.4031670759590143,0.441188923702261,0.3614192564992802,0.40858667118299596,0.3768312304174782,0.45448386823609105,0.45245152002709793,0.3471928190363282,0.5217207214836141,0.5842154289101532,0.17461258362266066,0.46058091286307057,0.40951816411211783,0.4770090608857651,0.36175798120077907,0.32907104750613936,0.846811753747142,0.35456008129392835,0.6628842408332628,0.4270471674146837,0.5681260055889575,0.4455076636463714,0.2189855195190109,0.303412651367601,0.4766703361842662,0.36946396815987803,0.31721568295367936,0.48962655601659755,0.4665932763146753,0.5064781099161656,0.41722415107121685,0.34609196375645696,0.4736218138707765,0.4423744601575069,0.3953764078245406,0.4908967736472182,0.0691845202811415,0.4806503514268778,0.4141756287577271,0.35870945888728933,0.19671437039546108,0.3756456939622322,0.10195613515115588,0.4173088322465916,0.4412736048776357,0.5186721991701245,0.42467609450419164,0.41671606401896855,0.3750529257346092,0.533914810737573,0.3669235328986366,0.396731306630536,0.39681598780591076,0.6294351765602506,0.47412990092302476,0.846811753747142
hhm18,0.7652865998316369,0.7652865998316369,0.6132241524450907,0.5608020203566235,0.7652865998316369,0.7652865998316369,0.7652865998316369,0.5201653019055636,0.7652865998316369,0.7652865998316369,0.6534016989362517,0.7652865998316369,0.6467437055177163,0.49904339175021045,0.7652865998316369,0.7652865998316369,0.662432080814265,0.6636565393739956,0.674140965791689,0.7652865998316369,0.40652024183056557,0.7652865998316369,0.5800107140123977,0.7652865998316369,0.3832555291956838,0.7652865998316369,0.4878702073926685,0.7652865998316369,0.6175097574041478,0.6426876865386087,0.6093211907859494,0.7652865998316369,0.7652865998316369,0.7652865998316369,0.5396801102012704,0.7652865998316369,0.40078059233182833,0.7652865998316369,0.7652865998316369,0.7652865998316369,0.7652865998316369,0.7652865998316369,0.7652865998316369,0.7652865998316369,0.56240912221627,0.7652865998316369,0.7652865998316369,0.7652865998316369,0.644677431698171,0.7652865998316369,0.6331981327006965,0.5842197903114716,0.7652865998316369,0.46628912527741634,0.7652865998316369,0.7652865998316369,0.7652865998316369,0.5983010637483738,0.7652865998316369,0.5092217035279712,0.7652865998316369,0.6176628147241142,0.6641157113338946,0.49345679957143956,0.6286064131017066,0.7652865998316369,0.5060840284686615,0.7652865998316369,0.5945511594091988,0.7652865998316369,0.7652865998316369,0.524527435524604,0.7652865998316369,0.6534782275962348,0.5061605571286447,0.42511670620647435,0.7652865998316369,0.5057779138287289,0.7652865998316369,0.7652865998316369,0.7652865998316369,0.7652865998316369,0.7652865998316369,0.7652865998316369
hhm19,0.8254911672445104,0.6310054482417038,0.8254911672445104,0.8254911672445104,0.6483407627538385,0.5964173683341588,0.5268284629354466,0.8254911672445104,0.6490011556876342,0.7337790985636453,0.4630179957074459,0.6033514941390127,0.6310054482417038,0.5638104672280005,0.6612184249628529,0.4519564140663695,0.8254911672445104,0.5042925540696714,0.46673270596004623,0.5436684827472346,0.6041769853062572,0.8254911672445104,0.4868746904408123,0.6435529139838203,0.10079247152055473,0.660145286445435,0.4452699356116889,0.41786362885917117,0.3558692421991084,0.5421825986461946,0.3988773320125475,0.3044411424797755,0.6387650652138023,0.6395080072643223,0.365114743272247,0.5808155852732375,0.7163612349347862,0.49298332507842163,0.8254911672445104,0.7092620108964833,0.8254911672445104,0.4960376423972263,0.8254911672445104,0.54135710747895,0.8254911672445104,0.6904408122833086,0.8254911672445104,0.6843321776456992,0.5373122007594519,0.5516757470695064,0.7003467062902428,0.5617467393098894,0.39920752847944524,0.4384183589235595,0.7111606405811458,0.44246326564305766,0.6454515436684828,0.6613009740795773,0.5610863463760938,0.5028892190853558,0.8254911672445104,0.5989763909526168,0.6298497606075615,0.5469704474162126,0.8254911672445104,0.5917946177975896,0.673518243354796,0.5657916460293875,0.3978041934951296,0.6450387980848604,0.5756975400363216,0.31269605415222057,0.5468878982994881,0.8254911672445104,0.34125804853888064,0.8254911672445104,0.5326894502228826,0.5283968961532112,0.8254911672445104,0.6375268284629354,0.5752847944526993,0.8254911672445104,0.8254911672445104,0.19134885256727752
A,0.7272727272727273,0.5,0.5,0.5,0.8636363636363636,0.6818181818181818,0.7272727272727273,0.45454545454545453,0.9090909090909091,0.7727272727272727,0.9090909090909091,0.6363636363636364,0.5909090909090909,0.5909090909090909,0.5,0.5,0.5,0.5,0.5,0.45454545454545453,0.5,0.5,0.6363636363636364,0.45454545454545453,0.4090909090909091,0.5,0.5,0.45454545454545453,0.6363636363636364,0.7727272727272727,0.5454545454545454,0.45454545454545453,0.5909090909090909,0.6363636363636364,0.5,0.9545454545454546,0.6818181818181818,0.45454545454545453,0.45454545454545453,0.5,0.5,0.45454545454545453,0.45454545454545453,0.45454545454545453,0.45454545454545453,0.45454545454545453,0.5,0.5,0.6818181818181818,0.45454545454545453,0.45454545454545453,0.45454545454545453,0.5,0.45454545454545453,0.45454545454545453,0.5,0.5454545454545454,0.5454545454545454,0.5909090909090909,0.8181818181818182,0.45454545454545453,0.6363636363636364,0.8181818181818182,0.45454545454545453,0.6363636363636364,0.5909090909090909,0.45454545454545453,0.9545454545454546,0.5909090909090909,0.8181818181818182,0.5909090909090909,0.45454545454545453,0.5454545454545454,0.8181818181818182,0.5909090909090909,0.5909090909090909,0.8636363636363636,0.5909090909090909,0.5909090909090909,0.8181818181818182,0.8181818181818182,0.5909090909090909,0.5909090909090909,0.9090909090909091
R,0.47619047619047616,0.3333333333333333,0.3333333333333333,0.38095238095238093,0.42857142857142855,0.42857142857142855,0.47619047619047616,0.3333333333333333,0.38095238095238093,0.47619047619047616,0.47619047619047616,0.47619047619047616,0.38095238095238093,0.5238095238095238,0.47619047619047616,0.6190476190476191,0.6666666666666666,0.5714285714285714,0.38095238095238093,0.3333333333333333,0.42857142857142855,0.42857142857142855,0.8571428571428571,0.3333333333333333,0.3333333333333333,0.42857142857142855,0.5238095238095238,0.2857142857142857,0.5714285714285714,0.6190476190476191,0.47619047619047616,0.47619047619047616,0.42857142857142855,0.47619047619047616,0.42857142857142855,0.3333333333333333,0.38095238095238093,0.5238095238095238,0.2857142857142857,0.3333333333333333,0.42857142857142855,0.47619047619047616,0.3333333333333333,0.3333333333333333,0.42857142857142855,0.42857142857142855,0.3333333333333333,0.47619047619047616,0.42857142857142855,0.42857142857142855,0.42857142857142855,0.42857142857142855,0.5238095238095238,0.42857142857142855,0.38095238095238093,0.47619047619047616,0.42857142857142855,0.5238095238095238,0.42857142857142855,0.38095238095238093,0.42857142857142855,0.7142857142857143,0.42857142857142855,0.5714285714285714,0.3333333333333333,0.42857142857142855,0.42857142857142855,0.3333333333333333,0.3333333333333333,0.5238095238095238,0.3333333333333333,0.3333333333333333,0.7142857142857143,0.5238095238095238,0.47619047619047616,0.5714285714285714,0.5238095238095238,0.5714285714285714,0.47619047619047616,0.47619047619047616,0.42857142857142855,0.5714285714285714,0.6190476190476191,0.38095238095238093
N,0.5714285714285714,0.42857142857142855,0.2857142857142857,0.6666666666666666,0.47619047619047616,0.5238095238095238,0.42857142857142855,0.2857142857142857,0.42857142857142855,0.7142857142857143,0.38095238095238093,0.5238095238095238,0.3333333333333333,0.5238095238095238,0.5238095238095238,0.42857142857142855,0.5238095238095238,0.5714285714285714,0.3333333333333333,0.2857142857142857,0.42857142857142855,0.42857142857142855,0.5714285714285714,0.2857142857142857,0.2857142857142857,0.3333333333333333,0.38095238095238093,0.2857142857142857,0.5238095238095238,0.5714285714285714,0.42857142857142855,0.47619047619047616,0.38095238095238093,0.6190476190476191,0.42857142857142855,0.3333333333333333,0.47619047619047616,0.38095238095238093,0.23809523809523808,0.38095238095238093,0.38095238095238093,0.3333333333333333,0.2857142857142857,0.2857142857142857,0.42857142857142855,0.47619047619047616,0.5714285714285714,0.9523809523809523,0.5238095238095238,0.47619047619047616,0.3333333333333333,0.3333333333333333,0.5714285714285714,0.3333333333333333,0.3333333333333333,0.5238095238095238,0.6666666666666666,0.5238095238095238,0.47619047619047616,0.42857142857142855,0.2857142857142857,0.6190476190476191,0.5714285714285714,0.42857142857142855,0.3333333333333333,0.6666666666666666,0.42857142857142855,0.3333333333333333,0.3333333333333333,0.5238095238095238,0.3333333333333333,0.2857142857142857,0.5238095238095238,0.5714285714285714,0.42857142857142855,0.6190476190476191,0.5238095238095238,0.5714285714285714,0.5238095238095238,0.47619047619047616,0.5238095238095238,0.5238095238095238,0.6190476190476191,0.42857142857142855
D,0.6818181818181818,0.45454545454545453,0.3181818181818182,0.5,0.45454545454545453,0.45454545454545453,0.4090909090909091,0.3181818181818182,0.45454545454545453,0.5454545454545454,0.4090909090909091,0.5,0.4090909090909091,0.6363636363636364,0.6818181818181818,0.45454545454545453,0.45454545454545453,0.45454545454545453,0.3181818181818182,0.3181818181818182,0.4090909090909091,0.5909090909090909,0.4090909090909091,0.3181818181818182,0.3181818181818182,0.36363636363636365,0.36363636363636365,0.3181818181818182,0.5909090909090909,0.5909090909090909,0.4090909090909091,0.5,0.45454545454545453,0.7727272727272727,0.4090909090909091,0.45454545454545453,0.45454545454545453,0.4090909090909091,0.2727272727272727,0.36363636363636365,0.5454545454545454,0.3181818181818182,0.3181818181818182,0.3181818181818182,0.5454545454545454,0.36363636363636365,0.9545454545454546,0.5454545454545454,0.5454545454545454,0.5909090909090909,0.3181818181818182,0.3181818181818182,0.4090909090909091,0.3181818181818182,0.3181818181818182,0.6818181818181818,0.6818181818181818,0.5909090909090909,0.7272727272727273,0.5,0.3181818181818182,0.5909090909090909,0.45454545454545453,0.4090909090909091,0.45454545454545453,0.8181818181818182,0.5454545454545454,0.36363636363636365,0.36363636363636365,0.5909090909090909,0.3181818181818182,0.3181818181818182,0.5909090909090909,0.5909090909090909,0.4090909090909091,0.5,0.5,0.5,0.6363636363636364,0.5909090909090909,0.5454545454545454,0.5909090909090909,0.6818181818181818,0.4090909090909091
C,0.48148148148148145,0.3333333333333333,0.4074074074074074,0.4074074074074074,0.4444444444444444,0.4444444444444444,0.48148148148148145,0.5185185185185185,0.4444444444444444,0.4444444444444444,0.4444444444444444,0.4444444444444444,0.5555555555555556,0.4074074074074074,0.37037037037037035,0.3333333333333333,0.3333333333333333,0.3333333333333333,0.4074074074074074,0.4074074074074074,0.3333333333333333,0.2962962962962963,0.4444444444444444,0.4074074074074074,0.37037037037037035,0.3333333333333333,0.4444444444444444,0.4074074074074074,0.4444444444444444,0.5555555555555556,0.4444444444444444,0.4444444444444444,0.3333333333333333,0.4074074074074074,0.4074074074074074,0.5185185185185185,0.37037037037037035,0.2962962962962963,0.4074074074074074,0.4074074074074074,0.5185185185185185,0.37037037037037035,0.4074074074074074,0.4074074074074074,0.3333333333333333,0.4074074074074074,0.3333333333333333,0.37037037037037035,0.48148148148148145,0.3333333333333333,0.4074074074074074,0.4074074074074074,0.37037037037037035,0.4074074074074074,0.4074074074074074,0.3333333333333333,0.5555555555555556,0.4444444444444444,0.3333333333333333,0.5925925925925926,0.4074074074074074,0.6666666666666666,0.48148148148148145,0.3333333333333333,0.4074074074074074,0.37037037037037035,0.2962962962962963,0.4074074074074074,0.4444444444444444,0.4444444444444444,0.4074074074074074,0.4074074074074074,0.37037037037037035,0.4444444444444444,0.48148148148148145,0.37037037037037035,0.4444444444444444,0.37037037037037035,0.37037037037037035,0.5185185185185185,0.4444444444444444,0.37037037037037035,0.4074074074074074,0.4444444444444444
Q,0.47619047619047616,0.42857142857142855,0.3333333333333333,0.38095238095238093,0.42857142857142855,0.5714285714285714,0.47619047619047616,0.2857142857142857,0.38095238095238093,0.5238095238095238,0.38095238095238093,0.47619047619047616,0.38095238095238093,0.7619047619047619,0.7142857142857143,0.9523809523809523,0.47619047619047616,0.9047619047619048,0.3333333333333333,0.2857142857142857,0.2857142857142857,0.5238095238095238,0.6190476190476191,0.2857142857142857,0.2857142857142857,0.2857142857142857,0.42857142857142855,0.23809523809523808,0.8095238095238095,0.6190476190476191,0.5238095238095238,0.7142857142857143,0.38095238095238093,0.5714285714285714,0.47619047619047616,0.3333333333333333,0.38095238095238093,0.42857142857142855,0.23809523809523808,0.3333333333333333,0.2857142857142857,0.3333333333333333,0.2857142857142857,0.2857142857142857,0.5238095238095238,0.3333333333333333,0.42857142857142855,0.6190476190476191,0.42857142857142855,0.47619047619047616,0.3333333333333333,0.3333333333333333,0.47619047619047616,0.3333333333333333,0.3333333333333333,0.5714285714285714,0.42857142857142855,0.5238095238095238,0.5238095238095238,0.47619047619047616,0.2857142857142857,0.5714285714285714,0.42857142857142855,0.42857142857142855,0.2857142857142857,0.5714285714285714,0.5238095238095238,0.3333333333333333,0.3333333333333333,0.5714285714285714,0.2857142857142857,0.2857142857142857,0.8095238095238095,0.5714285714285714,0.42857142857142855,0.8095238095238095,0.6190476190476191,0.6666666666666666,0.6666666666666666,0.5238095238095238,0.47619047619047616,0.8571428571428571,0.5714285714285714,0.38095238095238093
E,0.55,0.6,0.35,0.45,0.5,0.55,0.45,0.35,0.45,0.5,0.45,0.5,0.45,0.75,0.9,0.55,0.55,0.55,0.35,0.3,0.45,0.95,0.5,0.3,0.3,0.4,0.35,0.3,0.7,0.65,0.45,0.7,0.45,0.75,0.4,0.4,0.45,0.6,0.25,0.4,0.45,0.35,0.35,0.45,0.95,0.35,0.6,0.45,0.5,1.0,0.35,0.35,0.45,0.35,0.35,0.95,0.55,0.6,0.95,0.55,0.3,0.55,0.55,0.5,0.35,0.8,1.0,0.4,0.35,0.65,0.35,0.35,0.65,0.7,0.45,0.6,0.55,0.7,0.9,0.6,0.55,0.7,0.65,0.45
G,0.6818181818181818,0.5,0.36363636363636365,0.5,0.5454545454545454,0.5,0.45454545454545453,0.36363636363636365,0.5454545454545454,0.5909090909090909,0.5454545454545454,0.5,0.4090909090909091,0.5454545454545454,0.45454545454545453,0.5,0.45454545454545453,0.4090909090909091,0.36363636363636365,0.36363636363636365,0.9545454545454546,0.4090909090909091,0.45454545454545453,0.3181818181818182,0.36363636363636365,0.4090909090909091,0.4090909090909091,0.36363636363636365,0.5,0.5909090909090909,0.45454545454545453,0.4090909090909091,0.5,0.5,0.36363636363636365,0.5,0.9545454545454546,0.4090909090909091,0.3181818181818182,0.4090909090909091,0.9545454545454546,0.36363636363636365,0.36363636363636365,0.36363636363636365,0.5,0.4090909090909091,0.5454545454545454,0.45454545454545453,0.6363636363636364,0.45454545454545453,0.36363636363636365,0.36363636363636365,0.45454545454545453,0.36363636363636365,0.36363636363636365,0.45454545454545453,0.5,0.45454545454545453,0.5,0.5,0.36363636363636365,0.5454545454545454,0.5909090909090909,0.4090909090909091,0.36363636363636365,0.5454545454545454,0.4090909090909091,0.5454545454545454,0.4090909090909091,0.5909090909090909,0.36363636363636365,0.36363636363636365,0.45454545454545453,0.5454545454545454,0.4090909090909091,0.5,0.5454545454545454,0.5,0.5,0.6818181818181818,0.7272727272727273,0.5454545454545454,0.5454545454545454,0.5454545454545454
H,0.4166666666666667,0.2916666666666667,0.2916666666666667,0.3333333333333333,0.3333333333333333,0.4583333333333333,0.375,0.2916666666666667,0.3333333333333333,0.4166666666666667,0.3333333333333333,0.625,0.3333333333333333,0.625,0.4583333333333333,0.4583333333333333,0.375,0.4166666666666667,0.2916666666666667,0.25,0.2916666666666667,0.375,0.5416666666666666,0.25,0.375,0.375,0.375,0.25,0.6666666666666666,0.4583333333333333,0.5833333333333334,0.8333333333333334,0.5416666666666666,0.4583333333333333,0.5416666666666666,0.2916666666666667,0.375,0.3333333333333333,0.20833333333333334,0.2916666666666667,0.2916666666666667,0.2916666666666667,0.2916666666666667,0.2916666666666667,0.4166666666666667,0.2916666666666667,0.375,0.375,0.375,0.375,0.2916666666666667,0.375,0.875,0.2916666666666667,0.2916666666666667,0.375,0.625,0.5416666666666666,0.4166666666666667,0.3333333333333333,0.2916666666666667,0.6666666666666666,0.375,0.3333333333333333,0.25,0.4166666666666667,0.375,0.2916666666666667,0.3333333333333333,0.4166666666666667,0.25,0.2916666666666667,0.5833333333333334,0.4166666666666667,0.875,0.625,0.4583333333333333,0.4166666666666667,0.4166666666666667,0.4166666666666667,0.375,0.5416666666666666,0.4166666666666667,0.3333333333333333
I,0.5,0.4166666666666667,0.7083333333333334,0.625,0.5833333333333334,0.4166666666666667,0.6666666666666666,0.625,0.5,0.4583333333333333,0.5416666666666666,0.4583333333333333,0.4583333333333333,0.4583333333333333,0.4583333333333333,0.375,0.4166666666666667,0.4166666666666667,0.75,0.7083333333333334,0.3333333333333333,0.375,0.5,0.7083333333333334,0.5,0.4166666666666667,0.625,0.9166666666666666,0.4583333333333333,0.5416666666666666,0.7083333333333334,0.375,0.375,0.5,0.625,0.4583333333333333,0.375,0.375,0.9583333333333334,0.5416666666666666,0.3333333333333333,0.6666666666666666,0.625,0.5833333333333334,0.375,0.8333333333333334,0.375,0.5416666666666666,0.4583333333333333,0.375,0.6666666666666666,0.6666666666666666,0.5,0.5833333333333334,0.7083333333333334,0.4166666666666667,0.4166666666666667,0.4166666666666667,0.4583333333333333,0.4583333333333333,0.5833333333333334,0.4583333333333333,0.5,0.375,0.75,0.4166666666666667,0.375,0.4583333333333333,0.7083333333333334,0.5833333333333334,0.625,0.5833333333333334,0.4166666666666667,0.5416666666666666,0.4166666666666667,0.4583333333333333,0.5,0.5,0.4583333333333333,0.5,0.5416666666666666,0.4583333333333333,0.4583333333333333,0.4583333333333333
L,0.5454545454545454,0.4090909090909091,0.9545454545454546,0.6818181818181818,0.5909090909090909,0.45454545454545453,0.6818181818181818,0.9545454545454546,0.5454545454545454,0.5,0.5909090909090909,0.5454545454545454,0.6363636363636364,0.5454545454545454,0.5,0.45454545454545453,0.45454545454545453,0.5,0.6818181818181818,0.9545454545454546,0.36363636363636365,0.4090909090909091,0.5,0.9545454545454546,0.6363636363636364,0.45454545454545453,0.9545454545454546,0.6363636363636364,0.5,0.5454545454545454,0.7272727272727273,0.45454545454545453,0.5454545454545454,0.5,0.9090909090909091,0.5,0.4090909090909091,0.4090909090909091,0.6818181818181818,0.45454545454545453,0.36363636363636365,0.5909090909090909,0.9545454545454546,0.9545454545454546,0.5,0.7272727272727273,0.5,0.5909090909090909,0.6363636363636364,0.4090909090909091,0.9545454545454546,0.9545454545454546,0.7272727272727273,0.8636363636363636,0.9545454545454546,0.45454545454545453,0.45454545454545453,0.5,0.4090909090909091,0.6363636363636364,0.9545454545454546,0.5454545454545454,0.5454545454545454,0.4090909090909091,0.6363636363636364,0.45454545454545453,0.4090909090909091,0.45454545454545453,0.7727272727272727,0.5454545454545454,0.6363636363636364,0.9545454545454546,0.5,0.6363636363636364,0.5,0.5454545454545454,0.5454545454545454,0.5,0.5454545454545454,0.5454545454545454,0.5454545454545454,0.5,0.5454545454545454,0.5
K,0.5454545454545454,0.4090909090909091,0.36363636363636365,0.45454545454545453,0.45454545454545453,0.5,0.45454545454545453,0.36363636363636365,0.45454545454545453,0.5,0.45454545454545453,0.5,0.4090909090909091,0.5454545454545454,0.5909090909090909,0.5454545454545454,0.9090909090909091,0.5454545454545454,0.36363636363636365,0.36363636363636365,0.36363636363636365,0.5454545454545454,0.5909090909090909,0.36363636363636365,0.3181818181818182,0.4090909090909091,0.5909090909090909,0.3181818181818182,0.5454545454545454,0.6363636363636364,0.45454545454545453,0.5909090909090909,0.5454545454545454,0.5454545454545454,0.5,0.4090909090909091,0.4090909090909091,0.9545454545454546,0.3181818181818182,0.5,0.36363636363636365,0.45454545454545453,0.36363636363636365,0.36363636363636365,0.5454545454545454,0.4090909090909091,0.4090909090909091,0.45454545454545453,0.45454545454545453,0.5,0.4090909090909091,0.36363636363636365,0.45454545454545453,0.4090909090909091,0.36363636363636365,0.5454545454545454,0.45454545454545453,0.5454545454545454,0.5,0.45454545454545453,0.36363636363636365,0.7272727272727273,0.5,0.9545454545454546,0.4090909090909091,0.5454545454545454,0.5909090909090909,0.4090909090909091,0.4090909090909091,0.5454545454545454,0.36363636363636365,0.4090909090909091,0.6818181818181818,0.5,0.4090909090909091,0.6818181818181818,0.5909090909090909,0.8636363636363636,0.5909090909090909,0.5,0.5,0.6363636363636364,0.8181818181818182,0.45454545454545453
M,0.46153846153846156,0.34615384615384615,0.6538461538461539,0.46153846153846156,0.4230769230769231,0.38461538461538464,0.8461538461538461,0.5384615384615384,0.4230769230769231,0.4230769230769231,0.5769230769230769,0.4230769230769231,0.46153846153846156,0.6153846153846154,0.46153846153846156,0.4230769230769231,0.38461538461538464,0.46153846153846156,0.8846153846153846,0.5384615384615384,0.3076923076923077,0.34615384615384615,0.46153846153846156,0.5,0.4230769230769231,0.5769230769230769,0.5384615384615384,0.46153846153846156,0.46153846153846156,0.46153846153846156,0.8076923076923077,0.38461538461538464,0.34615384615384615,0.38461538461538464,0.6538461538461539,0.38461538461538464,0.34615384615384615,0.34615384615384615,0.46153846153846156,0.5384615384615384,0.3076923076923077,0.9230769230769231,0.6153846153846154,0.5,0.34615384615384615,0.8461538461538461,0.5769230769230769,0.38461538461538464,0.46153846153846156,0.34615384615384615,0.5384615384615384,0.5,0.5384615384615384,0.8461538461538461,0.5384615384615384,0.34615384615384615,0.38461538461538464,0.4230769230769231,0.34615384615384615,0.4230769230769231,0.6153846153846154,0.4230769230769231,0.46153846153846156,0.5,0.5,0.46153846153846156,0.34615384615384615,0.38461538461538464,0.6923076923076923,0.5,0.5,0.5,0.46153846153846156,0.5384615384615384,0.38461538461538464,0.5384615384615384,0.46153846153846156,0.5384615384615384,0.4230769230769231,0.46153846153846156,0.46153846153846156,0.5,0.4230769230769231,0.4230769230769231
F,0.43478260869565216,0.30434782608695654,0.4782608695652174,0.391304347826087,0.391304347826087,0.391304347826087,0.5217391304347826,0.4782608695652174,0.34782608695652173,0.43478260869565216,0.43478260869565216,0.391304347826087,0.391304347826087,0.391304347826087,0.34782608695652173,0.30434782608695654,0.30434782608695654,0.30434782608695654,0.43478260869565216,0.5217391304347826,0.30434782608695654,0.2608695652173913,0.391304347826087,0.5652173913043478,0.8695652173913043,0.2608695652173913,0.5217391304347826,0.43478260869565216,0.391304347826087,0.391304347826087,0.5217391304347826,0.4782608695652174,0.34782608695652173,0.4782608695652174,0.5217391304347826,0.34782608695652173,0.30434782608695654,0.2608695652173913,0.43478260869565216,0.30434782608695654,0.2608695652173913,0.391304347826087,0.4782608695652174,0.4782608695652174,0.30434782608695654,0.5217391304347826,0.30434782608695654,0.30434782608695654,0.43478260869565216,0.30434782608695654,0.5217391304347826,0.4782608695652174,0.43478260869565216,0.4782608695652174,0.4782608695652174,0.30434782608695654,0.5652173913043478,0.30434782608695654,0.30434782608695654,0.391304347826087,0.5652173913043478,0.391304347826087,0.391304347826087,0.30434782608695654,0.43478260869565216,0.34782608695652173,0.2608695652173913,0.34782608695652173,0.4782608695652174,0.391304347826087,0.391304347826087,0.4782608695652174,0.34782608695652173,0.43478260869565216,0.6086956521739131,0.391304347826087,0.391304347826087,0.34782608695652173,0.34782608695652173,0.391304347826087,0.43478260869565216,0.34782608695652173,0.34782608695652173,0.34782608695652173
P,0.5217391304347826,0.9565217391304348,0.391304347826087,0.43478260869565216,0.6521739130434783,0.4782608695652174,0.43478260869565216,0.391304347826087,0.5217391304347826,0.5217391304347826,0.5217391304347826,0.8695652173913043,0.9565217391304348,0.5217391304347826,0.5217391304347826,0.43478260869565216,0.5217391304347826,0.43478260869565216,0.34782608695652173,0.34782608695652173,0.391304347826087,0.43478260869565216,0.43478260869565216,0.34782608695652173,0.5217391304347826,0.9565217391304348,0.43478260869565216,0.34782608695652173,0.4782608695652174,0.6086956521739131,0.43478260869565216,0.391304347826087,0.9565217391304348,0.5652173913043478,0.43478260869565216,0.4782608695652174,0.5652173913043478,0.391304347826087,0.34782608695652173,0.5217391304347826,0.391304347826087,0.34782608695652173,0.391304347826087,0.391304347826087,0.43478260869565216,0.391304347826087,0.5652173913043478,0.391304347826087,0.4782608695652174,0.43478260869565216,0.43478260869565216,0.391304347826087,0.4782608695652174,0.391304347826087,0.391304347826087,0.43478260869565216,0.43478260869565216,0.9130434782608695,0.4782608695652174,0.5217391304347826,0.4782608695652174,0.4782608695652174,0.4782608695652174,0.43478260869565216,0.391304347826087,0.43478260869565216,0.43478260869565216,0.5217391304347826,0.391304347826087,0.4782608695652174,0.391304347826087,0.43478260869565216,0.4782608695652174,0.4782608695652174,0.391304347826087,0.4782608695652174,0.5217391304347826,0.4782608695652174,0.5652173913043478,0.5652173913043478,0.5652173913043478,0.5652173913043478,0.5652173913043478,0.4782608695652174
S,0.7619047619047619,0.47619047619047616,0.47619047619047616,0.6190476190476191,0.7142857142857143,0.9047619047619048,0.5714285714285714,0.38095238095238093,0.6190476190476191,0.8095238095238095,0.5714285714285714,0.7619047619047619,0.5238095238095238,0.5714285714285714,0.5238095238095238,0.47619047619047616,0.5238095238095238,0.47619047619047616,0.42857142857142855,0.42857142857142855,0.5238095238095238,0.5238095238095238,0.5714285714285714,0.38095238095238093,0.38095238095238093,0.5714285714285714,0.42857142857142855,0.38095238095238093,0.5714285714285714,0.6666666666666666,0.5714285714285714,0.47619047619047616,0.6190476190476191,0.6190476190476191,0.47619047619047616,0.5714285714285714,0.5238095238095238,0.47619047619047616,0.3333333333333333,0.5714285714285714,0.5238095238095238,0.38095238095238093,0.38095238095238093,0.42857142857142855,0.47619047619047616,0.42857142857142855,0.47619047619047616,0.5714285714285714,0.8571428571428571,0.47619047619047616,0.42857142857142855,0.38095238095238093,0.47619047619047616,0.42857142857142855,0.38095238095238093,0.5238095238095238,0.9047619047619048,0.5714285714285714,0.5238095238095238,0.8571428571428571,0.38095238095238093,0.5714285714285714,0.8095238095238095,0.47619047619047616,0.42857142857142855,0.5714285714285714,0.47619047619047616,0.5238095238095238,0.42857142857142855,0.6666666666666666,0.42857142857142855,0.38095238095238093,0.5238095238095238,0.6190476190476191,0.6190476190476191,0.5714285714285714,0.6190476190476191,0.5714285714285714,0.5714285714285714,0.7142857142857143,0.6666666666666666,0.5714285714285714,0.5714285714285714,0.7142857142857143
T,0.6956521739130435,0.43478260869565216,0.4782608695652174,0.9130434782608695,0.6086956521739131,0.6521739130434783,0.6086956521739131,0.43478260869565216,0.5652173913043478,0.6521739130434783,0.5652173913043478,0.6521739130434783,0.4782608695652174,0.5652173913043478,0.5652173913043478,0.43478260869565216,0.5217391304347826,0.6086956521739131,0.5652173913043478,0.43478260869565216,0.391304347826087,0.43478260869565216,0.5217391304347826,0.43478260869565216,0.391304347826087,0.4782608695652174,0.4782608695652174,0.4782608695652174,0.4782608695652174,0.6086956521739131,0.6086956521739131,0.4782608695652174,0.5217391304347826,0.7391304347826086,0.4782608695652174,0.5652173913043478,0.43478260869565216,0.5217391304347826,0.43478260869565216,0.9565217391304348,0.391304347826087,0.5217391304347826,0.43478260869565216,0.4782608695652174,0.43478260869565216,0.6086956521739131,0.4782608695652174,0.5652173913043478,0.6956521739130435,0.43478260869565216,0.4782608695652174,0.43478260869565216,0.4782608695652174,0.43478260869565216,0.4782608695652174,0.43478260869565216,0.5652173913043478,0.5217391304347826,0.4782608695652174,0.5652173913043478,0.43478260869565216,0.5652173913043478,0.6086956521739131,0.4782608695652174,0.5217391304347826,0.5217391304347826,0.43478260869565216,0.5652173913043478,0.5217391304347826,0.6521739130434783,0.5217391304347826,0.43478260869565216,0.5217391304347826,0.5217391304347826,0.4782608695652174,0.5217391304347826,0.6086956521739131,0.5652173913043478,0.5652173913043478,0.6521739130434783,0.6086956521739131,0.5652173913043478,0.6086956521739131,0.5217391304347826
W,0.37037037037037035,0.2962962962962963,0.48148148148148145,0.3333333333333333,0.3333333333333333,0.3333333333333333,0.37037037037037035,0.37037037037037035,0.3333333333333333,0.37037037037037035,0.3333333333333333,0.3333333333333333,0.2962962962962963,0.37037037037037035,0.3333333333333333,0.3333333333333333,0.2962962962962963,0.3333333333333333,0.3333333333333333,0.37037037037037035,0.2962962962962963,0.2962962962962963,0.6666666666666666,0.37037037037037035,0.48148148148148145,0.25925925925925924,0.37037037037037035,0.2962962962962963,0.37037037037037035,0.37037037037037035,0.48148148148148145,0.37037037037037035,0.25925925925925924,0.3333333333333333,0.37037037037037035,0.2962962962962963,0.2962962962962963,0.25925925925925924,0.2962962962962963,0.2962962962962963,0.2962962962962963,0.3333333333333333,0.37037037037037035,0.37037037037037035,0.2962962962962963,0.37037037037037035,0.25925925925925924,0.2962962962962963,0.37037037037037035,0.2962962962962963,0.37037037037037035,0.37037037037037035,0.37037037037037035,0.37037037037037035,0.37037037037037035,0.3333333333333333,0.3333333333333333,0.2962962962962963,0.2962962962962963,0.3333333333333333,0.37037037037037035,0.37037037037037035,0.3333333333333333,0.2962962962962963,0.3333333333333333,0.2962962962962963,0.2962962962962963,0.2962962962962963,0.3333333333333333,0.37037037037037035,0.3333333333333333,0.37037037037037035,0.4074074074074074,0.37037037037037035,0.4444444444444444,0.48148148148148145,0.3333333333333333,0.3333333333333333,0.3333333333333333,0.37037037037037035,0.37037037037037035,0.3333333333333333,0.3333333333333333,0.3333333333333333
Y,0.4090909090909091,0.2727272727272727,0.4090909090909091,0.36363636363636365,0.36363636363636365,0.36363636363636365,0.4090909090909091,0.36363636363636365,0.36363636363636365,0.4090909090909091,0.36363636363636365,0.4090909090909091,0.3181818181818182,0.4090909090909091,0.36363636363636365,0.36363636363636365,0.36363636363636365,0.36363636363636365,0.36363636363636365,0.36363636363636365,0.2727272727272727,0.3181818181818182,0.5,0.36363636363636365,0.8636363636363636,0.2727272727272727,0.4090909090909091,0.36363636363636365,0.5454545454545454,0.4090909090909091,0.45454545454545453,0.7727272727272727,0.3181818181818182,0.36363636363636365,0.5,0.3181818181818182,0.4090909090909091,0.3181818181818182,0.3181818181818182,0.3181818181818182,0.2727272727272727,0.3181818181818182,0.36363636363636365,0.36363636363636365,0.3181818181818182,0.36363636363636365,0.2727272727272727,0.3181818181818182,0.45454545454545453,0.3181818181818182,0.4090909090909091,0.4090909090909091,0.5909090909090909,0.45454545454545453,0.4090909090909091,0.3181818181818182,0.36363636363636365,0.36363636363636365,0.3181818181818182,0.36363636363636365,0.36363636363636365,0.4090909090909091,0.45454545454545453,0.3181818181818182,0.36363636363636365,0.3181818181818182,0.3181818181818182,0.3181818181818182,0.4090909090909091,0.4090909090909091,0.36363636363636365,0.5454545454545454,0.4090909090909091,0.4090909090909091,0.7272727272727273,0.4090909090909091,0.36363636363636365,0.36363636363636365,0.4090909090909091,0.36363636363636365,0.4090909090909091,0.36363636363636365,0.36363636363636365,0.36363636363636365
V,0.5652173913043478,0.5217391304347826,0.6086956521739131,0.5652173913043478,0.6086956521739131,0.4782608695652174,0.6086956521739131,0.6086956521739131,0.6521739130434783,0.5652173913043478,0.6521739130434783,0.5217391304347826,0.4782608695652174,0.5217391304347826,0.5217391304347826,0.43478260869565216,0.43478260869565216,0.4782608695652174,0.6086956521739131,0.6086956521739131,0.391304347826087,0.4782608695652174,0.6086956521739131,0.6086956521739131,0.5652173913043478,0.43478260869565216,0.6086956521739131,0.8260869565217391,0.5217391304347826,0.6086956521739131,0.6521739130434783,0.43478260869565216,0.43478260869565216,0.4782608695652174,0.6086956521739131,0.6086956521739131,0.391304347826087,0.391304347826087,0.7391304347826086,0.5217391304347826,0.34782608695652173,0.5652173913043478,0.6521739130434783,0.5652173913043478,0.43478260869565216,0.6086956521739131,0.43478260869565216,0.5652173913043478,0.5217391304347826,0.43478260869565216,0.7391304347826086,0.6521739130434783,0.5217391304347826,0.6086956521739131,0.6521739130434783,0.5217391304347826,0.4782608695652174,0.43478260869565216,0.5217391304347826,0.5217391304347826,0.5652173913043478,0.5217391304347826,0.5217391304347826,0.43478260869565216,0.9130434782608695,0.4782608695652174,0.391304347826087,0.6086956521739131,0.8695652173913043,0.6086956521739131,0.9565217391304348,0.5652173913043478,0.4782608695652174,0.6086956521739131,0.5652173913043478,0.5217391304347826,0.6521739130434783,0.5217391304347826,0.6521739130434783,0.6086956521739131,0.6086956521739131,0.5217391304347826,0.4782608695652174,0.5652173913043478
