,P,Q,V,T,L,W,Q.1,R,P.1,L.1,V.1,T.1,I,K,I.1,G,G.1,Q.2,L.2,K.1,E,A,L.3,L.4,D,T.2,G.2,A.1,D.1,D.2,T.3,V.2,L.5,E.1,E.2,M,S,L.6,P.2,G.3,R.1,W.1,K.2,P.3,K.3,M.1,I.2,G.4,G.5,I.3,G.6,G.7,F,I.4,K.4,V.3,R.2,Q.3,Y,D.3,Q.4,I.5,L.7,I.6,E.3,I.7,C,G.8,H,K.5,A.2,I.8,G.9,T.4,V.4,L.8,V.5,G.10,P.4,T.5,P.5,V.6,N,I.9,I.10,G.11,R.3,N.1,L.9,L.10,T.6,Q.5,I.11,G.12,A.3,T.7,L.11,N.2,F.1,G.13,G.14,S.1,S.2
ASA,0.5282051282051282,0.6276923076923078,0.2964102564102564,0.4025641025641026,0.4,0.7471794871794872,0.4810256410256411,0.5210256410256411,0.21076923076923076,0.4112820512820513,0.0841025641025641,0.31179487179487175,0.052820512820512824,0.48000000000000004,0.12564102564102564,0.31025641025641026,0.31333333333333335,0.5225641025641026,0.37230769230769234,0.39128205128205135,0.36820512820512824,0.09230769230769231,0.181025641025641,0.10871794871794871,0.2292307692307692,0.17128205128205126,0.18256410256410258,0.28974358974358977,0.38974358974358975,0.3523076923076923,0.2743589743589744,0.18512820512820513,0.19538461538461538,0.5907692307692308,0.5933333333333334,0.2907692307692307,0.34051282051282056,0.2482051282051282,0.3733333333333334,0.2517948717948718,0.7430769230769231,0.4092307692307693,0.6646153846153846,0.31025641025641026,0.5071794871794872,0.48717948717948717,0.24769230769230768,0.12974358974358974,0.11846153846153845,0.5020512820512821,0.22615384615384615,0.15384615384615385,0.5394871794871795,0.20974358974358973,0.5933333333333334,0.2574358974358974,0.5964102564102565,0.5041025641025642,0.4512820512820513,0.5051282051282051,0.44820512820512826,0.2158974358974359,0.34205128205128205,0.11846153846153845,0.4317948717948718,0.08769230769230768,0.3548717948717949,0.32051282051282054,0.42153846153846153,0.5846153846153846,0.0676923076923077,0.3523076923076923,0.059487179487179485,0.2405128205128205,0.05897435897435897,0.2328205128205128,0.12256410256410255,0.10717948717948718,0.48000000000000004,0.18666666666666665,0.24871794871794872,0.09538461538461537,0.20358974358974358,0.17128205128205126,0.22102564102564104,0.09435897435897435,0.4507692307692308,0.36923076923076925,0.06051282051282052,0.0841025641025641,0.3620512820512821,0.45743589743589746,0.05641025641025641,0.19282051282051282,0.03333333333333333,0.2692307692307692,0.07435897435897436,0.3041025641025641,0.2835897435897436,0.23794871794871794,0.28512820512820514,0.378974358974359,0.48923076923076925
HSE_alpha_up,0.08387096774193548,0.2,0.432258064516129,0.19032258064516128,0.3806451612903226,0.22903225806451613,0.24838709677419354,0.3709677419354839,0.4645161290322581,0.3032258064516129,0.6838709677419355,0.23225806451612904,0.7709677419354839,0.18064516129032257,0.6096774193548388,0.054838709677419356,0.054838709677419356,0.15483870967741936,0.4387096774193549,0.3225806451612903,0.4161290322580645,0.5741935483870968,0.535483870967742,0.6967741935483871,0.3967741935483871,0.5612903225806453,0.3032258064516129,0.31612903225806455,0.29677419354838713,0.3612903225806452,0.3064516129032258,0.5290322580645161,0.5806451612903226,0.15161290322580645,0.10967741935483871,0.5064516129032258,0.20967741935483872,0.45161290322580644,0.2935483870967742,0.13548387096774195,0.15161290322580645,0.4903225806451613,0.132258064516129,0.44516129032258067,0.2612903225806452,0.31612903225806455,0.49354838709677423,0.32903225806451614,0.33548387096774196,0.2774193548387097,0.19677419354838707,0.267741935483871,0.27419354838709675,0.5483870967741935,0.16774193548387098,0.5193548387096775,0.1870967741935484,0.30000000000000004,0.3774193548387097,0.16451612903225804,0.2903225806451613,0.4838709677419355,0.3419354838709678,0.6516129032258065,0.20645161290322578,0.6741935483870969,0.25483870967741934,0.041935483870967745,0.3064516129032258,0.2129032258064516,0.6806451612903226,0.31290322580645163,0.44193548387096776,0.4161290322580645,0.7451612903225807,0.4548387096774194,0.6322580645161291,0.3612903225806452,0.15806451612903225,0.4838709677419355,0.40967741935483876,0.7,0.46774193548387094,0.6516129032258065,0.43548387096774194,0.4903225806451613,0.40967741935483876,0.2774193548387097,0.7129032258064517,0.7193548387096774,0.24193548387096775,0.19032258064516128,0.6774193548387096,0.2612903225806452,0.767741935483871,0.30000000000000004,0.7645161290322581,0.31935483870967746,0.5612903225806453,0.21935483870967742,0.12258064516129032,0.19032258064516128,0.09032258064516129
HSE_alpha_down,0.3061889250814332,0.2768729641693811,0.2247557003257329,0.4527687296416938,0.29641693811074926,0.37785016286644957,0.42019543973941365,0.39413680781758964,0.3811074918566775,0.5602605863192183,0.39413680781758964,0.7198697068403909,0.3973941368078176,0.6710097719869706,0.24755700325732902,0.3745928338762215,0.3811074918566775,0.32899022801302935,0.3615635179153095,0.504885993485342,0.5635179153094463,0.5602605863192183,0.7133550488599348,0.5570032573289901,0.6775244299674268,0.3973941368078176,0.495114006514658,0.4136807817589576,0.4429967426710097,0.4006514657980456,0.501628664495114,0.42019543973941365,0.4039087947882736,0.504885993485342,0.47557003257328984,0.2638436482084691,0.482084690553746,0.30944625407166126,0.4136807817589576,0.37785016286644957,0.3811074918566775,0.2931596091205212,0.5276872964169381,0.32899022801302935,0.44625407166123776,0.4788273615635179,0.3811074918566775,0.511400651465798,0.45602605863192186,0.4527687296416938,0.4429967426710097,0.44625407166123776,0.4788273615635179,0.3680781758957655,0.5765472312703583,0.3061889250814332,0.4788273615635179,0.39087947882736157,0.30293159609120524,0.43322475570032576,0.4169381107491857,0.4006514657980456,0.5863192182410424,0.3745928338762215,0.6840390879478827,0.30293159609120524,0.3843648208469056,0.4104234527687297,0.33876221498371334,0.5667752442996742,0.3615635179153095,0.7100977198697069,0.5635179153094463,0.7166123778501629,0.5439739413680782,0.7133550488599348,0.48859934853420195,0.5439739413680782,0.5667752442996742,0.4006514657980456,0.6156351791530944,0.504885993485342,0.7035830618892508,0.5472312703583062,0.5374592833876222,0.5374592833876222,0.5374592833876222,0.5863192182410424,0.482084690553746,0.482084690553746,0.5667752442996742,0.6188925081433225,0.4006514657980456,0.7003257328990228,0.37785016286644957,0.7785016286644951,0.4657980456026059,0.6286644951140066,0.3322475570032573,0.3876221498371335,0.2703583061889251,0.21498371335504887,0.21498371335504887
P(C),0.983,0.9129999999999999,0.805,0.74,0.779,0.82,0.8370000000000001,0.94,0.972,0.521,0.185,0.075,0.024,0.013000000000000001,0.055,0.996,0.997,0.14,0.08900000000000001,0.077,0.055,0.052000000000000005,0.10300000000000001,0.281,0.586,0.872,0.9329999999999999,0.9109999999999999,0.915,0.7829999999999999,0.505,0.264,0.225,0.264,0.321,0.688,0.851,0.94,0.972,0.958,0.915,0.897,0.948,0.95,0.45299999999999996,0.299,0.314,0.42700000000000005,0.46,0.514,0.745,0.5820000000000001,0.33299999999999996,0.14300000000000002,0.096,0.09,0.098,0.215,0.389,0.536,0.528,0.531,0.483,0.258,0.069,0.09,0.971,0.9940000000000001,0.095,0.040999999999999995,0.06,0.086,0.174,0.121,0.065,0.13,0.301,0.902,0.972,0.9520000000000001,0.915,0.5,0.43,0.344,0.358,0.5670000000000001,0.6,0.5539999999999999,0.046,0.015,0.028999999999999998,0.111,0.517,0.991,0.9,0.183,0.342,0.534,0.816,0.9359999999999999,0.9470000000000001,0.9620000000000001,0.9940000000000001
P(H),0.013000000000000001,0.018000000000000002,0.069,0.10099999999999999,0.11599999999999999,0.086,0.039,0.001,0.001,0.002,0.0,0.0,0.0,0.0,0.0,0.001,0.001,0.001,0.001,0.003,0.003,0.003,0.005,0.008,0.009000000000000001,0.009000000000000001,0.013999999999999999,0.039,0.046,0.131,0.21899999999999997,0.31,0.341,0.364,0.32,0.113,0.03,0.002,0.01,0.013999999999999999,0.012,0.008,0.001,0.009000000000000001,0.019,0.013000000000000001,0.015,0.018000000000000002,0.027000000000000003,0.04,0.027000000000000003,0.021,0.012,0.002,0.002,0.001,0.003,0.008,0.035,0.049,0.028999999999999998,0.006999999999999999,0.01,0.008,0.004,0.004,0.008,0.001,0.0,0.0,0.001,0.001,0.001,0.001,0.0,0.002,0.004,0.001,0.001,0.001,0.033,0.081,0.095,0.23399999999999999,0.29100000000000004,0.275,0.34,0.434,0.9540000000000001,0.985,0.971,0.889,0.483,0.001,0.0,0.001,0.006,0.009000000000000001,0.019,0.011000000000000001,0.013000000000000001,0.006999999999999999,0.004
P(E),0.004,0.069,0.126,0.159,0.106,0.094,0.12300000000000001,0.059000000000000004,0.027000000000000003,0.47700000000000004,0.815,0.925,0.976,0.987,0.945,0.002,0.002,0.8590000000000001,0.91,0.92,0.9420000000000001,0.946,0.892,0.711,0.406,0.11900000000000001,0.053,0.051,0.039,0.085,0.276,0.42700000000000005,0.435,0.37200000000000005,0.359,0.19899999999999998,0.12,0.057999999999999996,0.018000000000000002,0.027999999999999997,0.073,0.095,0.051,0.040999999999999995,0.528,0.688,0.6709999999999999,0.555,0.513,0.446,0.22699999999999998,0.397,0.655,0.855,0.902,0.9079999999999999,0.899,0.777,0.5760000000000001,0.415,0.44299999999999995,0.462,0.507,0.7340000000000001,0.927,0.9059999999999999,0.022000000000000002,0.005,0.904,0.958,0.9390000000000001,0.9129999999999999,0.825,0.878,0.934,0.868,0.696,0.09699999999999999,0.027000000000000003,0.047,0.053,0.419,0.475,0.42200000000000004,0.35,0.157,0.06,0.012,0.0,0.0,0.001,0.0,0.001,0.008,0.099,0.816,0.652,0.457,0.166,0.052000000000000005,0.04,0.031,0.002
cosPhi,0.6905372916698819,0.5522659139302959,0.400317252226248,0.3554851843964611,0.5104727649290648,0.5226830862467411,0.3926335324453897,0.48342388339760184,0.6726511485097596,0.4947656150825975,0.18601903782114906,0.3563208254893466,0.2621886941364864,0.3705916063341825,0.21679754193999154,0.7575213449946595,0.5782189938741069,0.33309758505535314,0.5773569518777981,0.2815999636178211,0.2606548650290148,0.17927573031997054,0.414896514262757,0.3529809126241047,0.43733471541422103,0.4312790407311786,0.602249860477018,0.5764946742434378,0.49563824204970436,0.5522659139302959,0.5609363804107673,0.6369815497010073,0.6734698772911081,0.6734698772911081,0.55139794804612,0.5618024497166353,0.5296548002071289,0.49127529328996117,0.68811422768336,0.5540013654359628,0.4642526920267928,0.3883761250546542,0.41833829320920957,0.6751057471173533,0.2722283756374541,0.5244264823906039,0.3756562007306366,0.0035172566608971927,0.051370971647605165,0.49738353319963713,0.5739064537820616,0.2675797922315215,0.4269597863113581,0.3030299682856577,0.4252336236125223,0.3496481653360015,0.19631267814036427,0.4825517215838604,0.32817115237267375,0.4886578217489462,0.4295506925161164,0.34798452955767367,0.5444488069174445,0.2660359032605945,0.34217652385468844,0.2146438699997388,0.7715895753692046,0.5808036797790674,0.34466283508660334,0.5200674804808114,0.19631267814036427,0.2652650266497138,7.615265377843422e-05,0.34217652385468844,0.3363920752182676,0.41833829320920957,0.2815999636178211,0.23430142396318615,0.6344618429869661,0.34632274605843844,0.6578265223256956,0.2863219404920256,0.5034921638722618,0.55660330239285,0.5392311904543937,0.7766981405771051,0.6921497697365305,0.6718318938077102,0.6969730778947264,0.7105200710494552,0.694564090831167,0.6701918166254716,0.4668644719490642,0.5635340209217263,0.31512758129561774,0.395191922370304,0.3883761250546542,0.39946225625740023,0.42437088258271066,0.7967118702225287,0.5348798662076556,0.45381608867817547,0.4668644719490642
cosPsi,0.06918541977923709,0.13195145644013284,0.1596395655205411,0.1660837222644766,0.999597197557223,0.9981726480954531,0.1634937432451133,0.13551568628929417,0.06786259902314756,0.16413970533850497,0.09651984392809898,0.17927518421542105,0.15900081996875082,0.20048820074220713,0.25912316294914245,0.911568184267221,0.999962684830226,0.12264520988861405,0.20822939432194132,0.10707155341229901,0.129597701856625,0.07924460902734687,0.20681382163210532,0.17994515025752217,0.3504796038719566,0.999962684830226,0.9890738003669028,0.9578312966697806,0.6243449435824275,0.9154922346371641,0.9973514085585871,0.9207553909726531,0.911568184267221,0.9198099322672066,0.9815812833988291,0.9980973490458728,0.9070577591781597,0.16934406733817403,0.1076118147334586,0.8384379848413304,0.4486037316063766,0.11252775564791012,0.13972444415983476,0.08744325086085247,0.11418770830613995,0.20118742651223942,0.8650811383103761,0.005621809476497097,0.0007316648368941858,0.7679133974894983,0.9999238475781955,0.0020578006920147773,0.1558227121531231,0.13254270242502003,0.17660511024477016,0.15079235728449697,0.09807156969139136,0.15267081477050132,0.13313506774856187,0.844177287846877,0.4607704521360776,0.18942610986084485,0.1963120801383566,0.14521463173173965,0.190795802321223,0.2110711878082474,0.8852566213878945,0.998900734146025,0.1038551783224047,0.16220489619216988,0.08019006773279347,0.16220489619216988,0.00040280244277701716,0.10707155341229901,0.18196088986111797,0.23208660251050156,0.1949274180493662,0.0077484100127815925,0.9648882429441257,0.1349188616896238,0.11923084623163172,0.11866583515215595,0.2417333355666791,0.9845078657034347,0.9842915805643155,0.4694757302325716,0.9140301673112472,0.958530037192562,0.8880232035332729,0.8852566213878945,0.9014087375955573,0.9202833017478422,0.9951340343707852,0.9869879836395258,0.08114064168978063,0.16738482267281962,0.19700579986714456,0.29663167846209987,0.5331369502000001,0.9455032620941839,0.8485825514272822,0.188060201645307,0.2522706657837962
cosTheta,0.5029419455099531,0.4945956351837025,0.43065937896758133,0.4403550296935927,0.6721551532327169,0.6668412884346369,0.4338853330992126,0.4338853330992126,0.49293025492739123,0.47800120028332294,0.23279111214265538,0.4178157731920731,0.32929319618320246,0.4435986933251303,0.4034842352493901,0.8359090664658281,0.8068425387457049,0.3368362975954329,0.5298612374399017,0.41941590408680574,0.3398660392704277,0.2466277941250283,0.46975433943965944,0.4066580979396468,0.5536669147950974,0.6863584956503939,0.6193482093404479,0.6544696826357251,0.6176014480908367,0.6509421807736269,0.6158556128537733,0.7724440909438196,0.8032150501723183,0.8322716312149072,0.7796735065115366,0.6810267191551437,0.6810267191551437,0.4681090763360572,0.5845949753895969,0.5967140610063711,0.5639374241654798,0.37988415000374914,0.4178157731920731,0.49793029274808315,0.3368362975954329,0.5046150537900882,0.5502523222454161,0.2017698129593262,0.23416540767340377,0.6001856428304446,0.6881371948361149,0.34138357048071105,0.4435986933251303,0.35665532529608984,0.45010345364229426,0.38144611627213654,0.2763489509243248,0.46154188789838096,0.4371172298010969,0.6333549966916473,0.5536669147950974,0.41302460754775755,0.5180452179031717,0.3368362975954329,0.41941590408680574,0.35665532529608984,0.8431870247477466,0.8431870247477466,0.315829664495544,0.47800120028332294,0.24106821175566506,0.3643560276300626,0.08754688217323593,0.3520555171699238,0.3908523000372318,0.48296557210160435,0.3830097279231673,0.2663436026757517,0.7095355028942687,0.36127062148803085,0.5366396140261404,0.33230505612458544,0.5298612374399017,0.7023919340836179,0.6650715450156576,0.5639374241654798,0.8177332168084087,0.8177332168084087,0.8377281783760793,0.85228980488783,0.86322004664864,0.8759800017091586,0.7887199616519883,0.8104714255234919,0.2777861834122121,0.4290486426519627,0.43873539431256126,0.5180452179031717,0.5656530193619944,0.6245939959411818,0.6176014480908367,0.5129995459545956,0.5434367527222953
cosTau,0.46251063658683617,0.31756160783119014,0.07551415618542928,0.0304528739526454,0.015277325052430457,0.6677257848751275,0.40202692787874117,0.16413970533850497,0.3815809269671907,0.20118742651223942,0.0024722150193868253,0.08161784327051919,0.011477212782368185,0.06396536378393974,0.0023019008164105736,0.9875746771527816,0.8200548497424778,0.4054522785050543,0.2254885910009342,0.0002467198171342,0.08305708896641595,0.0013427613877710076,0.08942539543314793,0.05292288158031594,0.060175713566691824,0.00030458649045211894,0.2722275463832423,0.13551568628929417,0.3070469788378407,0.0170370868554659,0.14460026306350376,0.4200594061540826,0.7737816117462751,0.7619929529850396,0.8504546321499254,0.6905351881751371,0.30062546553737696,0.06525253524739044,0.3756550564175726,0.9838545852409857,0.7230989065549044,0.001753570375247815,0.13731281449385618,0.37988597876136804,0.02611579499520711,0.2365221022516612,0.0012179748700879012,0.9443086163274744,0.04758647376699021,0.872155773115577,0.9931428007686157,0.6478540250220234,0.7730509805072145,0.018654126786760594,0.11641742409235029,0.06184665997806832,0.0054920683190415875,0.17860619515673032,0.00869360172819239,0.08305708896641595,0.24472854104419717,0.0020578006920147773,0.13313506774856187,0.007296050758255013,0.05214411988029366,0.0034146752307570027,0.9890738003669028,0.8105738901391552,0.31593772365766115,0.21321178182447692,0.0014736238865398765,0.058526203570536506,0.32000159593997446,0.6107742488097336,0.06226773649999112,0.05175678480827983,0.007148265455573177,0.19700579986714456,0.9029641411242579,0.31188786843031724,0.3054380249298968,0.0328977628394852,0.13972444415983476,0.0289712736063516,0.7723195175075135,0.9159770610652412,0.8016039938726413,0.7693853925034315,0.4183370188791888,0.8043807145043603,0.8071426000494716,0.8240599505315654,0.8762074544478622,0.3421754815264487,0.07830427709355714,0.1097847963308351,0.058526203570536506,0.03873095527187681,0.012619402904389176,0.263724617565473,0.945898764802607,0.13671266451451208,0.11142701927151455
sinPhi,0.03772698319384338,0.0027390523158634106,0.010037647689585205,0.02134025123396638,0.00010965826257719469,0.0005147151046426268,0.011663860832915984,0.00027489202912139854,0.03075348862022198,2.741531724398394e-05,0.11087842573698947,0.021088752577342607,0.06017571356669177,0.01703708685546579,0.0879369056889921,0.9285836503510562,0.9938441702975689,0.028679254453910785,0.006020067115305394,0.050221110522409906,0.06100851228600973,0.11641742409235023,0.007296050758255013,0.022103492600834884,0.0039426493427611176,0.004745268380845602,0.9894336943808425,0.005885809276723608,1.903846791440067e-05,0.0027390523158634106,0.003726924179338953,0.01912934522539439,0.031055532694051202,0.031055532694051202,0.002648591441412884,0.0038340310572556047,0.0008800860381174003,7.615242180442072e-05,0.03673568456408138,0.9970754819861577,0.001279608534527965,0.012619402904389121,0.006713919196515317,0.031663905375801216,0.05489359769443669,0.0005969313292830125,0.015708419435684406,0.5592019841532506,0.7207529263958725,6.8538762866277025e-06,0.9945079316809584,0.942696812877208,0.005363833518505778,0.04043233037238281,0.005621809476496986,0.02314152462588659,0.10279268973229105,0.00030458649045211894,0.0304528739526454,0.00012869533865078608,0.004988171141721176,0.023669259373206797,0.001979467294615178,0.05811718495565338,0.02556199417775179,0.08942539543314793,0.9198099322672066,0.9934278582034036,0.0247421341861081,0.00040280244277701716,0.10279268973229105,0.05852620357053656,0.5087262032186417,0.02556199417775179,0.027525543921234574,0.006713919196515317,0.050221110522409906,0.9235609606910686,0.018418716601170892,0.024202798060280917,0.02556199417775179,0.047958725169610805,1.2184647302626583e-05,0.0032140721617062162,0.0015413331334360736,0.9164606203550497,0.038394891443509604,0.0304528739526454,0.04043233037238281,0.046477992854267625,0.039407297217139425,0.029855936494790625,0.0010992658539749622,0.9959472212950148,0.035433714232971925,0.011108381620696883,0.012619402904389121,0.010212375200328028,0.005753056595658224,0.09755310132204292,0.0012179748700879012,0.00213765090770901,0.0010992658539749622
sinPsi,0.753769181480352,0.8384379848413304,0.8662714493936894,0.8721557731155769,0.5200658962662799,0.5427084615686837,0.8698155474893048,0.8422735529643443,0.7515099733151174,0.8704022981433751,0.7953028338099626,0.8835825759076498,0.8656768508095853,0.9003656854743667,0.9381533400219318,0.7839218725265507,0.5061085004176236,0.8280295144952536,0.9060417634459033,0.809204197678777,0.835860294661495,0.7701201602388275,0.905020820222898,0.8841417617967616,0.9771201642581384,0.5061085004176236,0.39604415459112036,0.70097388832798,0.9842915805643155,0.7781478077501524,0.5513962683936234,0.2298798397611725,0.21607812747344934,0.22841277502466467,0.3655400896923672,0.45642212862617093,0.7903514778554699,0.8750555348152297,0.8098895158975702,0.13195145644013284,0.9973514085585871,0.8160146513324253,0.8467009141379065,0.7824835017124689,0.818039110138882,0.900887822121877,0.8416368868403996,0.5747676717218548,0.47296059350761244,0.9221639627510075,0.5087262032186417,0.45468370990111,0.862687185506144,0.8390798349340353,0.8813341648478441,0.8578463668518679,0.7974113933756706,0.8596699001693255,0.8397206521307583,0.8626871855061438,0.9984586668665639,0.8918467286629199,0.897207310267709,0.8523171049817975,0.892928446587701,0.9080687950400802,0.8187119948743449,0.5331369502000001,0.8050725819506339,0.868638668405062,0.7715872249753355,0.868638668405062,0.52006589626628,0.809204197678777,0.88581229169386,0.9221639627510075,0.8961448216775953,0.41231663695400655,0.684062276342339,0.8416368868403996,0.8240599505315656,0.8233948897552299,0.9281335423001641,0.37650049363862853,0.3756550564175726,0.0009326007890664845,0.21968050271837913,0.3006254655373769,0.18466209628435687,0.18128800512565513,0.2018875625171921,0.22914589485863013,0.4304134495199673,0.6133256537184275,0.7730509805072145,0.8733190911426957,0.897736740427448,0.9567727288213004,0.998900734146025,0.7269952498697734,0.8584553038252414,0.8907602362094096,0.9343157572190957
sinTheta,0.841430672627677,0.8347408300908483,0.7780783450903795,0.7873072754845358,0.9452729890049083,0.9428798399759295,0.781175102555108,0.781175102555108,0.833387029548143,0.8209662756162371,0.5305992034611462,0.7654877252302247,0.66655784165784,0.7903426162306431,0.7509362478662144,0.993624764322336,0.9885504724576554,0.675869418215168,0.8619466280671826,0.7670793166210373,0.6795605729076252,0.5521768624676897,0.8138826126641087,0.7542051529794818,0.878774183367329,0.9514077687336076,0.9190813074980823,0.9370998966615165,0.9181221375140093,0.9353981929607459,0.9171574416519601,0.980616581821997,0.987812771551718,0.9930709847210485,0.9824586729635518,0.9491493674907825,0.9491493674907825,0.8124502376928284,0.8988514224102371,0.9061819316887794,0.885662211266418,0.725782634221499,0.7654877252302247,0.8374326114162464,0.675869418215168,0.8427527805698969,0.8764348883967854,0.47933258653881133,0.5327766327366446,0.9082270048063592,0.9521493176447353,0.6813989542940604,0.7903426162306431,0.6995175886161883,0.7963516213627504,0.7274943144737177,0.5960464745279868,0.8066687418476048,0.7842514251811671,0.9265553886867162,0.878774183367329,0.7606826049653916,0.8531386427652651,0.675869418215168,0.7670793166210373,0.6995175886161883,0.9946632466455553,0.9946632466455553,0.6494976351126023,0.8209662756162371,0.5435983661909094,0.7083950006406752,0.24771525707832565,0.6941327784568236,0.7376603655058446,0.8251537487883627,0.7292010495333687,0.5816430845449163,0.960608172323776,0.7048586591288974,0.8668620420042613,0.6702967908161576,0.8619466280671826,0.9578788596861304,0.9420709177874234,0.885662211266418,0.9906257707672168,0.9906257707672168,0.9938930207322169,0.9958317662411548,0.9970438182214219,0.9981955070654223,0.9846325354743227,0.9892652117214851,0.5980859724999907,0.7765223150753671,0.7857819117062003,0.8531386427652651,0.8867912416732258,0.921925633048679,0.9181221375140093,0.8492837959508579,0.8716915405751109
sinTau,0.0014074332374421905,0.034472092068735805,0.23578083263882638,0.32817015270719196,0.3773463070605988,0.9710287263936483,0.9903073292733064,0.1295977018566249,0.014225440001176981,0.09911217787812299,0.45034012512818067,0.22621838825372487,0.39348480686251164,0.25530877412557673,0.45207712373988806,0.38922575119026637,0.11585823820323832,0.9909793563482219,0.08209631931586481,0.48429462046093563,0.22403150734397087,0.46338090143618416,0.21464321615778414,0.2761204560806151,0.2621878954648622,0.5174497483512506,0.05489359769443669,0.8422735529643443,0.9612690447281231,0.6294095225512605,0.8516973514052519,0.993568132536494,0.9183821567294808,0.9258634670715238,0.8566252245770908,0.9622730168061566,0.958530037192562,0.7469709332921155,0.015708419435684406,0.6260346791215569,0.9474671808010126,0.4581610783338421,0.15582271215312304,0.014641759210904604,0.34052034535096504,0.07505365350656806,0.46512176312793724,0.27067522275784256,0.2871103542174638,0.1660837222644767,0.41747619706966116,0.022360818938828186,0.08114064168978063,0.36469977701206824,0.17927518421542094,0.25912316294914217,0.42609529443519456,0.116977778440511,0.40716669230721136,0.22403150734397087,0.9299261357984367,0.45468370990111,0.16027934786924164,0.41489525041698366,0.2776824104075361,0.4416646314503334,0.39604415459112036,0.10815327133708008,0.9648882429441258,0.09042397785550416,0.46164048593659057,0.2652642186070546,0.9664767674127446,0.012425322847218423,0.2583588083724987,0.27846440458790994,0.4157553102174988,0.102263259572552,0.20399341060039022,0.9632643154359186,0.039407297217139425,0.3216310003401874,0.1532990858620935,0.33227421512487243,0.919335283972712,0.7774222137239997,0.8987919644126142,0.9212261985035738,0.9932860808034847,0.8966766701456176,0.8945420424173454,0.8807691537683684,0.8293447300593402,0.02556199417775179,0.7686498041734119,0.18737867183214746,0.2652642186070546,0.3070469788378407,0.38837494199452416,0.05934827396750386,0.7262173546558913,0.8435437554022116,0.1853398044750813
hhm0,0.8411136344520144,0.40550088316931615,0.41769703086887033,0.5011355034065101,0.8411136344520144,0.36445453780805787,0.2879131970729245,0.6932458575153503,0.7672638573471275,0.8411136344520144,0.45579947850954666,0.5956766759189167,0.3221465219951215,0.8411136344520144,0.74741357557406,0.43140718311043824,0.6390781394566406,0.7106569097485069,0.4561359239633274,0.6156110690554294,0.3951551854655564,0.09958785431911851,0.5186306670031121,0.8411136344520144,0.4712759693834637,0.5510135419295147,0.8411136344520144,0.024896963579779628,0.46681806712086804,0.45756581714189587,0.75161914374632,0.47766843300529893,0.5394061737740768,0.27193203801833626,0.4478930103456977,0.351164942383716,0.8411136344520144,0.5335183783329127,0.5521911010177475,0.4700984102952308,0.41155690133737066,0.5407519555892001,0.49440659433089407,0.668517116662461,0.8411136344520144,0.49171503070064765,0.5150138783749684,0.43468752628480106,0.5287240306165363,0.2805113970897468,0.4801076625452098,0.6044242577172175,0.35419295146774327,0.3725292286987972,0.4660610648498612,0.5074438556649002,0.39894019682059045,0.6289847758432164,0.6284801076625451,0.4780048784590798,0.46513583985196394,0.485574901169148,0.5802842964084447,0.8411136344520144,0.4950794852384557,0.6126671713348474,0.4917991420640928,0.40718311043822014,0.4583228194129027,0.38169736731432413,0.13794263605013035,0.4682479602994364,0.3735385650601396,0.43695853309782146,0.6143493986037514,0.8411136344520144,0.43090251492976694,0.3714357809740096,0.49835982841281856,0.47287408528892255,0.44267810581209516,0.2660442425771722,0.468079737572546,0.8411136344520144,0.8411136344520144,0.7263016233493145,0.8411136344520144,0.8411136344520144,0.8411136344520144,0.8411136344520144,0.3075952561191017,0.40482799226175453,0.8411136344520144,0.6023214736310875,0.24939019261502227,0.431743628564219,0.5987046850029438,0.8411136344520144,0.5492472032971655,0.3674825468920851,0.6170409622339978,0.41786525359576077,0.8411136344520144
hhm1,0.7903264048051845,0.7903264048051845,0.4872362285623963,0.6141626491741089,0.7903264048051845,0.46850549276851333,0.5230380147000712,0.4893701098553702,0.7903264048051845,0.6492531415474591,0.32308543428435943,0.7903264048051845,0.5402671303248241,0.5090492373350193,0.7903264048051845,0.7903264048051845,0.7903264048051845,0.5895834979846676,0.6471982928949656,0.6146368450169919,0.5514897652730577,0.7903264048051845,0.6117916699596934,0.3559630127242551,0.7903264048051845,0.7903264048051845,0.7903264048051845,0.7903264048051845,0.37113727969651467,0.6165336283885244,0.7903264048051845,0.37342922627044967,0.6943807792618352,0.5519639611159408,0.7903264048051845,0.7903264048051845,0.690271081956848,0.7903264048051845,0.7903264048051845,0.6034142100687583,0.7903264048051845,0.4598909349561368,0.7903264048051845,0.7903264048051845,0.7903264048051845,0.7470165178218604,0.7903264048051845,0.6904291472378092,0.5261993203192918,0.7903264048051845,0.526673516162175,0.42511657314470874,0.49458626412708445,0.4387892199478384,0.5023314628941753,0.5489607207776811,0.7903264048051845,0.7903264048051845,0.4972733739034221,0.4962459495771753,0.5566268869042914,0.4213230064016439,0.5006717774440843,0.7903264048051845,0.3517742827787876,0.4972733739034221,0.10914407650359598,0.7903264048051845,0.5156089464949023,0.49972338575831815,0.43712953449774755,0.7903264048051845,0.42985853157353987,0.7903264048051845,0.7903264048051845,0.7903264048051845,0.47063937406148737,0.7903264048051845,0.5989883822018494,0.28254168971785343,0.666008061329329,0.41824073342290363,0.5359203350983957,0.7487552359124318,0.45838931478700695,0.7903264048051845,0.563423693985616,0.7903264048051845,0.7903264048051845,0.7903264048051845,0.6419031059827709,0.7903264048051845,0.7903264048051845,0.4150794278036829,0.10052951869121947,0.5630285307832135,0.7903264048051845,0.39050027661424164,0.6275191654153165,0.7903264048051845,0.39603256144787796,0.6443531178376669,0.7903264048051845
hhm2,0.8234519104084322,0.8234519104084322,0.47834321475625824,0.35729578392621875,0.8234519104084322,0.3442852437417655,0.35243741765480896,0.7289196310935442,0.5126811594202899,0.8234519104084322,0.8234519104084322,0.4696146245059289,0.5896739130434783,0.5524538866930172,0.49670619235836627,0.348731884057971,0.4713438735177866,0.6944993412384718,0.539443346508564,0.7926548089591569,0.3282279314888011,0.5200098814229249,0.8234519104084322,0.8234519104084322,0.020750988142292492,0.8234519104084322,0.7215909090909091,0.43733530961791833,0.02923254281949934,0.10564888010540185,0.8234519104084322,0.8234519104084322,0.8234519104084322,0.3375329380764163,0.20248682476943347,0.5096343873517787,0.19013504611330698,0.8234519104084322,0.8234519104084322,0.5853096179183136,0.4314888010540185,0.5453722002635046,0.8234519104084322,0.8234519104084322,0.4906126482213439,0.4433465085638999,0.49036561264822137,0.5967555994729908,0.8234519104084322,0.613471673254282,0.4034914361001318,0.6526679841897234,0.8234519104084322,0.5895092226613966,0.48995388669301715,0.8234519104084322,0.8234519104084322,0.5928853754940712,0.42975955204216076,0.1086133069828722,0.3725296442687748,0.6599143610013176,0.6874176548089592,0.294137022397892,0.48130764163372863,0.2849967061923584,0.3273221343873518,0.43206521739130443,0.455368906455863,0.5253623188405797,0.4893774703557313,0.8234519104084322,0.5926383399209486,0.6373517786561266,0.6303524374176548,0.8234519104084322,0.8234519104084322,0.5317852437417655,0.26885704874835314,0.8234519104084322,0.5265974967061924,0.5818511198945981,0.46121541501976293,0.8234519104084322,0.8234519104084322,0.4823781291172596,0.8234519104084322,0.10111989459815549,0.6423748353096179,0.6232707509881423,0.3507081686429513,0.5071640316205533,0.5114459815546772,0.462203557312253,0.8234519104084322,0.8234519104084322,0.8234519104084322,0.6483036890645587,0.8234519104084322,0.8234519104084322,0.35276679841897235,0.3395092226613966,0.8234519104084322
hhm3,0.7964319847085058,0.6900286715514494,0.3659604969735585,0.7964319847085058,0.45563873845173625,0.2946798343421472,0.3905702453010513,0.5145747053201657,0.7964319847085058,0.3458904109589041,0.7964319847085058,0.3556068811723479,0.7964319847085058,0.4990442816183498,0.7964319847085058,0.2385313794201975,0.5062918126791972,0.4718063077413189,0.393357757247531,0.2715833067856005,0.07143994902835298,0.5499362854412233,0.7964319847085058,0.7964319847085058,0.47674418604651164,0.5140172029308696,0.49737177445046193,0.4074546033768716,0.7964319847085058,0.5465912711054476,0.4917967505575024,0.5152118509079324,0.4307104173303599,0.12376553042370182,0.12997769990442817,0.404587448231921,0.30567059573112454,0.7964319847085058,0.46049697355845814,0.48654029945842625,0.39463204842306465,0.5050971647021344,0.37304874163746415,0.6256769671870022,0.42035680152914945,0.4049856642242752,0.7964319847085058,0.4154189232239566,0.5589359668684294,0.5944568333864287,0.4314272061165976,0.4663109270468302,0.4516565785281937,0.5684931506849314,0.2679993628544122,0.547945205479452,0.28735266008282895,0.28066263141127745,0.5067696718700223,0.2818572793883402,0.353376871615164,0.7799458426250397,0.2833705001592864,0.7964319847085058,0.0684931506849315,0.2515132207709462,0.35887225230965275,0.40004778591908247,0.25868110863332267,0.38834023574386745,0.5011946479770627,0.4588244663905702,0.591669321439949,0.7873526600828289,0.7964319847085058,0.7964319847085058,0.7964319847085058,0.46901879579483907,0.328368907295317,0.7964319847085058,0.7964319847085058,0.5050971647021344,0.3395189550812361,0.7964319847085058,0.7964319847085058,0.44902835297865556,0.4882128066263141,0.4483912073908888,0.6232876712328766,0.7964319847085058,0.3269353297228416,0.3694647977062758,0.7964319847085058,0.5098757566103854,0.5637145587766804,0.35847403631729846,0.49195603695444406,0.49577891048104494,0.7964319847085058,0.32709461611978335,0.3669958585536795,0.36349155782096204,0.4304714877349474
hhm4,0.80768920119538,0.80768920119538,0.28495275018173005,0.80768920119538,0.42952911719570314,0.80768920119538,0.80768920119538,0.80768920119538,0.80768920119538,0.33042565220903,0.39819077618932236,0.80768920119538,0.5422825296825782,0.5615863015911478,0.80768920119538,0.80768920119538,0.4857442855989016,0.48784427752200954,0.5106211129957192,0.18019546078668927,0.80768920119538,0.3437525240287537,0.36459090541959455,0.27429125272595106,0.6035861400533075,0.80768920119538,0.80768920119538,0.5627978353929408,0.80768920119538,0.46781358533236417,0.6127937969469348,0.43962523221064537,0.26500282691220417,0.6908165737824085,0.80768920119538,0.80768920119538,0.481463532832566,0.45367902431144497,0.80768920119538,0.80768920119538,0.5816977627009127,0.80768920119538,0.80768920119538,0.80768920119538,0.568532428721428,0.80768920119538,0.5420402229222195,0.6445359825539132,0.80768920119538,0.80768920119538,0.80768920119538,0.6203860754381714,0.09781116226476053,0.445279056619013,0.80768920119538,0.49680962765527825,0.4884096599628463,0.5723285679670463,0.37630239883692757,0.6547936354090945,0.5606170745497133,0.5207979969307811,0.4503674985865439,0.4144253291333495,0.80768920119538,0.4027138357160165,0.3876908165737824,0.80768920119538,0.80768920119538,0.5560132461028996,0.6175591632339875,0.29682578143930216,0.6547936354090945,0.3530409498425006,0.3507794200791536,0.480413536871012,0.4949519424925289,0.80768920119538,0.80768920119538,0.80768920119538,0.7043049834423714,0.3254179791616186,0.80768920119538,0.80768920119538,0.3861562070915112,0.80768920119538,0.80768920119538,0.80768920119538,0.406994588482352,0.481463532832566,0.6037476778935467,0.6152976334706405,0.2910104191906954,0.80768920119538,0.37937161780147,0.80768920119538,0.41919069542040227,0.4008561505532671,0.054195945400210006,0.80768920119538,0.80768920119538,0.80768920119538,0.80768920119538
hhm5,0.8283631544068919,0.8283631544068919,0.34782968853545393,0.43903247183565275,0.8283631544068919,0.41998011928429424,0.5950960901259112,0.49519549370444,0.5400099403578529,0.8283631544068919,0.5147448641484427,0.8283631544068919,0.69350563286945,0.6457090788601723,0.5089463220675944,0.09169980119284295,0.031229290921139824,0.8283631544068919,0.4564280980781975,0.687624254473161,0.4329025844930417,0.15415838303512258,0.8283631544068919,0.5963386348575215,0.5065440689198145,0.8283631544068919,0.009691848906560637,0.6582173624917164,0.4735752153744201,0.750497017892644,0.4882372432074221,0.4720841616964877,0.8283631544068919,0.5673459244532802,0.2775844930417495,0.5099403578528827,0.41708084824387004,0.3429423459244533,0.3744201457919152,0.08904903909874089,0.3867627567925778,0.4809476474486415,0.3615805168986083,0.40962557985420806,0.5750497017892644,0.5585652750165673,0.8283631544068919,0.06718025182239894,0.03164347249834327,0.6849734923790589,0.047548045062955596,0.041666666666666664,0.8283631544068919,0.8283631544068919,0.5207090788601724,0.3101391650099404,0.42105699138502317,0.6679920477137177,0.8283631544068919,0.6037110669317428,0.7694665341285619,0.47299536116633534,0.7232438701126573,0.3972829688535454,0.5486249171636846,0.4053180914512922,0.19557654075546718,0.06386679920477137,0.5104373757455268,0.24809476474486414,0.4181577203445991,0.8283631544068919,0.09227965540092777,0.6005632869449966,0.5941848906560636,0.6640159045725645,0.5158217362491716,0.08788933068257124,0.3943008614976806,0.577037773359841,0.8283631544068919,0.8283631544068919,0.4854208084824386,0.8283631544068919,0.5907057654075546,0.017478462557985422,0.5653578528827038,0.8283631544068919,0.4580848243870112,0.8283631544068919,0.4942842942345924,0.5585652750165673,0.8283631544068919,0.04034128561961564,0.7165341285619615,0.5111829025844931,0.8283631544068919,0.8283631544068919,0.5550033134526177,0.7107355864811132,0.7063452617627568,0.5178098078197482,0.8283631544068919
hhm6,0.805607024893257,0.42189639893659875,0.805607024893257,0.6330460001611214,0.7233545476516555,0.4210907919117055,0.4235076129863852,0.4392169499718037,0.805607024893257,0.5869652783372271,0.6619672923547892,0.5265447514702327,0.805607024893257,0.4277773302183195,0.805607024893257,0.805607024893257,0.805607024893257,0.41126238620800765,0.805607024893257,0.805607024893257,0.805607024893257,0.805607024893257,0.5235640054781278,0.805607024893257,0.513977281881898,0.805607024893257,0.805607024893257,0.805607024893257,0.5423346491581407,0.3929751067429308,0.805607024893257,0.805607024893257,0.805607024893257,0.805607024893257,0.440022556996697,0.3046805768146298,0.3356964472730202,0.805607024893257,0.805607024893257,0.4872311286554418,0.348505598968823,0.6128252638363006,0.6631757028921292,0.5113187786997503,0.42189639893659875,0.581245468460485,0.805607024893257,0.805607024893257,0.805607024893257,0.5360509143639732,0.5201804559735761,0.61290582453879,0.612422460323854,0.6137114315636832,0.6249899299121888,0.805607024893257,0.43897526786433577,0.4624184322887295,0.5839039716426326,0.534520261016676,0.3980504309997583,0.805607024893257,0.5900265850318215,0.4359139611697414,0.805607024893257,0.5896237815193748,0.805607024893257,0.4077982760009667,0.1670023362603722,0.805607024893257,0.5467654877950535,0.34600821719165387,0.805607024893257,0.5925239668089906,0.805607024893257,0.805607024893257,0.805607024893257,0.805607024893257,0.47861113348908396,0.805607024893257,0.7021670828969628,0.5458793200676709,0.5242890518005318,0.5007653266736486,0.805607024893257,0.805607024893257,0.805607024893257,0.805607024893257,0.805607024893257,0.805607024893257,0.5071296221703052,0.39643921694997175,0.805607024893257,0.805607024893257,0.805607024893257,0.40457584790139367,0.805607024893257,0.5642471602352372,0.805607024893257,0.6887134455812455,0.805607024893257,0.805607024893257,0.805607024893257
hhm7,0.7675775253300584,0.4001381639545594,0.08596868283696653,0.2307338041142155,0.38969910961007065,0.7675775253300584,0.5494319926312558,0.4174854160270188,0.4957015658581517,0.21131409272336507,0.24900214921707095,0.5004605465151981,0.12104697574455021,0.3296745471292601,0.060101320233343566,0.7675775253300584,0.7675775253300584,0.355388394227817,0.24739023641387778,0.2460853546208167,0.41234264660730735,0.643920785999386,0.32691126803807186,0.3098710469757446,0.7675775253300584,0.44673011974209403,0.6257291986490636,0.7675775253300584,0.6867516119128032,0.28707399447344184,0.5583358919250845,0.13202333435677002,0.11490635554190974,0.7758673626036229,0.5621737795517348,0.1472981271108382,0.5105925698495548,0.39453484801965,0.5105925698495548,0.49401289530242554,0.41786920478968376,0.7675775253300584,0.578523180841265,0.36797666564322995,0.2608228431071538,0.17201412342646608,0.07906048510899602,0.447267424009825,0.7675775253300584,0.058566165182683455,0.7675775253300584,0.6286459932453179,0.2938286766963463,0.10945655511206633,0.37043291372428616,0.3536229659195579,0.42922935216456864,0.41602701872889164,0.33036536690205714,0.5247927540681608,0.5663186981885171,0.11060792140006141,0.3720448265274793,0.08566165182683452,0.44619281547436296,0.0894995394534848,0.7675775253300584,0.4247006447651213,0.38801043905434446,0.3474055879643844,0.3131716303346638,0.1079981578139392,0.45049124961621123,0.3803346638010439,0.24785078292907586,0.2943659809640774,0.1565090574147989,0.41073073380411423,0.6806877494626958,0.26903592262818543,0.7675775253300584,0.20701565858151674,0.4117285845870433,0.09901750076757754,0.08834817316548971,0.7675775253300584,0.5847405587964385,0.7675775253300584,0.19028246852932149,0.5181915873503224,0.6010899600859687,0.6647221369358305,0.157583665950261,0.7675775253300584,0.26389315320847406,0.368206938900829,0.19005219527172243,0.26650291679459626,0.3774946269573227,0.5034540988639853,0.07836966533619896,0.7675775253300584,0.4183297513048818
hhm8,0.7967492630069316,0.4261811807824078,0.6321408652696996,0.4565373277029718,0.4488885347781053,0.7967492630069316,0.32108995299179344,0.30427854354234724,0.7967492630069316,0.3476217034499243,0.373914429129153,0.2865907099035933,0.6244123974185323,0.08875786789897218,0.5921440522667516,0.47820890765676033,0.4231535335829814,0.1619791251693092,0.3185403553501713,0.17520516293522428,0.3362281889889252,0.7967492630069316,0.7967492630069316,0.7967492630069316,0.5205959684487291,0.5111943271452473,0.6383555095211536,0.7967492630069316,0.6495099992032507,0.42928850290813475,0.510238228029639,0.7967492630069316,0.5762887419329137,0.2846785116723767,0.2995777228906063,0.23950282845988363,0.3614054656999442,0.7967492630069316,0.4337502987809736,0.2899370568082224,0.16381164847422516,0.39319576129392075,0.10899529917934825,0.2732053222850768,0.09951398294956576,0.2753565452951956,0.49908373834754194,0.3896103896103896,0.4458608875786789,0.6817783443550314,0.46155684805991554,0.4469763365468887,0.7967492630069316,0.4574137518922795,0.09035136642498605,0.6451278782567126,0.1957612939208031,0.2237271930523464,0.5605131065253764,0.34459405625049794,0.3587761931320213,0.4604413990917058,0.40251772767110183,0.6385945343000557,0.29065413114492866,0.3022069954585292,0.2826069635885587,0.5080870050195203,0.16038562664329534,0.10309935463309694,0.4068201736913393,0.3418054338299737,0.3355111146522189,0.37144450641383153,0.7967492630069316,0.7967492630069316,0.7967492630069316,0.49422356784319965,0.5730220699545852,0.5807505378057525,0.7967492630069316,0.7967492630069316,0.5782009401641303,0.7967492630069316,0.6261652457971476,0.4793243566249701,0.29973707274320766,0.35487212174328736,0.7967492630069316,0.7967492630069316,0.4556609035136642,0.22093857063182215,0.7967492630069316,0.2869890845350968,0.6037765915066529,0.3599713170265317,0.7967492630069316,0.36435343797306985,0.45956497490239817,0.7967492630069316,0.5315114333519241,0.33877778663054736,0.1745677635248187
hhm9,0.39912316982380674,0.3500703118537513,0.3004384150880966,0.3450244023492431,0.05426420713044917,0.4944164116138638,0.5389196790470675,0.4569443295557945,0.42063032508892373,0.14757217304988005,0.18959384564480103,0.7378608652494002,0.15055008685581933,0.3722392257424104,0.36595251881876084,0.8271982794275787,0.8271982794275787,0.34940855323020925,0.13657043593349324,0.3287285962445198,0.44875506658946146,0.32740507899743565,0.024071469931342543,0.05169989246422367,0.6186615931838861,0.6235420630325089,0.8271982794275787,0.8271982794275787,0.8271982794275787,0.5227893125982298,0.7079162875341218,0.3745553809248076,0.11663495739928859,0.5001240797419141,0.46893870460749437,0.3687649929688146,0.37695425593514764,0.08544958226486889,0.6905451236661427,0.3699230705600132,0.8271982794275787,0.5581933989577301,0.5133592522127554,0.32550252295475224,0.4581024071469931,0.26222185457854247,0.20522789312598227,0.5013648771610555,0.8271982794275787,0.30250641078666557,0.49995864008602864,0.5257672264041691,0.26867400115807755,0.33832409628587967,0.5745719248903962,0.4148399371329307,0.4278269501199437,0.7290098436595251,0.36214740673339396,0.24170733724873852,0.41351641988584664,0.4669534287368682,0.19687319050376376,0.25949210025643143,0.4630655968235585,0.36214740673339396,0.3550335015303168,0.8271982794275787,0.5215485151790884,0.5109603772024154,0.4432128381172967,0.3374141781785093,0.3589213334436264,0.4693523037472082,0.2910083547026222,0.09066093142526263,0.2656960873521383,0.32136653155761435,0.530564976424849,0.22971296219703863,0.7886508396062536,0.3027545702704938,0.8271982794275787,0.11398792290512036,0.21035652245843328,0.8271982794275787,0.8271982794275787,0.5102158987509305,0.09587228058565637,0.042352551906692036,0.8271982794275787,0.43163206220531064,0.10894201340061213,0.8271982794275787,0.27190007444784514,0.37852593266606005,0.04921829762594093,0.6086524940028124,0.3690958722805856,0.8271982794275787,0.8271982794275787,0.468028786500124,0.37687153610720486
hhm10,0.7923302432453847,0.7923302432453847,0.7923302432453847,0.7923302432453847,0.4814990888202203,0.7923302432453847,0.7923302432453847,0.7923302432453847,0.7923302432453847,0.2476032010141827,0.5165993185959908,0.4452103636795816,0.5258695824419618,0.527216543855479,0.6809286110450836,0.7923302432453847,0.7923302432453847,0.7092148007289438,0.5020204421202757,0.40004753981459473,0.5973377703826955,0.7923302432453847,0.4487758497741859,0.5539180730528485,0.7923302432453847,0.7923302432453847,0.7923302432453847,0.7923302432453847,0.7923302432453847,0.7923302432453847,0.4794390301877822,0.4996434513905396,0.5382299342365898,0.7668172094128833,0.5882259725853736,0.2096505823627288,0.4667617462958561,0.6694398225180255,0.7923302432453847,0.5672292211393709,0.5581966563663735,0.5992393629664844,0.7923302432453847,0.5106568417716504,0.49805879090404886,0.14531336661120356,0.3587671341415102,0.5043974328500119,0.5101022106013787,0.4513113065525711,0.7923302432453847,0.7923302432453847,0.4896600903256477,0.4101893669281357,0.5658822597258537,0.6338641945963078,0.7923302432453847,0.7923302432453847,0.46533555185801445,0.4613739006417875,0.5969416052610728,0.6730845416369543,0.7875762617859124,0.527375009904128,0.5317328262419777,0.7205451232073529,0.7923302432453847,0.7923302432453847,0.7923302432453847,0.7923302432453847,0.7865462324696934,0.4704856984391094,0.5085967831392124,0.7923302432453847,0.4219950875524919,0.35242849219554706,0.44639885904444976,0.4990888202202678,0.7923302432453847,0.7923302432453847,0.7923302432453847,0.548847159496078,0.7923302432453847,0.5591474526582679,0.7923302432453847,0.7923302432453847,0.7923302432453847,0.7923302432453847,0.24047222882497424,0.16472545757071547,0.4257982727200697,0.5917122256556533,0.22993423658981063,0.7923302432453847,0.31360431027652325,0.5083590840662388,0.33293716821171065,0.7923302432453847,0.2708184771412725,0.7923302432453847,0.5703985421123524,0.7923302432453847,0.7923302432453847
hhm11,0.8106355382619974,0.8106355382619974,0.495541504539559,0.42250324254215305,0.8106355382619974,0.35903047989623865,0.4505512321660181,0.7420557717250325,0.8106355382619974,0.4800583657587548,0.8106355382619974,0.41091115434500647,0.5059176394293126,0.38951037613488976,0.5678501945525292,0.2176556420233463,0.4316634241245136,0.46514267185473407,0.522697795071336,0.8106355382619974,0.39015888456549935,0.8106355382619974,0.8106355382619974,0.8106355382619974,0.3865110246433204,0.5888456549935149,0.8106355382619974,0.8106355382619974,0.36024643320363164,0.3086900129701686,0.8106355382619974,0.8106355382619974,0.8106355382619974,0.5723086900129701,0.441147859922179,0.3987516212710765,0.13951037613488976,0.5002431906614786,0.8106355382619974,0.5286964980544747,0.3159046692607004,0.8106355382619974,0.3728923476005188,0.49335278858625164,0.584792477302205,0.47284370946822313,0.6264591439688716,0.8106355382619974,0.8106355382619974,0.8130674448767833,0.40815499351491563,0.42801556420233466,0.5116731517509727,0.6228112840466926,0.29936770428015563,0.5162937743190662,0.7949902723735408,0.5692282749675746,0.4010214007782101,0.35132944228274965,0.22495136186770429,0.4974059662775616,0.4469033722438392,0.5844682230869,0.6357814526588845,0.8106355382619974,0.538991569390402,0.3748378728923476,0.3868352788586252,0.41099221789883267,0.5153210116731518,0.8106355382619974,0.6358625162127107,0.6198929961089494,0.8106355382619974,0.8106355382619974,0.8106355382619974,0.8106355382619974,0.28680285343709466,0.4332036316472114,0.5890888456549935,0.5971952010376135,0.04823281452658884,0.7577821011673151,0.44471465629053175,0.8106355382619974,0.8106355382619974,0.08754863813229573,0.35392347600518803,0.8106355382619974,0.38383592736705574,0.611219195849546,0.8106355382619974,0.42242217898832685,0.8106355382619974,0.560473411154345,0.8106355382619974,0.07482166018158236,0.4511997405966277,0.8106355382619974,0.28988326848249024,0.3698119325551232,0.8106355382619974
hhm12,0.012968859206336879,0.2893531101964743,0.5046206414537547,0.37019492117729286,0.45592917605032224,0.7765783955890346,0.39644327094820214,0.22769278558670497,0.013512464083249203,0.5949367088607594,0.7765783955890346,0.3381222334394657,0.7765783955890346,0.5410421682068804,0.7765783955890346,0.5755999068105925,0.6795060961404054,0.5717946726722062,0.26380368098159507,0.7765783955890346,0.7765783955890346,0.4590354896326784,0.5947813931816417,0.7765783955890346,0.48046905335093576,0.40040382076570624,0.7765783955890346,0.3684864487069969,0.7765783955890346,0.7765783955890346,0.43628174264191966,0.7765783955890346,0.4780616603246098,0.4887007843441795,0.528539256037897,0.3212704822551837,0.5705521472392638,0.6673914731692164,0.02749087520385183,0.45996738370738527,0.48699231187388364,0.3390541275141725,0.14754989516191658,0.07789081307758018,0.7765783955890346,0.3726799720431777,0.7765783955890346,0.7765783955890346,0.7765783955890346,0.49980585540110267,0.4499495224042867,0.5478760580880639,0.3500038828919779,0.4902539411353576,0.672516890580104,0.3294245554088685,0.46058864642385644,0.2930030286557428,0.5408091946882038,0.7765783955890346,0.41958530713675546,0.3292692397297507,0.14428826590044264,0.4115865496621884,0.37555331210685716,0.7765783955890346,0.4950687271880096,0.2506018482565815,0.5319562009784888,0.3857264890890735,0.7765783955890346,0.7765783955890346,0.6525588258134659,0.20066785742020657,0.3390541275141725,0.7765783955890346,0.7765783955890346,0.1814863710491574,0.06896016152830628,0.37966917760347907,0.011726333773394423,0.7765783955890346,0.36592374000155314,0.5151821076337656,0.7765783955890346,0.7765783955890346,0.7765783955890346,0.7765783955890346,0.7765783955890346,0.7765783955890346,0.47223732235769195,0.6775646501514327,0.7765783955890346,0.7765783955890346,0.6326007610468276,0.3689523957443504,0.7225285392560379,0.4107323134270405,0.7765783955890346,0.03432476508503533,0.7765783955890346,0.44723149801972506,0.15244233905412752
hhm13,0.7867201636377941,0.06868067028557942,0.30713555188419484,0.7867201636377941,0.6330737156793329,0.3474942962788136,0.07678388797104871,0.4028007237825506,0.5629769490992055,0.5009047281881835,0.5644717174101173,0.32656753992604837,0.7867201636377941,0.41814176697348754,0.7867201636377941,0.2797576901895996,0.7867201636377941,0.08008811265832744,0.29934702226418064,0.5936590354810795,0.4169616867280309,0.7867201636377941,0.7867201636377941,0.7867201636377941,0.7867201636377941,0.4891039257336166,0.7867201636377941,0.7867201636377941,0.409409173157108,0.7867201636377941,0.49319487058453315,0.7867201636377941,0.7867201636377941,0.36692628432066715,0.289591692235072,0.46739044921721346,0.38966249704979944,0.7867201636377941,0.5909055149083472,0.6798048933994179,0.5397687042718906,0.4551176146644639,0.4311226496735111,0.41735504680984975,0.23168908819133036,0.5853984737628826,0.7867201636377941,0.27330658484776965,0.38950515301707184,0.5912202029738022,0.7867201636377941,0.35410274565337113,0.4166469986625757,0.2965148296750846,0.32113917079694754,0.4422154039808041,0.36440877979702624,0.08449374557469909,0.5251357092282275,0.6296908189756903,0.0977893163401778,0.5427582408937142,0.3903705451970734,0.45110534182991113,0.36016049091338215,0.500354024073637,0.49933128786090797,0.36440877979702624,0.35976713083156325,0.42593029659350173,0.3897411690661632,0.4146015262371175,0.33490677366060895,0.4618834080717489,0.7867201636377941,0.4963417512390843,0.7867201636377941,0.5532216190700968,0.45417355046809854,0.6441664699866257,0.7032491542758241,0.48155141216269376,0.4639288804972072,0.7867201636377941,0.7867201636377941,0.7867201636377941,0.5252930532609551,0.7867201636377941,0.7867201636377941,0.7867201636377941,0.3045393753441901,0.060656124616473926,0.7867201636377941,0.38541420816615535,0.7867201636377941,0.3833687357406971,0.7867201636377941,0.4557469907953742,0.7867201636377941,0.4169616867280309,0.7867201636377941,0.4796632837699631,0.3076862559987413
hhm14,0.7768197001475957,0.7768197001475957,0.7768197001475957,0.7768197001475957,0.41722986094927367,0.4612755379476423,0.30824205701856594,0.05189155596985939,0.7768197001475957,0.3400916647246174,0.6661228928765633,0.34716072399596054,0.7768197001475957,0.21012972888992465,0.34638390429581295,0.3535306455371708,0.36137652450866153,0.4766565680105647,0.2955022139361454,0.24904839586731917,0.49118309640332475,0.44131127165384915,0.7768197001475957,0.729200652528548,0.7768197001475957,0.43299930086226984,0.39167249281441774,0.5771770372096636,0.7768197001475957,0.2318806804940573,0.5569797250058262,0.7768197001475957,0.661384292705663,0.26116678318962167,0.45715839353686005,0.44395245863435095,0.41194748698827,0.493047463683679,0.4198710479297754,0.2712654392915404,0.16717159947176258,0.35508428493746597,0.36028897692845485,0.4128019886584323,0.2902198399751417,0.3484813174862114,0.4327662549522256,0.3333333333333333,0.3780781480618348,0.45443952458634346,0.5126233201273984,0.4737823351200186,0.408063388487532,0.6038219529247261,0.23724073642507573,0.33519770061368753,0.12258214868329059,0.3626971179989124,0.5695642041482171,0.4824827157616717,0.3529091897770527,0.4409228618037753,0.2705663015614076,0.7768197001475957,0.5105259069369998,0.7768197001475957,0.5872756933115822,0.4269401072011186,0.2788005903829721,0.28540355783422666,0.30692146352831506,0.3270410937621378,0.4147440379088014,0.41458867396877175,0.479142391051037,0.6632486599860172,0.7768197001475957,0.38809912219373877,0.7768197001475957,0.7768197001475957,0.7172376291462751,0.7768197001475957,0.7768197001475957,0.7768197001475957,0.5419094228229627,0.4354074419327274,0.016934669463217585,0.7768197001475957,0.6986716383127475,0.7768197001475957,0.6490328594733162,0.383826613842927,0.7768197001475957,0.3960226831352443,0.6086382350656412,0.5333644061213392,0.7768197001475957,0.5951992542530878,0.7768197001475957,0.7768197001475957,0.7768197001475957,0.4413889536238639,0.41909422822962783
hhm15,0.43464566929133863,0.40370078740157483,0.4269291338582677,0.25708661417322837,0.3126771653543307,0.44118110236220476,0.3515748031496063,0.5608661417322834,0.7874015748031495,0.5037795275590551,0.4751968503937008,0.2583464566929134,0.6603937007874016,0.3688976377952756,0.7025984251968503,0.48811023622047245,0.31070866141732284,0.6528346456692913,0.3879527559055118,0.7874015748031495,0.27708661417322833,0.48322834645669294,0.6662204724409448,0.6644094488188976,0.7874015748031495,0.30771653543307087,0.4611023622047244,0.33661417322834647,0.7874015748031495,0.3769291338582677,0.1541732283464567,0.6523622047244094,0.7874015748031495,0.1911023622047244,0.3903937007874016,0.5034645669291338,0.31212598425196847,0.3928346456692913,0.3518110236220472,0.2211811023622047,0.19677165354330708,0.5092125984251968,0.3983464566929134,0.4062992125984252,0.3825984251968504,0.7874015748031495,0.7418897637795275,0.41771653543307086,0.3325984251968504,0.4870078740157481,0.3453543307086614,0.3581889763779528,0.35362204724409446,0.2941732283464567,0.38039370078740153,0.247244094488189,0.2876377952755906,0.28669291338582675,0.2638582677165354,0.2822047244094488,0.41456692913385823,0.5683464566929134,0.36503937007874016,0.45346456692913384,0.3969291338582677,0.5681889763779527,0.43968503937007875,0.4905511811023622,0.35551181102362206,0.40401574803149604,0.38818897637795274,0.44181102362204727,0.2064566929133858,0.3005511811023622,0.48307086614173234,0.3974803149606299,0.4020472440944882,0.34511811023622047,0.28551181102362205,0.33133858267716537,0.47566929133858266,0.4470866141732283,0.3051181102362205,0.5988976377952756,0.6036220472440944,0.5509448818897638,0.7874015748031495,0.5338582677165353,0.5383464566929134,0.7874015748031495,0.25094488188976377,0.3758267716535433,0.6166929133858268,0.5084251968503938,0.7874015748031495,0.2940944881889764,0.412755905511811,0.30771653543307087,0.2520472440944882,0.35629921259842523,0.1905511811023622,0.05503937007874016,0.19165354330708662
hhm16,0.3475564983274863,0.2919148241821,0.737211389410133,0.092110630660031,0.2392102472056784,0.6157297870604552,0.45011014114383613,0.5056702292567512,0.3797829811536265,0.30358162682548745,0.576731663539202,0.08835767316635391,0.8158603247124092,0.40181120992086156,0.7956269886595414,0.8158603247124092,0.5195398547768623,0.4239210247205678,0.3435587827363955,0.3474749122950151,0.36672921595822794,0.8158603247124092,0.6385738761524027,0.8158603247124092,0.5019172717630741,0.025128498001142203,0.8158603247124092,0.4606347393326262,0.3906339234723015,0.6123031736966631,0.055233743983030104,0.5215795055886432,0.8158603247124092,0.4672432079627968,0.35693889206167906,0.39920045688178185,0.534062168556743,0.6523619156400424,0.4684669984498654,0.37545892143265075,0.3566125479317941,0.6379211878926329,0.2999102553642816,0.26148323407032714,0.33727665823610997,0.40344293057028635,0.5417312556090398,0.48347882842457374,0.48576323733376847,0.47254630007342746,0.3199804193522069,0.37333768458839844,0.3619156400424247,0.33491066329444397,0.43354817655217426,0.380272497348454,0.414130700824019,0.5995757526311496,0.48225503793750507,0.2984417067797993,0.28220608631802235,0.8307089826221751,0.32471240923553885,0.37211389410132983,0.42987680509096843,0.5430366321285796,0.6543199804193522,0.5490739985314513,0.36240515623725217,0.3382556906257649,0.2270539283674635,0.25724076038182264,0.3513910418536347,0.0819123766011259,0.5604144570449539,0.38753365423839436,0.4196785510320633,0.3722770661662723,0.4765440156645182,0.07750673084767888,0.5476870359794404,0.502896304152729,0.3560414457044954,0.7110222729868647,0.502569960022844,0.8158603247124092,0.8158603247124092,0.743983030105246,0.5066492616464061,0.8158603247124092,0.09015256588072122,0.5158684833156564,0.38965489108264667,0.8158603247124092,0.3592233009708738,0.07603818226319654,0.46593783144325696,0.4494574528840662,0.5359386473035817,0.8158603247124092,0.4152729052786163,0.35897854287346004,0.24704250632291752
hhm17,0.846811753747142,0.5249386061478533,0.3108645948005758,0.31433652299093906,0.5122364298416462,0.48530781607248713,0.5664323820814633,0.846811753747142,0.846811753747142,0.285036836311288,0.0930646117368109,0.4671860445422982,0.1730036412905411,0.7106444237446015,0.16191040731645356,0.726225760013549,0.5725294267084428,0.5099500381065288,0.3983402489626556,0.29198069269201454,0.5120670674908968,0.2964687949868744,0.4513506647472266,0.24879329325091032,0.846811753747142,0.846811753747142,0.6046235921754595,0.6536539927174189,0.6261326107206368,0.24438987213142518,0.846811753747142,0.08120924718435091,0.29655347616224914,0.6628842408332628,0.6119061732576848,0.38208146329071047,0.44889491066135995,0.4936912524345837,0.503090862901177,0.5052925734609196,0.7742399864510119,0.846811753747142,0.6275721907020069,0.4185790498772123,0.3433821661444661,0.3639596917605216,0.1980692692014565,0.3124735371326954,0.5088491828266576,0.260140570751122,0.48259801846049616,0.5733762384621899,0.33703107799136245,0.2094165467016682,0.561182149208231,0.08188669658734862,0.5002963841138115,0.4791260902701329,0.39088830552968074,0.4615970869675671,0.846811753747142,0.1569142179693454,0.3787788974510966,0.30874756541620796,0.32856296045389105,0.39503768312304177,0.42222034041832496,0.5604200186298586,0.4915742230502159,0.4104496570412397,0.22127191125412818,0.28554492336353626,0.5374714201033111,0.4739605385722753,0.08129392835972563,0.1680921331188077,0.08493521890083834,0.846811753747142,0.846811753747142,0.6186806672876619,0.49614700652045046,0.09340333643830975,0.7569650266745702,0.22703023117960877,0.3402489626556016,0.6459480057583199,0.4930984842069608,0.846811753747142,0.29003302565839617,0.43263612498941484,0.4677788127699212,0.6190193919891608,0.5096959945804047,0.5731221949360656,0.3215344228977898,0.4595647387585739,0.5824371242272842,0.41315945465323056,0.5180794309425014,0.46075027521381995,0.45228215767634855,0.47158946566178334,0.400880684223897
hhm18,0.7652865998316369,0.7652865998316369,0.7652865998316369,0.7652865998316369,0.7652865998316369,0.06106987066656463,0.7652865998316369,0.7652865998316369,0.7652865998316369,0.7652865998316369,0.7652865998316369,0.7652865998316369,0.7652865998316369,0.45603428483967245,0.7652865998316369,0.5369250784418765,0.7652865998316369,0.7652865998316369,0.4579475013392516,0.7652865998316369,0.7652865998316369,0.5784801408127344,0.7652865998316369,0.6817173031300222,0.7652865998316369,0.7652865998316369,0.7652865998316369,0.7652865998316369,0.7652865998316369,0.7652865998316369,0.7652865998316369,0.7652865998316369,0.7652865998316369,0.5340935180224994,0.4181525981480064,0.7652865998316369,0.44952934874110356,0.13224152445090687,0.7652865998316369,0.7652865998316369,0.7652865998316369,0.03596847019208694,0.7652865998316369,0.7652865998316369,0.65263641233642,0.4106527894696564,0.7652865998316369,0.41432616514884824,0.7652865998316369,0.7652865998316369,0.570368102854519,0.7652865998316369,0.755950103313691,0.7652865998316369,0.7652865998316369,0.7652865998316369,0.7652865998316369,0.7652865998316369,0.2938700543353486,0.7652865998316369,0.7652865998316369,0.24818244432539985,0.7652865998316369,0.3700925996785796,0.5011861942297391,0.5095278181679038,0.5822300451519095,0.7652865998316369,0.7652865998316369,0.7652865998316369,0.7652865998316369,0.7268692125200887,0.498813805770261,0.7652865998316369,0.7652865998316369,0.7652865998316369,0.7652865998316369,0.7652865998316369,0.7652865998316369,0.7652865998316369,0.7652865998316369,0.7652865998316369,0.7652865998316369,0.7652865998316369,0.17693426188107444,0.3367261039259203,0.6192699165837606,0.7652865998316369,0.7652865998316369,0.6675595010331369,0.7652865998316369,0.7652865998316369,0.2909619652559884,0.3935103696334277,0.45580469885972297,0.7652865998316369,0.7652865998316369,0.7652865998316369,0.7652865998316369,0.7652865998316369,0.7652865998316369,0.7652865998316369,0.7652865998316369
hhm19,0.8254911672445104,0.2957734852237081,0.5191513950800727,0.8254911672445104,0.8254911672445104,0.8254911672445104,0.8254911672445104,0.6835066864784546,0.8254911672445104,0.5083374607891695,0.553244180287271,0.4423807165263332,0.5529965329370976,0.36181277860326894,0.5444114247977546,0.8254911672445104,0.8254911672445104,0.5600132078586759,0.6441307578008915,0.8254911672445104,0.8254911672445104,0.8254911672445104,0.8254911672445104,0.8254911672445104,0.5366518078256562,0.8254911672445104,0.8254911672445104,0.8254911672445104,0.5629024269440317,0.5158494304110945,0.685240217929668,0.8254911672445104,0.5693412580485389,0.8254911672445104,0.5799075449892687,0.61201915139508,0.42983325078421664,0.5913818722139673,0.8254911672445104,0.8254911672445104,0.8254911672445104,0.4124153871553574,0.8254911672445104,0.5720653789004457,0.8254911672445104,0.609460128776622,0.8254911672445104,0.8254911672445104,0.4778768367178471,0.8254911672445104,0.8254911672445104,0.545567112431897,0.4475813108799736,0.6279511309228991,0.8254911672445104,0.8254911672445104,0.3272246986957239,0.808403500082549,0.08461284464256232,0.8254911672445104,0.8254911672445104,0.43098893841835895,0.39697870232788507,0.5242694403169886,0.6412415387155358,0.3339937262671289,0.44972758791480927,0.49405646359583955,0.4708601617962688,0.49149744097738157,0.46541192009245497,0.4877001816080568,0.8254911672445104,0.5406967145451543,0.2582136371140829,0.33341588245005777,0.8254911672445104,0.8254911672445104,0.8254911672445104,0.5831269605415222,0.8254911672445104,0.5293049364371801,0.7274228165758626,0.5600957569754004,0.8254911672445104,0.8254911672445104,0.8254911672445104,0.5583622255241869,0.4436189532771999,0.8254911672445104,0.6333168235099884,0.8254911672445104,0.8254911672445104,0.8254911672445104,0.7445930328545485,0.41117715040449065,0.8254911672445104,0.3112927191679049,0.7124814264487369,0.3570249298332508,0.4034175334323923,0.8254911672445104,0.8254911672445104
A,0.5909090909090909,0.5909090909090909,0.5454545454545454,0.5909090909090909,0.5454545454545454,0.45454545454545453,0.5454545454545454,0.5454545454545454,0.5909090909090909,0.5454545454545454,0.5909090909090909,0.6363636363636364,0.5909090909090909,0.5909090909090909,0.5909090909090909,0.6363636363636364,0.6363636363636364,0.5909090909090909,0.5454545454545454,0.5909090909090909,0.5909090909090909,0.8636363636363636,0.5454545454545454,0.5454545454545454,0.5454545454545454,0.5909090909090909,0.6363636363636364,0.8636363636363636,0.5454545454545454,0.5454545454545454,0.5909090909090909,0.5909090909090909,0.5454545454545454,0.5909090909090909,0.5454545454545454,0.5454545454545454,0.5909090909090909,0.5454545454545454,0.5909090909090909,0.6363636363636364,0.5454545454545454,0.45454545454545453,0.5909090909090909,0.5909090909090909,0.5909090909090909,0.5454545454545454,0.5454545454545454,0.6363636363636364,0.6363636363636364,0.5454545454545454,0.6363636363636364,0.6363636363636364,0.5,0.5909090909090909,0.5909090909090909,0.5909090909090909,0.5454545454545454,0.5909090909090909,0.5,0.5454545454545454,0.5909090909090909,0.5909090909090909,0.5909090909090909,0.5454545454545454,0.5909090909090909,0.5454545454545454,0.5909090909090909,0.6363636363636364,0.5454545454545454,0.5909090909090909,0.8181818181818182,0.5454545454545454,0.6363636363636364,0.6363636363636364,0.5909090909090909,0.5454545454545454,0.5909090909090909,0.6363636363636364,0.5909090909090909,0.6363636363636364,0.5909090909090909,0.7272727272727273,0.5454545454545454,0.5454545454545454,0.5454545454545454,0.6363636363636364,0.5454545454545454,0.5454545454545454,0.5454545454545454,0.5454545454545454,0.5909090909090909,0.5909090909090909,0.5454545454545454,0.6363636363636364,0.5909090909090909,0.5909090909090909,0.5454545454545454,0.5454545454545454,0.5,0.5909090909090909,0.5454545454545454,0.6818181818181818,0.6818181818181818
R,0.42857142857142855,0.5714285714285714,0.38095238095238093,0.47619047619047616,0.42857142857142855,0.38095238095238093,0.5714285714285714,0.9047619047619048,0.42857142857142855,0.42857142857142855,0.42857142857142855,0.5238095238095238,0.42857142857142855,0.7142857142857143,0.42857142857142855,0.42857142857142855,0.42857142857142855,0.5714285714285714,0.42857142857142855,0.7142857142857143,0.5238095238095238,0.47619047619047616,0.42857142857142855,0.42857142857142855,0.47619047619047616,0.47619047619047616,0.42857142857142855,0.47619047619047616,0.47619047619047616,0.47619047619047616,0.47619047619047616,0.42857142857142855,0.42857142857142855,0.5238095238095238,0.5238095238095238,0.42857142857142855,0.5238095238095238,0.42857142857142855,0.42857142857142855,0.42857142857142855,0.8095238095238095,0.42857142857142855,0.6666666666666666,0.42857142857142855,0.6666666666666666,0.47619047619047616,0.38095238095238093,0.47619047619047616,0.42857142857142855,0.38095238095238093,0.42857142857142855,0.42857142857142855,0.38095238095238093,0.42857142857142855,0.6666666666666666,0.42857142857142855,0.8571428571428571,0.5714285714285714,0.47619047619047616,0.47619047619047616,0.5714285714285714,0.42857142857142855,0.47619047619047616,0.42857142857142855,0.5238095238095238,0.38095238095238093,0.38095238095238093,0.42857142857142855,0.5714285714285714,0.6666666666666666,0.47619047619047616,0.42857142857142855,0.42857142857142855,0.47619047619047616,0.42857142857142855,0.42857142857142855,0.42857142857142855,0.47619047619047616,0.42857142857142855,0.47619047619047616,0.42857142857142855,0.42857142857142855,0.5238095238095238,0.42857142857142855,0.38095238095238093,0.47619047619047616,0.9047619047619048,0.5238095238095238,0.42857142857142855,0.47619047619047616,0.47619047619047616,0.6190476190476191,0.42857142857142855,0.42857142857142855,0.38095238095238093,0.47619047619047616,0.42857142857142855,0.5238095238095238,0.38095238095238093,0.47619047619047616,0.42857142857142855,0.5238095238095238,0.5238095238095238
N,0.42857142857142855,0.5238095238095238,0.38095238095238093,0.5238095238095238,0.38095238095238093,0.3333333333333333,0.5238095238095238,0.5238095238095238,0.42857142857142855,0.38095238095238093,0.38095238095238093,0.5714285714285714,0.38095238095238093,0.5238095238095238,0.38095238095238093,0.5238095238095238,0.5238095238095238,0.5238095238095238,0.38095238095238093,0.5238095238095238,0.5238095238095238,0.47619047619047616,0.38095238095238093,0.38095238095238093,0.6190476190476191,0.5238095238095238,0.5238095238095238,0.47619047619047616,0.6190476190476191,0.6666666666666666,0.5238095238095238,0.38095238095238093,0.38095238095238093,0.5238095238095238,0.5714285714285714,0.42857142857142855,0.8571428571428571,0.38095238095238093,0.42857142857142855,0.5238095238095238,0.5238095238095238,0.3333333333333333,0.5238095238095238,0.42857142857142855,0.5238095238095238,0.42857142857142855,0.38095238095238093,0.5238095238095238,0.5238095238095238,0.38095238095238093,0.5238095238095238,0.5238095238095238,0.38095238095238093,0.38095238095238093,0.5238095238095238,0.38095238095238093,0.5238095238095238,0.5238095238095238,0.42857142857142855,0.6190476190476191,0.5714285714285714,0.38095238095238093,0.47619047619047616,0.38095238095238093,0.5238095238095238,0.38095238095238093,0.42857142857142855,0.5238095238095238,0.5714285714285714,0.5238095238095238,0.47619047619047616,0.42857142857142855,0.5238095238095238,0.5238095238095238,0.38095238095238093,0.38095238095238093,0.38095238095238093,0.5238095238095238,0.42857142857142855,0.5238095238095238,0.42857142857142855,0.42857142857142855,0.9047619047619048,0.38095238095238093,0.38095238095238093,0.5238095238095238,0.5238095238095238,0.9047619047619048,0.38095238095238093,0.38095238095238093,0.5714285714285714,0.5238095238095238,0.38095238095238093,0.5238095238095238,0.38095238095238093,0.5238095238095238,0.38095238095238093,0.9047619047619048,0.38095238095238093,0.47619047619047616,0.38095238095238093,0.5714285714285714,0.5714285714285714
D,0.5,0.5454545454545454,0.4090909090909091,0.5,0.4090909090909091,0.36363636363636365,0.5454545454545454,0.5,0.5,0.4090909090909091,0.4090909090909091,0.5,0.4090909090909091,0.5454545454545454,0.4090909090909091,0.5454545454545454,0.5,0.5454545454545454,0.4090909090909091,0.5454545454545454,0.6363636363636364,0.5,0.4090909090909091,0.4090909090909091,0.9090909090909091,0.5,0.5,0.5,0.9090909090909091,0.9090909090909091,0.5,0.4090909090909091,0.4090909090909091,0.6363636363636364,0.7727272727272727,0.4090909090909091,0.7272727272727273,0.4090909090909091,0.5,0.5,0.5,0.36363636363636365,0.5454545454545454,0.5,0.5454545454545454,0.4090909090909091,0.4090909090909091,0.5,0.5,0.4090909090909091,0.5,0.5,0.4090909090909091,0.4090909090909091,0.5454545454545454,0.4090909090909091,0.5,0.5454545454545454,0.4090909090909091,0.9090909090909091,0.5454545454545454,0.4090909090909091,0.5,0.4090909090909091,0.6818181818181818,0.4090909090909091,0.4090909090909091,0.5,0.5,0.5454545454545454,0.5,0.45454545454545453,0.5,0.5,0.4090909090909091,0.4090909090909091,0.4090909090909091,0.5,0.5,0.5,0.5,0.45454545454545453,0.6363636363636364,0.4090909090909091,0.4090909090909091,0.5,0.5,0.6818181818181818,0.4090909090909091,0.4090909090909091,0.5,0.5454545454545454,0.4090909090909091,0.5,0.4090909090909091,0.5,0.4090909090909091,0.6363636363636364,0.4090909090909091,0.5,0.4090909090909091,0.5454545454545454,0.5454545454545454
C,0.4074074074074074,0.4074074074074074,0.48148148148148145,0.5185185185185185,0.48148148148148145,0.4444444444444444,0.4074074074074074,0.4074074074074074,0.4074074074074074,0.48148148148148145,0.5185185185185185,0.5185185185185185,0.48148148148148145,0.4074074074074074,0.48148148148148145,0.4444444444444444,0.4444444444444444,0.4074074074074074,0.48148148148148145,0.4074074074074074,0.4074074074074074,0.5185185185185185,0.48148148148148145,0.48148148148148145,0.4074074074074074,0.5185185185185185,0.4444444444444444,0.5185185185185185,0.4074074074074074,0.4074074074074074,0.5185185185185185,0.5185185185185185,0.48148148148148145,0.4074074074074074,0.4074074074074074,0.48148148148148145,0.48148148148148145,0.48148148148148145,0.4074074074074074,0.4444444444444444,0.4074074074074074,0.4444444444444444,0.4074074074074074,0.4074074074074074,0.4074074074074074,0.48148148148148145,0.48148148148148145,0.4444444444444444,0.4444444444444444,0.48148148148148145,0.4444444444444444,0.4444444444444444,0.4444444444444444,0.48148148148148145,0.4074074074074074,0.5185185185185185,0.4074074074074074,0.4074074074074074,0.4444444444444444,0.4074074074074074,0.4074074074074074,0.5185185185185185,0.5555555555555556,0.48148148148148145,0.4074074074074074,0.48148148148148145,0.9259259259259259,0.4444444444444444,0.4074074074074074,0.4074074074074074,0.5185185185185185,0.48148148148148145,0.48148148148148145,0.5185185185185185,0.5185185185185185,0.48148148148148145,0.5185185185185185,0.4444444444444444,0.4074074074074074,0.5185185185185185,0.4074074074074074,0.5185185185185185,0.4074074074074074,0.48148148148148145,0.48148148148148145,0.4444444444444444,0.4074074074074074,0.4444444444444444,0.48148148148148145,0.48148148148148145,0.5185185185185185,0.4074074074074074,0.48148148148148145,0.4444444444444444,0.9259259259259259,0.5185185185185185,0.48148148148148145,0.4444444444444444,0.4444444444444444,0.4444444444444444,0.48148148148148145,0.5185185185185185,0.5185185185185185
Q,0.42857142857142855,0.8571428571428571,0.38095238095238093,0.47619047619047616,0.38095238095238093,0.38095238095238093,0.8571428571428571,0.5714285714285714,0.42857142857142855,0.38095238095238093,0.38095238095238093,0.47619047619047616,0.38095238095238093,0.5714285714285714,0.38095238095238093,0.42857142857142855,0.42857142857142855,0.8571428571428571,0.42857142857142855,0.5714285714285714,0.6190476190476191,0.47619047619047616,0.38095238095238093,0.38095238095238093,0.47619047619047616,0.47619047619047616,0.42857142857142855,0.47619047619047616,0.47619047619047616,0.47619047619047616,0.47619047619047616,0.38095238095238093,0.38095238095238093,0.6190476190476191,0.5714285714285714,0.42857142857142855,0.5238095238095238,0.38095238095238093,0.42857142857142855,0.42857142857142855,0.5714285714285714,0.38095238095238093,0.5714285714285714,0.42857142857142855,0.5714285714285714,0.47619047619047616,0.38095238095238093,0.42857142857142855,0.42857142857142855,0.38095238095238093,0.42857142857142855,0.42857142857142855,0.3333333333333333,0.38095238095238093,0.5714285714285714,0.38095238095238093,0.5714285714285714,0.8571428571428571,0.42857142857142855,0.5238095238095238,0.8571428571428571,0.38095238095238093,0.47619047619047616,0.38095238095238093,0.5714285714285714,0.38095238095238093,0.3333333333333333,0.42857142857142855,0.5714285714285714,0.5714285714285714,0.42857142857142855,0.38095238095238093,0.42857142857142855,0.47619047619047616,0.38095238095238093,0.38095238095238093,0.38095238095238093,0.42857142857142855,0.42857142857142855,0.47619047619047616,0.42857142857142855,0.42857142857142855,0.47619047619047616,0.38095238095238093,0.38095238095238093,0.42857142857142855,0.5714285714285714,0.47619047619047616,0.42857142857142855,0.42857142857142855,0.47619047619047616,0.8571428571428571,0.38095238095238093,0.42857142857142855,0.3333333333333333,0.47619047619047616,0.38095238095238093,0.47619047619047616,0.3333333333333333,0.42857142857142855,0.38095238095238093,0.5238095238095238,0.5238095238095238
E,0.5,0.65,0.4,0.55,0.45,0.4,0.65,0.55,0.5,0.45,0.45,0.55,0.4,0.6,0.4,0.55,0.5,0.7,0.45,0.6,0.9,0.55,0.4,0.4,0.65,0.55,0.45,0.55,0.65,0.65,0.55,0.45,0.45,0.9,0.85,0.45,0.6,0.4,0.5,0.5,0.6,0.4,0.6,0.5,0.6,0.45,0.4,0.45,0.5,0.4,0.45,0.45,0.4,0.4,0.6,0.45,0.6,0.7,0.45,0.7,0.7,0.45,0.5,0.4,0.9,0.4,0.4,0.5,0.55,0.6,0.5,0.45,0.45,0.55,0.45,0.45,0.45,0.45,0.5,0.55,0.5,0.5,0.55,0.4,0.4,0.5,0.55,0.55,0.45,0.45,0.55,0.65,0.4,0.45,0.35,0.55,0.4,0.55,0.4,0.55,0.4,0.6,0.6
G,0.5,0.5,0.4090909090909091,0.5454545454545454,0.45454545454545453,0.45454545454545453,0.5,0.5,0.5,0.45454545454545453,0.45454545454545453,0.5454545454545454,0.45454545454545453,0.5454545454545454,0.45454545454545453,0.9090909090909091,0.9090909090909091,0.5,0.45454545454545453,0.5454545454545454,0.5,0.6363636363636364,0.45454545454545453,0.45454545454545453,0.5454545454545454,0.5454545454545454,0.9545454545454546,0.6363636363636364,0.5454545454545454,0.5454545454545454,0.5454545454545454,0.45454545454545453,0.45454545454545453,0.5,0.5454545454545454,0.45454545454545453,0.5909090909090909,0.45454545454545453,0.5,0.9545454545454546,0.5454545454545454,0.45454545454545453,0.5454545454545454,0.5,0.5454545454545454,0.45454545454545453,0.45454545454545453,0.9090909090909091,0.9090909090909091,0.4090909090909091,0.9090909090909091,0.9090909090909091,0.45454545454545453,0.45454545454545453,0.5454545454545454,0.45454545454545453,0.5,0.5,0.45454545454545453,0.5454545454545454,0.5,0.45454545454545453,0.5,0.45454545454545453,0.5,0.4090909090909091,0.5,0.9090909090909091,0.5,0.5454545454545454,0.5909090909090909,0.45454545454545453,0.9090909090909091,0.5454545454545454,0.45454545454545453,0.45454545454545453,0.45454545454545453,0.9545454545454546,0.5,0.5454545454545454,0.5,0.5,0.5909090909090909,0.45454545454545453,0.45454545454545453,0.9090909090909091,0.5,0.5909090909090909,0.45454545454545453,0.45454545454545453,0.5454545454545454,0.5,0.45454545454545453,0.9090909090909091,0.5,0.5454545454545454,0.45454545454545453,0.5909090909090909,0.45454545454545453,0.5454545454545454,0.5,0.5909090909090909,0.5909090909090909
H,0.375,0.5,0.3333333333333333,0.4166666666666667,0.375,0.375,0.5,0.4583333333333333,0.375,0.375,0.3333333333333333,0.4166666666666667,0.3333333333333333,0.4583333333333333,0.3333333333333333,0.4166666666666667,0.375,0.5,0.375,0.4583333333333333,0.4583333333333333,0.4166666666666667,0.375,0.375,0.4166666666666667,0.4166666666666667,0.375,0.4166666666666667,0.4166666666666667,0.4166666666666667,0.4166666666666667,0.3333333333333333,0.375,0.4583333333333333,0.4583333333333333,0.375,0.5416666666666666,0.375,0.375,0.375,0.4583333333333333,0.375,0.4583333333333333,0.375,0.4583333333333333,0.375,0.3333333333333333,0.375,0.375,0.3333333333333333,0.375,0.375,0.4166666666666667,0.3333333333333333,0.4583333333333333,0.3333333333333333,0.4583333333333333,0.5,0.5416666666666666,0.4166666666666667,0.5,0.3333333333333333,0.4166666666666667,0.3333333333333333,0.4583333333333333,0.3333333333333333,0.3333333333333333,0.375,0.875,0.4583333333333333,0.4166666666666667,0.3333333333333333,0.375,0.4166666666666667,0.3333333333333333,0.375,0.3333333333333333,0.375,0.375,0.4166666666666667,0.375,0.375,0.5416666666666666,0.3333333333333333,0.3333333333333333,0.375,0.4583333333333333,0.5,0.375,0.375,0.4166666666666667,0.5,0.3333333333333333,0.375,0.3333333333333333,0.4166666666666667,0.375,0.5,0.4166666666666667,0.375,0.3333333333333333,0.4583333333333333,0.4583333333333333
I,0.4583333333333333,0.4583333333333333,0.875,0.5833333333333334,0.6666666666666666,0.4583333333333333,0.4583333333333333,0.4583333333333333,0.4583333333333333,0.75,0.7083333333333334,0.5833333333333334,0.8333333333333334,0.5,0.8333333333333334,0.4583333333333333,0.4166666666666667,0.5,0.7083333333333334,0.5416666666666666,0.4583333333333333,0.5416666666666666,0.6666666666666666,0.7083333333333334,0.4583333333333333,0.5833333333333334,0.4166666666666667,0.5416666666666666,0.4583333333333333,0.4583333333333333,0.5833333333333334,0.75,0.6666666666666666,0.4583333333333333,0.4583333333333333,0.7916666666666666,0.4583333333333333,0.6666666666666666,0.4583333333333333,0.4166666666666667,0.5,0.4583333333333333,0.5,0.4583333333333333,0.5,0.7083333333333334,0.875,0.4583333333333333,0.4166666666666667,0.875,0.4166666666666667,0.4166666666666667,0.625,0.8333333333333334,0.5,0.7083333333333334,0.4583333333333333,0.4583333333333333,0.5416666666666666,0.4583333333333333,0.4583333333333333,0.7916666666666666,0.5416666666666666,0.8333333333333334,0.4583333333333333,0.875,0.5416666666666666,0.4166666666666667,0.4583333333333333,0.5,0.625,0.8333333333333334,0.4583333333333333,0.5833333333333334,0.7083333333333334,0.6666666666666666,0.7916666666666666,0.4166666666666667,0.4583333333333333,0.5833333333333334,0.4583333333333333,0.7083333333333334,0.4583333333333333,0.8333333333333334,0.875,0.4166666666666667,0.4583333333333333,0.4583333333333333,0.6666666666666666,0.6666666666666666,0.5833333333333334,0.4583333333333333,0.7916666666666666,0.4583333333333333,0.5416666666666666,0.5833333333333334,0.6666666666666666,0.4583333333333333,0.5833333333333334,0.5,0.8333333333333334,0.5,0.5416666666666666
L,0.5,0.5454545454545454,0.7272727272727273,0.5909090909090909,0.9090909090909091,0.5454545454545454,0.5454545454545454,0.5454545454545454,0.5,0.8181818181818182,0.6818181818181818,0.5909090909090909,0.7272727272727273,0.5454545454545454,0.7272727272727273,0.5,0.5,0.5454545454545454,0.8636363636363636,0.5909090909090909,0.5,0.5909090909090909,0.9090909090909091,0.9090909090909091,0.5,0.5909090909090909,0.5,0.5909090909090909,0.5,0.5,0.5909090909090909,0.6818181818181818,0.8636363636363636,0.5,0.5,0.7727272727272727,0.5,0.9090909090909091,0.5,0.5,0.5454545454545454,0.5909090909090909,0.5454545454545454,0.5,0.5454545454545454,0.7727272727272727,0.7272727272727273,0.5,0.5,0.7272727272727273,0.5,0.5,0.6818181818181818,0.7272727272727273,0.5454545454545454,0.6818181818181818,0.5454545454545454,0.5454545454545454,0.5909090909090909,0.5,0.5454545454545454,0.7272727272727273,0.6818181818181818,0.7272727272727273,0.5,0.7272727272727273,0.5909090909090909,0.5,0.5454545454545454,0.5454545454545454,0.6363636363636364,0.7272727272727273,0.5,0.5909090909090909,0.6818181818181818,0.9090909090909091,0.7272727272727273,0.5,0.5,0.5909090909090909,0.5,0.6818181818181818,0.5,0.7272727272727273,0.7272727272727273,0.5,0.5454545454545454,0.5,0.8636363636363636,0.8636363636363636,0.5909090909090909,0.5454545454545454,0.8181818181818182,0.5,0.5909090909090909,0.5909090909090909,0.9090909090909091,0.5,0.6818181818181818,0.5454545454545454,0.7727272727272727,0.5454545454545454,0.5909090909090909
K,0.5,0.6363636363636364,0.45454545454545453,0.5454545454545454,0.45454545454545453,0.4090909090909091,0.6363636363636364,0.6818181818181818,0.5,0.45454545454545453,0.45454545454545453,0.5454545454545454,0.45454545454545453,0.8636363636363636,0.45454545454545453,0.5,0.5,0.6363636363636364,0.45454545454545453,0.8181818181818182,0.6363636363636364,0.5454545454545454,0.45454545454545453,0.45454545454545453,0.5454545454545454,0.5454545454545454,0.5,0.5454545454545454,0.5454545454545454,0.5454545454545454,0.5454545454545454,0.45454545454545453,0.45454545454545453,0.6363636363636364,0.5909090909090909,0.5,0.5454545454545454,0.45454545454545453,0.5,0.5,0.7727272727272727,0.4090909090909091,0.8636363636363636,0.5,0.8636363636363636,0.5,0.45454545454545453,0.5,0.5,0.45454545454545453,0.5,0.5,0.4090909090909091,0.45454545454545453,0.8636363636363636,0.45454545454545453,0.7272727272727273,0.6363636363636364,0.45454545454545453,0.5454545454545454,0.6363636363636364,0.45454545454545453,0.5,0.45454545454545453,0.5909090909090909,0.45454545454545453,0.4090909090909091,0.5,0.5909090909090909,0.8636363636363636,0.5,0.45454545454545453,0.5,0.5454545454545454,0.45454545454545453,0.45454545454545453,0.45454545454545453,0.5,0.5,0.5454545454545454,0.5,0.5,0.5454545454545454,0.45454545454545453,0.45454545454545453,0.5,0.6818181818181818,0.5454545454545454,0.45454545454545453,0.45454545454545453,0.5454545454545454,0.6363636363636364,0.45454545454545453,0.5,0.4090909090909091,0.5454545454545454,0.45454545454545453,0.5909090909090909,0.4090909090909091,0.5454545454545454,0.45454545454545453,0.5909090909090909,0.5909090909090909
M,0.4230769230769231,0.5,0.5769230769230769,0.5,0.6153846153846154,0.46153846153846156,0.5,0.46153846153846156,0.4230769230769231,0.5769230769230769,0.5384615384615384,0.5,0.5769230769230769,0.46153846153846156,0.5769230769230769,0.4230769230769231,0.4230769230769231,0.5,0.6153846153846154,0.5,0.4230769230769231,0.5,0.6153846153846154,0.6153846153846154,0.38461538461538464,0.5,0.4230769230769231,0.5,0.38461538461538464,0.38461538461538464,0.5,0.5384615384615384,0.6153846153846154,0.4230769230769231,0.4230769230769231,0.7692307692307693,0.4230769230769231,0.6153846153846154,0.4230769230769231,0.4230769230769231,0.46153846153846156,0.46153846153846156,0.46153846153846156,0.4230769230769231,0.46153846153846156,0.8076923076923077,0.5769230769230769,0.4230769230769231,0.4230769230769231,0.5769230769230769,0.4230769230769231,0.4230769230769231,0.5384615384615384,0.5769230769230769,0.46153846153846156,0.5384615384615384,0.46153846153846156,0.5,0.46153846153846156,0.38461538461538464,0.5,0.5769230769230769,0.46153846153846156,0.5769230769230769,0.4230769230769231,0.5769230769230769,0.46153846153846156,0.4230769230769231,0.46153846153846156,0.46153846153846156,0.5,0.5769230769230769,0.4230769230769231,0.5,0.5384615384615384,0.6153846153846154,0.5769230769230769,0.4230769230769231,0.4230769230769231,0.5,0.4230769230769231,0.5384615384615384,0.4230769230769231,0.5769230769230769,0.5769230769230769,0.4230769230769231,0.46153846153846156,0.4230769230769231,0.6538461538461539,0.7307692307692307,0.5,0.5,0.5769230769230769,0.4230769230769231,0.46153846153846156,0.5,0.6153846153846154,0.4230769230769231,0.5,0.4230769230769231,0.5769230769230769,0.46153846153846156,0.5
F,0.34782608695652173,0.391304347826087,0.5217391304347826,0.43478260869565216,0.5652173913043478,0.5652173913043478,0.391304347826087,0.391304347826087,0.34782608695652173,0.6086956521739131,0.5217391304347826,0.43478260869565216,0.5217391304347826,0.391304347826087,0.5217391304347826,0.391304347826087,0.391304347826087,0.391304347826087,0.5652173913043478,0.43478260869565216,0.391304347826087,0.43478260869565216,0.5652173913043478,0.5652173913043478,0.391304347826087,0.43478260869565216,0.391304347826087,0.43478260869565216,0.391304347826087,0.391304347826087,0.43478260869565216,0.5217391304347826,0.6521739130434783,0.391304347826087,0.391304347826087,0.5217391304347826,0.43478260869565216,0.5652173913043478,0.391304347826087,0.391304347826087,0.391304347826087,0.5652173913043478,0.391304347826087,0.34782608695652173,0.391304347826087,0.5652173913043478,0.5217391304347826,0.391304347826087,0.391304347826087,0.5217391304347826,0.391304347826087,0.391304347826087,0.8695652173913043,0.5217391304347826,0.391304347826087,0.5217391304347826,0.391304347826087,0.391304347826087,0.6956521739130435,0.391304347826087,0.391304347826087,0.5217391304347826,0.43478260869565216,0.5217391304347826,0.391304347826087,0.5652173913043478,0.43478260869565216,0.391304347826087,0.4782608695652174,0.391304347826087,0.4782608695652174,0.5217391304347826,0.391304347826087,0.43478260869565216,0.5217391304347826,0.5652173913043478,0.5217391304347826,0.391304347826087,0.391304347826087,0.43478260869565216,0.34782608695652173,0.5652173913043478,0.391304347826087,0.5217391304347826,0.5217391304347826,0.391304347826087,0.391304347826087,0.391304347826087,0.5652173913043478,0.5652173913043478,0.43478260869565216,0.391304347826087,0.5652173913043478,0.391304347826087,0.43478260869565216,0.43478260869565216,0.5652173913043478,0.391304347826087,0.9130434782608695,0.391304347826087,0.5652173913043478,0.43478260869565216,0.43478260869565216
P,0.9565217391304348,0.5217391304347826,0.4782608695652174,0.5652173913043478,0.43478260869565216,0.391304347826087,0.5217391304347826,0.5217391304347826,0.9565217391304348,0.4782608695652174,0.4782608695652174,0.6086956521739131,0.4782608695652174,0.5217391304347826,0.4782608695652174,0.4782608695652174,0.4782608695652174,0.5217391304347826,0.5217391304347826,0.5217391304347826,0.5217391304347826,0.5652173913043478,0.43478260869565216,0.43478260869565216,0.5217391304347826,0.5217391304347826,0.4782608695652174,0.5652173913043478,0.5217391304347826,0.5217391304347826,0.5217391304347826,0.4782608695652174,0.43478260869565216,0.5217391304347826,0.5217391304347826,0.4782608695652174,0.5217391304347826,0.43478260869565216,0.9565217391304348,0.4782608695652174,0.5217391304347826,0.391304347826087,0.5217391304347826,0.9565217391304348,0.5217391304347826,0.4782608695652174,0.4782608695652174,0.4782608695652174,0.4782608695652174,0.4782608695652174,0.4782608695652174,0.4782608695652174,0.43478260869565216,0.4782608695652174,0.5217391304347826,0.4782608695652174,0.4782608695652174,0.5217391304347826,0.43478260869565216,0.5217391304347826,0.5217391304347826,0.4782608695652174,0.9130434782608695,0.4782608695652174,0.5217391304347826,0.43478260869565216,0.43478260869565216,0.4782608695652174,0.5217391304347826,0.5217391304347826,0.5217391304347826,0.4782608695652174,0.4782608695652174,0.5652173913043478,0.4782608695652174,0.43478260869565216,0.4782608695652174,0.4782608695652174,0.9565217391304348,0.5217391304347826,0.9565217391304348,0.5217391304347826,0.4782608695652174,0.4782608695652174,0.4782608695652174,0.4782608695652174,0.4782608695652174,0.4782608695652174,0.4782608695652174,0.4782608695652174,0.5217391304347826,0.5217391304347826,0.4782608695652174,0.4782608695652174,0.43478260869565216,0.5652173913043478,0.43478260869565216,0.4782608695652174,0.43478260869565216,0.9565217391304348,0.4782608695652174,0.5652173913043478,0.5652173913043478
S,0.5714285714285714,0.5714285714285714,0.47619047619047616,0.6666666666666666,0.47619047619047616,0.42857142857142855,0.5714285714285714,0.5714285714285714,0.5714285714285714,0.47619047619047616,0.5238095238095238,0.6666666666666666,0.47619047619047616,0.5714285714285714,0.47619047619047616,0.5714285714285714,0.5714285714285714,0.5714285714285714,0.47619047619047616,0.5714285714285714,0.5714285714285714,0.6666666666666666,0.47619047619047616,0.47619047619047616,0.5714285714285714,0.6666666666666666,0.5714285714285714,0.6666666666666666,0.5714285714285714,0.5714285714285714,0.6666666666666666,0.5238095238095238,0.47619047619047616,0.5714285714285714,0.5714285714285714,0.5238095238095238,0.6666666666666666,0.47619047619047616,0.5714285714285714,0.5714285714285714,0.5714285714285714,0.42857142857142855,0.5714285714285714,0.5714285714285714,0.5714285714285714,0.5238095238095238,0.47619047619047616,0.5714285714285714,0.5714285714285714,0.47619047619047616,0.5714285714285714,0.5714285714285714,0.47619047619047616,0.47619047619047616,0.5714285714285714,0.5238095238095238,0.5714285714285714,0.5714285714285714,0.5238095238095238,0.5714285714285714,0.5714285714285714,0.47619047619047616,0.5714285714285714,0.47619047619047616,0.5714285714285714,0.47619047619047616,0.5714285714285714,0.5714285714285714,0.5714285714285714,0.5714285714285714,0.6190476190476191,0.5238095238095238,0.6190476190476191,0.6666666666666666,0.5238095238095238,0.47619047619047616,0.5238095238095238,0.5714285714285714,0.5714285714285714,0.6666666666666666,0.5714285714285714,0.5714285714285714,0.6190476190476191,0.47619047619047616,0.47619047619047616,0.5714285714285714,0.5714285714285714,0.6190476190476191,0.47619047619047616,0.47619047619047616,0.6666666666666666,0.5714285714285714,0.47619047619047616,0.6190476190476191,0.5238095238095238,0.6666666666666666,0.47619047619047616,0.6190476190476191,0.47619047619047616,0.5714285714285714,0.47619047619047616,0.8571428571428571,0.8095238095238095
T,0.5217391304347826,0.5652173913043478,0.5652173913043478,0.8695652173913043,0.5217391304347826,0.4782608695652174,0.5652173913043478,0.5217391304347826,0.5217391304347826,0.5652173913043478,0.5652173913043478,0.8695652173913043,0.5652173913043478,0.5652173913043478,0.5652173913043478,0.5217391304347826,0.5217391304347826,0.5652173913043478,0.5652173913043478,0.5652173913043478,0.5652173913043478,0.5652173913043478,0.5217391304347826,0.5217391304347826,0.5217391304347826,0.8695652173913043,0.5217391304347826,0.6086956521739131,0.5217391304347826,0.5217391304347826,0.8695652173913043,0.5652173913043478,0.5217391304347826,0.5652173913043478,0.5652173913043478,0.5652173913043478,0.6086956521739131,0.5217391304347826,0.5652173913043478,0.5217391304347826,0.5652173913043478,0.4782608695652174,0.6086956521739131,0.5217391304347826,0.5652173913043478,0.5652173913043478,0.5652173913043478,0.5217391304347826,0.5217391304347826,0.5652173913043478,0.5217391304347826,0.5217391304347826,0.4782608695652174,0.5652173913043478,0.5652173913043478,0.5652173913043478,0.5217391304347826,0.5652173913043478,0.5217391304347826,0.5217391304347826,0.5652173913043478,0.5652173913043478,0.5652173913043478,0.5652173913043478,0.5652173913043478,0.5652173913043478,0.5217391304347826,0.5217391304347826,0.5217391304347826,0.5652173913043478,0.6521739130434783,0.6086956521739131,0.5652173913043478,0.8695652173913043,0.5652173913043478,0.5217391304347826,0.5652173913043478,0.5217391304347826,0.5217391304347826,0.8695652173913043,0.5217391304347826,0.6086956521739131,0.5652173913043478,0.5652173913043478,0.5652173913043478,0.5217391304347826,0.5217391304347826,0.5652173913043478,0.5217391304347826,0.5217391304347826,0.8695652173913043,0.5652173913043478,0.5652173913043478,0.5217391304347826,0.5217391304347826,0.8695652173913043,0.5217391304347826,0.5652173913043478,0.4782608695652174,0.5652173913043478,0.5652173913043478,0.6521739130434783,0.7391304347826086
W,0.3333333333333333,0.4074074074074074,0.4074074074074074,0.4074074074074074,0.4444444444444444,0.9629629629629629,0.4074074074074074,0.4074074074074074,0.3333333333333333,0.4444444444444444,0.37037037037037035,0.4074074074074074,0.4074074074074074,0.37037037037037035,0.4074074074074074,0.4074074074074074,0.4074074074074074,0.4074074074074074,0.4444444444444444,0.37037037037037035,0.37037037037037035,0.4074074074074074,0.4444444444444444,0.4444444444444444,0.3333333333333333,0.4074074074074074,0.4074074074074074,0.4074074074074074,0.3333333333333333,0.3333333333333333,0.4074074074074074,0.37037037037037035,0.4444444444444444,0.37037037037037035,0.37037037037037035,0.4444444444444444,0.37037037037037035,0.4444444444444444,0.37037037037037035,0.4074074074074074,0.4074074074074074,0.9629629629629629,0.37037037037037035,0.3333333333333333,0.37037037037037035,0.4444444444444444,0.4074074074074074,0.4074074074074074,0.4074074074074074,0.4074074074074074,0.4074074074074074,0.4074074074074074,0.5185185185185185,0.4074074074074074,0.37037037037037035,0.37037037037037035,0.4074074074074074,0.4074074074074074,0.5925925925925926,0.3333333333333333,0.4074074074074074,0.4074074074074074,0.37037037037037035,0.4074074074074074,0.37037037037037035,0.4074074074074074,0.4074074074074074,0.4074074074074074,0.4074074074074074,0.37037037037037035,0.4074074074074074,0.4074074074074074,0.4074074074074074,0.4074074074074074,0.37037037037037035,0.4444444444444444,0.4074074074074074,0.4074074074074074,0.3333333333333333,0.4074074074074074,0.3333333333333333,0.4074074074074074,0.3333333333333333,0.4074074074074074,0.4074074074074074,0.4074074074074074,0.4074074074074074,0.3333333333333333,0.4444444444444444,0.4444444444444444,0.4074074074074074,0.4074074074074074,0.4074074074074074,0.4074074074074074,0.4074074074074074,0.4074074074074074,0.4444444444444444,0.3333333333333333,0.5185185185185185,0.37037037037037035,0.4074074074074074,0.4074074074074074,0.4074074074074074
Y,0.36363636363636365,0.45454545454545453,0.45454545454545453,0.45454545454545453,0.5,0.6363636363636364,0.45454545454545453,0.45454545454545453,0.36363636363636365,0.5,0.45454545454545453,0.45454545454545453,0.45454545454545453,0.45454545454545453,0.45454545454545453,0.36363636363636365,0.36363636363636365,0.45454545454545453,0.45454545454545453,0.45454545454545453,0.4090909090909091,0.45454545454545453,0.45454545454545453,0.45454545454545453,0.36363636363636365,0.45454545454545453,0.36363636363636365,0.45454545454545453,0.36363636363636365,0.36363636363636365,0.45454545454545453,0.45454545454545453,0.5,0.4090909090909091,0.4090909090909091,0.45454545454545453,0.45454545454545453,0.45454545454545453,0.36363636363636365,0.36363636363636365,0.45454545454545453,0.6363636363636364,0.45454545454545453,0.36363636363636365,0.45454545454545453,0.45454545454545453,0.45454545454545453,0.36363636363636365,0.36363636363636365,0.45454545454545453,0.36363636363636365,0.36363636363636365,0.6818181818181818,0.45454545454545453,0.45454545454545453,0.45454545454545453,0.45454545454545453,0.45454545454545453,0.9090909090909091,0.36363636363636365,0.45454545454545453,0.45454545454545453,0.4090909090909091,0.45454545454545453,0.4090909090909091,0.45454545454545453,0.4090909090909091,0.36363636363636365,0.6363636363636364,0.45454545454545453,0.45454545454545453,0.45454545454545453,0.36363636363636365,0.45454545454545453,0.45454545454545453,0.45454545454545453,0.45454545454545453,0.36363636363636365,0.36363636363636365,0.45454545454545453,0.36363636363636365,0.45454545454545453,0.4090909090909091,0.45454545454545453,0.45454545454545453,0.36363636363636365,0.45454545454545453,0.4090909090909091,0.5,0.45454545454545453,0.45454545454545453,0.45454545454545453,0.45454545454545453,0.36363636363636365,0.4090909090909091,0.45454545454545453,0.5,0.4090909090909091,0.6818181818181818,0.4090909090909091,0.45454545454545453,0.45454545454545453,0.45454545454545453
V,0.5217391304347826,0.5217391304347826,0.7391304347826086,0.6086956521739131,0.6521739130434783,0.4782608695652174,0.5217391304347826,0.5217391304347826,0.5217391304347826,0.7391304347826086,0.8695652173913043,0.6086956521739131,0.8260869565217391,0.5217391304347826,0.782608695652174,0.4782608695652174,0.4782608695652174,0.5217391304347826,0.6956521739130435,0.5652173913043478,0.5217391304347826,0.6521739130434783,0.6956521739130435,0.6956521739130435,0.4782608695652174,0.6086956521739131,0.4782608695652174,0.6086956521739131,0.4782608695652174,0.4782608695652174,0.6086956521739131,0.8695652173913043,0.6956521739130435,0.5217391304347826,0.5217391304347826,0.6956521739130435,0.5217391304347826,0.6521739130434783,0.5217391304347826,0.4782608695652174,0.5217391304347826,0.4782608695652174,0.5217391304347826,0.5217391304347826,0.5217391304347826,0.6956521739130435,0.7391304347826086,0.5217391304347826,0.4782608695652174,0.7391304347826086,0.4782608695652174,0.4782608695652174,0.6086956521739131,0.782608695652174,0.5217391304347826,0.8695652173913043,0.5217391304347826,0.5217391304347826,0.5652173913043478,0.4782608695652174,0.5217391304347826,0.8260869565217391,0.5652173913043478,0.782608695652174,0.5217391304347826,0.7391304347826086,0.5652173913043478,0.4782608695652174,0.4782608695652174,0.5217391304347826,0.7391304347826086,0.782608695652174,0.4782608695652174,0.6086956521739131,0.8695652173913043,0.6956521739130435,0.8260869565217391,0.4782608695652174,0.5217391304347826,0.6086956521739131,0.5217391304347826,0.8260869565217391,0.4782608695652174,0.782608695652174,0.782608695652174,0.4782608695652174,0.5217391304347826,0.4782608695652174,0.6956521739130435,0.6521739130434783,0.6086956521739131,0.5217391304347826,0.7391304347826086,0.4782608695652174,0.5652173913043478,0.6086956521739131,0.6521739130434783,0.4782608695652174,0.6086956521739131,0.5217391304347826,0.782608695652174,0.5652173913043478,0.6086956521739131
