,G,S,H,R,Q,A,L,G.1,E,R.1,L.1,Y,P,R.2,V,Q.1,A.1,M,Q.2,P.1,A.2,F,A.3,S.1,K,I,T,G.2,M.1,L.2,L.3,E.1,L.4,S.2,P.2,A.4,Q.3,L.5,L.6,L.7,L.8,L.9,A.5,S.3,E.2,D,S.4,L.10,R.3,A.6,R.4,V.1,E.3,E.4,A.7,M.2,E.5,L.11,I.1,V.2,A.8
ASA,0.3564102564102564,0.47076923076923083,0.6502564102564103,0.6261538461538462,0.5087179487179487,0.29025641025641025,0.2082051282051282,0.07076923076923078,0.5769230769230769,0.6143589743589745,0.11076923076923076,0.28615384615384615,0.4205128205128205,0.5174358974358975,0.10256410256410256,0.456923076923077,0.4071794871794872,0.47794871794871796,0.2558974358974359,0.4415384615384616,0.4523076923076923,0.301025641025641,0.09897435897435895,0.3825641025641026,0.5543589743589744,0.14051282051282052,0.22564102564102564,0.2123076923076923,0.3876923076923077,0.17692307692307693,0.37589743589743596,0.6830769230769231,0.2533333333333333,0.3235897435897436,0.32820512820512815,0.3482051282051282,0.4394871794871795,0.08564102564102563,0.3087179487179487,0.4517948717948718,0.1758974358974359,0.12307692307692308,0.35538461538461547,0.2876923076923077,0.5641025641025641,0.5425641025641026,0.2123076923076923,0.07794871794871795,0.5553846153846155,0.34102564102564104,0.3676923076923077,0.06923076923076923,0.5317948717948718,0.4712820512820513,0.04461538461538462,0.21384615384615382,0.6061538461538462,0.30974358974358973,0.13999999999999999,0.4420512820512821,0.4671794871794872
HSE_alpha_up,0.00967741935483871,0.08709677419354837,0.13548387096774195,0.25483870967741934,0.1870967741935484,0.132258064516129,0.4129032258064516,0.5290322580645161,0.09999999999999999,0.12580645161290321,0.5806451612903226,0.5161290322580645,0.08064516129032258,0.2032258064516129,0.5548387096774193,0.2838709677419355,0.054838709677419356,0.19677419354838707,0.37419354838709684,0.19677419354838707,0.029032258064516134,0.39354838709677425,0.6096774193548388,0.08387096774193548,0.132258064516129,0.5774193548387098,0.4645161290322581,0.1870967741935484,0.2645161290322581,0.5612903225806453,0.3870967741935484,0.07741935483870968,0.4774193548387097,0.12258064516129032,0.4709677419354839,0.11612903225806451,0.1870967741935484,0.667741935483871,0.39032258064516134,0.10967741935483871,0.43548387096774194,0.6548387096774194,0.16129032258064516,0.17419354838709675,0.3064516129032258,0.041935483870967745,0.2032258064516129,0.6774193548387096,0.31290322580645163,0.06451612903225806,0.3709677419354839,0.7129032258064517,0.15161290322580645,0.12903225806451613,0.6000000000000001,0.5225806451612903,0.06774193548387096,0.2870967741935484,0.5903225806451613,0.24838709677419354,0.035483870967741936
HSE_alpha_down,0.11400651465798047,0.1498371335504886,0.23452768729641696,0.2833876221498371,0.4136807817589576,0.501628664495114,0.4429967426710097,0.43322475570032576,0.5732899022801302,0.5407166123778501,0.3973941368078176,0.482084690553746,0.6123778501628665,0.5309446254071661,0.3615635179153095,0.4364820846905537,0.44951140065146583,0.3583061889250814,0.2182410423452769,0.3061889250814332,0.46905537459283386,0.33876221498371334,0.254071661237785,0.5342019543973942,0.5179153094462541,0.37133550488599343,0.45602605863192186,0.5504885993485341,0.482084690553746,0.3583061889250814,0.4039087947882736,0.4657980456026059,0.1628664495114007,0.5602605863192183,0.29967426710097717,0.49837133550488605,0.501628664495114,0.3583061889250814,0.504885993485342,0.6156351791530944,0.46254071661237783,0.3485342019543974,0.504885993485342,0.4429967426710097,0.32573289902280134,0.5211726384364821,0.45928338762214976,0.35179153094462545,0.5342019543973942,0.6384364820846905,0.5211726384364821,0.44951140065146583,0.6416938110749185,0.6416938110749185,0.4299674267100977,0.4918566775244299,0.6123778501628665,0.47557003257328984,0.30944625407166126,0.37133550488599343,0.3452768729641694
P(C),0.924,0.614,0.41200000000000003,0.32,0.287,0.163,0.107,0.12300000000000001,0.125,0.15,0.12300000000000001,0.032,0.019,0.01,0.012,0.022000000000000002,0.099,0.188,0.99,0.359,0.344,0.292,0.235,0.23800000000000002,0.23,0.257,0.39799999999999996,0.622,0.435,0.359,0.376,0.479,0.889,0.995,0.092,0.049,0.019,0.002,0.002,0.004,0.008,0.042,0.264,0.9940000000000001,0.09699999999999999,0.055999999999999994,0.024,0.011000000000000001,0.01,0.013999999999999999,0.012,0.003,0.001,0.002,0.001,0.002,0.011000000000000001,0.03,0.115,0.40700000000000003,0.9359999999999999
P(H),0.076,0.385,0.585,0.675,0.703,0.833,0.892,0.877,0.875,0.8490000000000001,0.877,0.968,0.981,0.99,0.988,0.978,0.9009999999999999,0.812,0.01,0.6409999999999999,0.6559999999999999,0.7070000000000001,0.762,0.757,0.7509999999999999,0.6920000000000001,0.521,0.315,0.429,0.467,0.452,0.337,0.018000000000000002,0.002,0.9079999999999999,0.951,0.981,0.998,0.998,0.996,0.992,0.958,0.736,0.006,0.903,0.9440000000000001,0.976,0.9890000000000001,0.99,0.986,0.988,0.997,0.9990000000000001,0.998,0.9990000000000001,0.998,0.9890000000000001,0.97,0.885,0.5920000000000001,0.064
P(E),0.001,0.001,0.003,0.005,0.01,0.004,0.001,0.0,0.0,0.0,0.0,0.0,0.0,0.0,0.0,0.0,0.0,0.0,0.0,0.0,0.0,0.001,0.003,0.005,0.019,0.051,0.08,0.063,0.136,0.174,0.172,0.184,0.09300000000000001,0.002,0.0,0.0,0.0,0.0,0.0,0.0,0.0,0.0,0.0,0.001,0.0,0.0,0.0,0.0,0.0,0.0,0.0,0.0,0.0,0.0,0.0,0.0,0.0,0.0,0.0,0.001,0.0
cosPhi,0.5270410119494893,0.5287836242451806,0.59197747857105,0.6644353473530478,0.6993766648836112,0.7001766491363243,0.6985760732996393,0.7269974644284428,0.7105200710494552,0.6913438221341193,0.68811422768336,0.72777467054293,0.7128918173729912,0.6921497697365305,0.7001766491363243,0.7049636643607307,0.6791860436895513,0.5392311904543937,0.17461342326943907,0.7246617067515002,0.6710121156805522,0.490402772650911,0.750002284635288,0.7105200710494552,0.6734698772911081,0.6520185166227104,0.5859663350934232,0.7575213449946595,0.6627860961884333,0.6453530626549782,0.6453530626549782,0.5374910007027193,0.44686932557231057,0.6578265223256956,0.7560237354129431,0.7160450555967492,0.6816276915910676,0.7041673752050037,0.7215377933396668,0.7057593291662297,0.6873053903577763,0.6751057471173533,0.6082216597162966,0.2918604929267997,0.7308765329924929,0.7121018805568672,0.7001766491363243,0.7105200710494552,0.72777467054293,0.7097282031766333,0.6856860064920174,0.7223197899021362,0.7176177356725745,0.7025729335473005,0.7073487760335222,0.7191877641635248,0.7033704641246838,0.6832526946667644,0.668549665728215,0.6420096280231393,0.5911195633974072
cosPsi,0.004392229874229103,0.2675789771376902,0.9922515899872183,0.9258634670715238,0.895611766483745,0.8846997775234475,0.8807691537683684,0.870402298143375,0.8923881852665416,0.8972073102677091,0.8874722443520897,0.8762074544478622,0.8869201048632531,0.8896689824657371,0.877354790111386,0.8961448216775953,0.9174239316317033,0.9478558801197065,0.6411707284214383,0.9244858438145708,0.9486291848371642,0.994378190523503,0.877354790111386,0.907563897864277,0.9159770610652412,0.9085724491675642,0.9466856941639188,0.954254088763361,0.9183821567294808,0.9312568346036287,0.9549806354382716,0.9947628945344849,0.07551415618542928,0.05976132324541905,0.9120630943110078,0.9090748587125117,0.9179036806841352,0.8841417617967617,0.8835825759076499,0.8896689824657371,0.8945420424173454,0.9179036806841352,0.9549806354382716,0.22841277502466462,0.916942911033584,0.8987919644126143,0.8874722443520897,0.879067168098826,0.8802029828000155,0.8880232035332729,0.8907602362094094,0.8715724127386971,0.8852566213878945,0.8852566213878945,0.8662714493936894,0.8813341648478441,0.892928446587701,0.8966766701456176,0.9070577591781597,0.9490137878803078,0.9813458732132394
cosTheta,0.5417357272020121,0.5794163744934324,0.700607697600674,0.7796735065115366,0.8304533189544963,0.8486480206728793,0.8486480206728793,0.8559324335465859,0.8778034526472047,0.8759800017091586,0.8468274590991198,0.8668649422946731,0.8869225971143573,0.8668649422946731,0.8559324335465859,0.86322004664864,0.8814507491446919,0.7977765356277687,0.509641979357046,0.8905710330890404,0.8905710330890404,0.7869098390601198,0.8778034526472047,0.8814507491446919,0.8741566897177764,0.8213660328329033,0.7760579120749974,0.8104714255234919,0.8395475457546818,0.8122863794219237,0.8195494693987302,0.7796735065115366,0.3705471715253891,0.4730489897723562,0.8942198470628439,0.8796270369773674,0.8668649422946731,0.8486480206728793,0.8650424083394216,0.8814507491446919,0.8595758622648653,0.8231829015773611,0.8304533189544963,0.41302460754775755,0.86322004664864,0.8778034526472047,0.8668649422946731,0.8595758622648653,0.8723335222271821,0.8923953956046784,0.8613978627735588,0.8613978627735588,0.8796270369773674,0.8796270369773674,0.8577540506726897,0.8650424083394216,0.8832745835938351,0.86322004664864,0.8304533189544963,0.8177332168084087,0.8104714255234919
cosTau,0.88581229169386,0.6344599103076328,0.5444471484332207,0.6985739453173904,0.7745114089990659,0.8043807145043603,0.8160146513324255,0.8029942001328555,0.8112573183188098,0.8233948897552297,0.8300008339804683,0.8009075115760242,0.816690436313775,0.8253871086329254,0.8240599505315654,0.8098895158975701,0.8160146513324255,0.8807691537683684,0.9560600580861366,0.001753570375247815,0.7730509805072145,0.8153379037156432,0.583384373358051,0.7795964517353734,0.8092041976787772,0.8267103019950527,0.8485825514272822,0.7882161580848966,0.7903514778554699,0.8119397983546931,0.7817630244687857,0.7817630244687857,0.4503401251281805,0.39946103942701777,0.3151266213630853,0.7627358255361338,0.8085179375703744,0.8009075115760242,0.7938926261462366,0.8160146513324255,0.8133019056822303,0.7910614850786447,0.7960065893996098,0.7781478077501525,0.09092514128748819,0.7839218725265507,0.8112573183188098,0.813981528824669,0.7981124374828079,0.8193839087577989,0.8253871086329254,0.8105738901391552,0.8119397983546931,0.8233948897552297,0.8193839087577989,0.8098895158975701,0.813981528824669,0.8213938048432696,0.818039110138882,0.7896405861713394,0.7995117992577929
sinPhi,0.9992683351631058,0.0008290916929857839,0.008532325425222809,0.0278118148812595,0.04146996280743798,0.041818635218880185,0.041122687158009485,0.054496737905816106,0.046477992854267625,0.038060233744356575,0.03673568456408138,0.054893597694436747,0.04758647376699021,0.038394891443509604,0.041818635218880185,0.04393994191386341,0.033209786751399184,0.0015413331334360736,0.12036434633255955,0.053314305836081266,0.030153689607045786,9.21439391778911e-05,0.0669872981077807,0.046477992854267625,0.031055532694051202,0.023669259373206908,0.007445336922613011,0.07141634964894383,0.027240712200341577,0.021593207971196293,0.021593207971196293,0.0014074332374421905,0.0028310279333976784,0.02556199417775179,0.07052005153466778,0.0490837367974431,0.03415438620722561,0.043582911383478584,0.05175678480827972,0.04429836168227741,0.03640807271660629,0.031663905375801216,0.011851996440033319,0.04538194547646568,0.05649458341088914,0.04721560049443019,0.041818635218880185,0.046477992854267625,0.054893597694436747,0.0461112607335456,0.03575708655954318,0.05214411988029355,0.04984061429890324,0.04287302238286822,0.04501936456172839,0.05060297685041654,0.04322727117869962,0.03479121600898771,0.02926472759398102,0.02059013256590353,0.008372546218022692
sinPsi,0.43387180487143884,0.942696812877208,0.41231663695400644,0.23800704701496045,0.19423647990708443,0.18061609124220113,0.17594004946843456,0.16413970533850492,0.19011048410243003,0.19631208013835666,0.18398534866757454,0.17065526994065977,0.18330956368622492,0.1866980943177698,0.17197048550474636,0.1949274180493662,0.22475962995750226,0.2776824104075363,0.9796569872700288,0.23578083263882643,0.27924707360412737,0.4252323282781452,0.17197048550474636,0.21035941382866058,0.22257778627600033,0.21178384191510335,0.27534050069205174,0.2910664630994616,0.22621838825372487,0.24698311793941813,0.29265337867188046,0.4278218994995134,0.7642191673611736,0.7370441045235582,0.21679688153758359,0.21249737397836072,0.22548859100093416,0.17994515025752228,0.1792751842154211,0.1866980943177698,0.19285739995052842,0.22548859100093416,0.29265337867188046,0.9198099322672065,0.22403150734397093,0.19839600612735875,0.18398534866757454,0.1739507980848039,0.17527597583490817,0.18466209628435687,0.1880602016453069,0.16543469682057088,0.18128800512565513,0.18128800512565513,0.15963956552054115,0.1766051102447702,0.1907958023212229,0.19561928549563967,0.20964852214453011,0.2800304150720424,0.3646997770120682
sinTheta,0.8704922334421579,0.89562770371863,0.9571824088278426,0.9824586729635518,0.9927854632165506,0.9953816413449323,0.9953816413449323,0.9962588407750017,0.9983369586251768,0.9981955070654223,0.9951479367139084,0.9974017115692927,0.9989576550279643,0.9974017115692927,0.9962588407750017,0.9970438182214219,0.9986025506526787,0.986663186853012,0.8466873106286904,0.999165531294198,0.999165531294198,0.9842092147221678,0.9983369586251768,0.9986025506526787,0.9980482857103211,0.9912715739711364,0.9815490655588617,0.9892652117214851,0.99415552045287,0.9896139680051544,0.9909515462336694,0.9824586729635518,0.7154089967049246,0.8167317332203528,0.9993503165771815,0.9984726399586985,0.9974017115692927,0.9953816413449323,0.9972256483158515,0.9986025506526787,0.9966628597427053,0.9915858530047575,0.9927854632165506,0.7606826049653916,0.9970438182214219,0.9983369586251768,0.9974017115692927,0.9966628597427053,0.997895295008335,0.9992608104559126,0.9968562218398896,0.9968562218398896,0.9984726399586985,0.9984726399586985,0.9964637325188842,0.9972256483158515,0.9987266903113869,0.9970438182214219,0.9927854632165506,0.9906257707672168,0.9892652117214851
sinTau,0.18196088986111797,0.018418716601170892,0.9980205327053848,0.9588773128419905,0.9179036806841352,0.8966766701456176,0.8874722443520897,0.8977367404274479,0.891304078426207,0.8813341648478441,0.8756320667517556,0.8993177550236464,0.8869201048632531,0.8796356536674403,0.8807691537683684,0.8923881852665414,0.8874722443520897,0.8240599505315654,0.7049615169207863,0.5418389216661579,0.9188593583102194,0.8880232035332729,0.9929980185352525,0.9145187862775208,0.892928446587701,0.8784975278258782,0.8584553038252414,0.9085724491675642,0.9070577591781597,0.8907602362094094,0.9130491472478819,0.9130491472478819,0.9975277849806132,0.010212375200328028,0.035433714232971925,0.9254055547120256,0.8934675109806687,0.8993177550236464,0.9045084971874737,0.8874722443520897,0.8896689824657371,0.9065503805235138,0.9029641411242579,0.9154922346371641,0.21249737397836083,0.911568184267221,0.891304078426207,0.8891215742630105,0.9014087375955573,0.8846997775234475,0.8796356536674403,0.8918467286629199,0.8907602362094094,0.8813341648478441,0.8846997775234475,0.8923881852665414,0.8891215742630105,0.883022221559489,0.88581229169386,0.907563897864277,0.9003656854743667
hhm0,0.8411136344520144,0.32349230381024474,0.5066027420304482,0.6466481621667087,0.3549499537387501,0.281016065270418,0.5059298511228867,0.3500714946589284,0.5284716965262006,0.27008158802254184,0.8411136344520144,0.5475649760282613,0.38893094457061145,0.37160400370089997,0.4525191353351837,0.32778198334595,0.1906804609302717,0.42610816721339057,0.37698713096139286,0.35444528555807886,0.3973420809151316,0.4159306922365211,0.04617713853141559,0.23265203128942719,0.8411136344520144,0.5679199259820001,0.407940112709227,0.37236100597190674,0.49163091933720243,0.6112372781562789,0.45403313987719734,0.6299100008411136,0.4584910421397931,0.5409201783160905,0.361174194633695,0.255530322146522,0.4665657330305324,0.3658003196231811,0.2979224493229035,0.339894019682059,0.5191353351837833,0.3714357809740096,0.2966607788712255,0.5159391033728656,0.4643788375809572,0.30675414248464966,0.1683068382538481,0.6329380099251408,0.35856674236689373,0.1978299268231138,0.31424005383127257,0.30187568340482795,0.2875767516191437,0.4613508284969299,0.030868870384388934,0.2952308856926571,0.19673647909832617,0.2528387585162755,0.8411136344520144,0.38750105139204305,0.2397173858188241
hhm1,0.7903264048051845,0.7903264048051845,0.7903264048051845,0.5144234568876946,0.7903264048051845,0.6680629099818225,0.7903264048051845,0.5339445190863826,0.5513316999920967,0.6072868094523037,0.4775152137832924,0.5490397534181617,0.7903264048051845,0.5884770410179404,0.7903264048051845,0.46218288153007187,0.38662767723069624,0.6913775389235755,0.43602307753102026,0.5328380621196553,0.5274638425669801,0.6457757053663162,0.38899865644511183,0.5986722516399272,0.7903264048051845,0.7903264048051845,0.4956136884533312,0.5535446139255512,0.6840275033588872,0.7903264048051845,0.7903264048051845,0.7903264048051845,0.7903264048051845,0.6302853078321347,0.7903264048051845,0.6141626491741089,0.5473010353275902,0.6801549039753418,0.633841776653758,0.5916383466371612,0.49268948075555197,0.47024421085908474,0.46423773018256537,0.6026238836639531,0.7355567849521851,0.6509128269975499,0.66616612661029,0.6027819489449142,0.4623409468110329,0.6689322690271082,0.7903264048051845,0.460681261360942,0.7140599067414841,0.7903264048051845,0.4002212913933454,0.6509128269975499,0.46376353433968226,0.7903264048051845,0.7903264048051845,0.4635264364182407,0.7903264048051845
hhm2,0.11363636363636365,0.3690711462450593,0.5316205533596838,0.8234519104084322,0.4208662714097497,0.5240447957839263,0.5504776021080369,0.5620882740447958,0.21920289855072464,0.6311758893280632,0.5485836627140975,0.8234519104084322,0.40447957839262194,0.8234519104084322,0.8234519104084322,0.4001152832674572,0.4174077733860343,0.6026021080368907,0.32806324110671936,0.4883893280632411,0.22661396574440054,0.37936429512516473,0.8234519104084322,0.49193017127799743,0.5155632411067194,0.4680500658761529,0.5644762845849802,0.556241765480896,0.8234519104084322,0.5275032938076416,0.5775691699604744,0.20075757575757577,0.48163702239789197,0.1042490118577075,0.3515316205533597,0.3148056653491436,0.27231554677206854,0.8234519104084322,0.8234519104084322,0.3451086956521739,0.6926054018445323,0.8234519104084322,0.2827733860342556,0.15686758893280633,0.2834321475625824,0.21294466403162057,0.4181488801054019,0.8234519104084322,0.4010210803689065,0.4029973649538867,0.8234519104084322,0.5116930171277997,0.18264163372859027,0.4195487483530962,0.5448781291172595,0.8234519104084322,0.2901021080368907,0.8234519104084322,0.8234519104084322,0.3654479578392622,0.8234519104084322
hhm3,0.7964319847085058,0.14160560688117235,0.3177763618986938,0.44297546989487097,0.25326537113730485,0.39901242433896145,0.7964319847085058,0.45348837209302323,0.07112137623446958,0.3626951258362536,0.5069289582669639,0.7964319847085058,0.2926887543803759,0.4377190187957948,0.7964319847085058,0.2067537432303281,0.281459063395986,0.407215673781459,0.20651481363491556,0.3928002548582351,0.1687639375597324,0.44640012742911755,0.6491717107359032,0.40434851863650845,0.4657534246575342,0.7964319847085058,0.5886428798980566,0.4623287671232877,0.6355527237973876,0.7964319847085058,0.7964319847085058,0.06538706594456833,0.6075183179356483,0.2813794201975151,0.3408728894552405,0.2934851863650844,0.06363491557820962,0.7964319847085058,0.4847881490920675,0.3810130614845492,0.7964319847085058,0.7964319847085058,0.12774769034724434,0.4908410321758521,0.21862057980248487,0.14057024530105128,0.3193692258681109,0.7964319847085058,0.2823351385791653,0.24569926728257405,0.6080758203249442,0.7964319847085058,0.19847085058935968,0.06618349792927683,0.7964319847085058,0.537830519273654,0.22467346288626952,0.533051927365403,0.5167250716788786,0.3115641924179675,0.26306148454921946
hhm4,0.80768920119538,0.80768920119538,0.80768920119538,0.80768920119538,0.6807204587674663,0.4043292141184073,0.38009853808254584,0.80768920119538,0.80768920119538,0.4662789758500929,0.4810596882319684,0.13973023180680075,0.5921977223164526,0.37912931104111136,0.80768920119538,0.44075599709231883,0.6429206041515224,0.42888296583474683,0.48396736935627166,0.7348356352475568,0.6374283175833939,0.3744447136741782,0.49115580324691055,0.48097891931184883,0.80768920119538,0.80768920119538,0.80768920119538,0.80768920119538,0.4679751231726032,0.3798562313221872,0.80768920119538,0.6605282287375818,0.5915515709554964,0.80768920119538,0.6497051934415637,0.44657135934092557,0.4832404490751959,0.5263710524190292,0.3422986834666021,0.41717147241741376,0.37509086503513445,0.4849365963977062,0.4233099103464987,0.5287133511024957,0.47233664485905824,0.7220741458686698,0.532509490348114,0.32735643324448754,0.6916242629836039,0.80768920119538,0.6114207253049027,0.4544059445925208,0.4669251272110492,0.80768920119538,0.5337210241499072,0.33115257249010577,0.6522897988853888,0.4904288829658347,0.44212906873435104,0.80768920119538,0.3964946288668121
hhm5,0.09451623591782636,0.45493704440026506,0.5646123260437376,0.5595593108018555,0.8283631544068919,0.6283134526176275,0.6958250497017892,0.028992710404241222,0.3793903247183565,0.4777170311464546,0.8283631544068919,0.8283631544068919,0.5668489065606361,0.8283631544068919,0.8283631544068919,0.5795228628230616,0.5096090125911199,0.5125082836315441,0.31552352551358515,0.3894135188866799,0.42147117296222664,0.6447978793903246,0.39827700463883364,0.11563949635520211,0.8283631544068919,0.8283631544068919,0.8283631544068919,0.03653081510934394,0.8283631544068919,0.8283631544068919,0.5135023194168323,0.37060967528164346,0.4962723658051689,0.3491550695825049,0.4086315440689198,0.3841119946984758,0.43397945659377074,0.49610669317428757,0.5188866799204771,0.523194168323393,0.5535122597746852,0.7010437375745527,0.4017561298873426,0.6026341948310139,0.5180583167660702,0.36837309476474484,0.6332007952286282,0.6008117958913187,0.45742213386348574,0.5053015241882041,0.7273856858846918,0.5529324055666004,0.4146785950960901,0.5787773359840954,0.48061630218687873,0.8283631544068919,0.44673624917163685,0.5253479125248509,0.6706428098078198,0.6037110669317428,0.45949304174950295
hhm6,0.805607024893257,0.4858615967131233,0.3176508499154112,0.5101909288648997,0.6067832111496012,0.6712317731410617,0.46064609683396435,0.6230564730524449,0.6190284379279787,0.37057923145089827,0.3850801578989768,0.439539192781761,0.5018126158060098,0.38290501893176504,0.805607024893257,0.2951744139208894,0.3862885684363167,0.2942882461935068,0.25521630548618385,0.42503826633368236,0.5354064287440586,0.26440022556996695,0.538951099653589,0.805607024893257,0.45524852976717955,0.5496656730846693,0.37726576975751225,0.5144606460968338,0.3914444533956336,0.4241520986062998,0.805607024893257,0.5917183597840974,0.49327318134214126,0.5393539031660356,0.5648110851526624,0.4318859260452751,0.48505598968823005,0.5822927575928462,0.4293079835656167,0.17223878192217834,0.4767582373318295,0.805607024893257,0.5194554096511722,0.42552163054861836,0.4562152581970515,0.4455006847659711,0.6036413437525174,0.805607024893257,0.3092725368565214,0.5311367115121244,0.37686296624506566,0.805607024893257,0.4364778860871666,0.4048175300088616,0.4589543220816885,0.4688632884878757,0.5043099975831788,0.5224361556432772,0.805607024893257,0.33392411181825504,0.805607024893257
hhm7,0.7675775253300584,0.7675775253300584,0.7675775253300584,0.7675775253300584,0.47236720908811786,0.23687442431685599,0.2589038992938287,0.7675775253300584,0.6373963770340805,0.3463309794289223,0.197267424009825,0.5011513662879952,0.5003070310101321,0.35984034387473135,0.13071845256370895,0.5906509057414798,0.4152594412035616,0.23487872275099786,0.5053730426773104,0.4498004298434142,0.4166410807491556,0.42047896837580595,0.5161958857844643,0.6382407123119436,0.7675775253300584,0.062173779551734726,0.44772797052502306,0.30587964384402827,0.3873196192815475,0.2784771261897452,0.31762357998157814,0.6264200184218607,0.21676389315320846,0.7675775253300584,0.36383174700644766,0.6190512741786921,0.5551888240712313,0.22873810254835739,0.27686521338655207,0.5017654283082591,0.316165182683451,0.21883635247159966,0.5098249923242247,0.7675775253300584,0.5373042677310408,0.5552655818237643,0.4131102241326374,0.4250076757752533,0.5584126496776175,0.39921707092416336,0.6331747006447651,0.19381332514583974,0.5844335277863064,0.5168867055572614,0.42193736567393303,0.24570156585815167,0.4232422474669942,0.29943199263125575,0.2835431378569236,0.5139699109610071,0.3708934602394842
hhm8,0.7967492630069316,0.3195761293920803,0.29240697952354394,0.06381961596685523,0.29073380607122934,0.390008764241893,0.6513425225081666,0.6095928611266034,0.3589355429846227,0.27376304676918173,0.7967492630069316,0.7967492630069316,0.5325472073938331,0.200462114572544,0.7967492630069316,0.24810772050035854,0.2864313600509919,0.3614054656999442,0.47271133774201257,0.35614692056409847,0.2700980001593498,0.43430802326507845,0.44450641383156714,0.6509441478766632,0.03186997052027727,0.5838578599314795,0.5441000717074336,0.5778822404589274,0.4445860887578678,0.7967492630069316,0.7967492630069316,0.4555015536610628,0.5460122699386503,0.38984941438929166,0.3174249063819615,0.4032348020078081,0.5278463867420922,0.7967492630069316,0.4558999282925663,0.3273045972432475,0.6546888694127957,0.7967492630069316,0.37383475420285234,0.7967492630069316,0.32332085092821283,0.32340052585451357,0.3484184527129312,0.7967492630069316,0.1829336307863915,0.34212413353517646,0.07863915225878415,0.6584335909489283,0.30571269221575964,0.2724882479483706,0.6887100629431917,0.3656282367938809,0.29439885268106125,0.4155047406581148,0.7967492630069316,0.25902318540355346,0.44020396781132975
hhm9,0.8271982794275787,0.441393001902556,0.5471916618413433,0.4227810406154355,0.5107949375465299,0.27438166928612784,0.04971461659359748,0.475556290842915,0.6801224253453553,0.3580114153362561,0.05169989246422367,0.36620067830258907,0.3550335015303168,0.123335263462652,0.4109521052196211,0.3513111092728927,0.4125237819505335,0.15989742741335097,0.4798577218959384,0.39556621722226815,0.419885846637439,0.12350070311853749,0.8271982794275787,0.4645545537265282,0.558606998097444,0.2600711390520308,0.4405658036231284,0.8271982794275787,0.4006121267267764,0.04739846141120026,0.03209529324179006,0.8271982794275787,0.16179998345603439,0.5069071056332203,0.2770287037802961,0.5136901315245264,0.44983042435271725,0.07345520721316899,0.09703035817685499,0.3224418893208702,0.08048639258830341,0.07734303912647861,0.5748200843742244,0.595500041359914,0.4173215319712134,0.5129456530730415,0.23120191910000829,0.027380263049052854,0.4028455620812309,0.40259740259740256,0.48142939862685086,0.3823310447514269,0.5513276532384812,0.4464389114070642,0.46670526925303996,0.22797584581024072,0.5941765241128298,0.25552154851517905,0.03854743982132517,0.29034659607908014,0.5720076102241707
hhm10,0.7923302432453847,0.4773789715553443,0.6278424847476428,0.5814911655177878,0.46699944536882976,0.1641708264004437,0.4426749069011964,0.575627921717772,0.7923302432453847,0.4486966167498614,0.49385944061484827,0.5198478725932969,0.5565327628555582,0.4132002218524681,0.4770620394580461,0.4629585611282783,0.541636954282545,0.2973615402899929,0.7923302432453847,0.6393312732747009,0.5496394897393233,0.3629664844307107,0.7923302432453847,0.7923302432453847,0.5883844386340227,0.5609698122177323,0.5935345852151177,0.7923302432453847,0.036051026067665,0.3355518580144204,0.43807939149037317,0.7923302432453847,0.12487124633547261,0.485143807939149,0.5497187227636479,0.5334759527771175,0.7076301402424531,0.46010617225259487,0.46248316298233105,0.3496553363441883,0.20323270739244118,0.2672529910466682,0.7923302432453847,0.7014499643451391,0.5007527137310831,0.6244354647016876,0.34062277157119086,0.47856746692021235,0.564139133190714,0.5365660407257745,0.4643055225417954,0.4825291181364393,0.5411615561365977,0.5078044528959671,0.6924966325964663,0.2226447983519531,0.6393312732747009,0.393471198795658,0.6007447904286507,0.3691466603280247,0.42453054433087717
hhm11,0.8106355382619974,0.258916990920882,0.4291504539559014,0.4689526588845655,0.36121919584954604,0.3952658884565499,0.4985408560311284,0.6578307392996109,0.32036316472114135,0.41269455252918286,0.8106355382619974,0.8106355382619974,0.4165856031128405,0.4801394293125811,0.8106355382619974,0.41901750972762647,0.32636186770428016,0.5106193255512321,0.30941958495460437,0.46214332036316474,0.30763618677042803,0.29798962386511024,0.8106355382619974,0.38018806744487676,0.4936770428015564,0.8106355382619974,0.8106355382619974,0.45590142671854733,0.5658236057068742,0.8106355382619974,0.8106355382619974,0.4786802853437095,0.4966763942931258,0.3673800259403372,0.1622081712062257,0.38132295719844356,0.5583657587548638,0.6359435797665369,0.4272859922178988,0.2794260700389105,0.5789559014267185,0.8106355382619974,0.3014753566796368,0.21643968871595332,0.4236381322957198,0.35149156939040205,0.49083981841763946,0.8106355382619974,0.3392509727626459,0.3706225680933852,0.49594682230869,0.6669098573281452,0.29661154345006485,0.5484760051880674,0.8106355382619974,0.47730220492866404,0.33690012970168615,0.6016536964980544,0.682230869001297,0.35984111543450065,0.2833981841763943
hhm12,0.203541197483886,0.3355595247340219,0.5964122078123787,0.4885454686650617,0.5015143278713986,0.7765783955890346,0.6954259532499805,0.5088918226294944,0.4474644715384018,0.6179234293701948,0.6329113924050632,0.37780538945406533,0.06787295177448163,0.5870156092257514,0.42999145763764846,0.5543993166110118,0.3576920090083094,0.7765783955890346,0.5095907431855246,0.08247262561155548,0.33602547177137526,0.4034324765085035,0.43480624369030046,0.22722683854935158,0.5269860992467189,0.5433719033936476,0.7765783955890346,0.7765783955890346,0.5335870156092257,0.5448474023452667,0.5654267298283762,0.4480857342548731,0.5773860371204473,0.18731070901607516,0.2951774481633921,0.3503921720897724,0.4406305816572183,0.7765783955890346,0.7251689058010405,0.34619864875359163,0.7765783955890346,0.3899200124252543,0.5111438999767026,0.6326007610468276,0.127125883357925,0.4116642075017473,0.7164712277704434,0.6612565038440631,0.7765783955890346,0.34309233517123555,0.3746214180321503,0.4466102353032538,0.4236235147938184,0.7765783955890346,0.49747612021433557,0.594470761823406,0.4328647977013279,0.7765783955890346,0.6090704356604799,0.539100722217908,0.7765783955890346
hhm13,0.7867201636377941,0.266776807489576,0.07277161513649595,0.38926913696798054,0.09920541263472583,0.3371882621351585,0.5751711116355912,0.7867201636377941,0.38108724726614746,0.26394461490047993,0.7867201636377941,0.5573125639210134,0.3877743686570687,0.3526079773424593,0.5232475808354968,0.2135158524112973,0.2758240893714106,0.3732200456297695,0.2349146408622453,0.3947761781134451,0.33380536543151607,0.3347494296278814,0.7055306427503738,0.49004798992998194,0.37738966249704986,0.5021634804500039,0.7867201636377941,0.7867201636377941,0.5669105499173944,0.7867201636377941,0.7867201636377941,0.33144520494060264,0.4218393517425852,0.4536228463535521,0.2694516560459445,0.3397844386751633,0.29053575643143736,0.4411139957517111,0.40704901266619464,0.32601683581150187,0.6559672724411927,0.5577059240028323,0.3231846432224058,0.6016835811501849,0.32003776256785466,0.3503264888679097,0.3782550546770514,0.45173471796082143,0.3072928959169224,0.24773817952954139,0.299583038313272,0.5711588388010385,0.2696876720950358,0.2616631264259303,0.7867201636377941,0.400519235308001,0.2855007473841555,0.4641648965462985,0.5161670993627567,0.1803162615057824,0.32971442058059947
hhm14,0.7768197001475957,0.33076982832284624,0.3090965586887283,0.1765711178435485,0.27911131826303115,0.41194748698827,0.7768197001475957,0.4352520779926979,0.4215023693000854,0.13205934902509128,0.5929464771226598,0.6224656257282685,0.4946011030839742,0.3008622698671638,0.5095160413268081,0.33154664802299383,0.24741707449700923,0.3875553484036355,0.3663481705896061,0.3986638701157461,0.3300706905927134,0.40332478831663165,0.631010642429892,0.5095937232968227,0.3122038374893187,0.612910743416453,0.5649032859473315,0.37559232502136247,0.33628524819389416,0.4959993785442398,0.7768197001475957,0.47044201040938394,0.5569020430358114,0.42212382506020346,0.4120251689582847,0.5257515730598927,0.6083275071855822,0.5532509904451177,0.38530257127320744,0.3447525829255029,0.5456381573836713,0.7768197001475957,0.4086071622776353,0.503068437815583,0.3437427173153111,0.42468733007069054,0.39004117144410777,0.47448147285015146,0.19381651518682513,0.37450477744115584,0.2450089334265517,0.7768197001475957,0.3848364794531189,0.39244931251456533,0.6306999145498329,0.4027033325565136,0.32540977239182783,0.7768197001475957,0.48636681426240963,0.2561174551386623,0.7768197001475957
hhm15,0.7874015748031495,0.30968503937007874,0.33346456692913384,0.4354330708661417,0.38740157480314963,0.3230708661417323,0.5433858267716536,0.6379527559055118,0.374488188976378,0.37818897637795273,0.3832283464566929,0.36543307086614174,0.2930708661417323,0.35889763779527556,0.39472440944881887,0.2904724409448819,0.2931496062992126,0.3040944881889764,0.31094488188976377,0.2986614173228347,0.32440944881889766,0.3929921259842519,0.3610236220472441,0.26023622047244094,0.4394488188976378,0.7874015748031495,0.32842519685039373,0.6276377952755906,0.7874015748031495,0.5459055118110236,0.4294488188976378,0.40094488188976374,0.46929133858267713,0.30881889763779524,0.35913385826771654,0.13409448818897637,0.44795275590551176,0.5133070866141732,0.36543307086614174,0.3628346456692913,0.41031496062992123,0.5408661417322834,0.2898425196850394,0.10559055118110236,0.368503937007874,0.29551181102362206,0.17637795275590548,0.4664566929133859,0.32677165354330706,0.212755905511811,0.4174015748031496,0.6425196850393701,0.3423622047244095,0.5270866141732283,0.4703937007874016,0.41015748031496063,0.28196850393700784,0.3016535433070866,0.6503149606299212,0.36291338582677163,0.10275590551181103
hhm16,0.8158603247124092,0.33229991025536426,0.39161295586195644,0.4343640368768867,0.3339316309047891,0.377580158276903,0.4586766745533165,0.6333523700742433,0.7301134045851351,0.4828261401648038,0.588887982377417,0.5489924124989802,0.39455005303092106,0.5671045117075957,0.49832748633433954,0.5294117647058824,0.3893285469527617,0.27984009137635635,0.4319980419352207,0.3424981643142694,0.3300970873786408,0.4977563841070409,0.31410622501427754,0.3828016643550624,0.5728155339805825,0.8158603247124092,0.032715999020967605,0.444970221098148,0.5548666068369096,0.40964346903810067,0.5499714448886351,0.43077425144815207,0.3995268010116668,0.5168475157053112,0.31067961165048547,0.26107530390797096,0.42808191237660115,0.7013951211552583,0.523211226238068,0.361997226074896,0.42441054091539526,0.40548258138206744,0.35620461776943785,0.37831443256914415,0.35188055804846213,0.388757444725463,0.39667128987517336,0.4589214326507302,0.323733376845884,0.32993391531369826,0.4124173941421228,0.5312066574202496,0.35775475238639143,0.4447254630007343,0.43297707432487553,0.40140327975850537,0.33507383535938645,0.35897854287346004,0.47964428489842537,0.33458431916455905,0.33458431916455905
hhm17,0.846811753747142,0.4828520619866204,0.574223050215937,0.5442459141332882,0.6069099839105766,0.29333559149801,0.32170378524853926,0.5441612329579134,0.6359556270641036,0.3864848844101956,0.44652383775086796,0.6356169023626048,0.6241002625116436,0.4709966974341604,0.08383436362096706,0.44178169192988404,0.4618511304936912,0.35489880599542717,0.40909475823524427,0.4101109323397409,0.4630366669489372,0.4660851892624269,0.3604877635701584,0.5228215767634854,0.6240155813362689,0.17368109069353882,0.4632060292996867,0.4911508171733423,0.5278177661105936,0.3603184012194089,0.3451604708273351,0.846811753747142,0.32712338047252093,0.6403590481835887,0.4030823947836396,0.541028029469049,0.43661614023202633,0.21077144550766364,0.2938436785502583,0.4629519857735625,0.3723431281226183,0.3119654500804471,0.5322211872300787,0.42628503683631125,0.46506901515793037,0.4030823947836396,0.5112202557371496,0.48962655601659755,0.417478194597341,0.36988737403675165,0.4775171479380133,0.06715217207214835,0.505800660513168,0.43077313913117116,0.41502244051147424,0.19891608095520363,0.373020577525616,0.10161741044965704,0.39232788551105086,0.33423659920399695,0.846811753747142
hhm18,0.7652865998316369,0.7652865998316369,0.7652865998316369,0.6088620188260504,0.627381954541976,0.668095201653019,0.7652865998316369,0.4049896686309023,0.7652865998316369,0.587204408050815,0.7652865998316369,0.4172342542282085,0.7652865998316369,0.46284533557817403,0.7652865998316369,0.6098568914058315,0.6179689293640468,0.6917425575878167,0.7652865998316369,0.7652865998316369,0.7652865998316369,0.5144256524068264,0.7652865998316369,0.3935103696334277,0.7652865998316369,0.7652865998316369,0.7652865998316369,0.7652865998316369,0.7652865998316369,0.7652865998316369,0.7652865998316369,0.5367720211219101,0.7652865998316369,0.7652865998316369,0.7652865998316369,0.6263870819621948,0.7652865998316369,0.6240912221627,0.5861330068110507,0.7652865998316369,0.45174867988061534,0.7652865998316369,0.7652865998316369,0.7652865998316369,0.5954695033289967,0.7652865998316369,0.48718144945282016,0.7652865998316369,0.606795745006505,0.7652865998316369,0.5011096655697559,0.6225606489630366,0.7652865998316369,0.6385551388995179,0.7652865998316369,0.5679191857350577,0.7652865998316369,0.7652865998316369,0.5564398867375833,0.7652865998316369,0.7652865998316369
hhm19,0.8254911672445104,0.6750041274558362,0.4396565956744262,0.8254911672445104,0.498349017665511,0.4437840515106488,0.5302129767211491,0.5886577513620603,0.8254911672445104,0.4809311540366518,0.6312530955918771,0.0910516757470695,0.6425623245831269,0.4109295030543173,0.4154697044741621,0.3411754994221562,0.7124814264487369,0.4962027406306752,0.2864454350338452,0.8254911672445104,0.6162291563480271,0.35727257718342414,0.8254911672445104,0.7030708271421495,0.4605415222057124,0.8254911672445104,0.8254911672445104,0.8254911672445104,0.5160970777612679,0.8254911672445104,0.5028066699686313,0.8254911672445104,0.6182103351494139,0.8254911672445104,0.6629519564140663,0.5520884926531285,0.5335149413901271,0.7004292554069671,0.5680204721809476,0.3756810302129767,0.4259534422981674,0.6609707776126795,0.39763909526168073,0.6181277860326895,0.6565131253095592,0.536239062242034,0.5364867095922073,0.8254911672445104,0.5647185075119696,0.6700511804523691,0.5394584777942876,0.8254911672445104,0.6233283803863299,0.6243189697870233,0.8254911672445104,0.37815750371471024,0.6328215288096417,0.5677728248307743,0.33845137857024926,0.8254911672445104,0.5548126135050355
A,0.8181818181818182,0.5909090909090909,0.45454545454545453,0.5,0.5,0.5,0.45454545454545453,0.5,0.5,0.6818181818181818,0.45454545454545453,0.4090909090909091,0.45454545454545453,0.5,0.45454545454545453,0.6363636363636364,0.7727272727272727,0.5454545454545454,0.5,0.5909090909090909,0.5909090909090909,0.5,0.9545454545454546,0.6818181818181818,0.45454545454545453,0.45454545454545453,0.5,0.5,0.45454545454545453,0.45454545454545453,0.45454545454545453,0.45454545454545453,0.5,0.5,0.5,0.7272727272727273,0.45454545454545453,0.45454545454545453,0.45454545454545453,0.5,0.45454545454545453,0.45454545454545453,0.6818181818181818,0.5454545454545454,0.5454545454545454,0.6363636363636364,0.8181818181818182,0.45454545454545453,0.6363636363636364,0.8181818181818182,0.45454545454545453,0.5454545454545454,0.5909090909090909,0.45454545454545453,0.9545454545454546,0.5454545454545454,0.8181818181818182,0.5454545454545454,0.45454545454545453,0.5,0.9090909090909091
R,0.47619047619047616,0.47619047619047616,0.5238095238095238,0.6666666666666666,0.5714285714285714,0.42857142857142855,0.3333333333333333,0.42857142857142855,0.42857142857142855,0.8571428571428571,0.3333333333333333,0.3333333333333333,0.38095238095238093,0.5714285714285714,0.2857142857142857,0.5238095238095238,0.6190476190476191,0.5238095238095238,0.6190476190476191,0.42857142857142855,0.47619047619047616,0.42857142857142855,0.38095238095238093,0.3333333333333333,0.5714285714285714,0.2857142857142857,0.38095238095238093,0.3333333333333333,0.3333333333333333,0.38095238095238093,0.3333333333333333,0.42857142857142855,0.38095238095238093,0.38095238095238093,0.42857142857142855,0.42857142857142855,0.42857142857142855,0.3333333333333333,0.42857142857142855,0.42857142857142855,0.42857142857142855,0.3333333333333333,0.42857142857142855,0.42857142857142855,0.5714285714285714,0.42857142857142855,0.42857142857142855,0.3333333333333333,0.8095238095238095,0.47619047619047616,0.6190476190476191,0.3333333333333333,0.42857142857142855,0.42857142857142855,0.38095238095238093,0.38095238095238093,0.5238095238095238,0.3333333333333333,0.3333333333333333,0.6666666666666666,0.42857142857142855
N,0.7142857142857143,0.5714285714285714,0.42857142857142855,0.42857142857142855,0.47619047619047616,0.3333333333333333,0.2857142857142857,0.42857142857142855,0.47619047619047616,0.5714285714285714,0.2857142857142857,0.3333333333333333,0.3333333333333333,0.38095238095238093,0.2857142857142857,0.5238095238095238,0.6190476190476191,0.42857142857142855,0.5238095238095238,0.38095238095238093,0.6666666666666666,0.42857142857142855,0.38095238095238093,0.47619047619047616,0.42857142857142855,0.2857142857142857,0.42857142857142855,0.42857142857142855,0.3333333333333333,0.2857142857142857,0.2857142857142857,0.42857142857142855,0.3333333333333333,0.5238095238095238,0.9523809523809523,0.5238095238095238,0.47619047619047616,0.2857142857142857,0.2857142857142857,0.6666666666666666,0.2857142857142857,0.2857142857142857,0.47619047619047616,0.6190476190476191,0.5714285714285714,0.5238095238095238,0.47619047619047616,0.2857142857142857,0.5714285714285714,0.5714285714285714,0.42857142857142855,0.3333333333333333,0.6190476190476191,0.47619047619047616,0.38095238095238093,0.3333333333333333,0.5714285714285714,0.3333333333333333,0.2857142857142857,0.47619047619047616,0.42857142857142855
D,0.5454545454545454,0.6818181818181818,0.45454545454545453,0.45454545454545453,0.45454545454545453,0.36363636363636365,0.3181818181818182,0.4090909090909091,0.6363636363636364,0.4090909090909091,0.3181818181818182,0.3181818181818182,0.36363636363636365,0.36363636363636365,0.3181818181818182,0.5454545454545454,0.5454545454545454,0.4090909090909091,0.5,0.4090909090909091,0.7272727272727273,0.36363636363636365,0.36363636363636365,0.45454545454545453,0.4090909090909091,0.3181818181818182,0.4090909090909091,0.4090909090909091,0.3181818181818182,0.3181818181818182,0.3181818181818182,0.5909090909090909,0.36363636363636365,0.9090909090909091,0.5454545454545454,0.45454545454545453,0.5909090909090909,0.3181818181818182,0.3181818181818182,0.45454545454545453,0.3181818181818182,0.3181818181818182,0.6818181818181818,0.7272727272727273,0.6818181818181818,0.7727272727272727,0.45454545454545453,0.3181818181818182,0.5454545454545454,0.5,0.4090909090909091,0.4090909090909091,0.8636363636363636,0.5454545454545454,0.4090909090909091,0.36363636363636365,0.6363636363636364,0.3181818181818182,0.3181818181818182,0.5,0.45454545454545453
C,0.48148148148148145,0.37037037037037035,0.3333333333333333,0.3333333333333333,0.3333333333333333,0.4074074074074074,0.4074074074074074,0.37037037037037035,0.2962962962962963,0.4444444444444444,0.4074074074074074,0.37037037037037035,0.3333333333333333,0.4074074074074074,0.4074074074074074,0.37037037037037035,0.5555555555555556,0.4444444444444444,0.37037037037037035,0.3333333333333333,0.4074074074074074,0.4074074074074074,0.5185185185185185,0.37037037037037035,0.3333333333333333,0.4074074074074074,0.4074074074074074,0.3333333333333333,0.37037037037037035,0.4074074074074074,0.4074074074074074,0.3333333333333333,0.4074074074074074,0.3333333333333333,0.37037037037037035,0.48148148148148145,0.2962962962962963,0.4074074074074074,0.4074074074074074,0.37037037037037035,0.4074074074074074,0.48148148148148145,0.3333333333333333,0.5185185185185185,0.4444444444444444,0.37037037037037035,0.5555555555555556,0.4074074074074074,0.5185185185185185,0.5185185185185185,0.3333333333333333,0.4444444444444444,0.37037037037037035,0.3333333333333333,0.4444444444444444,0.4444444444444444,0.4444444444444444,0.4444444444444444,0.4074074074074074,0.37037037037037035,0.48148148148148145
Q,0.42857142857142855,0.7619047619047619,0.9047619047619048,0.6190476190476191,0.9047619047619048,0.6190476190476191,0.2857142857142857,0.2857142857142857,0.5238095238095238,0.5714285714285714,0.2857142857142857,0.2857142857142857,0.3333333333333333,0.42857142857142855,0.2857142857142857,0.8095238095238095,0.6190476190476191,0.5714285714285714,0.7619047619047619,0.38095238095238093,0.5714285714285714,0.42857142857142855,0.3333333333333333,0.3333333333333333,0.42857142857142855,0.23809523809523808,0.3333333333333333,0.2857142857142857,0.3333333333333333,0.3333333333333333,0.3333333333333333,0.47619047619047616,0.38095238095238093,0.38095238095238093,0.5714285714285714,0.47619047619047616,0.6666666666666666,0.2857142857142857,0.2857142857142857,0.42857142857142855,0.3333333333333333,0.2857142857142857,0.5714285714285714,0.42857142857142855,0.5238095238095238,0.5238095238095238,0.47619047619047616,0.2857142857142857,0.5714285714285714,0.5714285714285714,0.47619047619047616,0.2857142857142857,0.5714285714285714,0.47619047619047616,0.38095238095238093,0.3333333333333333,0.5714285714285714,0.2857142857142857,0.2857142857142857,0.8095238095238095,0.42857142857142855
E,0.5,0.85,0.6,0.5,0.55,0.4,0.35,0.35,0.95,0.5,0.3,0.3,0.4,0.45,0.3,0.65,0.65,0.45,0.65,0.45,0.8,0.35,0.4,0.5,0.5,0.3,0.4,0.35,0.35,0.35,0.35,0.95,0.35,0.65,0.45,0.5,0.95,0.3,0.35,0.45,0.35,0.35,0.95,0.5,0.7,0.9,0.5,0.3,0.55,0.6,0.5,0.35,0.8,0.95,0.45,0.35,0.7,0.35,0.35,0.65,0.45
G,0.7727272727272727,0.45454545454545453,0.4090909090909091,0.45454545454545453,0.4090909090909091,0.4090909090909091,0.36363636363636365,0.9545454545454546,0.4090909090909091,0.5,0.36363636363636365,0.36363636363636365,0.4090909090909091,0.4090909090909091,0.36363636363636365,0.5,0.5909090909090909,0.45454545454545453,0.45454545454545453,0.45454545454545453,0.5454545454545454,0.36363636363636365,0.5454545454545454,0.9545454545454546,0.4090909090909091,0.3181818181818182,0.4090909090909091,0.9545454545454546,0.36363636363636365,0.36363636363636365,0.36363636363636365,0.45454545454545453,0.4090909090909091,0.5454545454545454,0.5,0.6363636363636364,0.4090909090909091,0.36363636363636365,0.36363636363636365,0.5454545454545454,0.36363636363636365,0.36363636363636365,0.5,0.5,0.5454545454545454,0.5454545454545454,0.5,0.36363636363636365,0.5454545454545454,0.5909090909090909,0.4090909090909091,0.36363636363636365,0.5,0.4090909090909091,0.5454545454545454,0.4090909090909091,0.5909090909090909,0.36363636363636365,0.36363636363636365,0.45454545454545453,0.5454545454545454
H,0.4166666666666667,0.5,0.6666666666666666,0.375,0.4583333333333333,0.375,0.2916666666666667,0.2916666666666667,0.375,0.5416666666666666,0.2916666666666667,0.4166666666666667,0.375,0.4166666666666667,0.25,0.7083333333333334,0.4583333333333333,0.5833333333333334,0.8333333333333334,0.4583333333333333,0.5,0.5,0.3333333333333333,0.375,0.3333333333333333,0.25,0.2916666666666667,0.4166666666666667,0.2916666666666667,0.2916666666666667,0.2916666666666667,0.4583333333333333,0.2916666666666667,0.375,0.4166666666666667,0.375,0.375,0.25,0.2916666666666667,0.875,0.2916666666666667,0.2916666666666667,0.375,0.5833333333333334,0.5416666666666666,0.4166666666666667,0.375,0.25,0.6666666666666666,0.4166666666666667,0.3333333333333333,0.25,0.4166666666666667,0.375,0.3333333333333333,0.2916666666666667,0.4166666666666667,0.25,0.2916666666666667,0.5416666666666666,0.375
I,0.5,0.4166666666666667,0.375,0.4166666666666667,0.4583333333333333,0.75,0.7083333333333334,0.3333333333333333,0.375,0.5,0.7083333333333334,0.4583333333333333,0.4166666666666667,0.625,0.9166666666666666,0.4583333333333333,0.5,0.7083333333333334,0.4166666666666667,0.375,0.4583333333333333,0.5833333333333334,0.4583333333333333,0.375,0.375,0.9583333333333334,0.5416666666666666,0.3333333333333333,0.5833333333333334,0.625,0.625,0.375,0.8333333333333334,0.375,0.4583333333333333,0.4583333333333333,0.375,0.6666666666666666,0.6666666666666666,0.5416666666666666,0.5833333333333334,0.7083333333333334,0.4166666666666667,0.4166666666666667,0.4166666666666667,0.4166666666666667,0.4583333333333333,0.5833333333333334,0.4583333333333333,0.5,0.375,0.7083333333333334,0.4166666666666667,0.375,0.4583333333333333,0.7083333333333334,0.5,0.7083333333333334,0.7083333333333334,0.5,0.5
L,0.5454545454545454,0.5,0.45454545454545453,0.45454545454545453,0.45454545454545453,0.6818181818181818,0.9545454545454546,0.36363636363636365,0.4090909090909091,0.5454545454545454,0.9545454545454546,0.5454545454545454,0.5,0.9090909090909091,0.6363636363636364,0.5,0.5454545454545454,0.7727272727272727,0.45454545454545453,0.4090909090909091,0.5,0.9090909090909091,0.5,0.4090909090909091,0.4090909090909091,0.6363636363636364,0.5,0.36363636363636365,0.6363636363636364,0.9545454545454546,0.9545454545454546,0.4090909090909091,0.7727272727272727,0.4090909090909091,0.5454545454545454,0.5909090909090909,0.4090909090909091,0.9545454545454546,0.9545454545454546,0.7272727272727273,0.9090909090909091,0.9545454545454546,0.45454545454545453,0.45454545454545453,0.45454545454545453,0.45454545454545453,0.5909090909090909,0.9545454545454546,0.5454545454545454,0.5454545454545454,0.45454545454545453,0.6363636363636364,0.45454545454545453,0.4090909090909091,0.5,0.7727272727272727,0.5454545454545454,0.6818181818181818,0.9545454545454546,0.6363636363636364,0.5
K,0.5,0.5454545454545454,0.5,0.9090909090909091,0.5454545454545454,0.4090909090909091,0.36363636363636365,0.4090909090909091,0.5454545454545454,0.5909090909090909,0.36363636363636365,0.36363636363636365,0.4090909090909091,0.7272727272727273,0.36363636363636365,0.5454545454545454,0.6363636363636364,0.5,0.5909090909090909,0.45454545454545453,0.5454545454545454,0.4090909090909091,0.4090909090909091,0.4090909090909091,0.9545454545454546,0.3181818181818182,0.5,0.4090909090909091,0.45454545454545453,0.36363636363636365,0.36363636363636365,0.5,0.4090909090909091,0.45454545454545453,0.5,0.5,0.5,0.36363636363636365,0.36363636363636365,0.45454545454545453,0.36363636363636365,0.36363636363636365,0.5,0.45454545454545453,0.5454545454545454,0.5,0.5,0.36363636363636365,0.7272727272727273,0.5,0.9545454545454546,0.36363636363636365,0.5454545454545454,0.5909090909090909,0.45454545454545453,0.4090909090909091,0.5454545454545454,0.36363636363636365,0.36363636363636365,0.6818181818181818,0.5
M,0.46153846153846156,0.4230769230769231,0.4230769230769231,0.38461538461538464,0.46153846153846156,0.8846153846153846,0.5384615384615384,0.3076923076923077,0.34615384615384615,0.46153846153846156,0.5384615384615384,0.4230769230769231,0.5384615384615384,0.5384615384615384,0.5,0.5,0.46153846153846156,0.7692307692307693,0.38461538461538464,0.34615384615384615,0.4230769230769231,0.6153846153846154,0.38461538461538464,0.34615384615384615,0.34615384615384615,0.46153846153846156,0.5,0.3076923076923077,0.9615384615384616,0.5769230769230769,0.5384615384615384,0.34615384615384615,0.8461538461538461,0.5384615384615384,0.38461538461538464,0.46153846153846156,0.34615384615384615,0.5384615384615384,0.5384615384615384,0.6153846153846154,0.8461538461538461,0.5769230769230769,0.38461538461538464,0.38461538461538464,0.38461538461538464,0.38461538461538464,0.4230769230769231,0.6153846153846154,0.4230769230769231,0.46153846153846156,0.38461538461538464,0.5384615384615384,0.4230769230769231,0.34615384615384615,0.4230769230769231,0.6923076923076923,0.46153846153846156,0.5769230769230769,0.5384615384615384,0.5384615384615384,0.4230769230769231
F,0.43478260869565216,0.34782608695652173,0.30434782608695654,0.30434782608695654,0.30434782608695654,0.43478260869565216,0.5217391304347826,0.30434782608695654,0.30434782608695654,0.391304347826087,0.4782608695652174,0.8695652173913043,0.30434782608695654,0.5217391304347826,0.43478260869565216,0.4782608695652174,0.391304347826087,0.5217391304347826,0.4782608695652174,0.34782608695652173,0.43478260869565216,0.6521739130434783,0.34782608695652173,0.30434782608695654,0.30434782608695654,0.43478260869565216,0.34782608695652173,0.30434782608695654,0.43478260869565216,0.4782608695652174,0.4782608695652174,0.30434782608695654,0.4782608695652174,0.30434782608695654,0.30434782608695654,0.43478260869565216,0.30434782608695654,0.4782608695652174,0.5217391304347826,0.43478260869565216,0.4782608695652174,0.4782608695652174,0.30434782608695654,0.5217391304347826,0.34782608695652173,0.30434782608695654,0.43478260869565216,0.4782608695652174,0.391304347826087,0.43478260869565216,0.30434782608695654,0.43478260869565216,0.34782608695652173,0.30434782608695654,0.34782608695652173,0.5652173913043478,0.391304347826087,0.43478260869565216,0.4782608695652174,0.391304347826087,0.391304347826087
P,0.5217391304347826,0.4782608695652174,0.43478260869565216,0.4782608695652174,0.43478260869565216,0.391304347826087,0.391304347826087,0.391304347826087,0.43478260869565216,0.43478260869565216,0.34782608695652173,0.34782608695652173,0.9565217391304348,0.4782608695652174,0.391304347826087,0.4782608695652174,0.5652173913043478,0.43478260869565216,0.43478260869565216,0.9565217391304348,0.4782608695652174,0.43478260869565216,0.4782608695652174,0.5217391304347826,0.43478260869565216,0.34782608695652173,0.4782608695652174,0.391304347826087,0.391304347826087,0.391304347826087,0.391304347826087,0.43478260869565216,0.391304347826087,0.5217391304347826,0.6956521739130435,0.5217391304347826,0.43478260869565216,0.34782608695652173,0.391304347826087,0.4782608695652174,0.391304347826087,0.391304347826087,0.43478260869565216,0.43478260869565216,0.8695652173913043,0.4782608695652174,0.5217391304347826,0.5217391304347826,0.5217391304347826,0.4782608695652174,0.43478260869565216,0.391304347826087,0.4782608695652174,0.43478260869565216,0.4782608695652174,0.391304347826087,0.4782608695652174,0.391304347826087,0.391304347826087,0.4782608695652174,0.4782608695652174
S,0.6190476190476191,0.6190476190476191,0.47619047619047616,0.5238095238095238,0.47619047619047616,0.47619047619047616,0.42857142857142855,0.5238095238095238,0.47619047619047616,0.5714285714285714,0.38095238095238093,0.38095238095238093,0.5238095238095238,0.47619047619047616,0.38095238095238093,0.5714285714285714,0.6190476190476191,0.5714285714285714,0.47619047619047616,0.6190476190476191,0.6190476190476191,0.42857142857142855,0.6190476190476191,0.6190476190476191,0.47619047619047616,0.38095238095238093,0.5238095238095238,0.5238095238095238,0.38095238095238093,0.38095238095238093,0.38095238095238093,0.47619047619047616,0.42857142857142855,0.6190476190476191,0.6190476190476191,0.8571428571428571,0.47619047619047616,0.38095238095238093,0.38095238095238093,0.47619047619047616,0.38095238095238093,0.38095238095238093,0.5714285714285714,0.9047619047619048,0.5238095238095238,0.5714285714285714,0.8571428571428571,0.38095238095238093,0.5714285714285714,0.7619047619047619,0.47619047619047616,0.42857142857142855,0.5714285714285714,0.47619047619047616,0.5714285714285714,0.47619047619047616,0.6666666666666666,0.42857142857142855,0.38095238095238093,0.5238095238095238,0.7142857142857143
T,0.5652173913043478,0.5652173913043478,0.43478260869565216,0.4782608695652174,0.5652173913043478,0.5652173913043478,0.4782608695652174,0.43478260869565216,0.43478260869565216,0.5217391304347826,0.43478260869565216,0.391304347826087,0.4782608695652174,0.4782608695652174,0.4782608695652174,0.4782608695652174,0.6521739130434783,0.6086956521739131,0.43478260869565216,0.5217391304347826,0.6956521739130435,0.4782608695652174,0.5652173913043478,0.4782608695652174,0.43478260869565216,0.43478260869565216,0.9565217391304348,0.43478260869565216,0.5217391304347826,0.43478260869565216,0.5217391304347826,0.43478260869565216,0.5652173913043478,0.5217391304347826,0.5217391304347826,0.6956521739130435,0.43478260869565216,0.43478260869565216,0.43478260869565216,0.5217391304347826,0.4782608695652174,0.5652173913043478,0.5217391304347826,0.5652173913043478,0.4782608695652174,0.5217391304347826,0.5652173913043478,0.43478260869565216,0.5217391304347826,0.6086956521739131,0.4782608695652174,0.5217391304347826,0.5217391304347826,0.43478260869565216,0.5652173913043478,0.5217391304347826,0.6086956521739131,0.4782608695652174,0.4782608695652174,0.4782608695652174,0.5652173913043478
W,0.37037037037037035,0.3333333333333333,0.3333333333333333,0.2962962962962963,0.3333333333333333,0.37037037037037035,0.37037037037037035,0.3333333333333333,0.2962962962962963,0.6296296296296297,0.37037037037037035,0.48148148148148145,0.25925925925925924,0.37037037037037035,0.3333333333333333,0.37037037037037035,0.37037037037037035,0.5185185185185185,0.37037037037037035,0.25925925925925924,0.3333333333333333,0.4444444444444444,0.3333333333333333,0.3333333333333333,0.2962962962962963,0.2962962962962963,0.2962962962962963,0.2962962962962963,0.3333333333333333,0.37037037037037035,0.37037037037037035,0.2962962962962963,0.37037037037037035,0.25925925925925924,0.2962962962962963,0.3333333333333333,0.2962962962962963,0.37037037037037035,0.37037037037037035,0.3333333333333333,0.37037037037037035,0.37037037037037035,0.2962962962962963,0.3333333333333333,0.2962962962962963,0.3333333333333333,0.3333333333333333,0.37037037037037035,0.3333333333333333,0.37037037037037035,0.2962962962962963,0.3333333333333333,0.3333333333333333,0.2962962962962963,0.3333333333333333,0.37037037037037035,0.37037037037037035,0.3333333333333333,0.37037037037037035,0.37037037037037035,0.3333333333333333
Y,0.4090909090909091,0.36363636363636365,0.45454545454545453,0.36363636363636365,0.36363636363636365,0.36363636363636365,0.4090909090909091,0.2727272727272727,0.3181818181818182,0.4090909090909091,0.36363636363636365,0.9090909090909091,0.2727272727272727,0.4090909090909091,0.36363636363636365,0.6363636363636364,0.4090909090909091,0.5,0.6818181818181818,0.2727272727272727,0.36363636363636365,0.5454545454545454,0.3181818181818182,0.3181818181818182,0.3181818181818182,0.36363636363636365,0.3181818181818182,0.2727272727272727,0.36363636363636365,0.4090909090909091,0.4090909090909091,0.3181818181818182,0.36363636363636365,0.2727272727272727,0.3181818181818182,0.45454545454545453,0.3181818181818182,0.36363636363636365,0.36363636363636365,0.5454545454545454,0.36363636363636365,0.4090909090909091,0.3181818181818182,0.36363636363636365,0.36363636363636365,0.3181818181818182,0.36363636363636365,0.36363636363636365,0.4090909090909091,0.45454545454545453,0.3181818181818182,0.36363636363636365,0.36363636363636365,0.3181818181818182,0.36363636363636365,0.45454545454545453,0.4090909090909091,0.36363636363636365,0.5,0.4090909090909091,0.36363636363636365
V,0.5652173913043478,0.4782608695652174,0.43478260869565216,0.43478260869565216,0.43478260869565216,0.6086956521739131,0.6086956521739131,0.391304347826087,0.43478260869565216,0.5652173913043478,0.6086956521739131,0.4782608695652174,0.4782608695652174,0.6086956521739131,0.8260869565217391,0.5217391304347826,0.6086956521739131,0.6521739130434783,0.43478260869565216,0.43478260869565216,0.5217391304347826,0.6086956521739131,0.5652173913043478,0.43478260869565216,0.391304347826087,0.7391304347826086,0.5217391304347826,0.391304347826087,0.5217391304347826,0.6521739130434783,0.5652173913043478,0.43478260869565216,0.6086956521739131,0.43478260869565216,0.43478260869565216,0.5652173913043478,0.391304347826087,0.6956521739130435,0.6521739130434783,0.5217391304347826,0.6086956521739131,0.6521739130434783,0.4782608695652174,0.4782608695652174,0.43478260869565216,0.5217391304347826,0.5217391304347826,0.6086956521739131,0.5217391304347826,0.5652173913043478,0.43478260869565216,0.9565217391304348,0.4782608695652174,0.43478260869565216,0.6086956521739131,0.8695652173913043,0.5652173913043478,0.9565217391304348,0.6086956521739131,0.5652173913043478,0.5652173913043478
