,P,W,C,P.1,H,L,V,A,V.1,C.1,P.2,I,P.3,A.1,A.2,G,L.1,D,V.2,T,Q,P.4,C.2,G.1,D.1,C.3,G.2,T.1,I.1,Q.1,E,N,W.1,V.3,C.4,L.2,S,C.5,Y,Q.2,V.4,Y.1,C.6,G.3,R,Y.2,I.2,N.1,G.4,H.1,M,L.3,Q.3,H.2,H.3,G.5,N.2,S.1,G.6,H.4,P.5,L.4,V.5,L.5,S.2,Y.3,I.3,D.2,L.6,S.3,A.3,W.2,C.7,Y.4,Y.5,C.8,Q.4,A.4,Y.6,V.6,H.5,H.6,Q.5,A.5,L.7
ASA,0.5246153846153847,0.7076923076923077,0.13846153846153847,0.47692307692307695,0.3092307692307692,0.10256410256410256,0.457948717948718,0.34102564102564104,0.14358974358974358,0.2594871794871795,0.4015384615384616,0.19230769230769232,0.2876923076923077,0.3984615384615385,0.32871794871794874,0.2605128205128205,0.17794871794871792,0.40974358974358976,0.21384615384615382,0.5220512820512822,0.3584615384615385,0.3194871794871795,0.07692307692307693,0.23384615384615384,0.38974358974358975,0.21384615384615382,0.2651282051282051,0.3,0.5517948717948719,0.49230769230769234,0.42512820512820515,0.1323076923076923,0.1794871794871795,0.02102564102564103,0.07538461538461538,0.06666666666666667,0.15692307692307692,0.12307692307692308,0.5666666666666667,0.41589743589743594,0.05897435897435897,0.19589743589743588,0.13435897435897434,0.07794871794871795,0.49282051282051287,0.5348717948717949,0.46871794871794875,0.4205128205128205,0.1764102564102564,0.2517948717948718,0.10205128205128204,0.3492307692307693,0.4753846153846154,0.1671794871794872,0.18153846153846154,0.23435897435897435,0.5497435897435897,0.22256410256410256,0.2276923076923077,0.14102564102564102,0.09076923076923077,0.029743589743589746,0.03384615384615385,0.024102564102564103,0.10307692307692307,0.10615384615384615,0.4512820512820513,0.3676923076923077,0.19692307692307692,0.08461538461538462,0.019487179487179485,0.15897435897435896,0.08769230769230768,0.20410256410256408,0.5651282051282052,0.29948717948717946,0.5728205128205128,0.17846153846153845,0.4394871794871795,0.08717948717948718,0.4297435897435898,0.23076923076923078,0.6338461538461538,0.3343589743589744,0.3158974358974359
HSE_alpha_up,0.11290322580645161,0.267741935483871,0.6096774193548388,0.11612903225806451,0.4032258064516129,0.7,0.2225806451612903,0.16129032258064516,0.6967741935483871,0.3258064516129033,0.23225806451612904,0.6419354838709678,0.2935483870967742,0.16129032258064516,0.25806451612903225,0.132258064516129,0.6322580645161291,0.17096774193548386,0.6258064516129033,0.07741935483870968,0.3419354838709678,0.33225806451612905,0.7193548387096774,0.18064516129032257,0.23548387096774193,0.432258064516129,0.132258064516129,0.27419354838709675,0.2161290322580645,0.2225806451612903,0.37419354838709684,0.6419354838709678,0.6322580645161291,0.8129032258064516,0.667741935483871,0.7548387096774194,0.4870967741935484,0.6000000000000001,0.3612903225806452,0.2903225806451613,0.7645161290322581,0.6290322580645161,0.6000000000000001,0.535483870967742,0.37419354838709684,0.3225806451612903,0.2709677419354839,0.27419354838709675,0.3419354838709678,0.4612903225806452,0.7,0.3612903225806452,0.16451612903225804,0.5193548387096775,0.5741935483870968,0.16129032258064516,0.08387096774193548,0.3580645161290323,0.2129032258064516,0.6193548387096774,0.6451612903225806,0.8,0.7387096774193549,0.8096774193548387,0.4741935483870968,0.7548387096774194,0.2870967741935484,0.24193548387096775,0.5935483870967743,0.5096774193548387,0.8,0.5903225806451613,0.635483870967742,0.5387096774193548,0.31290322580645163,0.2774193548387097,0.23225806451612904,0.3645161290322581,0.3612903225806452,0.6903225806451614,0.2838709677419355,0.5451612903225808,0.1193548387096774,0.17419354838709675,0.42903225806451617
HSE_alpha_down,0.37785016286644957,0.3973941368078176,0.20846905537459282,0.5342019543973942,0.39087947882736157,0.3485342019543974,0.5179153094462541,0.5342019543973942,0.23778501628664495,0.511400651465798,0.5732899022801302,0.2703583061889251,0.4364820846905537,0.4104234527687297,0.32899022801302935,0.4527687296416938,0.254071661237785,0.6482084690553745,0.30293159609120524,0.5309446254071661,0.4234527687296417,0.6091205211726384,0.30293159609120524,0.5276872964169381,0.4657980456026059,0.30944625407166126,0.45928338762214976,0.37133550488599343,0.4364820846905537,0.45602605863192186,0.5211726384364821,0.5309446254071661,0.7654723127035831,0.742671009771987,0.768729641693811,0.6710097719869706,0.6807817589576547,0.45602605863192186,0.6221498371335504,0.6612377850162867,0.4918566775244299,0.7068403908794788,0.6482084690553745,0.5635179153094463,0.5146579804560261,0.44625407166123776,0.4429967426710097,0.4429967426710097,0.45928338762214976,0.46254071661237783,0.43322475570032576,0.5570032573289901,0.6156351791530944,0.44951140065146583,0.3973941368078176,0.4788273615635179,0.501628664495114,0.35504885993485336,0.5863192182410424,0.501628664495114,0.739413680781759,0.739413680781759,0.8208469055374593,0.7133550488599348,0.7980456026058632,0.4788273615635179,0.5667752442996742,0.5667752442996742,0.5081433224755699,0.768729641693811,0.6286644951140066,0.7980456026058632,0.6482084690553745,0.46905537459283386,0.501628664495114,0.3876221498371335,0.495114006514658,0.4397394136807818,0.6156351791530944,0.4234527687296417,0.6221498371335504,0.32247557003257327,0.4006514657980456,0.36482084690553745,0.2801302931596092
P(C),0.991,0.988,0.996,0.133,0.127,0.052000000000000005,0.136,0.354,0.941,0.9420000000000001,0.932,0.9670000000000001,0.899,0.746,0.77,0.924,0.9390000000000001,0.9640000000000001,0.977,0.975,0.9690000000000001,0.772,0.946,0.9420000000000001,0.9329999999999999,0.96,0.983,0.9690000000000001,0.95,0.9079999999999999,0.7929999999999999,0.633,0.307,0.21,0.314,0.475,0.564,0.857,0.905,0.848,0.623,0.6990000000000001,0.7120000000000001,0.596,0.5720000000000001,0.59,0.665,0.737,0.633,0.382,0.068,0.043,0.035,0.066,0.19399999999999998,0.377,0.475,0.629,0.987,0.948,0.856,0.10800000000000001,0.006,0.008,0.066,0.6,0.9079999999999999,0.929,0.785,0.068,0.015,0.02,0.129,0.6920000000000001,0.951,0.9570000000000001,0.9670000000000001,0.96,0.071,0.017,0.043,0.507,0.9279999999999999,0.976,0.995
P(H),0.004,0.002,0.004,0.867,0.873,0.948,0.8640000000000001,0.644,0.02,0.002,0.008,0.01,0.08800000000000001,0.231,0.20600000000000002,0.051,0.003,0.002,0.013999999999999999,0.013000000000000001,0.002,0.006,0.006999999999999999,0.038,0.043,0.026000000000000002,0.006,0.001,0.022000000000000002,0.036000000000000004,0.062,0.065,0.025,0.008,0.02,0.075,0.051,0.035,0.063,0.039,0.046,0.053,0.096,0.192,0.225,0.22899999999999998,0.282,0.254,0.361,0.613,0.932,0.9570000000000001,0.965,0.934,0.805,0.62,0.521,0.358,0.006999999999999999,0.001,0.004,0.0,0.0,0.0,0.0,0.015,0.009000000000000001,0.004,0.005,0.0,0.0,0.0,0.002,0.047,0.028999999999999998,0.028999999999999998,0.021,0.002,0.0,0.0,0.0,0.009000000000000001,0.035,0.018000000000000002,0.004
P(E),0.005,0.01,0.0,0.0,0.0,0.0,0.0,0.002,0.039,0.055999999999999994,0.061,0.023,0.013000000000000001,0.023,0.024,0.025,0.057,0.034,0.009000000000000001,0.012,0.028999999999999998,0.222,0.047,0.02,0.024,0.013999999999999999,0.011000000000000001,0.03,0.027999999999999997,0.055999999999999994,0.14400000000000002,0.302,0.6679999999999999,0.7809999999999999,0.6659999999999999,0.45,0.386,0.109,0.032,0.113,0.33,0.248,0.192,0.212,0.203,0.182,0.053,0.009000000000000001,0.005,0.005,0.0,0.0,0.0,0.0,0.001,0.002,0.004,0.013999999999999999,0.006,0.051,0.14,0.892,0.9940000000000001,0.992,0.934,0.385,0.084,0.067,0.21,0.9309999999999999,0.985,0.98,0.8690000000000001,0.261,0.02,0.013000000000000001,0.012,0.038,0.929,0.983,0.9570000000000001,0.484,0.037000000000000005,0.006,0.001
cosPhi,0.6800004754578253,0.5174513245965237,0.478191762971263,0.7041673752050037,0.6167245605764888,0.7065543671977683,0.6445178617839229,0.5087277528904229,0.5401011074048164,0.31027286537973464,0.6718318938077102,0.5043648041306795,0.6636109709621165,0.6808143589180741,0.5782189938741069,0.5764946742434378,0.46512317997272834,0.4991288562489504,0.6386592721166093,0.5392311904543937,0.4816796129252406,0.6652592228500334,0.6243468454497475,0.6378206208192447,0.5954063113977738,0.43733471541422103,0.6243468454497475,0.43646902525865766,0.490402772650911,0.39092957014008944,0.5104727649290648,0.36302149647937676,0.2998263970440597,0.25075689397148965,0.4451342004094164,0.4869130090664023,0.43214353016598256,0.30785327644385346,0.6536803001219457,0.4011725518506724,0.37819364614954565,0.07551438621517056,0.4625120454776647,0.07597618335824143,0.4607718557259904,0.4260965923983223,0.5945495325945523,0.5721798434581925,0.6710121156805522,0.6693709991412417,0.7184030825625629,0.7113112976462711,0.6889224919850222,0.6751057471173533,0.6378206208192447,0.6856860064920174,0.5894029029802669,0.400317252226248,0.6310965117483908,0.41833829320920957,0.6294114398462015,0.24698387029454705,0.21036005462138052,0.2117844870468883,0.36134377406377466,0.4851683558632712,0.6511869290020291,0.3756562007306366,0.16738533255718302,0.15267127983334247,0.1596400518114541,0.16608422818545346,0.4382005964637488,0.515706950470675,0.6660825949434058,0.44686932557231057,0.7339671429197893,0.49825619206600325,0.30865922404626467,0.2447292865314783,0.39860756654859514,0.3571569042585549,0.6627860961884333,0.6268808818788314,0.4407993585970188
cosPsi,0.39092837930172886,0.9605927027828606,0.17197048550474642,0.945898764802607,0.9658456137927744,0.9055319094946633,0.9605927027828606,0.996057350657239,0.15455879446157106,0.17328969800494726,0.11641742409235029,0.17328969800494726,0.06269014643030213,0.9701440635052095,0.9961659689427445,0.998657238612229,0.13372855060631067,0.3454915028125264,0.9757972019397191,0.9990133642141358,0.13432314919041477,0.1076118147334586,0.1596395655205411,0.9538887392664543,0.9343157572190957,0.998900734146025,0.990135587310861,0.10869592157379304,0.9980205327053848,0.09859126240444271,0.1686899758921312,0.16673376487527364,0.14768289501820264,0.13911988595081892,0.2153602382845779,0.9616051085564904,0.9599107486608688,0.08209631931586497,0.9626048591928911,0.992703949241745,0.17395079808480396,0.39946103942701777,0.4503401251281805,0.008372546218022803,0.9849360076423734,0.37396532087844325,0.9881480035599667,0.985774559998823,0.996273075820661,0.9202833017478422,0.8835825759076499,0.8923881852665416,0.8940053768033609,0.8940053768033609,0.9330127018922194,0.9159770610652412,0.9493970231495834,0.9932860808034847,0.9813458732132394,0.11810198568267888,0.1361136211713948,0.12093283190117388,0.1097847963308351,0.11585823820323843,0.18398534866757477,0.9892544925508893,0.9188593583102194,0.9942469434043417,0.7605048159202881,0.05609230743179938,0.09395823655409685,0.07505365350656812,0.19839600612735875,0.19216926233717085,0.9343157572190957,0.9999878153526973,0.9435054165891108,0.08793690568899215,0.1203643463325596,0.1415446961747585,0.2621878954648623,0.3273509005007327,0.9567727288213004,0.9571269776171318,0.9990673992109333
cosTheta,0.6792509187234953,0.6456571247782182,0.45663119371974764,0.86322004664864,0.8377281783760793,0.8559324335465859,0.8577540506726897,0.7706378591289966,0.46154188789838096,0.3955772822968696,0.5383371526776111,0.4746983669653747,0.5062894322589223,0.7670267805113433,0.6988241342788466,0.6509421807736269,0.4178157731920731,0.5949797519100501,0.8213660328329033,0.8340902155652593,0.40824738457686954,0.5146801987833775,0.5315540545558494,0.7977765356277687,0.7796735065115366,0.7256457903291439,0.7887199616519883,0.39873529014946446,0.6828032523949645,0.39242568378603776,0.4896034168316971,0.42262075015758943,0.3535870578560153,0.3128579497890072,0.4763491054785088,0.6474179767125922,0.5863232358145174,0.31880876024340016,0.8050286169205682,0.6368655805449582,0.4146201200552919,0.5214151541315819,0.5587971963581544,0.3520555171699238,0.6176014480908367,0.5298612374399017,0.6970412495511782,0.7310268266039628,0.6615344077974635,0.7995890040031358,0.8541110164355151,0.8650424083394216,0.86322004664864,0.8340902155652593,0.7995890040031358,0.8322716312149072,0.8122863794219237,0.6881371948361149,0.7923414155881822,0.3674482235349926,0.5349432480110041,0.29664706856542894,0.26492221648359954,0.26492221648359954,0.4178157731920731,0.6757015379200512,0.7869098390601198,0.6228444885907569,0.5725261904033072,0.19386605707492474,0.21243079363085038,0.21243079363085038,0.4582666820675085,0.5434367527222953,0.7796735065115366,0.7400067574389942,0.8395475457546818,0.425831676054015,0.3383502801029132,0.3128579497890072,0.501270112515095,0.5046150537900882,0.8286352843229204,0.8377281783760793,0.6828032523949645
cosTau,0.4003160327914015,0.8240599505315654,0.38667434628157255,0.08744325086085247,0.77085410514137,0.7168295422937722,0.7642191673611736,0.7967094433018507,0.402882824390014,0.02108875257734255,0.35882927157856176,0.14768289501820264,0.36385987647971285,0.3613426733488112,0.6897280797645026,0.7522638119075096,0.05569138367252563,0.1609201650659648,0.01636612361206158,0.7262173546558913,0.4546837099011099,0.32489630937026637,0.34052034535096504,0.08114064168978063,0.8267103019950527,0.8885729807284855,0.33145237078845896,0.21968050271837924,0.0289712736063516,0.4217827674798846,0.28317045770622784,0.044658169596911546,0.041818635218880185,0.02059013256590353,0.1076118147334586,0.028679254453910785,0.4037390167370464,0.24098649531343497,0.18669809431776974,0.8638863788286053,0.22112744551015495,0.10226325957255222,0.05811718495565327,0.017721290771101017,0.041818635218880185,0.5618007383702464,0.8620859307187337,0.900887822121877,0.4148952504169837,0.5505281485914731,0.7875026260216393,0.7931861783678946,0.8160146513324255,0.8286876228970479,0.8200548497424778,0.768649804173412,0.8626871855061438,0.9221639627510075,0.28553243329842715,0.11363321325132447,0.2387507176420256,0.04043233037238281,0.011663860832915984,0.013815039801161721,0.0723178699197467,0.021593207971196293,0.547922876260112,0.9244858438145708,0.2269490194927855,0.012814967607382377,0.018891003235357418,0.005111884546105505,0.14337477542290927,0.07459444528797438,0.7917706056780588,0.8972073102677091,0.32653217421337216,0.10599462319663905,0.14276366018359843,0.02108875257734255,0.05609230743179938,0.007001981464747509,0.017721290771101017,0.7824835017124689,0.9039949419490152
sinPhi,0.03352323258725548,0.00030458649045211894,0.0004758892090711009,0.043582911383478584,0.013815039801161721,0.044658169596911546,0.02134025123396638,7.615242180442072e-05,0.0016105607718763792,0.037395140807108984,0.0304528739526454,1.903846791440067e-05,0.027525543921234574,0.033838099392243914,0.006155829702431115,0.9941141907232764,0.0012179748700879012,7.615433562091489e-07,0.019610422921202908,0.0015413331334360736,0.00033580311067188395,0.028099524208385296,0.015708419435684406,0.01936915203084061,0.009186408276167957,0.0039426493427611176,0.9842915805643155,0.004052778704985216,9.21439391778911e-05,0.012041619030626283,0.00010965826257719469,0.01912934522539439,0.041818635218880185,0.06655162553219857,0.003019522272410202,0.00017133751222142557,0.0046260797642782014,0.03839489144350955,0.024202798060280917,0.009864412689139013,0.015063992357626621,0.23578083263882638,0.0014074332374421905,0.23504036788339755,0.0015413331334360736,0.0054920683190415875,0.009020643651778182,0.005237105465515202,0.9698463103929542,0.029559615522887217,0.05022111052240985,0.046846106481674976,0.03706470759500258,0.031663905375801216,0.01936915203084061,0.03575708655954318,0.008057481033229175,0.010037647689585205,0.9825082472361557,0.006713919196515317,0.01703708685546579,0.06874316539637132,0.0924361021357229,0.0914275508324357,0.019610422921202908,0.00022006994030798754,0.023404666103526484,0.015708419435684406,0.12668090885730432,0.14033009983067446,0.13372855060631061,0.12784422688442304,0.0038340310572556047,0.0002467198171342,0.02838867102619952,0.0028310279333976784,0.9418828150443468,3.046171104803541e-06,0.038060233744356575,0.07007386420156325,0.010388594689117181,0.020838712767433376,0.027240712200341577,0.01636612361206158,0.003517245946731584
sinPsi,0.9879583809693737,0.6945619750701031,0.8773547901113861,0.2737826453441087,0.31837438476351076,0.2075211625063923,0.3054380249298969,0.43733338321784787,0.8614835729547843,0.8784975278258782,0.820724815784579,0.8784975278258782,0.7424048101231686,0.32981022489347495,0.5618007383702464,0.5366190985638158,0.840360434479459,0.9755282581475768,0.3463216911000965,0.4686047402353433,0.8409991800312493,0.8098895158975702,0.8662714493936894,0.2902739587769114,0.25227066578379626,0.46686304979999993,0.5988286701895631,0.8112573183188099,0.5444471484332207,0.7981124374828079,0.874477860394501,0.8727379998414311,0.8547853682682605,0.8460715869352033,0.9110720205153687,0.6921476613299019,0.6961685583017807,0.774511408999066,0.31027192023549743,0.5851047495830163,0.8790671680988262,0.989787624799672,0.9975277849806132,0.5911177627460739,0.6218075058930113,0.9838545852409857,0.3917801930309486,0.6184190730328094,0.4390653282974263,0.22914589485863013,0.1792751842154211,0.19011048410243003,0.19216926233717085,0.19216926233717085,0.25,0.22257778627600033,0.2808144266054613,0.41833701887918884,0.6353002229879319,0.8227288438619753,0.8429091764636882,0.826049201915196,0.8126213281678525,0.8200548497424779,0.8874722443520899,0.6031020926983148,0.22694901949278545,0.5756304101236096,0.9267753986376637,0.730099892391926,0.7917706056780587,0.7634778977483389,0.8987919644126142,0.894005376803361,0.25227066578379626,0.5034906301489808,0.730874306617517,0.7832031184624164,0.8253871086329254,0.8485825514272821,0.9398242864333082,0.969246511379778,0.2966316784620999,0.2974292066100688,0.46947573023257155
sinTheta,0.9483853232172293,0.9328038052166234,0.8022781477070561,0.9970438182214219,0.9938930207322169,0.9962588407750017,0.9964637325188842,0.980141764868746,0.8066687418476048,0.7426762823675348,0.8680774804788547,0.8181484701264021,0.8440695922222728,0.9791749880244756,0.9564803131072176,0.9353981929607459,0.7654877252302247,0.9051511593093365,0.9912715739711364,0.9933507520403837,0.7558320681840829,0.8505740663085575,0.863183523086986,0.986663186853012,0.9824586729635518,0.96641809658343,0.9846325354743227,0.7459952782331738,0.9499077913720356,0.739337320759201,0.830663629322263,0.7702472972437825,0.695932566049185,0.6456545454908621,0.8195599856916042,0.9336741752616183,0.8999150653031748,0.6533218943440592,0.9881844916547154,0.9283684495981216,0.762289364531021,0.855681907530276,0.8822425718890605,0.6941327784568236,0.9181221375140093,0.8619466280671826,0.9557725746629615,0.9682526936798227,0.940436279401241,0.9870521179923248,0.9960481851351943,0.9972256483158515,0.9970438182214219,0.9933507520403837,0.9870521179923248,0.9930709847210485,0.9896139680051544,0.9521493176447353,0.9854619902660253,0.7119117941163573,0.8656412337988317,0.6241830634050799,0.5795674034508271,0.5795674034508271,0.7654877252302247,0.9468403828199835,0.9842092147221678,0.9209830581619485,0.891253024770087,0.4655908408572585,0.49742006018033363,0.49742006018033363,0.8037468580443371,0.8716915405751109,0.9824586729635518,0.9711967598473807,0.99415552045287,0.7733949761797171,0.6777173923431119,0.6456545454908621,0.8401032724229833,0.8427527805698969,0.9924941883966378,0.9938930207322169,0.9499077913720356
sinTau,0.010037647689585205,0.8807691537683684,0.9869879836395258,0.217516498287531,0.9202833017478421,0.9505385106610458,0.9244858438145707,0.902446898677957,0.9904775776745958,0.3563197400751441,0.020343012729971188,0.1452146317317396,0.018891003235357307,0.019610422921202908,0.9626048591928911,0.06830222469661418,0.7293247772421576,0.13254270242502003,0.37312102770759736,0.945898764802607,0.9979421993079852,0.031663905375801216,0.02611579499520722,0.2269490194927854,0.8784975278258782,0.8146601955249186,0.029264727593981077,0.9140301673112472,0.33227421512487243,0.9938441702975689,0.04946148933895422,0.29344778508772895,0.2998254837215526,0.3579923276480387,0.1901104841024298,0.3330965703831144,0.9906463319961226,0.9276821300802534,0.11033101753426294,0.842909176463688,0.9150061425476838,0.19700579986714428,0.2660350928697133,0.6319365249826866,0.2998254837215526,0.9961659689427445,0.8448097718678349,0.7988125734877606,0.007296050758255013,0.9974403544143942,0.9090748587125117,0.905020820222898,0.8874722443520897,0.8767816961508189,0.8841417617967617,0.9216957229064429,0.844177287846877,0.7679133974894983,0.048332353568349584,0.8173652566011338,0.07367991782295386,0.30302904520452456,0.3926323364164684,0.38327731807204724,0.2409864953134349,0.3546489032008738,0.9976980991835894,0.7642191673611736,0.08114064168978058,0.6124755271719327,0.3638598764797127,0.42868553314724434,0.1495453678500745,0.23726417446386616,0.09395823655409691,0.8036879198616433,0.031055532694051202,0.8078307376628292,0.15016832974331717,0.3563197400751441,0.2699001076080741,0.41661562664194896,0.3680634750173134,0.9125567491391475,0.794598178676671
hhm0,0.46084616031625875,0.34603414921355874,0.583312305492472,0.4030616536294053,0.638825805366305,0.32248296744890237,0.26133400622424086,0.30036167886281434,0.28177306754142484,0.4130709058793843,0.36134241736058537,0.338211792413155,0.3446883673984355,0.27277315165278826,0.3141559424678274,0.33249221969888126,0.3708470014298932,0.3549499537387501,0.3359407856001345,0.33106232652031287,0.2813525107241988,0.38304314912944737,0.4541172512406426,0.3155017242829506,0.39204306501808395,0.5366304987803852,0.38237025822188575,0.26082933804356967,0.33669778787114135,0.3861552695769198,0.4012112036336109,0.3950710741021112,0.5998822440911766,0.24434351080831018,0.5802842964084447,0.41122045588358985,0.3813609218605434,0.5671629237109933,0.37025822188577673,0.37732357641517367,0.38884683320716623,0.3155858356463958,0.5309109260661115,0.4002018672722685,0.46160316258726547,0.3790058036840777,0.3756413491462696,0.3564639582807637,0.31895029018420384,0.46732273530153917,0.09639162250820085,0.37967869459163933,0.22836235175372194,0.595003785011355,0.23568004037345444,0.3668937673479687,0.2456051812599882,0.3734544536966944,0.44873412398014967,0.5664900328034317,0.3149970561022794,0.4702666330221213,0.16620405416771805,0.3733703423332492,0.5384809487761796,0.35276305828917487,0.35284716965262003,0.5163596601900916,0.33350155606022375,0.3879216082092691,0.37370678778703,0.5387332828665152,0.6981243165951719,0.44999579443182774,0.22407267221801666,0.5198923374547901,0.42787450584573977,0.3271090924383884,0.41626713769030194,0.49835982841281856,0.4618554966776011,0.41180923542770626,0.33013710152241565,0.2912776516107326,0.4982757170493734
hhm1,0.7903264048051845,0.6696435627914329,0.021496878210701016,0.5333122579625384,0.6800758713348612,0.6547854263810954,0.5473010353275902,0.5088121394135778,0.4789378013119418,0.45562317237018884,0.57164308859559,0.6650596696435628,0.507468584525409,0.627756263336758,0.6475934560973682,0.7903264048051845,0.5549672014542005,0.7060776100529518,0.5661108037619537,0.6256223820437841,0.4906346321030585,0.4216391369635659,0.017229115624753023,0.4503279854579941,0.5733027740456809,0.02860981585394768,0.4759345609736821,0.4364182407334229,0.5073895518849284,0.6505966964356279,0.49316367659843513,0.5544930056113174,0.4641586975420849,0.3486920098000474,0.01580652809610369,0.48328459653837036,0.4356279143286177,0.016201691298506283,0.4901604362601754,0.608709396980953,0.4385521220263968,0.4568876946178771,0.02544851023472694,0.22927369003398404,0.6817355567849521,0.5246186675096814,0.5551252667351616,0.5693511420216549,0.5124476408756816,0.4463763534339682,0.47806844226665607,0.5875286493321741,0.6128190942859401,0.6694064648699912,0.449853789615111,0.6882162333043547,0.6699596933533549,0.4681893622065913,0.48091361732395477,0.6502805658737058,0.2706867936457757,0.49632498221765586,0.34213230064016437,0.5078637477278115,0.518612186833162,0.42306172449221524,0.4932427092389156,0.6255433494033035,0.445586027029163,0.5499091124634473,0.42764561764008535,0.48518137990990273,0.030901762427882715,0.46581838299217576,0.5562317237018888,0.05405832608867462,0.5572591480281356,0.4104165020153323,0.7903264048051845,0.5767011775863431,0.7384019600094839,0.6723306725677705,0.7903264048051845,0.608709396980953,0.5132379672804868
hhm2,0.320899209486166,0.31332345191040845,0.5504776021080369,0.3828227931488801,0.43626482213438744,0.6442687747035574,0.22035573122529645,0.33901515151515155,0.4902009222661397,0.33053359683794464,0.2621870882740448,0.3706357048748353,0.28903162055335974,0.4579216073781292,0.3722826086956522,0.2152503293807642,0.47043807641633734,0.19598155467720688,0.34799077733860345,0.29883069828722003,0.34033267457180505,0.5004117259552042,0.6097661396574441,0.33712121212121215,0.2388833992094862,0.6280467720685112,0.27552700922266143,0.3526844532279315,0.36569499341238476,0.2933959156785244,0.2798089591567853,0.46557971014492755,0.8234519104084322,0.8234519104084322,0.6594202898550725,0.8234519104084322,0.3695652173913044,0.3792819499341239,0.4534749670619236,0.506340579710145,0.7577404479578393,0.5967555994729908,0.5065052700922267,0.49958827404479583,0.2705862977602108,0.3708827404479579,0.3754117259552043,0.4560276679841897,0.3144762845849803,0.4105731225296443,0.6441040843214757,0.46862648221343883,0.33374505928853754,0.5815217391304348,0.6578557312252965,0.3662714097496706,0.29380764163372863,0.3408267457180501,0.33712121212121215,0.6237648221343873,0.5370553359683795,0.8234519104084322,0.8234519104084322,0.673913043478261,0.20940382081686432,0.6726778656126482,0.3059947299077734,0.2644927536231884,0.3708827404479579,0.2980072463768116,0.8234519104084322,0.6912878787878789,0.29850131752305664,0.6707839262187089,0.3783761528326746,0.23122529644268774,0.1361989459815547,0.14962121212121213,0.4654150197628459,0.5946969696969697,0.2827733860342556,0.12961133069828723,0.30286561264822137,0.2472826086956522,0.8234519104084322
hhm3,0.4021981522777955,0.3106881172347881,0.5935807582032494,0.27683975788467663,0.4992035680152915,0.648136349155782,0.2504778591908251,0.2867155144950621,0.42800254858235104,0.3274131889136668,0.310767760433259,0.32223638101306146,0.3286874800892004,0.35496973558458106,0.28950302644154186,0.26003504300732716,0.4182860783689073,0.35050971647021345,0.2515132207709462,0.23821280662631408,0.37758840395030263,0.37288945524052247,0.6338802166294999,0.2158330678560051,0.1950461930551131,0.6165976425613252,0.3082191780821918,0.28583943931188277,0.3125995539980886,0.2629021981522778,0.24259318254221088,0.42043644472762026,0.7568493150684932,0.7964319847085058,0.7964319847085058,0.6159604969735584,0.28830837846447915,0.640729531697993,0.4482319209939471,0.3289264096846129,0.7482478496336412,0.4718063077413189,0.5496973558458108,0.44409047467346285,0.2887862376553042,0.3579961771264734,0.29149410640331314,0.3307582032494425,0.3361739407454603,0.4515769353297229,0.7964319847085058,0.3529786556228098,0.2326377827333546,0.7964319847085058,0.5546352341510035,0.18572793883402355,0.18819687798661994,0.2896623128384836,0.3372889455240522,0.7964319847085058,0.45324944249761073,0.602899012424339,0.6232876712328766,0.5550334501433577,0.28265371137304873,0.515450780503345,0.19337368588722523,0.4312679197196559,0.4211532335138579,0.27859190825103536,0.7964319847085058,0.7964319847085058,0.6052883083784645,0.5004778591908251,0.26887543803759156,0.3028034405861739,0.21838165020707231,0.30081236062440264,0.21702771583306787,0.5579006052883083,0.320882446639057,0.4026760114686206,0.2725390251672507,0.25557502389295955,0.5952532653711372
hhm4,0.5544786366206284,0.4385752362490913,0.6346014053792101,0.5501171149341734,0.6749050965188595,0.3785639286002746,0.49172118568774736,0.5511671108957273,0.5614247637509087,0.417656085938131,0.426217591470802,0.33042565220903,0.5182133914869558,0.5134480251999031,0.4768597043857524,0.6359744770212422,0.2393183103141911,0.547532509490348,0.29997576932396414,0.43679832000646146,0.42411759954769407,0.5401825377594701,0.619578386236976,0.40182537759470155,0.5480978919311849,0.6468782812373798,0.4922865681285842,0.5765285518132622,0.45626362975527013,0.641951377110088,0.6050399806154592,0.5272595105403441,0.29109118811081497,0.42153299410386885,0.5661901300379614,0.4718520313383411,0.4794443098295776,0.6230514498021161,0.49850577497778853,0.24812212260722072,0.2763104757289395,0.2557951700185768,0.5887246587513125,0.44600597690008886,0.6257975930861804,0.37032549874808174,0.3801793070026654,0.5028672966642437,0.6958242468298199,0.5187787739277926,0.4157176318552621,0.3547370971650109,0.4150714804943058,0.5548824812212261,0.17801469994346178,0.48598659235926017,0.5652209029965269,0.4383329294887327,0.6095630401421533,0.4675712785720055,0.4204829981423148,0.218883773523948,0.25636055245941364,0.34924481059688234,0.6487359664001293,0.2789758500928842,0.635489863500525,0.5723285679670463,0.3656409013811485,0.40796381552378647,0.3196833858331314,0.21791454648251352,0.80768920119538,0.19416848396736935,0.6186091591955416,0.80768920119538,0.65560132461029,0.4808981503917293,0.19118003392294644,0.45521363379371615,0.3606332283337372,0.5142557144010985,0.634439867538971,0.5812131491801955,0.22138761004765367
hhm5,0.4102054340622929,0.39214711729622265,0.5574055666003976,0.40830019880715707,0.6409045725646123,0.4976805831676607,0.34186547382372434,0.3836978131212723,0.33606693174287605,0.3249668654738237,0.4462392312789927,0.4572564612326044,0.3922299536116633,0.4055666003976143,0.336895294897283,0.30318091451292245,0.48392975480450634,0.37914181577203443,0.42958913187541414,0.29257786613651426,0.37831345261762755,0.28412856196156394,0.5425778661365143,0.34377070907886015,0.34741550695825046,0.5251822398939695,0.20601391650099404,0.45783631544068915,0.3790589794565938,0.1833167660702452,0.3595096090125911,0.5647779986746189,0.5731444665341285,0.5130881378396288,0.6195328031809145,0.754555997349238,0.4705102717031146,0.6639330682571238,0.08275347912524851,0.50240225314778,0.6759443339960238,0.08880053015241882,0.5621272365805169,0.10445659377070907,0.36075215374420144,0.3279489728296885,0.3727634194831014,0.27021206096752814,0.19184890656063616,0.518389662027833,0.35213717693836977,0.5149933730947648,0.4116964877402253,0.5849072233267064,0.48459244532803175,0.49420145791915177,0.4752319416832339,0.478959575878065,0.15498674618952948,0.6880384360503644,0.4508780649436713,0.584741550695825,0.3652253147779987,0.6211895294897283,0.5062955599734923,0.5449801192842942,0.2775844930417495,0.5540092776673293,0.19077203445990723,0.48972829688535446,0.4744864148442677,0.8283631544068919,0.6345261762756792,0.5379390324718356,0.42354208084824385,0.3954605699138502,0.2907554671968191,0.40888005301524183,0.6635188866799204,0.5665175612988733,0.4200629555997349,0.37615970841616964,0.4396123260437375,0.5773691186216038,0.8283631544068919
hhm6,0.5511157657294772,0.41585434624989925,0.5855151856924192,0.5710948199468299,0.03182147748328365,0.4190767743494723,0.45202610166760654,0.49399822766454515,0.5134133569644727,0.4067509868686055,0.42793845162329813,0.5056795295254974,0.49891243051639406,0.4088455651333279,0.5631193104003868,0.43301377588012563,0.45194554096511724,0.5039071940707323,0.47901393700153067,0.4384113429469105,0.47538870538951095,0.436558446789656,0.6599532747925562,0.35543381938290497,0.48416982196084746,0.740272295174414,0.3963586562474825,0.47546926609200024,0.3691291388060904,0.4516232981551599,0.37815193748489484,0.5317006364295497,0.34745830983646175,0.5635221139128332,0.805607024893257,0.591637799081608,0.3067751550793523,0.805607024893257,0.42737452670587284,0.1980987674212519,0.7136872633529364,0.41134294691049705,0.5487795053572867,0.5524852976717957,0.4230242487714493,0.3754934343027471,0.42141303472166275,0.3397244823974865,0.5085797148151131,0.036896801740111174,0.5665028599049384,0.36220091839200835,0.44235881736888744,0.012325787480866832,0.35591718359784097,0.35801176186256345,0.4330943365826149,0.45323451220494637,0.42995246918553126,0.017481672440183678,0.33118504793361797,0.5970353661483928,0.461048900346411,0.7429307983565616,0.38427455087408363,0.5903488278417788,0.42294368806895993,0.4588737613791992,0.48110851526625303,0.4098928542656892,0.805607024893257,0.4135986465801981,0.741561266414243,0.42173527753162005,0.43253041166518974,0.4257633126560863,0.5084185934101345,0.679448964794973,0.6552807540481753,0.6071054539595585,0.24788528155965517,0.28623217594457423,0.40892612583581733,0.46572142109079184,0.805607024893257
hhm7,0.45018421860607927,0.3579214000614062,0.4758213079521032,0.45601780779858764,0.6019342953638318,0.2407890696960393,0.4095793675161191,0.48395762972060175,0.1945041449186368,0.3355081363217685,0.4580902671169788,0.21868283696653362,0.3125575683143998,0.30733804114215535,0.31931225053730433,0.3645225667792447,0.23618360454405893,0.3705864292293522,0.41963463309794286,0.37411728584587045,0.3666717838501689,0.3589192508443353,0.6301811482959778,0.42109303039607,0.31278784157199874,0.5888854774332207,0.5068314399754376,0.36782315013816397,0.3830211851396991,0.3697420939514891,0.5267884556340191,0.2714154129567087,0.4349094258520111,0.2146914338348173,0.5898833282161499,0.3969143383481732,0.32192201412342647,0.5376880564937059,0.37803193122505374,0.4550199570156586,0.1884402824685293,0.5710009210930305,0.7675775253300584,0.5872735646300277,0.4862603622965919,0.4904820386859073,0.33036536690205714,0.5026865213386552,0.5485876573533928,0.7675775253300584,0.2711851396991096,0.3764200184218606,0.38117899907890695,0.526174393613755,0.48787227509978515,0.3381946576604237,0.540067546822229,0.48457169174086584,0.5192661958857845,0.5059871046975745,0.46584280012281243,0.2038685907276635,0.3327448572305803,0.21116057721829906,0.5310101320233344,0.250307031010132,0.49854160270187287,0.5485108996008597,0.3183143997543752,0.46108381946576604,0.17815474362910655,0.5070617132330365,0.4283850168867056,0.447344181762358,0.35185753761129873,0.565397605158121,0.7019496469143384,0.40888854774332206,0.3797973595333129,0.16073073380411423,0.32929075836659505,0.4344488793368131,0.4404359840343875,0.33773411114522567,0.26220448265274793
hhm8,0.16691897059995217,0.37248028045574055,0.7054417974663373,0.33877778663054736,0.5178870209545056,0.47334873715241804,0.32061190343398926,0.23782965500756909,0.4070591984702414,0.33439566568400925,0.3380607122938411,0.5171699466177994,0.2717711736116644,0.2410963269858975,0.3344753406103099,0.25727033702493823,0.2927256792287467,0.29790454943829175,0.33646721376782723,0.2955939765755716,0.2459564974902398,0.2257987411361644,0.6687913313680185,0.3772607760337821,0.377818500517887,0.5488008923591745,0.3507290255756513,0.28961835710301964,0.3104135128675006,0.3085809895625846,0.39686080790375267,0.427934029161023,0.5024300852521711,0.5218707672695403,0.7967492630069316,0.5584415584415584,0.3507290255756513,0.629431917775476,0.47326906222611737,0.2742410963269859,0.5906302286670384,0.6446498286989084,0.6822563939128355,0.3959047087881443,0.32690622261174407,0.321727352402199,0.28499721137757944,0.29001673173452314,0.2739223966217831,0.4359015217910923,0.5154967731654848,0.29790454943829175,0.2309776113457095,0.7967492630069316,0.7103019679706796,0.21018245558122856,0.27559557007409763,0.2943191777547606,0.25464106445701534,0.4713568639949008,0.4797227312564735,0.5809895625846545,0.6381961596685523,0.5206756433750298,0.2679467771492311,0.7512548800892358,0.3531989482909728,0.44307226515815473,0.3333598916421002,0.308740339415186,0.5860090829415983,0.5735001195123894,0.7106206676758824,0.6464823520038243,0.3275436220221496,0.5115130268504501,0.3405306350091626,0.3165484821926539,0.47430483626802644,0.47908533184606794,0.3500119512389451,0.5634610787985022,0.3123257110987172,0.32953549517966696,0.61955222691419
hhm9,0.4493341053850608,0.40028124741500537,0.6102241707337248,0.36396724294813465,0.4414757217304987,0.09487964265034328,0.36388452312019187,0.47605260981057157,0.17313259988419225,0.3341881048887418,0.33484986351228385,0.19414343618165272,0.4040863595003722,0.3119364711721399,0.20489701381421124,0.37331458350566626,0.21804946645710976,0.37612705765572,0.3446108032095293,0.29530978575564565,0.27934485896269334,0.3687649929688146,0.5482670196045991,0.40598891554305566,0.43775332947307466,0.5891306146083216,0.215567871618827,0.2876168417569691,0.3708329886673835,0.3480850359831251,0.44718338985854905,0.15915294896186613,0.38754239391182066,0.173546199023906,0.551741252378195,0.040863595003722386,0.45892960542642064,0.577715278352221,0.4371742906774753,0.42129208371246585,0.3463479195963272,0.27678054429646787,0.4840764331210191,0.4281578294317147,0.548349739432542,0.4443709157084953,0.35610885929357267,0.3425428075109604,0.47671436843411363,0.544875506658946,0.4019356439738605,0.20828852675986434,0.3354289023078832,0.6497642484903631,0.26428985027711144,0.33865497559765073,0.43427909669947884,0.46223839854413096,0.4859789891637025,0.5818512697493589,0.44875506658946146,0.14806849201753658,0.4329555794523947,0.19389527669782444,0.5461990239060303,0.11812391430225826,0.4826701960459922,0.47142029944577707,0.23533791049714614,0.36024485069071055,0.2202829018115642,0.48804698486227144,0.5785424766316486,0.25734138472991974,0.3462651997683845,0.6448010588137976,0.5351145669617007,0.44561171312763664,0.3251716436429812,0.2484076433121019,0.3708329886673835,0.4381669286127884,0.3561915791215154,0.2809992555215485,0.0651832244188932
hhm10,0.4360193328579352,0.39870057840107753,0.7923302432453847,0.5591474526582679,0.6294271452341336,0.47785436970129147,0.6504238966801362,0.41399255209571345,0.4562237540606925,0.6270501545043974,0.48498534189049997,0.43483083749306706,0.611678947785437,0.41605261072815153,0.5902860312178115,0.5352983123365819,0.5772125822042627,0.5010696458283812,0.5463117027176927,0.6793439505585929,0.5149354250851755,0.4090008715632676,0.5797480389826479,0.4285714285714286,0.45867997781475317,0.7923302432453847,0.5473417320339117,0.4513113065525711,0.49782109183107515,0.646699944536883,0.6801362808018383,0.47658664131209894,0.49053165359321765,0.3056810078440694,0.644639885904445,0.33048094445764997,0.6249900958719594,0.6230885032881704,0.5924253228745742,0.5611282782663815,0.44204104270660005,0.4746850487283099,0.7093732667775929,0.5716662705015451,0.6871087869423975,0.5400522937960541,0.5369622058473972,0.5096268124554314,0.49702876158782977,0.7042231201964979,0.2720862055304651,0.42492670945249983,0.44837968465256317,0.7923302432453847,0.4887092940337533,0.48173678789319385,0.5297520006338642,0.5536011409555502,0.5150146581095001,0.7256952697884479,0.47222882497424923,0.4173995721416687,0.3368988194279376,0.2449092781871484,0.700261468980271,0.3678789319388321,0.5691308137231599,0.5861659139529356,0.42445131130655256,0.5018619760716266,0.48553997306077173,0.6092227240313763,0.6249108628476349,0.5955946438475557,0.46589018302828616,0.7923302432453847,0.5711908723555978,0.4651770858093653,0.3585294350685366,0.4496474130417558,0.5965454401394501,0.620077648363838,0.5909991284367324,0.4715157277553284,0.379050788368592
hhm11,0.3524643320363165,0.29709792477302205,0.48897535667963676,0.49075875486381326,0.6012483787289234,0.8106355382619974,0.3107976653696498,0.29653047989623865,0.4848411154345006,0.29182879377431903,0.32547016861219197,0.35068093385214005,0.3643806744487678,0.29507133592736706,0.4107490272373541,0.37986381322957197,0.4179636835278858,0.32287613488975353,0.3420071335927367,0.35611219195849547,0.35278858625162124,0.4795719844357977,0.6105706874189364,0.45087548638132297,0.43912127107652393,0.6099221789883268,0.34946498054474706,0.42258430609597925,0.3021238651102464,0.3337386511024643,0.19609273670557717,0.256485084306096,0.6130025940337224,0.6996595330739299,0.36057068741893644,0.6062743190661478,0.4267996108949416,0.7188715953307393,0.446011673151751,0.31671530479896237,0.545071335927367,0.41626134889753563,0.6291342412451362,0.5709306095979247,0.38886186770428016,0.3236867704280155,0.3963197146562905,0.1582360570687419,0.2920719844357977,0.5153210116731518,0.5668774319066148,0.429798962386511,0.42420557717250323,0.6267833981841764,0.42696173800259396,0.383916990920882,0.32611867704280156,0.3741083009079118,0.27561608300907914,0.5329928664072633,0.35886835278858625,0.7518644617380026,0.5614461738002594,0.5736867704280155,0.19747081712062256,0.6336738002594033,0.3553015564202335,0.2814526588845655,0.4167477302204929,0.3976167315175097,0.5289396887159533,0.6045719844357976,0.42696173800259396,0.40118352788586253,0.42315175097276264,0.5833333333333334,0.2182230869001297,0.3591115434500648,0.5387483787289234,0.6821498054474708,0.3545719844357977,0.2726167315175097,0.425745784695201,0.38253891050583655,0.8106355382619974
hhm12,0.3111749631125262,0.341073231342704,0.6768657295954027,0.10794439698687583,0.7765783955890346,0.6778752815096684,0.427195775413528,0.4389997670264813,0.4782169760037276,0.3312883435582822,0.24539877300613497,0.3590121922808107,0.18474800031063135,0.2484274287489322,0.2940125805700085,0.35839092956433954,0.22932360021744194,0.23872019880406925,0.3236002174419508,0.32996816028578085,0.3273277937407781,0.3049623359478139,0.5256659159742175,0.382930806864953,0.5210841034402423,0.5141725557194998,0.41834278170381295,0.4511920478372291,0.2932360021744195,0.380523413838627,0.27832569697911,0.28694571717014833,0.5917527374388444,0.4622194610545934,0.7765783955890346,0.5197639201677409,0.6387357303719811,0.6239030830162304,0.3736895239574435,0.5213947347984779,0.5411198260464394,0.6583055059408247,0.5168905801040614,0.45825891123708934,0.4595014366700318,0.4381455307913334,0.24268074862157332,0.4461442882659004,0.4490952861691388,0.36211850586316685,0.44241671196707305,0.5086588491108177,0.47961481711578785,0.4816339209443193,0.5212394191193601,0.6784188863865808,0.5658926768657295,0.3608759804302244,0.4581812533975304,0.6289508425875592,0.13993942688514405,0.6238254251766716,0.4820222101421138,0.7765783955890346,0.5147938184359712,0.4104216820688048,0.4315446144288265,0.2490486914654034,0.5679117806942611,0.5479537159276229,0.5507493981517434,0.7765783955890346,0.7765783955890346,0.7765783955890346,0.24834977090937327,0.6345422070358002,0.7151510444979421,0.7765783955890346,0.3751650229090626,0.6437834899433098,0.3694960006212627,0.3895317232274598,0.15259765473324532,0.4727032693950454,0.6319794983303564
hhm13,0.34859570450790656,0.3821886554952404,0.5890173865156164,0.37935646290614433,0.5562111556919205,0.5340256470773346,0.37306270159704197,0.28188183463142163,0.5510974746282747,0.32845566831877904,0.2323184643222406,0.4035874439461884,0.3962709464243569,0.3902132011643459,0.38801038470616006,0.36433010778066244,0.47510030682086385,0.36425143576429864,0.35292266540791445,0.4213673196444025,0.36629690818975696,0.33868303044607034,0.7867201636377941,0.3257808197624106,0.3588230666351979,0.6332310597120604,0.37156793328613014,0.3564629061442845,0.3553614979151916,0.3983164188498151,0.4304146015262372,0.4857997010463379,0.5285186059318701,0.5186846038863977,0.7867201636377941,0.4935095586499882,0.25206514042954925,0.7867201636377941,0.44567697270081036,0.419400519235308,0.4188498151207616,0.656596648572103,0.3355361497915192,0.6006608449374558,0.3689717567461254,0.41145464558256634,0.2605617181968374,0.33451341357879005,0.29446935724962636,0.4780898434426875,0.5226182047045866,0.33120918889151135,0.2961214695932657,0.6385807568247974,0.5212021084100386,0.26960900007867206,0.2801510502714185,0.37935646290614433,0.29596412556053814,0.6492014790339077,0.40956651718983555,0.6717803477303124,0.3816379513806939,0.38871843285343405,0.3809299032334199,0.7229171583667691,0.32389269136967985,0.3806152151679648,0.32349933128786096,0.32113917079694754,0.5529069310046417,0.6655652584375737,0.596648572102903,0.48029265990087333,0.3616552592242939,0.551018802611911,0.327039572024231,0.4073637007316498,0.389819841082527,0.6835811501848793,0.42349146408622457,0.44512626858626386,0.34513413578790025,0.41373613405711596,0.7867201636377941
hhm14,0.24609648100675832,0.31802998524042564,0.5091276314767342,0.3797094694321448,0.7768197001475957,0.4316787073720189,0.3356637924337761,0.4098500737978715,0.4775110696807271,0.28750097102462513,0.24648489085683212,0.42756156296123665,0.3536860094772003,0.30769828322846265,0.34863668142624094,0.35050104870659515,0.39912996193583467,0.27887827235298684,0.3482482715761671,0.4204148217198788,0.37186359046065404,0.241668608715917,0.5771770372096636,0.36456148527926663,0.3956342732851705,0.6052202283849918,0.3275071855822263,0.2945700302959683,0.3073875553484036,0.34716072399596054,0.25751573059892796,0.3080866930785365,0.42220150703021825,0.49063932261322146,0.5448613376835236,0.490794686553251,0.41420026411869804,0.5896061524120251,0.43066884176182707,0.36417307542919286,0.49110541443330996,0.4407674978637458,0.4966208343043579,0.3973432766254952,0.11186203682125379,0.36836790180998985,0.350889458556669,0.30901887671871353,0.2535539501281752,0.496931562184417,0.37217431834071313,0.26660452109065486,0.2702555736813485,0.655558144954556,0.46259613143789324,0.2551852714984852,0.36572671482948804,0.46275149537792276,0.3069991454983298,0.560553095626505,0.29783267303658817,0.5273828944302027,0.6598306533053678,0.3035034568476656,0.4011496931562184,0.5068748543463062,0.2966674434863668,0.3440534451953701,0.3177969393303814,0.23506564126466242,0.33014837256272817,0.4229006447603511,0.6665113027266371,0.4775110696807271,0.4132680804785209,0.5793521323700769,0.38188456459255804,0.3376835236541598,0.5441621999533908,0.49281441777363466,0.41676376912918506,0.2399596053755923,0.3168647556902043,0.32020508040083895,0.6641808436261943
hhm15,0.23944881889763778,0.23952755905511813,0.34960629921259845,0.28346456692913385,0.43535433070866136,0.3818110236220472,0.2609448818897638,0.24007874015748032,0.27291338582677166,0.3096062992125984,0.3211811023622047,0.338503937007874,0.2567716535433071,0.3143307086614173,0.31299212598425197,0.29125984251968506,0.3262204724409449,0.2980314960629921,0.2065354330708661,0.2711811023622047,0.23559055118110236,0.29590551181102365,0.5041732283464567,0.18228346456692915,0.2981889763779527,0.3180314960629921,0.2910236220472441,0.22086614173228347,0.2662204724409449,0.27637795275590554,0.26818897637795275,0.3606299212598425,0.4847244094488189,0.4141732283464567,0.5163779527559056,0.4886614173228347,0.2451181102362205,0.48661417322834644,0.2856692913385827,0.3228346456692913,0.3736220472440945,0.382992125984252,0.49590551181102366,0.2651968503937008,0.24960629921259841,0.17086614173228346,0.29606299212598425,0.2859055118110236,0.2468503937007874,0.5011023622047244,0.27393700787401576,0.3562204724409449,0.36503937007874016,0.4641732283464567,0.25125984251968503,0.3733070866141732,0.25724409448818897,0.23165354330708662,0.258267716535433,0.5508661417322834,0.27047244094488193,0.4923622047244094,0.27062992125984253,0.47937007874015747,0.15748031496062992,0.3174015748031496,0.21677165354330707,0.20755905511811024,0.325748031496063,0.23425196850393698,0.46527559055118106,0.5033070866141732,0.33141732283464564,0.3837007874015748,0.23818897637795275,0.4474015748031496,0.32244094488188974,0.2721259842519685,0.4298425196850394,0.5443307086614173,0.30968503937007874,0.3084251968503937,0.2660629921259842,0.2581102362204724,0.6060629921259842
hhm16,0.2726605205188872,0.265480949661418,0.49457452884066244,0.31133229991025535,0.8158603247124092,0.3851676592967284,0.3262625438524924,0.22476951945826876,0.5027331320877866,0.3725218242636861,0.429387288896141,0.4646324549237171,0.29264909847434123,0.4068695439340785,0.43803540833809257,0.3605286774904137,0.43012156318838213,0.3605286774904137,0.29338337276658233,0.2815533980582524,0.34698539610018764,0.3091294770335319,0.4643061107938321,0.37790650240678797,0.26091213184302847,0.3275679203720323,0.4294688749286122,0.3080688586114057,0.22534062168556743,0.3177775964754834,0.36640287182834297,0.31924614505996574,0.7073509015256588,0.42220771803867174,0.5469527616871992,0.534062168556743,0.2027412906910337,0.5112996654972669,0.4391776127926899,0.3391531369829485,0.30872154687117564,0.4723831280084849,0.5172554458676675,0.4621032879171086,0.3807620135432814,0.4186179326099372,0.42220771803867174,0.40939871094068697,0.36974789915966383,0.5417312556090398,0.4889450926001469,0.26115688994044217,0.3604470914579424,0.6782246879334258,0.41486497511626,0.41617035163579996,0.2994207391694542,0.1309455821163417,0.41935220690217834,0.8158603247124092,0.3869625520110957,0.5824426858121889,0.38223056212776374,0.4445622909357918,0.4584319164559027,0.341682303989557,0.289875173370319,0.15264746675369176,0.3583258546136901,0.3746430611079383,0.4029534143754589,0.6609284490495227,0.8158603247124092,0.449375866851595,0.43330341845476056,0.5138288325038753,0.6033287101248267,0.32838378069674473,0.40768540425879085,0.5303907970955373,0.40230072611568896,0.48747654401566454,0.41510973321367384,0.305458105572326,0.49955127682140815
hhm17,0.40697772885087646,0.3083241595393344,0.6222372766533999,0.42509950038106525,0.607418070962825,0.2653908036243543,0.4283173850453044,0.4397493437208908,0.24616817681429418,0.23778474045219747,0.4145990346346007,0.23659920399695145,0.4469472436277416,0.3411804555847235,0.2446439156575493,0.3630281988313998,0.31924803116267253,0.4812431196545008,0.3660767211448895,0.358201371835041,0.4593106952324498,0.2970615632144974,0.5248539249724786,0.42721652976543306,0.2570073672622576,0.5689728173427048,0.38208146329071047,0.3332204250995004,0.412143280548734,0.3871623338131933,0.4317893132356677,0.2984164620204928,0.5301041578457109,0.1890083834363621,0.5882801253281396,0.3532051824879329,0.2865610974680328,0.5969176052163604,0.4040138877127615,0.45448386823609105,0.131255821830807,0.5204505038529935,0.5788805148615462,0.5577102210178677,0.5430603776780422,0.39503768312304177,0.2645439918706072,0.6087729697688203,0.6324836988737403,0.6125836226606826,0.42450673215344226,0.32466762638665425,0.5212126344313659,0.846811753747142,0.5395037683123042,0.403251757134389,0.5196036920992464,0.4709966974341604,0.5289186213904649,0.7776272334660005,0.4587179270048268,0.1824879329325091,0.2381234651536963,0.17816919298839867,0.5176560250656278,0.3024811584384791,0.5086798204759082,0.4994495723600643,0.5855703277161487,0.5192649673977474,0.13676009823016344,0.6255398424930138,0.5024134134981794,0.585485646540774,0.27233466000508083,0.6858328393598102,0.5838767042086543,0.4057075112202557,0.44254382250825636,0.08806842238970278,0.44008806842238973,0.3741214328054873,0.39842493013803026,0.29663815733762383,0.3585400965365399
hhm18,0.7652865998316369,0.3746077906175863,0.6726103925920257,0.7652865998316369,0.7652865998316369,0.6869212520088773,0.7652865998316369,0.7652865998316369,0.7652865998316369,0.509145174867988,0.5989898216882222,0.6154434835846024,0.6816407744700391,0.5381495370016072,0.5056248565087625,0.5968470192086937,0.5805464146322799,0.5188643146858498,0.6563097880156119,0.5437361291803781,0.313231805311089,0.671768577332211,0.7652865998316369,0.7652865998316369,0.7652865998316369,0.7652865998316369,0.7652865998316369,0.6631973674140966,0.7652865998316369,0.686768194688911,0.5869748220708656,0.477309252314992,0.0712481824443254,0.7652865998316369,0.7652865998316369,0.7652865998316369,0.7652865998316369,0.7652865998316369,0.7652865998316369,0.5978418917884748,0.7652865998316369,0.6638861253539451,0.7652865998316369,0.30810438509221705,0.6193464452437438,0.4985076911303283,0.6762072396112344,0.7652865998316369,0.7652865998316369,0.6439886737583225,0.7652865998316369,0.5132777225070789,0.582536159791842,0.7652865998316369,0.356240912221627,0.5849850769113033,0.7652865998316369,0.7652865998316369,0.7652865998316369,0.7652865998316369,0.5363128491620112,0.5540674982781052,0.5810055865921788,0.5042473406290656,0.6613606795745006,0.578250554832785,0.6163618275044004,0.7158490854825132,0.3925920257136298,0.22292798653095586,0.5715160327542665,0.09489553837912298,0.6925843728476315,0.5653172112956303,0.6194229739037269,0.7652865998316369,0.7652865998316369,0.7120991811433381,0.49031912451212983,0.7652865998316369,0.594627688069182,0.7652865998316369,0.7652865998316369,0.7652865998316369,0.49016606719216343
hhm19,0.5569588905398711,0.5660392933795608,0.6877166914314016,0.7365032194155522,0.2746409113422486,0.47135545649661553,0.6560178306092125,0.5271586594023443,0.45228661053326735,0.5504375103186395,0.5468053491827637,0.5533267294039954,0.6334819217434373,0.5008254911672445,0.636536239062242,0.46293544659072144,0.5785867591216773,0.45352484728413406,0.5714875350833746,0.7626712894172033,0.5706620439161301,0.4991745088327555,0.8254911672445104,0.45269935611688955,0.5554730064388311,0.6102030708271421,0.6130097407957735,0.5274888558692422,0.46541192009245497,0.7222222222222222,0.576688129437015,0.5098233448902096,0.22445104837378238,0.6132573881459469,0.6742611854053161,0.8254911672445104,0.45732210665345874,0.8254911672445104,0.39351163942545814,0.23790655439986794,0.3248307743107149,0.45435033845137857,0.6017005118045237,0.4276044246326564,0.6924219910846954,0.21949810137031536,0.5361565131253095,0.4630179957074459,0.671289417203236,0.5510153541357107,0.6106983655274888,0.34010236090473833,0.5218755159319795,0.560756149909196,0.22263496780584446,0.7304771338946673,0.5119696219250454,0.5735512630014858,0.6416542842991579,0.41621264652468215,0.4060591051675747,0.3662704309063893,0.3708931814429585,0.5179957074459303,0.701502393924385,0.40696714545154367,0.557289087006769,0.4246326564305762,0.48604919927356777,0.45608386990259203,0.559105167574707,0.1544493973914479,0.8254911672445104,0.09724285950140334,0.6089648340762754,0.6220901436354631,0.7521050024764735,0.34835727257718346,0.16047548291233282,0.5775136206042595,0.18218590061086345,0.6071487535083375,0.5584447746409114,0.4594683836882945,0.5151064883605745
A,0.5,0.36363636363636365,0.45454545454545453,0.45454545454545453,0.36363636363636365,0.5,0.6818181818181818,0.6818181818181818,0.5,0.5454545454545454,0.5909090909090909,0.6818181818181818,0.5,0.7272727272727273,0.6818181818181818,0.5454545454545454,0.5454545454545454,0.5454545454545454,0.6363636363636364,0.5909090909090909,0.6818181818181818,0.6363636363636364,0.4090909090909091,0.6818181818181818,0.5909090909090909,0.45454545454545453,0.6363636363636364,0.5909090909090909,0.5909090909090909,0.6818181818181818,0.5454545454545454,0.5454545454545454,0.36363636363636365,0.6818181818181818,0.45454545454545453,0.45454545454545453,0.5909090909090909,0.5454545454545454,0.5454545454545454,0.5909090909090909,0.5909090909090909,0.6363636363636364,0.45454545454545453,0.6363636363636364,0.45454545454545453,0.5,0.5909090909090909,0.5909090909090909,0.6363636363636364,0.4090909090909091,0.8181818181818182,0.5909090909090909,0.5909090909090909,0.4090909090909091,0.6363636363636364,0.5909090909090909,0.5909090909090909,0.5909090909090909,0.5909090909090909,0.4090909090909091,0.6363636363636364,0.5,0.8181818181818182,0.5454545454545454,0.5454545454545454,0.45454545454545453,0.7272727272727273,0.5,0.45454545454545453,0.5909090909090909,0.5909090909090909,0.3181818181818182,0.4090909090909091,0.36363636363636365,0.7272727272727273,0.45454545454545453,0.5,0.7727272727272727,0.36363636363636365,0.5,0.5454545454545454,0.6818181818181818,0.5454545454545454,0.7272727272727273,0.45454545454545453
R,0.3333333333333333,0.2857142857142857,0.09523809523809523,0.5238095238095238,0.3333333333333333,0.3333333333333333,0.47619047619047616,0.6190476190476191,0.38095238095238093,0.6666666666666666,0.6190476190476191,0.47619047619047616,0.38095238095238093,0.47619047619047616,0.5714285714285714,0.47619047619047616,0.38095238095238093,0.42857142857142855,0.47619047619047616,0.5714285714285714,0.5238095238095238,0.5238095238095238,0.23809523809523808,0.5238095238095238,0.6666666666666666,0.2857142857142857,0.5714285714285714,0.47619047619047616,0.5714285714285714,0.5714285714285714,0.47619047619047616,0.38095238095238093,0.47619047619047616,0.42857142857142855,0.23809523809523808,0.3333333333333333,0.5714285714285714,0.23809523809523808,0.5238095238095238,0.5714285714285714,0.3333333333333333,0.47619047619047616,0.23809523809523808,0.38095238095238093,0.9523809523809523,0.38095238095238093,0.5238095238095238,0.5238095238095238,0.5238095238095238,0.38095238095238093,0.38095238095238093,0.47619047619047616,0.6190476190476191,0.38095238095238093,0.42857142857142855,0.5714285714285714,0.5714285714285714,0.42857142857142855,0.5238095238095238,0.38095238095238093,0.38095238095238093,0.38095238095238093,0.3333333333333333,0.3333333333333333,0.47619047619047616,0.3333333333333333,0.5714285714285714,0.38095238095238093,0.42857142857142855,0.7142857142857143,0.2857142857142857,0.23809523809523808,0.23809523809523808,0.2857142857142857,0.5238095238095238,0.5238095238095238,0.42857142857142855,0.42857142857142855,0.2857142857142857,0.2857142857142857,0.42857142857142855,0.7142857142857143,0.5714285714285714,0.5714285714285714,0.3333333333333333
N,0.3333333333333333,0.23809523809523808,0.14285714285714285,0.2857142857142857,0.38095238095238093,0.2857142857142857,0.5714285714285714,0.5238095238095238,0.5238095238095238,0.5714285714285714,0.5714285714285714,0.5714285714285714,0.42857142857142855,0.6666666666666666,0.5714285714285714,0.5238095238095238,0.42857142857142855,0.7142857142857143,0.47619047619047616,0.6666666666666666,0.5238095238095238,0.47619047619047616,0.23809523809523808,0.6190476190476191,0.5238095238095238,0.3333333333333333,0.6190476190476191,0.6190476190476191,0.5714285714285714,0.5714285714285714,0.6666666666666666,0.9047619047619048,0.23809523809523808,0.38095238095238093,0.2857142857142857,0.2857142857142857,0.47619047619047616,0.2857142857142857,0.47619047619047616,0.6190476190476191,0.3333333333333333,0.5714285714285714,0.2857142857142857,0.42857142857142855,0.47619047619047616,0.5238095238095238,0.47619047619047616,0.9047619047619048,0.5238095238095238,0.42857142857142855,0.3333333333333333,0.47619047619047616,0.5238095238095238,0.42857142857142855,0.5714285714285714,0.5714285714285714,0.5714285714285714,0.5238095238095238,0.7142857142857143,0.42857142857142855,0.47619047619047616,0.3333333333333333,0.42857142857142855,0.2857142857142857,0.47619047619047616,0.2857142857142857,0.6190476190476191,0.6666666666666666,0.47619047619047616,0.42857142857142855,0.2857142857142857,0.19047619047619047,0.38095238095238093,0.47619047619047616,0.5238095238095238,0.2857142857142857,0.6666666666666666,0.6666666666666666,0.2857142857142857,0.2857142857142857,0.6190476190476191,0.8571428571428571,0.47619047619047616,0.42857142857142855,0.2857142857142857
D,0.4090909090909091,0.2727272727272727,0.13636363636363635,0.7272727272727273,0.4090909090909091,0.36363636363636365,0.6818181818181818,0.5454545454545454,0.4090909090909091,0.45454545454545453,0.5454545454545454,0.6818181818181818,0.5454545454545454,0.6363636363636364,0.5909090909090909,0.5454545454545454,0.4090909090909091,0.8636363636363636,0.5,0.7272727272727273,0.5,0.4090909090909091,0.36363636363636365,0.5454545454545454,0.7727272727272727,0.3181818181818182,0.6363636363636364,0.6818181818181818,0.5909090909090909,0.5454545454545454,0.5909090909090909,0.5,0.2727272727272727,0.36363636363636365,0.2727272727272727,0.3181818181818182,0.45454545454545453,0.2727272727272727,0.45454545454545453,0.6363636363636364,0.36363636363636365,0.4090909090909091,0.2727272727272727,0.4090909090909091,0.45454545454545453,0.36363636363636365,0.45454545454545453,0.5454545454545454,0.5,0.5,0.36363636363636365,0.4090909090909091,0.5909090909090909,0.36363636363636365,0.4090909090909091,0.5909090909090909,0.7272727272727273,0.45454545454545453,0.5909090909090909,0.45454545454545453,0.45454545454545453,0.36363636363636365,0.36363636363636365,0.2727272727272727,0.6818181818181818,0.3181818181818182,0.5909090909090909,0.9090909090909091,0.36363636363636365,0.45454545454545453,0.3181818181818182,0.18181818181818182,0.7272727272727273,0.36363636363636365,0.5,0.2727272727272727,0.8636363636363636,0.6818181818181818,0.2727272727272727,0.3181818181818182,0.8181818181818182,0.5,0.5909090909090909,0.5454545454545454,0.3181818181818182
C,0.37037037037037035,0.3333333333333333,1.0,0.25925925925925924,0.3333333333333333,0.48148148148148145,0.6296296296296297,0.4444444444444444,0.4444444444444444,0.7777777777777778,0.48148148148148145,0.48148148148148145,0.6666666666666666,0.5555555555555556,0.48148148148148145,0.4074074074074074,0.48148148148148145,0.4444444444444444,0.48148148148148145,0.48148148148148145,0.48148148148148145,0.6296296296296297,1.0,0.48148148148148145,0.4444444444444444,0.9629629629629629,0.4074074074074074,0.5185185185185185,0.48148148148148145,0.4444444444444444,0.37037037037037035,0.4074074074074074,0.3333333333333333,0.5555555555555556,1.0,0.4074074074074074,0.6666666666666666,1.0,0.4444444444444444,0.4444444444444444,0.4444444444444444,0.5185185185185185,1.0,0.37037037037037035,0.5185185185185185,0.37037037037037035,0.48148148148148145,0.37037037037037035,0.4444444444444444,0.5925925925925926,0.4074074074074074,0.4444444444444444,0.6296296296296297,0.3333333333333333,0.5555555555555556,0.48148148148148145,0.4444444444444444,0.5555555555555556,0.4444444444444444,0.3333333333333333,0.8148148148148148,0.4444444444444444,0.7407407407407407,0.48148148148148145,0.37037037037037035,0.7037037037037037,0.5185185185185185,0.3333333333333333,0.4074074074074074,0.4444444444444444,0.5185185185185185,0.2962962962962963,0.9629629629629629,0.4074074074074074,0.5185185185185185,0.9629629629629629,0.3333333333333333,0.4074074074074074,0.3333333333333333,0.4074074074074074,0.37037037037037035,0.37037037037037035,0.37037037037037035,0.5185185185185185,0.4074074074074074
Q,0.3333333333333333,0.23809523809523808,0.09523809523809523,0.2857142857142857,0.3333333333333333,0.2857142857142857,0.47619047619047616,0.6666666666666666,0.38095238095238093,0.6190476190476191,0.5238095238095238,0.38095238095238093,0.6190476190476191,0.5714285714285714,0.5714285714285714,0.5238095238095238,0.42857142857142855,0.42857142857142855,0.5714285714285714,0.5238095238095238,0.6666666666666666,0.42857142857142855,0.19047619047619047,0.5714285714285714,0.5238095238095238,0.23809523809523808,0.6190476190476191,0.42857142857142855,0.5238095238095238,0.6666666666666666,0.5238095238095238,0.42857142857142855,0.23809523809523808,0.42857142857142855,0.23809523809523808,0.2857142857142857,0.5238095238095238,0.23809523809523808,0.5238095238095238,0.6666666666666666,0.3333333333333333,0.42857142857142855,0.23809523809523808,0.3333333333333333,0.42857142857142855,0.3333333333333333,0.47619047619047616,0.5714285714285714,0.5714285714285714,0.3333333333333333,0.3333333333333333,0.5238095238095238,0.6666666666666666,0.3333333333333333,0.42857142857142855,0.7142857142857143,0.6666666666666666,0.42857142857142855,0.6666666666666666,0.3333333333333333,0.42857142857142855,0.3333333333333333,0.3333333333333333,0.2857142857142857,0.5238095238095238,0.3333333333333333,0.47619047619047616,0.38095238095238093,0.6190476190476191,0.42857142857142855,0.2857142857142857,0.19047619047619047,0.19047619047619047,0.23809523809523808,0.47619047619047616,0.23809523809523808,0.6666666666666666,0.42857142857142855,0.23809523809523808,0.2857142857142857,0.38095238095238093,0.42857142857142855,0.7619047619047619,0.42857142857142855,0.2857142857142857
E,0.4,0.45,0.1,0.4,0.35,0.3,0.65,0.6,0.35,0.55,0.55,0.55,0.5,0.65,0.65,0.55,0.4,0.6,0.55,0.6,0.55,0.45,0.25,0.65,0.7,0.3,0.6,0.55,0.6,0.75,0.9,0.45,0.3,0.4,0.25,0.35,0.5,0.25,0.45,0.65,0.35,0.45,0.25,0.4,0.45,0.4,0.5,0.7,0.7,0.4,0.4,0.5,0.75,0.4,0.45,0.8,0.8,0.5,0.65,0.4,0.45,0.4,0.4,0.3,0.7,0.3,0.65,0.6,0.45,0.4,0.35,0.2,0.3,0.3,0.6,0.4,0.75,0.65,0.3,0.3,0.55,0.45,0.7,0.45,0.3
G,0.4090909090909091,0.5,0.22727272727272727,0.3181818181818182,0.36363636363636365,0.36363636363636365,0.6818181818181818,0.5454545454545454,0.4090909090909091,0.45454545454545453,0.5,0.5,0.5909090909090909,0.5454545454545454,0.6363636363636364,0.8181818181818182,0.45454545454545453,0.5,0.5,0.5909090909090909,0.5454545454545454,0.4090909090909091,0.3181818181818182,0.5909090909090909,0.5454545454545454,0.4090909090909091,0.8181818181818182,0.5,0.5909090909090909,0.6363636363636364,0.5,0.45454545454545453,0.36363636363636365,0.45454545454545453,0.36363636363636365,0.45454545454545453,0.5454545454545454,0.36363636363636365,0.7727272727272727,0.5909090909090909,0.4090909090909091,0.7272727272727273,0.36363636363636365,0.9090909090909091,0.5,0.45454545454545453,0.45454545454545453,0.5909090909090909,0.8181818181818182,0.4090909090909091,0.5,0.5,0.5,0.36363636363636365,0.6363636363636364,0.5454545454545454,0.5454545454545454,0.5,0.7727272727272727,0.36363636363636365,0.45454545454545453,0.4090909090909091,0.5,0.36363636363636365,0.5454545454545454,0.36363636363636365,0.5909090909090909,0.45454545454545453,0.45454545454545453,0.45454545454545453,0.36363636363636365,0.3181818181818182,0.3181818181818182,0.3181818181818182,0.6363636363636364,0.7272727272727273,0.5,0.5909090909090909,0.3181818181818182,0.36363636363636365,0.45454545454545453,0.5,0.45454545454545453,0.5,0.36363636363636365
H,0.2916666666666667,0.25,0.125,0.4583333333333333,0.9583333333333334,0.25,0.5,0.5,0.4583333333333333,0.4166666666666667,0.4166666666666667,0.3333333333333333,0.3333333333333333,0.4166666666666667,0.7083333333333334,0.5416666666666666,0.3333333333333333,0.4166666666666667,0.5,0.5416666666666666,0.4166666666666667,0.5833333333333334,0.20833333333333334,0.4583333333333333,0.4166666666666667,0.2916666666666667,0.5833333333333334,0.6666666666666666,0.4583333333333333,0.4583333333333333,0.4583333333333333,0.375,0.25,0.3333333333333333,0.25,0.2916666666666667,0.625,0.25,0.625,0.6666666666666666,0.2916666666666667,0.6666666666666666,0.20833333333333334,0.3333333333333333,0.375,0.5416666666666666,0.3333333333333333,0.5,0.375,0.9583333333333334,0.4583333333333333,0.4583333333333333,0.5,0.9583333333333334,0.7083333333333334,0.5,0.5,0.4166666666666667,0.5416666666666666,0.9583333333333334,0.4583333333333333,0.3333333333333333,0.2916666666666667,0.25,0.375,0.4166666666666667,0.4583333333333333,0.625,0.5416666666666666,0.375,0.25,0.20833333333333334,0.20833333333333334,0.4583333333333333,0.4583333333333333,0.4166666666666667,0.4583333333333333,0.4166666666666667,0.4166666666666667,0.25,0.8333333333333334,0.75,0.4166666666666667,0.375,0.25
I,0.4166666666666667,0.4166666666666667,0.3333333333333333,0.2916666666666667,0.3333333333333333,0.6666666666666666,0.5416666666666666,0.5,0.7083333333333334,0.5416666666666666,0.5,0.75,0.5,0.5416666666666666,0.5,0.7083333333333334,0.7916666666666666,0.4583333333333333,0.625,0.5,0.5,0.4583333333333333,0.375,0.5833333333333334,0.5833333333333334,0.4166666666666667,0.4583333333333333,0.5416666666666666,0.625,0.5416666666666666,0.4166666666666667,0.625,0.375,0.7916666666666666,0.4166666666666667,0.625,0.7083333333333334,0.4166666666666667,0.4583333333333333,0.5416666666666666,0.75,0.5,0.4166666666666667,0.375,0.4166666666666667,0.5,0.7916666666666666,0.4166666666666667,0.4166666666666667,0.375,0.5416666666666666,0.7083333333333334,0.5416666666666666,0.375,0.5,0.5416666666666666,0.5416666666666666,0.5,0.4583333333333333,0.375,0.4583333333333333,0.75,0.5416666666666666,0.6666666666666666,0.375,0.5833333333333334,0.625,0.375,0.625,0.375,0.7083333333333334,0.3333333333333333,0.375,0.4166666666666667,0.5833333333333334,0.375,0.375,0.4583333333333333,0.4166666666666667,0.7916666666666666,0.5,0.4166666666666667,0.5,0.6666666666666666,0.7916666666666666
L,0.45454545454545453,0.45454545454545453,0.36363636363636365,0.36363636363636365,0.4090909090909091,0.9545454545454546,0.5909090909090909,0.6363636363636364,0.8181818181818182,0.5454545454545454,0.6363636363636364,0.6818181818181818,0.7272727272727273,0.5454545454545454,0.5454545454545454,0.6363636363636364,0.7727272727272727,0.45454545454545453,0.6363636363636364,0.5909090909090909,0.6363636363636364,0.5454545454545454,0.4090909090909091,0.6363636363636364,0.5454545454545454,0.45454545454545453,0.5,0.5454545454545454,0.6363636363636364,0.5454545454545454,0.45454545454545453,0.7727272727272727,0.45454545454545453,0.7727272727272727,0.45454545454545453,0.9545454545454546,0.5909090909090909,0.45454545454545453,0.5454545454545454,0.5909090909090909,0.5909090909090909,0.7272727272727273,0.45454545454545453,0.4090909090909091,0.45454545454545453,0.5454545454545454,0.6363636363636364,0.5,0.5,0.4090909090909091,0.5909090909090909,0.8181818181818182,0.5909090909090909,0.4090909090909091,0.5454545454545454,0.6363636363636364,0.5454545454545454,0.5454545454545454,0.5454545454545454,0.4090909090909091,0.5909090909090909,0.8636363636363636,0.5454545454545454,0.9545454545454546,0.4090909090909091,0.7727272727272727,0.5454545454545454,0.4090909090909091,0.9090909090909091,0.45454545454545453,0.5909090909090909,0.4090909090909091,0.4090909090909091,0.45454545454545453,0.6818181818181818,0.4090909090909091,0.4090909090909091,0.45454545454545453,0.5,0.7727272727272727,0.45454545454545453,0.45454545454545453,0.6818181818181818,0.6818181818181818,0.9090909090909091
K,0.45454545454545453,0.3181818181818182,0.18181818181818182,0.6363636363636364,0.36363636363636365,0.36363636363636365,0.5454545454545454,0.5,0.4090909090909091,0.5909090909090909,0.5909090909090909,0.45454545454545453,0.5,0.5,0.5,0.5909090909090909,0.45454545454545453,0.45454545454545453,0.5454545454545454,0.6818181818181818,0.5454545454545454,0.5909090909090909,0.2727272727272727,0.5454545454545454,0.5454545454545454,0.3181818181818182,0.5454545454545454,0.5,0.5454545454545454,0.6363636363636364,0.5454545454545454,0.45454545454545453,0.3181818181818182,0.4090909090909091,0.3181818181818182,0.36363636363636365,0.5909090909090909,0.3181818181818182,0.6363636363636364,0.6363636363636364,0.4090909090909091,0.45454545454545453,0.2727272727272727,0.4090909090909091,0.5454545454545454,0.36363636363636365,0.5909090909090909,0.5909090909090909,0.7272727272727273,0.36363636363636365,0.4090909090909091,0.5909090909090909,0.6818181818181818,0.36363636363636365,0.45454545454545453,0.6363636363636364,0.5454545454545454,0.5,0.5909090909090909,0.36363636363636365,0.45454545454545453,0.4090909090909091,0.4090909090909091,0.45454545454545453,0.45454545454545453,0.36363636363636365,0.5,0.5,0.5,0.5,0.36363636363636365,0.22727272727272727,0.2727272727272727,0.3181818181818182,0.5909090909090909,0.3181818181818182,0.45454545454545453,0.45454545454545453,0.3181818181818182,0.36363636363636365,0.5,0.5,0.5909090909090909,0.5454545454545454,0.36363636363636365
M,0.34615384615384615,0.34615384615384615,0.23076923076923078,0.2692307692307692,0.3076923076923077,0.5,0.46153846153846156,0.5384615384615384,0.5769230769230769,0.4230769230769231,0.38461538461538464,0.5,0.4230769230769231,0.4230769230769231,0.4230769230769231,0.4230769230769231,0.5,0.5384615384615384,0.6153846153846154,0.4230769230769231,0.46153846153846156,0.4230769230769231,0.3076923076923077,0.5769230769230769,0.46153846153846156,0.34615384615384615,0.4230769230769231,0.4230769230769231,0.46153846153846156,0.46153846153846156,0.38461538461538464,0.46153846153846156,0.34615384615384615,0.6153846153846154,0.34615384615384615,0.5384615384615384,0.46153846153846156,0.34615384615384615,0.46153846153846156,0.5384615384615384,0.46153846153846156,0.5769230769230769,0.34615384615384615,0.34615384615384615,0.38461538461538464,0.4230769230769231,0.5769230769230769,0.4230769230769231,0.46153846153846156,0.34615384615384615,0.8461538461538461,0.6153846153846154,0.5769230769230769,0.34615384615384615,0.46153846153846156,0.5,0.46153846153846156,0.5,0.46153846153846156,0.34615384615384615,0.46153846153846156,0.6538461538461539,0.4230769230769231,0.7307692307692307,0.34615384615384615,0.5,0.4230769230769231,0.3076923076923077,0.6153846153846154,0.38461538461538464,0.4230769230769231,0.3076923076923077,0.3076923076923077,0.34615384615384615,0.5,0.3076923076923077,0.34615384615384615,0.38461538461538464,0.34615384615384615,0.46153846153846156,0.38461538461538464,0.38461538461538464,0.46153846153846156,0.5384615384615384,0.5384615384615384
F,0.30434782608695654,0.43478260869565216,0.17391304347826086,0.2608695652173913,0.34782608695652173,0.4782608695652174,0.4782608695652174,0.43478260869565216,0.4782608695652174,0.43478260869565216,0.391304347826087,0.5217391304347826,0.4782608695652174,0.43478260869565216,0.43478260869565216,0.391304347826087,0.6086956521739131,0.34782608695652173,0.4782608695652174,0.5217391304347826,0.5217391304347826,0.43478260869565216,0.2608695652173913,0.5217391304347826,0.391304347826087,0.34782608695652173,0.391304347826087,0.391304347826087,0.43478260869565216,0.43478260869565216,0.34782608695652173,0.391304347826087,0.43478260869565216,0.5217391304347826,0.30434782608695654,0.4782608695652174,0.43478260869565216,0.30434782608695654,0.6086956521739131,0.5652173913043478,0.43478260869565216,0.6956521739130435,0.30434782608695654,0.34782608695652173,0.34782608695652173,0.7391304347826086,0.43478260869565216,0.391304347826087,0.391304347826087,0.34782608695652173,0.4782608695652174,0.6086956521739131,0.4782608695652174,0.34782608695652173,0.782608695652174,0.391304347826087,0.391304347826087,0.4782608695652174,0.391304347826087,0.34782608695652173,0.391304347826087,0.5652173913043478,0.6086956521739131,0.5217391304347826,0.30434782608695654,0.8260869565217391,0.391304347826087,0.30434782608695654,0.5652173913043478,0.4782608695652174,0.5652173913043478,0.7391304347826086,0.2608695652173913,0.7391304347826086,0.4782608695652174,0.2608695652173913,0.30434782608695654,0.43478260869565216,0.6956521739130435,0.43478260869565216,0.391304347826087,0.34782608695652173,0.34782608695652173,0.4782608695652174,0.4782608695652174
P,1.0,0.30434782608695654,0.21739130434782608,0.9565217391304348,0.34782608695652173,0.34782608695652173,0.6086956521739131,0.4782608695652174,0.391304347826087,0.6086956521739131,0.8695652173913043,0.4782608695652174,0.8695652173913043,0.6956521739130435,0.6521739130434783,0.5217391304347826,0.782608695652174,0.7391304347826086,0.7391304347826086,0.5217391304347826,0.5652173913043478,0.9130434782608695,0.30434782608695654,0.5217391304347826,0.4782608695652174,0.391304347826087,0.4782608695652174,0.4782608695652174,0.7391304347826086,0.4782608695652174,0.4782608695652174,0.6521739130434783,0.30434782608695654,0.5652173913043478,0.34782608695652173,0.391304347826087,0.4782608695652174,0.34782608695652173,0.6086956521739131,0.4782608695652174,0.43478260869565216,0.43478260869565216,0.34782608695652173,0.43478260869565216,0.391304347826087,0.391304347826087,0.43478260869565216,0.43478260869565216,0.4782608695652174,0.34782608695652173,0.43478260869565216,0.4782608695652174,0.4782608695652174,0.34782608695652173,0.43478260869565216,0.4782608695652174,0.4782608695652174,0.5217391304347826,0.4782608695652174,0.34782608695652173,0.8695652173913043,0.43478260869565216,0.43478260869565216,0.34782608695652173,0.43478260869565216,0.34782608695652173,0.4782608695652174,0.391304347826087,0.391304347826087,0.43478260869565216,0.391304347826087,0.21739130434782608,0.30434782608695654,0.30434782608695654,0.6086956521739131,0.30434782608695654,0.43478260869565216,0.4782608695652174,0.30434782608695654,0.34782608695652173,0.43478260869565216,0.43478260869565216,0.782608695652174,0.4782608695652174,0.34782608695652173
S,0.47619047619047616,0.42857142857142855,0.2857142857142857,0.47619047619047616,0.42857142857142855,0.42857142857142855,0.6666666666666666,0.7619047619047619,0.6190476190476191,0.7142857142857143,0.7142857142857143,0.5714285714285714,0.5714285714285714,0.6666666666666666,0.6666666666666666,0.6666666666666666,0.5238095238095238,0.5714285714285714,0.6190476190476191,0.6666666666666666,0.7142857142857143,0.5714285714285714,0.38095238095238093,0.7142857142857143,0.6190476190476191,0.42857142857142855,0.6666666666666666,0.7619047619047619,0.6666666666666666,0.6666666666666666,0.7142857142857143,0.5238095238095238,0.3333333333333333,0.47619047619047616,0.38095238095238093,0.38095238095238093,0.7619047619047619,0.38095238095238093,0.6190476190476191,0.6190476190476191,0.5238095238095238,0.5238095238095238,0.38095238095238093,0.8095238095238095,0.42857142857142855,0.5238095238095238,0.5238095238095238,0.5714285714285714,0.6190476190476191,0.38095238095238093,0.5238095238095238,0.5714285714285714,0.5714285714285714,0.38095238095238093,0.6190476190476191,0.6190476190476191,0.6190476190476191,0.8095238095238095,0.7142857142857143,0.38095238095238093,0.6666666666666666,0.42857142857142855,0.6666666666666666,0.47619047619047616,0.9047619047619048,0.42857142857142855,0.8095238095238095,0.5714285714285714,0.47619047619047616,0.9047619047619048,0.42857142857142855,0.2857142857142857,0.38095238095238093,0.42857142857142855,0.6666666666666666,0.42857142857142855,0.5714285714285714,0.7619047619047619,0.3333333333333333,0.38095238095238093,0.5714285714285714,0.6190476190476191,0.5714285714285714,0.5238095238095238,0.38095238095238093
T,0.43478260869565216,0.43478260869565216,0.30434782608695654,0.43478260869565216,0.34782608695652173,0.43478260869565216,0.6086956521739131,0.6956521739130435,0.5217391304347826,0.5652173913043478,0.5217391304347826,0.5652173913043478,0.5217391304347826,0.6521739130434783,0.6086956521739131,0.5652173913043478,0.5217391304347826,0.6521739130434783,0.6521739130434783,0.6956521739130435,0.6956521739130435,0.6086956521739131,0.391304347826087,0.6086956521739131,0.6521739130434783,0.43478260869565216,0.5652173913043478,0.782608695652174,0.7391304347826086,0.6086956521739131,0.4782608695652174,0.5217391304347826,0.34782608695652173,0.5217391304347826,0.5217391304347826,0.43478260869565216,0.7391304347826086,0.391304347826087,0.5217391304347826,0.6086956521739131,0.5652173913043478,0.4782608695652174,0.391304347826087,0.4782608695652174,0.43478260869565216,0.43478260869565216,0.5652173913043478,0.4782608695652174,0.4782608695652174,0.391304347826087,0.4782608695652174,0.5217391304347826,0.5652173913043478,0.391304347826087,0.4782608695652174,0.6086956521739131,0.6086956521739131,0.8260869565217391,0.5652173913043478,0.391304347826087,0.6086956521739131,0.4782608695652174,0.6086956521739131,0.43478260869565216,0.5217391304347826,0.43478260869565216,0.6086956521739131,0.6521739130434783,0.4782608695652174,0.5217391304347826,0.6956521739130435,0.30434782608695654,0.391304347826087,0.34782608695652173,0.6086956521739131,0.391304347826087,0.43478260869565216,0.5652173913043478,0.5217391304347826,0.4782608695652174,0.5652173913043478,0.4782608695652174,0.4782608695652174,0.6086956521739131,0.43478260869565216
W,0.2962962962962963,0.9629629629629629,0.2222222222222222,0.18518518518518517,0.2962962962962963,0.3333333333333333,0.37037037037037035,0.4444444444444444,0.3333333333333333,0.3333333333333333,0.37037037037037035,0.4444444444444444,0.4444444444444444,0.3333333333333333,0.6296296296296297,0.5185185185185185,0.4074074074074074,0.2962962962962963,0.37037037037037035,0.4444444444444444,0.7407407407407407,0.2962962962962963,0.2962962962962963,0.4444444444444444,0.37037037037037035,0.3333333333333333,0.37037037037037035,0.37037037037037035,0.37037037037037035,0.37037037037037035,0.3333333333333333,0.3333333333333333,1.0,0.37037037037037035,0.2962962962962963,0.3333333333333333,0.37037037037037035,0.2962962962962963,0.48148148148148145,0.4074074074074074,0.3333333333333333,0.4444444444444444,0.2962962962962963,0.5185185185185185,0.3333333333333333,0.4444444444444444,0.37037037037037035,0.3333333333333333,0.37037037037037035,0.2962962962962963,0.3333333333333333,0.4074074074074074,0.4444444444444444,0.2962962962962963,0.6666666666666666,0.37037037037037035,0.37037037037037035,0.3333333333333333,0.37037037037037035,0.2962962962962963,0.3333333333333333,0.4074074074074074,0.3333333333333333,0.3333333333333333,0.2962962962962963,0.5185185185185185,0.3333333333333333,0.25925925925925924,0.37037037037037035,0.3333333333333333,0.2962962962962963,1.0,0.25925925925925924,0.4444444444444444,0.4074074074074074,0.2962962962962963,0.25925925925925924,0.3333333333333333,0.4444444444444444,0.2962962962962963,0.2962962962962963,0.2962962962962963,0.3333333333333333,0.37037037037037035,0.3333333333333333
Y,0.2727272727272727,0.5909090909090909,0.13636363636363635,0.22727272727272727,0.45454545454545453,0.4090909090909091,0.4090909090909091,0.4090909090909091,0.5,0.5,0.3181818181818182,0.5,0.3181818181818182,0.4090909090909091,0.4090909090909091,0.4090909090909091,0.36363636363636365,0.36363636363636365,0.4090909090909091,0.45454545454545453,0.45454545454545453,0.4090909090909091,0.22727272727272727,0.5454545454545454,0.4090909090909091,0.6363636363636364,0.5,0.4090909090909091,0.4090909090909091,0.4090909090909091,0.36363636363636365,0.36363636363636365,0.5454545454545454,0.4090909090909091,0.2727272727272727,0.36363636363636365,0.45454545454545453,0.2727272727272727,0.7727272727272727,0.5,0.45454545454545453,0.7272727272727273,0.2727272727272727,0.3181818181818182,0.36363636363636365,0.9545454545454546,0.4090909090909091,0.5,0.36363636363636365,0.45454545454545453,0.36363636363636365,0.5454545454545454,0.5,0.45454545454545453,0.7727272727272727,0.4090909090909091,0.4090909090909091,0.4090909090909091,0.4090909090909091,0.45454545454545453,0.4090909090909091,0.6818181818181818,0.36363636363636365,0.36363636363636365,0.3181818181818182,0.7727272727272727,0.36363636363636365,0.3181818181818182,0.5454545454545454,0.6363636363636364,0.4090909090909091,0.6363636363636364,0.22727272727272727,0.9545454545454546,0.5909090909090909,0.2727272727272727,0.3181818181818182,0.36363636363636365,1.0,0.36363636363636365,0.45454545454545453,0.4090909090909091,0.4090909090909091,0.4090909090909091,0.36363636363636365
V,0.43478260869565216,0.7391304347826086,0.34782608695652173,0.34782608695652173,0.34782608695652173,0.7391304347826086,0.6956521739130435,0.5217391304347826,0.8695652173913043,0.6956521739130435,0.5217391304347826,0.782608695652174,0.4782608695652174,0.6086956521739131,0.5217391304347826,0.6086956521739131,0.6956521739130435,0.5217391304347826,0.7391304347826086,0.5217391304347826,0.5652173913043478,0.5652173913043478,0.43478260869565216,0.6956521739130435,0.6956521739130435,0.4782608695652174,0.5217391304347826,0.5652173913043478,0.6086956521739131,0.6086956521739131,0.4782608695652174,0.6521739130434783,0.391304347826087,0.8260869565217391,0.43478260869565216,0.6086956521739131,0.6521739130434783,0.43478260869565216,0.4782608695652174,0.6086956521739131,0.9130434782608695,0.5217391304347826,0.43478260869565216,0.43478260869565216,0.43478260869565216,0.5217391304347826,0.8695652173913043,0.5217391304347826,0.4782608695652174,0.391304347826087,0.5217391304347826,0.7391304347826086,0.5652173913043478,0.391304347826087,0.5652173913043478,0.5652173913043478,0.5652173913043478,0.5217391304347826,0.4782608695652174,0.391304347826087,0.5217391304347826,0.7391304347826086,0.782608695652174,0.6086956521739131,0.43478260869565216,0.6956521739130435,0.6086956521739131,0.4782608695652174,0.5652173913043478,0.4782608695652174,0.9130434782608695,0.34782608695652173,0.43478260869565216,0.43478260869565216,0.6521739130434783,0.43478260869565216,0.391304347826087,0.5217391304347826,0.43478260869565216,0.9130434782608695,0.6086956521739131,0.5652173913043478,0.5217391304347826,0.8260869565217391,0.6956521739130435
