,P,E,T,H,I,N,L,K,V,S,D,G,S.1,S.2,E.1,I.1,F,F.1,K.1,I.2,K.2,K.3,T.1,T.2,P.1,L.1,R,R.1,L.2,M,E.2,A,F.2,A.1,K.4,R.2,Q,G.1,K.5,E.3,M.1,D.1,S.3,L.3,R.3,F.3,L.4,Y,D.2,G.2,I.3,R.4,I.4,Q.1,A.2,D.3,Q.2,T.3,P.2,E.4,D.4,L.5,D.5,M.2,E.5,D.6,N.1,D.7,I.5,I.6,E.6,A.3,H.1,R.5,E.7,Q.3,I.7,G.3,G.4
ASA,0.5333333333333333,0.6933333333333335,0.3492307692307693,0.38410256410256416,0.05641025641025641,0.29743589743589743,0.02461538461538462,0.34205128205128205,0.05333333333333334,0.18717948717948718,0.26615384615384613,0.29333333333333333,0.48820512820512824,0.28307692307692306,0.4133333333333334,0.12615384615384614,0.35282051282051285,0.06051282051282052,0.49743589743589745,0.045641025641025644,0.36666666666666664,0.49282051282051287,0.5128205128205128,0.15487179487179487,0.32769230769230767,0.0441025641025641,0.5143589743589744,0.6246153846153847,0.05846153846153846,0.1246153846153846,0.5030769230769231,0.15846153846153846,0.11948717948717948,0.10871794871794871,0.698974358974359,0.6061538461538462,0.358974358974359,0.3241025641025641,0.38102564102564107,0.6256410256410256,0.377948717948718,0.5338461538461539,0.24153846153846154,0.10307692307692307,0.3523076923076923,0.08717948717948718,0.25076923076923074,0.16358974358974357,0.4630769230769231,0.25846153846153846,0.44820512820512826,0.6174358974358974,0.06615384615384616,0.4148717948717949,0.35743589743589743,0.6046153846153847,0.19897435897435897,0.20717948717948717,0.13999999999999999,0.6302564102564103,0.47384615384615386,0.15333333333333332,0.6015384615384616,0.20205128205128203,0.6333333333333333,0.5328205128205129,0.6358974358974359,0.22153846153846152,0.43846153846153846,0.09230769230769231,0.4256410256410256,0.07025641025641026,0.3902564102564103,0.457948717948718,0.4548717948717949,0.4564102564102564,0.5102564102564102,0.26461538461538464,0.30974358974358973
HSE_alpha_up,0.10322580645161289,0.13548387096774195,0.2935483870967742,0.3612903225806452,0.7612903225806452,0.2774193548387097,0.832258064516129,0.27419354838709675,0.7774193548387097,0.28064516129032263,0.41935483870967744,0.05161290322580645,0.054838709677419356,0.19032258064516128,0.3806451612903226,0.5838709677419355,0.33548387096774196,0.7419354838709677,0.24193548387096775,0.7870967741935485,0.2774193548387097,0.4387096774193549,0.06774193548387096,0.503225806451613,0.22580645161290322,0.8161290322580645,0.3838709677419355,0.10322580645161289,0.6451612903225806,0.6419354838709678,0.16774193548387098,0.22580645161290322,0.535483870967742,0.4870967741935484,0.05806451612903226,0.17096774193548386,0.3419354838709678,0.029032258064516134,0.3387096774193548,0.08064516129032258,0.532258064516129,0.10322580645161289,0.2709677419354839,0.6935483870967742,0.34838709677419355,0.732258064516129,0.32903225806451614,0.6096774193548388,0.2032258064516129,0.14516129032258066,0.1935483870967742,0.27419354838709675,0.7741935483870968,0.13548387096774195,0.31290322580645163,0.03225806451612903,0.5387096774193548,0.25806451612903225,0.6774193548387096,0.10322580645161289,0.0967741935483871,0.5580645161290323,0.061290322580645165,0.6032258064516128,0.08064516129032258,0.16129032258064516,0.04838709677419355,0.4032258064516129,0.24838709677419354,0.6774193548387096,0.2225806451612903,0.6870967741935484,0.25161290322580643,0.4483870967741936,0.23225806451612904,0.3419354838709678,0.22903225806451613,0.132258064516129,0.10967741935483871
HSE_alpha_down,0.2931596091205212,0.33876221498371334,0.37785016286644957,0.5309446254071661,0.4397394136807818,0.7817589576547231,0.4527687296416938,0.8013029315960911,0.4527687296416938,0.6221498371335504,0.3680781758957655,0.3485342019543974,0.3615635179153095,0.3745928338762215,0.4364820846905537,0.46254071661237783,0.7100977198697069,0.4723127035830619,0.739413680781759,0.4104234527687297,0.6286644951140066,0.3843648208469056,0.5635179153094463,0.24104234527687296,0.6612377850162867,0.3843648208469056,0.5374592833876222,0.6905537459283387,0.5081433224755699,0.52442996742671,0.6710097719869706,0.5863192182410424,0.44951140065146583,0.42019543973941365,0.48859934853420195,0.4104234527687297,0.29641693811074926,0.4397394136807818,0.22801302931596096,0.5667752442996742,0.2899022801302931,0.504885993485342,0.511400651465798,0.35179153094462545,0.7133550488599348,0.49837133550488605,0.6807817589576547,0.3973941368078176,0.482084690553746,0.4364820846905537,0.3973941368078176,0.5537459283387622,0.23778501628664495,0.6905537459283387,0.36482084690553745,0.4853420195439739,0.27361563517915305,0.6840390879478827,0.3355048859934854,0.495114006514658,0.44951140065146583,0.2247557003257329,0.5732899022801302,0.1498371335504886,0.47557003257328984,0.39413680781758964,0.44951140065146583,0.28664495114006516,0.5537459283387622,0.3452768729641694,0.7133550488599348,0.39087947882736157,0.6188925081433225,0.4104234527687297,0.46254071661237783,0.3322475570032573,0.2931596091205212,0.3061889250814332,0.21172638436482089
P(C),0.996,0.987,0.958,0.7140000000000001,0.205,0.069,0.052000000000000005,0.021,0.023,0.038,0.24,0.993,0.9990000000000001,0.17600000000000002,0.026000000000000002,0.016,0.015,0.009000000000000001,0.023,0.188,0.9109999999999999,0.993,0.998,0.9940000000000001,0.319,0.068,0.023,0.006,0.003,0.001,0.001,0.001,0.001,0.004,0.018000000000000002,0.049,0.6579999999999999,0.998,0.996,0.997,0.21899999999999997,0.256,0.223,0.19699999999999998,0.046,0.024,0.015,0.033,0.997,0.9990000000000001,0.057,0.067,0.818,0.958,0.997,0.997,0.987,0.971,0.264,0.23,0.226,0.5660000000000001,0.983,0.971,0.968,0.983,0.9940000000000001,0.983,0.16399999999999998,0.13699999999999998,0.11699999999999999,0.147,0.133,0.223,0.297,0.424,0.685,0.935,0.988
P(H),0.002,0.006999999999999999,0.011000000000000001,0.011000000000000001,0.0,0.0,0.0,0.0,0.0,0.0,0.001,0.001,0.0,0.001,0.0,0.0,0.0,0.0,0.0,0.001,0.001,0.001,0.001,0.001,0.003,0.932,0.977,0.9940000000000001,0.997,0.9990000000000001,0.9990000000000001,0.9990000000000001,0.9990000000000001,0.996,0.982,0.951,0.34,0.002,0.0,0.001,0.7809999999999999,0.743,0.773,0.019,0.001,0.0,0.0,0.0,0.001,0.001,0.0,0.0,0.002,0.0,0.001,0.001,0.0,0.001,0.735,0.77,0.773,0.43,0.008,0.001,0.001,0.003,0.003,0.001,0.006,0.006999999999999999,0.012,0.025,0.019,0.045,0.064,0.05,0.035,0.003,0.005
P(E),0.002,0.006,0.032,0.275,0.795,0.9309999999999999,0.948,0.9790000000000001,0.977,0.9620000000000001,0.759,0.006,0.001,0.823,0.9740000000000001,0.9840000000000001,0.985,0.991,0.977,0.8109999999999999,0.08800000000000001,0.006,0.001,0.005,0.6779999999999999,0.0,0.0,0.0,0.0,0.0,0.0,0.0,0.0,0.0,0.0,0.0,0.002,0.0,0.004,0.002,0.001,0.002,0.004,0.784,0.953,0.975,0.985,0.9670000000000001,0.002,0.001,0.943,0.9329999999999999,0.18,0.042,0.002,0.002,0.013000000000000001,0.027000000000000003,0.001,0.0,0.001,0.004,0.009000000000000001,0.027999999999999997,0.031,0.013000000000000001,0.004,0.017,0.83,0.856,0.871,0.828,0.848,0.732,0.638,0.526,0.27899999999999997,0.062,0.006999999999999999
cosPhi,0.6767394833538882,0.5825255774029204,0.4451342004094164,0.34217652385468844,0.3143170396883666,0.3943388029957729,0.29344867898261573,0.3070479141583246,0.27300558175194123,0.17329022587662607,0.2146438699997388,0.6993766648836112,0.48778539680145455,0.3143170396883666,0.38497630410964145,0.2606548650290148,0.3248972990630308,0.1209332002843942,0.41747746877746345,0.2357815508697738,0.6344618429869661,0.7097282031766333,0.490402772650911,0.5557361589705921,0.6824404709992533,0.7262195668449516,0.7355081810934736,0.7073487760335222,0.7057593291662297,0.7231011092446092,0.7152577272015687,0.7105200710494552,0.7025729335473005,0.7128918173729912,0.6993766648836112,0.6742880776577661,0.46512317997272834,0.6478559985022461,0.38412721837015446,0.6428461419218291,0.7408790938953456,0.6302541741833783,0.5078552056697634,0.4217840523062772,0.2032911759578554,0.3135070637082541,0.2910673497404118,0.1766056482157927,0.787505024896691,0.5540013654359628,0.3605055451419601,0.6285683113039754,0.557470273396272,0.28790116562351675,0.7223197899021362,0.4947656150825975,0.612477392882869,0.352147047678138,0.7378143520438976,0.7033704641246838,0.6420096280231393,0.5401011074048164,0.7774245818922972,0.36806459620505116,0.48953028125131925,0.7049636643607307,0.5842464694972148,0.5678595160144014,0.33969453947485245,0.26142141620455994,0.4028840516437707,0.21249802128369297,0.23800777202735837,0.3554851843964611,0.2568330921457988,0.5305258858400523,0.4451342004094164,0.509600273529473,0.39946225625740023
cosPsi,0.07597595192178702,0.9701440635052095,0.34052034535096504,0.14830264859474812,0.18061609124220118,0.24098649531343497,0.17131237710295222,0.18533980447508136,0.15645624459778856,0.07459444528797438,0.3022272487185176,0.34052034535096504,0.999524110790929,0.09549150281252633,0.1609201650659648,0.15079235728449697,0.1680368936738792,0.05893656699116606,0.17994515025752217,0.11474337861210532,0.1379140692812662,0.947077118419684,0.9997532801828658,0.08942539543314793,0.15645624459778856,0.8993177550236464,0.883022221559489,0.8874722443520897,0.8650811383103761,0.8738990452492659,0.882460700459216,0.872155773115577,0.868638668405062,0.8796356536674403,0.8993177550236464,0.9110720205153687,0.998657238612229,0.9803895770787969,0.059348273967503806,0.09193120495991997,0.9276821300802534,0.9838545852409857,0.9948881154538944,0.14954536785007455,0.10068224497635353,0.15455879446157106,0.16738482267281962,0.18398534866757477,0.879067168098826,0.9999809615320856,0.1266809088573042,0.1415446961747585,0.1609201650659648,0.02134025123396638,0.9439076925682006,0.9996641968893281,0.11923084623163172,0.02639486112698558,0.9135402871372809,0.909576022144496,0.9501593857010968,0.998900734146025,0.8807691537683684,0.09859126240444271,0.04984061429890324,0.188060201645307,0.9991199139618826,0.06962898649802812,0.1558227121531231,0.1609201650659648,0.2110711878082474,0.11641742409235029,0.12379254555213776,0.15141744857271777,0.11252775564791012,0.1949274180493662,0.5409692543150205,0.031663905375801216,0.028099524208385296
cosTheta,0.6228444885907569,0.6703830979376492,0.5349432480110041,0.38144611627213654,0.37832383387602486,0.48794196912644006,0.3505257113953375,0.3955772822968696,0.32778997029444323,0.24384387385761624,0.43065937896758133,0.6491796638331967,0.7887199616519883,0.29664706856542894,0.40983823495542443,0.33532409635984006,0.38614186831603275,0.1481491135290557,0.45010345364229426,0.2749136839632729,0.5180452179031717,0.8413671630595275,0.7905304889997357,0.37988415000374914,0.6298479249336872,0.8486480206728793,0.8796270369773674,0.8869225971143573,0.8541110164355151,0.8613978627735588,0.8741566897177764,0.8705105047910613,0.8504688044512568,0.8595758622648653,0.8832745835938351,0.8705105047910613,0.7724440909438196,0.8723335222271821,0.29664706856542894,0.49293025492739123,0.8850985347690807,0.8668649422946731,0.7724440909438196,0.3845749801938092,0.2706197199318339,0.3520555171699238,0.3736528338415495,0.31731829200591355,0.8286352843229204,0.8250000700976063,0.3383502801029132,0.4962623161495994,0.4813094386336044,0.24523480383836033,0.8705105047910613,0.8377281783760793,0.45010345364229426,0.26208544942694145,0.8960443819059408,0.8778034526472047,0.8796270369773674,0.750800867852382,0.8159172805945597,0.34747132321559654,0.37832383387602486,0.6280957194460757,0.8104714255234919,0.3845749801938092,0.37832383387602486,0.3383502801029132,0.46975433943965944,0.2691923587387716,0.30989365233319494,0.39242568378603776,0.3398660392704277,0.5264791882143218,0.5742471545563521,0.5605095074425451,0.5231019533320916
cosTau,0.37819249410698874,0.5357487221663428,0.30785233867009826,0.0046260797642782014,0.03673568456408138,0.06918541977923709,0.0132105485634198,0.027240712200341577,0.014641759210904604,0.0015413331334360736,0.0015413331334360736,0.7627358255361338,0.9738842050047928,0.495636732250813,0.12093283190117388,0.011292052856952006,0.05175678480827983,0.00019494247982282387,0.14830264859474812,0.009692670726693553,0.3126967032920439,0.23430071024095867,0.7924788374936077,0.356319740075144,0.31431608222488255,0.24547929212481434,0.7545207078751857,0.8173652566011338,0.8193839087577989,0.8133019056822303,0.8160146513324255,0.8187119948743449,0.8273704068586698,0.8098895158975701,0.8173652566011338,0.8253871086329254,0.877354790111386,0.3151266213630853,0.21895831107393465,0.3951907185480892,0.2560701704306335,0.7401117487215945,0.7582666644333209,0.4468679643318834,0.0027390523158634106,0.06482215203005015,0.021593207971196293,0.0009326007890664845,0.9899623523104149,0.818039110138882,0.34052034535096504,0.29663167846209987,0.21607812747344946,0.028099524208385296,0.41231663695400655,0.8153379037156432,0.35214597497797673,0.03673568456408138,0.35966664553960614,0.7910614850786447,0.8105738901391552,0.7590135046865651,0.2691256933824831,0.01636612361206158,0.18942610986084485,0.5235532253548213,0.9704403844771128,0.19011048410242992,0.11753929954078413,0.0132105485634198,0.06874316539637126,0.0036213290352771765,0.015492134296565208,0.07505365350656812,0.009020643651778182,0.16413970533850497,0.014019499710726802,0.9952547316191545,0.9825082472361557
sinPhi,0.03227798458506631,0.006857199231384281,0.003019522272410202,0.02556199417775179,0.03575708655954318,0.011292052856952006,0.04465816959691138,0.03873095527187681,0.05449673790581605,0.1215024721741218,0.08942539543314793,0.958530037192562,0.00014925510940838604,0.03575708655954318,0.013410563611455817,0.06100851228600973,0.031663905375801216,0.17395079808480396,0.006857199231384281,0.07551415618542923,0.018418716601170892,0.0461112607335456,9.21439391778911e-05,0.0031160404197018154,0.034472092068735805,0.05410123519739296,0.05893656699116612,0.04501936456172839,0.04429836168227741,0.052532819198987446,0.0487073578250698,0.046477992854267625,0.04287302238286822,0.04758647376699021,0.04146996280743798,0.03135900525405422,0.0012179748700879012,0.9776391810611718,0.013612060895301703,0.020838712767433376,0.06184665997806815,0.017263684560387405,6.168375916970614e-05,0.006155829702431115,0.09755310132204292,0.03608187305054,0.04574591123663918,0.1186658351521559,0.9090748587125117,0.9970754819861577,0.019853157161528412,0.016811960339335408,0.003313617199801777,0.04721560049443019,0.05214411988029355,2.741531724398394e-05,0.012814967607382377,0.022360818938828186,0.06017571356669177,0.04322727117869962,0.02059013256590353,0.0016105607718763792,0.9159770610652412,0.017721290771101017,0.00010965826257719469,0.04393994191386341,0.9928517345444268,0.0046260797642782014,0.02639486112698558,0.06059144366901731,0.009522422325404178,0.0909251412874883,0.07413653292847616,0.02134025123396638,0.06311388848226734,0.0009326007890665955,0.003019522272410202,0.9999078560608221,0.010212375200328028
sinPsi,0.7649596321166025,0.6701897751065251,0.9738842050047928,0.8553997369364963,0.8846997775234475,0.9276821300802534,0.876781696150819,0.8885729807284855,0.863287335485488,0.7627358255361338,0.9592231906715436,0.02611579499520722,0.521809693682668,0.7938926261462367,0.8674572975749799,0.8578463668518679,0.8738990452492659,0.7355059406097049,0.8841417617967616,0.8187119948743448,0.8448097718678349,0.27612045608061514,0.5157053795390641,0.7853567838422159,0.863287335485488,0.19909248842397587,0.17860619515673037,0.18398534866757454,0.1583631131596004,0.1680368936738792,0.17793818511930676,0.1660837222644767,0.16220489619216988,0.17461289136707453,0.19909248842397587,0.2153602382845779,0.46338090143618416,0.6386573266511889,0.7362753824345268,0.7889288121917528,0.2409864953134349,0.37396532087844314,0.42868553314724417,0.8566252245770908,0.800907511576024,0.8614835729547843,0.8733190911426957,0.8874722443520899,0.8260492019151962,0.495636732250813,0.8326151773271804,0.8485825514272821,0.8674572975749799,0.6445158984722359,0.26990010760807415,0.5183218543532782,0.8240599505315656,0.660306495292838,0.2189583110739347,0.21321178182447698,0.28238445031383624,0.46686304979999993,0.8240599505315654,0.7981124374828079,0.7176155496861638,0.8907602362094096,0.5296531867879808,0.7545207078751855,0.862687185506144,0.8674572975749799,0.9080687950400802,0.820724815784579,0.8293447300593402,0.8584553038252414,0.8160146513324253,0.8961448216775953,0.9983186934090182,0.6751036906297337,0.6652571963566115
sinTheta,0.9209830581619485,0.9444808780231918,0.8656412337988317,0.7274943144737177,0.724066013990787,0.8292940379350375,0.6923281472969192,0.7426762823675348,0.6646812248734246,0.5478964105350119,0.7780783450903795,0.934538972054433,0.9846325354743227,0.6241830634050799,0.7574539518744037,0.6740166561530435,0.7325996632940033,0.3800588479210756,0.7963516213627504,0.5940024317763319,0.8531386427652651,0.994412262684677,0.9850501277462946,0.725782634221499,0.9247201215237345,0.9953816413449323,0.9984726399586985,0.9989576550279643,0.9960481851351943,0.9968562218398896,0.9980482857103211,0.9977365354255,0.9956095847521328,0.9966628597427053,0.9987266903113869,0.9977365354255,0.980616581821997,0.997895295008335,0.6241830634050799,0.833387029548143,0.9988450585566723,0.9974017115692927,0.980616581821997,0.7309028342014408,0.5878430971776544,0.6941327784568236,0.7188865657940682,0.6514121214448376,0.9924941883966378,0.9918943823771844,0.6777173923431119,0.8360893587494999,0.8237631614245161,0.5500388388175574,0.9977365354255,0.9938930207322169,0.7963516213627504,0.5754025638545966,0.9994340493853543,0.9983369586251768,0.9984726399586985,0.9745419321923995,0.9902942485641469,0.6887043762780951,0.724066013990787,0.9237941675755121,0.9892652117214851,0.7309028342014408,0.724066013990787,0.6777173923431119,0.8138826126641087,0.5857809377106397,0.6417926723056722,0.739337320759201,0.6795605729076252,0.8594567775387871,0.8923548689224977,0.8833878729103208,0.8569455383342166
sinTau,0.015063992357626621,0.001279608534527965,0.9616051085564905,0.5678577862171522,0.31188786843031713,0.24623081851964795,0.38582456494467215,0.3372159227714217,0.3798859787613681,0.4607704521360775,0.4607704521360775,0.07459444528797443,0.340520345350965,0.9999809615320856,0.17395079808480396,0.3943376017723058,0.27846440458790994,0.5139608193617845,0.1446002630635037,0.402026927878741,0.03640807271660629,0.07643903930893137,0.9055319094946633,0.9789112474226573,0.03575708655954318,0.06962898649802818,0.9303710135019718,0.8863667867486755,0.8846997775234475,0.8896689824657371,0.8874722443520897,0.8852566213878946,0.8779267345838198,0.8923881852665414,0.8863667867486755,0.8796356536674403,0.8280295144952536,0.035433714232971925,0.9135402871372809,0.011108381620696883,0.06353896136509524,0.9385730818527944,0.9281335423001641,0.9971689720666024,0.4477357683661731,0.2537882199482664,0.3546489032008738,0.4694757302325716,0.4003160327914014,0.11418770830614,0.9738842050047928,0.04322727117869962,0.08843181573277897,0.3347428036433885,0.0077484100127815925,0.8880232035332729,0.9776391810611718,0.31188786843031713,0.020097354012406587,0.9065503805235138,0.8918467286629199,0.9276821300802534,0.05649458341088909,0.6268789722924026,0.10815327133708008,0.0005550625190149927,0.6693689601226457,0.8923881852665414,0.1779381851193067,0.38582456494467215,0.24698311793941813,0.43993158058267634,0.3765004936386285,0.23652210225166115,0.4054522785050542,0.1295977018566249,0.382428943448705,0.4312777269814267,0.3689054106795676
hhm0,0.29472621751198586,0.301455126587602,0.3197914038186559,0.45504247623853983,0.6225082008579359,0.4996214988644965,0.5532004373790899,0.46294894440238876,0.4986962738665993,0.4151736899655143,0.3176886197325258,0.4092858945243502,0.44629489444023884,0.40676255362099417,0.43451930355791063,0.45504247623853983,0.37883758095718734,0.5904617713853142,0.4176129195054252,0.3851459332155774,0.43796786945916394,0.36950121961476995,0.48145344436033305,0.30465135839851964,0.4107998990663638,0.5233409033560433,0.3245857515350324,0.39532340819244677,0.3969215240979056,0.39204306501808395,0.31121204474724534,0.1447556564891917,0.38480948776179663,0.1633442678105812,0.312305492472033,0.34073513331651106,0.3416603583144083,0.4541172512406426,0.43208007401799986,0.31062326520312894,0.3322398856085457,0.336529565144251,0.34494070148877115,0.39010850365884425,0.417949364959206,0.5735553873328286,0.4871730170746068,0.5717890487004794,0.35082849692993523,0.5005467238623937,0.4140802422407267,0.39456640592144,0.6894608461603162,0.39986542181848767,0.3540247287408529,0.4308184035663218,0.35873496509378416,0.5292286987972075,0.2740348221044663,0.20884851543443517,0.43275296492556137,0.3726974514256876,0.5368828328707208,0.6285642190259904,0.39414584910421396,0.38876272184372107,0.4494070148877113,0.28841786525359575,0.47506098073849773,0.618386744049121,0.5449575237614601,0.18815712002691565,0.4605097148624779,0.3928000672890908,0.32946421061485404,0.45378080578686175,0.4740516443771553,0.42602405584994524,0.42291193540247285
hhm1,0.5801786137674859,0.5534655812850707,0.6072868094523037,0.5573381806686162,0.509602465818383,0.5111831186279934,0.6912985062830949,0.48336362917885084,0.5495139492610448,0.5588398008377459,0.3802260333517743,0.6522563818857188,0.7601359361416264,0.6245949577175373,0.7308938591638345,0.5077056824468504,0.4734055164783055,0.44811507152453967,0.5416106852129929,0.4271714217972022,0.5728285782027978,0.5987512842804078,0.6513079901999526,0.6453805421639136,0.6531257409310045,0.526673516162175,0.5293606259385125,0.6136094206907452,0.7903264048051845,0.655970915988303,0.571801153876551,0.5533075160041097,0.39508416976211175,0.15569430174662133,0.6271240022129139,0.588714138939382,0.542084881055876,0.47490713664743534,0.4661345135540978,0.5139492610448114,0.6780210226823677,0.5691140441002133,0.5081798782897337,0.4634474037777602,0.48913301193392866,0.6782581206038093,0.4406069706788903,0.4485102347269422,0.5518058958349799,0.7903264048051845,0.5062040622777206,0.4657393503516953,0.6985695092073025,0.4705603414210069,0.6385047024421086,0.6012012961353038,0.599857741247135,0.4381569588239943,0.5171895993045127,0.49656208013909736,0.6022287204615506,0.42685529123528015,0.533233225322058,0.6122658658025765,0.56097368213072,0.6339208092942386,0.6302853078321347,0.468900655970916,0.3594404489053979,0.6641112779577966,0.4996443531178376,0.36078400379356673,0.3573856002529044,0.5216154271714217,0.5940883584920572,0.5310203113886035,0.4500908875365526,0.4871571959219157,0.6952501383071208
hhm2,0.27429183135704877,0.3231225296442688,0.2225790513833992,0.45240447957839264,0.6769598155467722,0.4967885375494071,0.8234519104084322,0.6555500658761529,0.4823781291172596,0.49662384716732544,0.20619235836627142,0.202733860342556,0.30558300395256915,0.3084650856389987,0.27626811594202905,0.47002635046113306,0.4577569169960474,0.8234519104084322,0.3837285902503294,0.639739789196311,0.3320981554677207,0.5319499341238472,0.24530632411067196,0.21903820816864297,0.5933794466403163,0.8234519104084322,0.38438735177865613,0.2948781291172595,0.8234519104084322,0.738471673254282,0.22620223978919632,0.36380105401844537,0.8234519104084322,0.7691864295125166,0.2191205533596838,0.43387681159420294,0.4992588932806324,0.3663537549407115,0.5678524374176548,0.2076745718050066,0.40373847167325433,0.21096837944664032,0.3172760210803689,0.8234519104084322,0.5570652173913043,0.8234519104084322,0.6011198945981555,0.5294795783926219,0.10161396574440053,0.3741765480895916,0.28302042160737817,0.4864130434782609,0.8234519104084322,0.24127140974967062,0.19894598155467721,0.20265151515151517,0.17597167325428195,0.7172266139657445,0.8234519104084322,0.268939393939394,0.1487977602108037,0.6826416337285903,0.19828722002635046,0.8234519104084322,0.34914361001317523,0.07551054018445323,0.2719038208168643,0.056982872200263504,0.5170454545454546,0.7183794466403162,0.12063570487483531,0.8234519104084322,0.5382905138339921,0.5082345191040843,0.3483201581027668,0.6967226613965745,0.3780467720685112,0.6002140974967062,0.489542160737813
hhm3,0.2043644472762026,0.23749601784007646,0.1739407454603377,0.38093341828607835,0.7964319847085058,0.3657215673781459,0.7964319847085058,0.4659923542529467,0.572475310608474,0.38340235743867473,0.3913666772857598,0.2774769034724434,0.29874163746416055,0.26234469576298186,0.1719496654985664,0.3928002548582351,0.31873208028034405,0.664702134437719,0.3210417330359987,0.6551449506212169,0.3557661675692896,0.4298343421471806,0.3534565148136349,0.34007645747053206,0.4185250079643198,0.7964319847085058,0.24187639375597325,0.30160879260911116,0.7964319847085058,0.4961771264733992,0.20316979929913984,0.37217266645428476,0.7057183816502071,0.2953966231283848,0.19456833386428798,0.3012902198152278,0.2570882446639057,0.3582351067218859,0.45229372411596047,0.31140490602102583,0.327811404906021,0.22363810130614845,0.29340554316661355,0.7964319847085058,0.4187639375597324,0.7964319847085058,0.41565785281936923,0.7964319847085058,0.26146862057980247,0.45348837209302323,0.19926728257406814,0.3548104491876394,0.609748327492832,0.24856642242752466,0.24721248805352022,0.2230805989168525,0.2779547626632685,0.5125039821599235,0.6152437081873208,0.17768397578846765,0.1903472443453329,0.49012424338961447,0.18963045555909525,0.620978018477222,0.09796113411914623,0.2677604332589997,0.21280662631411276,0.3062280981204205,0.2273813316342784,0.7964319847085058,0.16629499840713605,0.6341987894233833,0.49816820643517035,0.3287671232876712,0.17282574068174578,0.4652755654667092,0.3613411914622491,0.5710417330359988,0.5782892640968461
hhm4,0.5703901138841774,0.5998707697278087,0.80768920119538,0.3727485663516679,0.3831677570470883,0.5002826912204184,0.3974638559082465,0.31467571278572004,0.34609482271222036,0.5479363540909458,0.41660608997657705,0.5478555851708263,0.5694208868427428,0.6035053711331879,0.6093207333817947,0.2824489136580244,0.3060334383329295,0.11146110976496246,0.5783054680558921,0.4282368144737905,0.5042403683062757,0.623616832242953,0.49826346821742995,0.585332364106292,0.6696551167110896,0.1787416202245376,0.5205556901704224,0.5992246183668525,0.4573136257168242,0.20135691785800824,0.6240206768435506,0.4254099022696066,0.17753008642274454,0.5150634036022939,0.6647282125837978,0.5715208787658509,0.32251029803731524,0.6139245618286083,0.485663516678782,0.5925207979969308,0.3829254502867297,0.697035780631613,0.5489863500524997,0.30126807204587674,0.5346094822712221,0.07608432275260481,0.31903723447217514,0.08706889588886198,0.5733785639286003,0.7000242306760359,0.5840400613843792,0.4586866973588563,0.4363137064857443,0.35934092561182457,0.49680962765527825,0.5499555770939343,0.5380825458363622,0.6655359017849932,0.4586866973588563,0.5138518698005008,0.568693966561667,0.4586866973588563,0.6247475971246265,0.3973023180680074,0.6929973346256361,0.568532428721428,0.7228818350698651,0.5447863662062838,0.5360633228333737,0.3933446409821501,0.4383329294887327,0.4015830708343429,0.23431063726677975,0.36604474598174624,0.5256441321379534,0.5777400856150554,0.4694289637347549,0.6008399967692432,0.5786285437363703
hhm5,0.2897614314115308,0.2896785950960901,0.37044400265076205,0.4207256461232604,0.6432239893969516,0.6000662690523526,0.6826540755467198,0.5757123923127898,0.6322895957587806,0.5777833001988072,0.22158714380384362,0.26308813783962887,0.0950132538104705,0.3132041086812458,0.5283300198807157,0.6307157057654075,0.49792909211398273,0.7461066931742876,0.5299867461895295,0.5555003313452617,0.3402915838303512,0.44615639496355197,0.41683233929754804,0.600480450629556,0.6091782637508284,0.6515076209410205,0.2624254473161034,0.48020212060967526,0.55889662027833,0.6689860834990059,0.47100728959575877,0.47912524850894633,0.8283631544068919,0.5248508946322068,0.4147614314115308,0.5354539430086149,0.5613817097415507,0.10056328694499668,0.46065275016567264,0.45336315440689195,0.46611994698475806,0.26234261100066264,0.36829025844930413,0.414430086149768,0.5159045725646123,0.8283631544068919,0.626325381047051,0.7012922465208747,0.35222001325381047,0.026259111994698475,0.46744532803180916,0.5734758117958914,0.6440523525513585,0.4120278330019881,0.24643803843605033,0.32778330019880714,0.45029821073558646,0.7736083499005963,0.7100728959575877,0.32157057654075544,0.38858515573227304,0.7419648774022531,0.14396951623591783,0.5989065606361829,0.4062292909211398,0.375248508946322,0.09087143803843604,0.47821404903909875,0.743870112657389,0.8283631544068919,0.6582173624917164,0.4940357852882704,0.5385188866799204,0.561050364479788,0.48500662690523527,0.550612988734261,0.4073889993373095,0.028578528827037774,0.025430748840291582
hhm6,0.805607024893257,0.622814790944977,0.4974623378715862,0.24796584226214452,0.5900265850318215,0.3685652138886651,0.805607024893257,0.3916861355031016,0.7517924756303874,0.4554096511721582,0.47683879803431883,0.5397567066784822,0.4781277692741481,0.4100539756706678,0.436558446789656,0.4664464674131958,0.33013775880125673,0.4613711431563683,0.4185934101345363,0.805607024893257,0.4340610650124868,0.5167969064690243,0.33037944090872473,0.5097075646499637,0.48118907596874244,0.805607024893257,0.3897526786433578,0.4973817771690969,0.805607024893257,0.6063804076371546,0.49673729154918234,0.3996616450495448,0.5835011681301862,0.45565133327962615,0.5378232498187384,0.348505598968823,0.3763796020301297,0.47297188431483117,0.5391927817610569,0.46668814952066384,0.6291790864416337,0.3466527028115685,0.39627809554499316,0.537742689116249,0.42052686699428016,0.805607024893257,0.42189639893659875,0.34624989929912187,0.45291226939498913,0.5746394908563602,0.4331748972851043,0.47498590187706435,0.805607024893257,0.41263191815032624,0.542173527753162,0.37903810521227743,0.39982276645452347,0.5529686618867317,0.653991782808346,0.45460404414726496,0.5264641907677434,0.4530733907999678,0.4973817771690969,0.805607024893257,0.5358897929589946,0.48626440022556994,0.506324015145412,0.7430113590590509,0.5741561266414242,0.7028115685168774,0.2626278901152018,0.6638201885120438,0.2766454523483444,0.5110770965922822,0.29767179569805846,0.4794167405139772,0.461290582453879,0.6282123580117619,0.5328284862644002
hhm7,0.5903438747313479,0.5150445194964691,0.5465919557875345,0.4053576911268038,0.0854313785692355,0.39706785385323917,0.11912803193122506,0.2966687135400676,0.1864445809026712,0.3765735339269266,0.4428922321154437,0.4798894688363525,0.5640927233650599,0.4531010132023335,0.36482959778937674,0.1761590420632484,0.3928461774639239,0.22927540681608846,0.4418943813325146,0.14292293521645688,0.6991096100706172,0.4647681915873504,0.513355848940743,0.4263893153208474,0.6283389622351858,0.22213693583051888,0.446269573226896,0.42754068160884257,0.18974516426159044,0.27717224439668403,0.4057414798894688,0.4042063248388087,0.23879336813018115,0.4530242554498004,0.49524101934295367,0.42654283082591343,0.3272182990482039,0.5772182990482039,0.16794596254221678,0.6420785999385938,0.29758980657046363,0.5027632790911882,0.5951796131409273,0.21891311022413265,0.32268959164875655,0.3850936444580903,0.21231194350629415,0.38332821614983115,0.7675775253300584,0.5755296284924778,0.3893920785999386,0.39975437519189444,0.15781393920786,0.447497697267424,0.5019957015658582,0.5071384709855695,0.5846638010439055,0.5178845563401904,0.3085661651826835,0.5049892539146454,0.5604083512434755,0.3475591034694504,0.5997850782929076,0.16073073380411423,0.4697574455019957,0.631639545594105,0.7675775253300584,0.5661651826834511,0.223518575376113,0.06155971753147067,0.46645686214307647,0.34372121584280013,0.2853085661651827,0.23058028860914953,0.5501228124040528,0.3942278170095179,0.26182069389008295,0.5152747927540682,0.6729352164568622
hhm8,0.4355031471595888,0.39223966217831246,0.26292725679228746,0.22484264202055612,0.727352402199028,0.24308820014341484,0.7967492630069316,0.1305872042068361,0.7151621384750219,0.150346585929408,0.46442514540674046,0.2883435582822086,0.30627041669986454,0.20540196000318695,0.29400047804955776,0.4616365229862162,0.2643614054656999,0.5770854911959207,0.142299418373038,0.7967492630069316,0.13218070273284996,0.2356784319974504,0.35797944386901437,0.4225958090988765,0.1923352720898733,0.7967492630069316,0.22938411281969562,0.11544896820970439,0.7967492630069316,0.1888295753326428,0.24651422197434467,0.2689825511911401,0.7967492630069316,0.458051151302685,0.20548163492948768,0.1735319894829097,0.26715002788622416,0.3105728627201019,0.27766711815791567,0.3870607919687674,0.3706477571508246,0.3471436538921201,0.297585849733089,0.5926221018245558,0.2718508485379651,0.7967492630069316,0.42681858019281327,0.5547765118317265,0.34220380846147713,0.6237749980081269,0.21193530395984383,0.28125248984144685,0.7967492630069316,0.3255517488646323,0.3735160544976496,0.3253127240857302,0.2951956019440682,0.4340689984861763,0.7967492630069316,0.2938411281969564,0.42307385865668073,0.5991554457812126,0.3273045972432475,0.6856824157437654,0.26404270576049715,0.39885268106127003,0.46052107401800646,0.6107083100948131,0.4755796350888375,0.655644968528404,0.47757150824635486,0.7967492630069316,0.45717472711337737,0.44179746633734357,0.32069157836029,0.4294478527607362,0.41757628874193287,0.535176479961756,0.4919926699067803
hhm9,0.5069071056332203,0.45926048473819175,0.46207295888824546,0.3614029282819092,0.25146827694598395,0.3426255273389031,0.10687401770204318,0.45239473901894284,0.21151460004963188,0.3917611051369013,0.4641409545868145,0.5080651832244188,0.5654727438166928,0.4782033253370832,0.42063032508892373,0.22648688890727103,0.4157498552403011,0.22656960873521378,0.4165770535197287,0.2618909752667714,0.41492265696087355,0.4275787906361155,0.5095541401273885,0.4593432045661345,0.45049218297625937,0.12788485399950367,0.4050789974356853,0.4935892133344362,0.0834643063942427,0.28521796674662914,0.3697576309041277,0.3351807428240549,0.34394904458598724,0.39184382496484405,0.520307717759947,0.4131855405740756,0.2585821821490611,0.521713954834974,0.17362891885184878,0.39887501033997846,0.27628422532881125,0.5490942178840267,0.4700140623707503,0.17346347919596325,0.44676979071883527,0.1272230953759616,0.18893208702125897,0.3421292083712466,0.5851600628670692,0.607411696583671,0.4073124327901398,0.35337910497146163,0.10273802630490528,0.3631400446687071,0.35354454462734713,0.5446273471751178,0.3830755232029117,0.4443709157084953,0.1928199189345686,0.4500785838365456,0.5528166101414509,0.08412606501778476,0.614608321614691,0.14782033253370833,0.4791959632723964,0.6140292828190916,0.4500785838365456,0.5756472826536521,0.3212010919017288,0.1842170568285218,0.45049218297625937,0.23120191910000829,0.3167342211928199,0.16874844900322605,0.44999586400860286,0.19224088013896928,0.2854661262304574,0.6428985027711142,0.6580362312846388
hhm10,0.5954361777989066,0.6830679027018461,0.6018540527691942,0.4220743205768164,0.2566357657871801,0.4475873544093178,0.6009824895016243,0.5437762459393075,0.45923460898502494,0.4555106568417716,0.4723872910228983,0.6175421915854528,0.5699231439664052,0.6292686791854846,0.5247603201014183,0.36502654306314875,0.5185801442041043,0.40622771571190874,0.47611124316615167,0.2781871484034546,0.5435385468663338,0.3559147452658268,0.6038348783773076,0.3750099041280406,0.6081134616908327,0.2555265034466366,0.6460660803422866,0.5511449172014896,0.37223674827668174,0.16028840820854132,0.47523967989858173,0.3933919657713335,0.5261072815149355,0.6543855478963632,0.5764202519610174,0.37207828222803263,0.3436336264955233,0.7172173361857223,0.45978924015529676,0.5559781316852864,0.4044845891767688,0.6808493780207591,0.5349813802392838,0.3788130892956184,0.5328420885825211,0.3954520244037715,0.3132873781792251,0.6656366373504476,0.633626495523334,0.7020838285397354,0.4638301243958482,0.5725378337691149,0.36074795974962365,0.5094683464067824,0.5288012043419698,0.5566119958798827,0.36169875604151813,0.48815466286348147,0.4836383804769829,0.5957531098962048,0.416131843752476,0.37532683622533874,0.5978131685286427,0.13081372315981302,0.5029712384121702,0.6423421281990334,0.39117344109024643,0.5946438475556611,0.36795816496315664,0.49441407178512004,0.5310989620473814,0.3586879011171856,0.2601220188574598,0.37350447666587433,0.48989778939862133,0.31233658188733066,0.38729102289834405,0.5826796608826559,0.5819665636637351
hhm11,0.4075064850843061,0.2896400778210117,0.32287613488975353,0.4704118028534371,0.7328145265888456,0.22187094682230868,0.8106355382619974,0.426556420233463,0.8106355382619974,0.41553177691309984,0.35635538261997407,0.306014915693904,0.309662775616083,0.2702658884565499,0.4432555123216601,0.7590791180285343,0.38545719844357973,0.6117055771725033,0.35878728923476005,0.7239785992217899,0.32465953307393,0.523913748378729,0.2564040207522698,0.41374837872892345,0.46522373540856027,0.8106355382619974,0.47284370946822313,0.37362191958495455,0.6370784695201038,0.7538099870298314,0.29442282749675747,0.48192282749675747,0.6834468223086899,0.551961738002594,0.33033398184176394,0.47381647211413747,0.363245784695201,0.23970492866407264,0.7448929961089494,0.32911802853437094,0.5312094682230869,0.27277885862516216,0.3346303501945525,0.6268644617380026,0.46676394293125806,0.8106355382619974,0.5702821011673151,0.5585278858625162,0.23938067444876784,0.39137483787289234,0.40337224383916986,0.5333171206225681,0.8106355382619974,0.2622405966277562,0.3669747081712062,0.2492704280155642,0.4300421530479896,0.5341277561608301,0.8106355382619974,0.37273022049286636,0.4539559014267186,0.5682555123216602,0.25834954604409854,0.6435635538261998,0.4633592736705577,0.2624837872892347,0.3154993514915694,0.48524643320363164,0.5548800259403373,0.7090629053177692,0.40207522697795073,0.6922016861219196,0.5120784695201038,0.5226167315175098,0.42469195849546043,0.49870298313878075,0.42177367055771725,0.622973411154345,0.6125972762645915
hhm12,0.17729284771297663,0.21138463927933523,0.3368020501669643,0.35893453444125184,0.5321115166576066,0.4773627397685796,0.585617768113691,0.6429292537081618,0.587248582744428,0.6502290906266988,0.46229711889415237,0.3770288110584763,0.4837306826124097,0.40879086743806786,0.28888716315912094,0.5426729828376174,0.3751650229090626,0.675778519841578,0.46889803525665913,0.7765783955890346,0.39496777199658306,0.18202997592606973,0.6282519220315291,0.7765783955890346,0.16898345888017394,0.5831327172478061,0.7765783955890346,0.535062514560845,0.5500504775957132,0.5923740001553157,0.7765783955890346,0.565504387667935,0.7099479692474955,0.5782402733555952,0.6920090083093888,0.6364059951852139,0.5578939193911625,0.39791876989982133,0.4960006212627165,0.17208977246253007,0.18964044420284226,0.5186767104139163,0.46982992933136597,0.5129300302865574,0.6569076648287644,0.6454143045740467,0.5675234914964665,0.5465558748155626,0.6254562398074085,0.6549662188397919,0.7765783955890346,0.30084647045119206,0.6406771763609536,0.3774947580958297,0.17620563795915195,0.5945484196629649,0.7765783955890346,0.5264424943698066,0.08635551758950065,0.7056767880717558,0.7765783955890346,0.7765783955890346,0.5519142657451269,0.6110895394890115,0.44257202764619086,0.4372912945561855,0.5109109264580259,0.6664595790945095,0.5009707229944863,0.7765783955890346,0.6188553234449018,0.5339753048070203,0.5306360177059875,0.3270948202221014,0.3770288110584763,0.41477052108410345,0.5130853459656751,0.5266754678884833,0.6500737749475809
hhm13,0.405160884273464,0.31437337738966253,0.33946975060970813,0.3650381559279364,0.7130044843049328,0.288175595940524,0.7867201636377941,0.4138148060734797,0.7867201636377941,0.2452206750059004,0.4319093698371489,0.25127842026591146,0.5326882227991504,0.3107544646369287,0.32121784281331134,0.4345055463771537,0.29745889387144997,0.7867201636377941,0.37676028636613956,0.542128864762804,0.43411218629533477,0.37078121312249235,0.4658170088899379,0.3894264810007081,0.32798363622059634,0.7867201636377941,0.26307922272047835,0.325623475729683,0.6913696798048935,0.4522854220753678,0.32688222799150346,0.36621823617339316,0.7037998583903705,0.3436393674769885,0.25426795688773507,0.2864448115805208,0.2866021556132484,0.3587443946188341,0.4569270710408308,0.35937377074974436,0.4275037369207773,0.38226732751160414,0.22397923058768,0.23444260876406264,0.3983950908661789,0.7020690740303674,0.4455983006844466,0.6383447407757061,0.39721501062072223,0.6130123515065692,0.27834159389505153,0.25190779639682165,0.702934466210369,0.32342065927149716,0.45149870191173,0.40398080402800723,0.22862087955314297,0.57847533632287,0.6707576115175833,0.34686492014790343,0.2718904885532217,0.4796632837699631,0.39257336165525925,0.7037211863740068,0.31814963417512393,0.543151600975533,0.43898985130988905,0.5215167964754938,0.31956573046967196,0.6133270395720243,0.3821886554952404,0.67193769176304,0.4957910471245378,0.29564943749508305,0.26378727086775233,0.09479977971835418,0.42679568877350327,0.5880733223192511,0.6162379041774841
hhm14,0.5130117299774721,0.3985085061757166,0.324399906781636,0.26730365882078766,0.7768197001475957,0.2630311504699759,0.6728035422978326,0.24695098267692067,0.6165617960071467,0.2015847121883011,0.5221005204691991,0.3581915637380564,0.3463062223257981,0.24617416297677308,0.342810533675134,0.45568243610657966,0.28882156451487606,0.45676998368678623,0.2077215878194671,0.7768197001475957,0.20663404023926046,0.15575234987959294,0.3816515186825138,0.5012040705352288,0.2855589217742562,0.6622387943758253,0.25238872057795386,0.25363163209819,0.6944768119319505,0.4935135555037675,0.27615940340247025,0.34071312048473545,0.7768197001475957,0.2805872756933116,0.3383826613842927,0.162510681270877,0.2887438825448613,0.35151091431678705,0.3515885962868018,0.37030995106035886,0.3136021129495844,0.31103860793909727,0.36766876407985705,0.594810844403014,0.09609259690825758,0.6583546958750873,0.37667987260156915,0.7212770915870426,0.3681348558999456,0.5123125922473394,0.22628757865299462,0.11209508273129806,0.5477355705740696,0.26295346849996115,0.4136564903285947,0.39905227996581993,0.29216188922551073,0.4140449001786684,0.7768197001475957,0.3316243299930086,0.5227219762293172,0.533442088091354,0.45645925580672725,0.5957430280431911,0.35205468810689033,0.5760894896294569,0.4599549444573914,0.5341412258214868,0.4044900178668531,0.7768197001475957,0.47525829255029906,0.7768197001475957,0.38631243688339933,0.36595976073953235,0.2065563582692457,0.4653150003884098,0.18379554105492113,0.4925813718635904,0.3860793909733551
hhm15,0.2474015748031496,0.23110236220472438,0.3031496062992126,0.29181102362204725,0.4956692913385826,0.3096062992125984,0.5283464566929134,0.3488188976377952,0.6332283464566929,0.3301574803149606,0.21291338582677163,0.3339370078740157,0.3021259842519685,0.2619685039370079,0.3374015748031496,0.4654330708661417,0.30866141732283464,0.626771653543307,0.2951968503937008,0.5873228346456693,0.28818897637795277,0.28409448818897637,0.1985826771653543,0.31377952755905514,0.31409448818897634,0.6548031496062993,0.21858267716535434,0.35196850393700785,0.6521259842519685,0.5954330708661417,0.31716535433070864,0.31133858267716535,0.5410236220472441,0.3162992125984252,0.32070866141732285,0.3752755905511811,0.3799212598425197,0.32086614173228345,0.4266929133858268,0.22921259842519687,0.3453543307086614,0.2524409448818898,0.2016535433070866,0.6192913385826772,0.37291338582677164,0.7308661417322835,0.31094488188976377,0.4667716535433071,0.3824409448818898,0.4644094488188976,0.3631496062992126,0.4580314960629921,0.575984251968504,0.27874015748031494,0.34244094488188975,0.23181102362204722,0.2619685039370079,0.29543307086614173,0.7163779527559055,0.29456692913385824,0.19125984251968503,0.47889763779527555,0.42259842519685037,0.7874015748031495,0.41803149606299217,0.33196850393700783,0.46606299212598423,0.29133858267716534,0.37188976377952754,0.6734645669291338,0.43842519685039366,0.5137795275590551,0.3938582677165354,0.37622047244094486,0.40062992125984254,0.40519685039370074,0.394251968503937,0.3733070866141732,0.43094488188976376
hhm16,0.31671697805335725,0.323407032715999,0.38231214816023495,0.27567920372032306,0.48168393571020646,0.20755486660683692,0.6712898751733702,0.2713551439993473,0.552337439830301,0.3854124173941421,0.25348780288814554,0.2569960022844089,0.4214734437464306,0.37774333034184543,0.2635228848821081,0.346087949743004,0.24182100024475808,0.4550053030921106,0.2821245002855511,0.4797258709308966,0.39724239210247203,0.3939789508036224,0.1572978706045525,0.11209920861548503,0.171004324059721,0.4979195561719833,0.5214163335237008,0.34257975034674065,0.6041445704495391,0.5219874357509995,0.3553071714122542,0.3497593212042099,0.5396916047972586,0.4368932038834951,0.38785999836827934,0.4209023415191319,0.361670881945011,0.5533980582524272,0.45141551766337606,0.40703271599902097,0.3845149710369585,0.3645263930815044,0.233662396997634,0.4474993881047564,0.34282450844415435,0.7214652851431834,0.28334829077261975,0.620706535041201,0.5830953740719589,0.5739577384351799,0.3633841886269071,0.35432813902259935,0.5806477930978217,0.380272497348454,0.5591090805254141,0.2817981561556661,0.43142693970792206,0.037529574936770824,0.6157297870604552,0.48217345190503386,0.3827200783225912,0.3709716896467325,0.7709064208207554,0.5418944276739822,0.3882679285306355,0.5379782981153627,0.6038182263196541,0.4686301705148079,0.19164559027494493,0.5503793750509912,0.47018030513176146,0.5698784368116179,0.4337113486171167,0.37284816839357104,0.38900220282287673,0.4236762666231541,0.2280329607571184,0.5046911968670964,0.45965570694297136
hhm17,0.39749343720890845,0.44669320010161734,0.46252857989668894,0.39639258192903715,0.20679143026505206,0.3895334067236853,0.21246506901515794,0.31603014649843336,0.08662884240833263,0.2857142857142857,0.5033449064273012,0.5527987128461344,0.5760860360741807,0.5046998052332966,0.3195867558641714,0.18756880345499194,0.34854771784232363,0.2786010669828097,0.4994495723600643,0.11821492082310102,0.6200355660936573,0.4440680836650012,0.6152934202726734,0.42730121094080786,0.5765941231264289,0.2372766533999492,0.5347616224913201,0.44610043187399445,0.2014565162164451,0.35058006605131675,0.5195190109238716,0.35218900838343636,0.2906257938860191,0.49419933948683203,0.4982640359048184,0.42484545685494113,0.33423659920399695,0.5772715725294266,0.20382758912693708,0.5128291980692692,0.2713184859005843,0.6524684562621729,0.4828520619866204,0.19976289270895078,0.3030739266661021,0.4253535439071894,0.26556016597510373,0.4636294351765602,0.5567787280887458,0.6053857227538317,0.3780167668727242,0.43610805317977813,0.18502836819375051,0.4974172241510712,0.5418748412227962,0.6147853332204251,0.45219747650097386,0.5259547802523499,0.2780082987551867,0.43780167668727243,0.5378101448048098,0.37556101278685744,0.6140232026420526,0.32788551105089336,0.4049453806418833,0.586078414768397,0.5642306715217207,0.5511897705140147,0.22321957828774663,0.24972478618003216,0.46286730459818776,0.1110170209162503,0.21517486662714877,0.270217630620713,0.4090100770598696,0.3873316961639427,0.2587009907697519,0.4890337877889745,0.6370564823439748
hhm18,0.7652865998316369,0.6276115405219255,0.7652865998316369,0.6609780362745848,0.6313614448611005,0.6863090227290121,0.7652865998316369,0.5832249177316905,0.7652865998316369,0.7652865998316369,0.5461850462998393,0.6653401698936251,0.7652865998316369,0.7010025254457795,0.5761842810132395,0.4037652100711716,0.5337108747225836,0.6081732608862018,0.4724879467360526,0.7652865998316369,0.7066656462845335,0.5955460319889799,0.5237621489247724,0.5487104920792838,0.6941914747072779,0.6236320502028009,0.5679957143950409,0.5432004285604959,0.7652865998316369,0.6408509986990129,0.6933496594474631,0.6527129409964032,0.4470039029616591,0.5686844723348894,0.7652865998316369,0.561949950256371,0.5369250784418765,0.6857733221091299,0.6238616361827505,0.6578403612152751,0.5289660978036275,0.5669243131552767,0.5554450141578021,0.5382260656615903,0.503022882069335,0.5754189944134078,0.4613912910384939,0.42427489094665954,0.7652865998316369,0.5523838677584756,0.6034284839672457,0.5679957143950409,0.623172878242902,0.5822300451519095,0.6178158720440805,0.5008800795898064,0.6384786102395348,0.7652865998316369,0.6615902655544502,0.6496517945970766,0.6446009030381878,0.5546031988979874,0.7197520471416545,0.5823065738118925,0.377745465676896,0.7652865998316369,0.709650264023877,0.7652865998316369,0.6697788321726487,0.7652865998316369,0.6974056784265708,0.567536542435142,0.4038417387311548,0.6729930358919415,0.5526899823984082,0.6733756791918574,0.6567689599755108,0.5525369250784419,0.7652865998316369
hhm19,0.8254911672445104,0.8254911672445104,0.5917946177975896,0.3065874195146112,0.5443288756810302,0.5546475152715866,0.8254911672445104,0.4695393759286775,0.6719498101370316,0.5378074954597986,0.4638434868746904,0.522701007099224,0.5423476968796433,0.5350008254911672,0.5162621759947168,0.41976225854383353,0.3367178471190358,0.27736503219415554,0.5846953937592868,0.6516427274228166,0.5081723625557206,0.5263331682350998,0.5283968961532112,0.49892686148258214,0.6480105662869408,0.8254911672445104,0.5056133399372627,0.5614165428429916,0.8254911672445104,0.4261185405316163,0.5882450057784382,0.4279346210995542,0.11441307578008915,0.4104342083539706,0.621512299818392,0.4841505695889054,0.4501403334984316,0.5788344064718508,0.5679379230642232,0.5809806835066864,0.33044411424797754,0.5073468713884761,0.6236585768532276,0.39565791646029386,0.43503384513785703,0.515931979527819,0.3898794782895823,0.1667492157833911,0.5102360904738319,0.8254911672445104,0.5399537724946343,0.5541522205712399,0.6160640581145781,0.4872874360244346,0.5605910516757471,0.4482417038137691,0.5321116064058115,0.6896978702327885,0.7652303120356613,0.5409443618953277,0.6353805514280998,0.22667987452534258,0.5887403004787848,0.7491332342743933,0.5459798580155192,0.6144956248968135,0.5782565626547795,0.6329866270430906,0.6065709096912663,0.8254911672445104,0.3982994881954763,0.48778273072478123,0.29354465907214794,0.4683011391778108,0.4853062572230477,0.5705794947994056,0.579082053822024,0.5830444114247978,0.8254911672445104
A,0.5,0.5909090909090909,0.6363636363636364,0.45454545454545453,0.45454545454545453,0.45454545454545453,0.45454545454545453,0.45454545454545453,0.5,0.5909090909090909,0.5,0.5,0.5454545454545454,0.6363636363636364,0.5,0.5,0.5,0.4090909090909091,0.5,0.45454545454545453,0.45454545454545453,0.45454545454545453,0.5454545454545454,0.5454545454545454,0.5454545454545454,0.45454545454545453,0.5909090909090909,0.45454545454545453,0.45454545454545453,0.45454545454545453,0.5454545454545454,0.9090909090909091,0.4090909090909091,0.7272727272727273,0.5454545454545454,0.45454545454545453,0.5909090909090909,0.5909090909090909,0.5454545454545454,0.6363636363636364,0.5454545454545454,0.5909090909090909,0.6818181818181818,0.5454545454545454,0.5909090909090909,0.45454545454545453,0.45454545454545453,0.4090909090909091,0.4090909090909091,0.5,0.5454545454545454,0.5454545454545454,0.5,0.6363636363636364,0.6363636363636364,0.5909090909090909,0.5,0.45454545454545453,0.5909090909090909,0.7727272727272727,0.5454545454545454,0.45454545454545453,0.5,0.4090909090909091,0.5454545454545454,0.5,0.5,0.45454545454545453,0.5909090909090909,0.45454545454545453,0.45454545454545453,0.7727272727272727,0.5,0.5,0.5454545454545454,0.4090909090909091,0.5454545454545454,0.5454545454545454,0.5
R,0.38095238095238093,0.47619047619047616,0.47619047619047616,0.42857142857142855,0.2857142857142857,0.47619047619047616,0.3333333333333333,0.6666666666666666,0.2857142857142857,0.47619047619047616,0.42857142857142855,0.42857142857142855,0.42857142857142855,0.42857142857142855,0.38095238095238093,0.3333333333333333,0.42857142857142855,0.23809523809523808,0.7619047619047619,0.2857142857142857,0.6190476190476191,0.9047619047619048,0.5238095238095238,0.3333333333333333,0.5714285714285714,0.38095238095238093,0.7142857142857143,0.6190476190476191,0.3333333333333333,0.47619047619047616,0.5714285714285714,0.38095238095238093,0.3333333333333333,0.3333333333333333,0.47619047619047616,0.9523809523809523,0.5238095238095238,0.38095238095238093,0.5238095238095238,0.47619047619047616,0.5714285714285714,0.7142857142857143,0.42857142857142855,0.38095238095238093,0.9523809523809523,0.23809523809523808,0.7142857142857143,0.2857142857142857,0.3333333333333333,0.47619047619047616,0.6666666666666666,0.9047619047619048,0.3333333333333333,0.6666666666666666,0.42857142857142855,0.42857142857142855,0.47619047619047616,0.47619047619047616,0.2857142857142857,0.47619047619047616,0.47619047619047616,0.3333333333333333,0.42857142857142855,0.38095238095238093,0.42857142857142855,0.38095238095238093,0.42857142857142855,0.3333333333333333,0.42857142857142855,0.2857142857142857,0.42857142857142855,0.3333333333333333,0.42857142857142855,0.6190476190476191,0.47619047619047616,0.47619047619047616,0.42857142857142855,0.38095238095238093,0.2857142857142857
N,0.38095238095238093,0.8095238095238095,0.6190476190476191,0.42857142857142855,0.38095238095238093,0.9523809523809523,0.2857142857142857,0.42857142857142855,0.2857142857142857,0.47619047619047616,0.6190476190476191,0.6666666666666666,0.7142857142857143,0.8095238095238095,0.38095238095238093,0.2857142857142857,0.42857142857142855,0.23809523809523808,0.42857142857142855,0.2857142857142857,0.47619047619047616,0.47619047619047616,0.6666666666666666,0.38095238095238093,0.47619047619047616,0.2857142857142857,0.5238095238095238,0.47619047619047616,0.23809523809523808,0.3333333333333333,0.6666666666666666,0.38095238095238093,0.2857142857142857,0.2857142857142857,0.6190476190476191,0.38095238095238093,0.47619047619047616,0.47619047619047616,0.38095238095238093,0.6190476190476191,0.38095238095238093,0.7619047619047619,0.5238095238095238,0.38095238095238093,0.38095238095238093,0.23809523809523808,0.3333333333333333,0.2857142857142857,0.5238095238095238,0.38095238095238093,0.6190476190476191,0.42857142857142855,0.2857142857142857,0.8095238095238095,0.5238095238095238,0.6666666666666666,0.6190476190476191,0.47619047619047616,0.2857142857142857,0.5714285714285714,0.47619047619047616,0.2857142857142857,0.5238095238095238,0.2857142857142857,0.47619047619047616,0.6190476190476191,0.6666666666666666,0.47619047619047616,0.42857142857142855,0.3333333333333333,0.5238095238095238,0.3333333333333333,0.38095238095238093,0.47619047619047616,0.47619047619047616,0.38095238095238093,0.42857142857142855,0.38095238095238093,0.38095238095238093
D,0.45454545454545453,0.6818181818181818,0.7272727272727273,0.4090909090909091,0.3181818181818182,0.5454545454545454,0.3181818181818182,0.4090909090909091,0.3181818181818182,0.45454545454545453,0.7727272727272727,0.9090909090909091,0.5909090909090909,0.5909090909090909,0.5909090909090909,0.3181818181818182,0.4090909090909091,0.2727272727272727,0.4090909090909091,0.3181818181818182,0.4090909090909091,0.4090909090909091,0.5,0.36363636363636365,0.4090909090909091,0.2727272727272727,0.5,0.4090909090909091,0.2727272727272727,0.3181818181818182,0.7272727272727273,0.4090909090909091,0.2727272727272727,0.3181818181818182,0.7727272727272727,0.36363636363636365,0.4090909090909091,0.5,0.4090909090909091,0.7272727272727273,0.4090909090909091,0.6818181818181818,0.45454545454545453,0.36363636363636365,0.36363636363636365,0.2727272727272727,0.36363636363636365,0.2727272727272727,0.9545454545454546,0.4090909090909091,0.5454545454545454,0.4090909090909091,0.3181818181818182,0.5909090909090909,0.7727272727272727,0.7727272727272727,0.8636363636363636,0.36363636363636365,0.36363636363636365,0.7272727272727273,0.6818181818181818,0.2727272727272727,0.7727272727272727,0.2727272727272727,0.6363636363636364,0.9090909090909091,0.7272727272727273,0.9545454545454546,0.45454545454545453,0.3181818181818182,0.8636363636363636,0.3181818181818182,0.36363636363636365,0.4090909090909091,0.5454545454545454,0.4090909090909091,0.4090909090909091,0.4090909090909091,0.36363636363636365
C,0.37037037037037035,0.4074074074074074,0.37037037037037035,0.3333333333333333,0.4074074074074074,0.3333333333333333,0.4074074074074074,0.3333333333333333,0.4074074074074074,0.48148148148148145,0.3333333333333333,0.3333333333333333,0.37037037037037035,0.4074074074074074,0.4444444444444444,0.4074074074074074,0.48148148148148145,0.4444444444444444,0.3333333333333333,0.48148148148148145,0.2962962962962963,0.3333333333333333,0.4074074074074074,0.4074074074074074,0.4444444444444444,0.4074074074074074,0.4074074074074074,0.2962962962962963,0.4074074074074074,0.4074074074074074,0.37037037037037035,0.4444444444444444,0.5185185185185185,0.9629629629629629,0.4444444444444444,0.3333333333333333,0.4074074074074074,0.48148148148148145,0.4444444444444444,0.4074074074074074,0.4444444444444444,0.4444444444444444,0.4074074074074074,0.48148148148148145,0.3333333333333333,0.3333333333333333,0.4074074074074074,0.5185185185185185,0.2962962962962963,0.3333333333333333,0.4444444444444444,0.3333333333333333,0.4444444444444444,0.4074074074074074,0.37037037037037035,0.4074074074074074,0.4074074074074074,0.48148148148148145,0.3333333333333333,0.4074074074074074,0.37037037037037035,0.4074074074074074,0.3333333333333333,0.37037037037037035,0.3333333333333333,0.3333333333333333,0.37037037037037035,0.2962962962962963,0.5555555555555556,0.4074074074074074,0.2962962962962963,0.5555555555555556,0.5185185185185185,0.37037037037037035,0.3333333333333333,0.2962962962962963,0.4444444444444444,0.3333333333333333,0.3333333333333333
Q,0.38095238095238093,0.5238095238095238,0.5238095238095238,0.5714285714285714,0.2857142857142857,0.5238095238095238,0.2857142857142857,0.47619047619047616,0.2857142857142857,0.42857142857142855,0.8571428571428571,0.5238095238095238,0.42857142857142855,0.5238095238095238,0.47619047619047616,0.38095238095238093,0.7619047619047619,0.19047619047619047,0.47619047619047616,0.2857142857142857,0.47619047619047616,0.47619047619047616,0.5238095238095238,0.3333333333333333,0.6666666666666666,0.2857142857142857,0.5238095238095238,0.47619047619047616,0.2857142857142857,0.5238095238095238,0.5714285714285714,0.3333333333333333,0.2857142857142857,0.23809523809523808,0.6666666666666666,0.5714285714285714,0.8571428571428571,0.3333333333333333,0.5238095238095238,0.5714285714285714,0.47619047619047616,0.5238095238095238,0.7142857142857143,0.3333333333333333,0.42857142857142855,0.19047619047619047,0.5238095238095238,0.23809523809523808,0.38095238095238093,0.2857142857142857,0.8095238095238095,0.47619047619047616,0.38095238095238093,0.6190476190476191,0.47619047619047616,0.47619047619047616,0.6666666666666666,0.3333333333333333,0.2857142857142857,0.5238095238095238,0.7619047619047619,0.2857142857142857,0.47619047619047616,0.3333333333333333,0.5714285714285714,0.42857142857142855,0.5238095238095238,0.3333333333333333,0.47619047619047616,0.23809523809523808,0.47619047619047616,0.2857142857142857,0.38095238095238093,0.8571428571428571,0.7619047619047619,0.9523809523809523,0.47619047619047616,0.2857142857142857,0.2857142857142857
E,0.45,0.65,0.85,0.45,0.3,0.5,0.35,0.5,0.3,0.45,0.55,0.6,0.45,0.6,0.9,0.4,0.5,0.25,0.5,0.3,0.45,0.45,0.5,0.4,0.55,0.3,0.65,0.45,0.3,0.4,0.7,0.4,0.3,0.3,0.85,0.45,0.55,0.4,0.5,0.6,0.45,0.6,0.5,0.35,0.4,0.25,0.4,0.3,0.75,0.4,0.7,0.45,0.3,0.55,0.8,0.7,0.65,0.4,0.35,0.75,0.75,0.3,0.85,0.3,0.95,0.75,0.8,0.5,0.65,0.3,0.85,0.35,0.4,0.55,0.9,0.55,0.4,0.45,0.35
G,0.45454545454545453,0.5454545454545454,0.5,0.4090909090909091,0.3181818181818182,0.45454545454545453,0.36363636363636365,0.4090909090909091,0.36363636363636365,0.8636363636363636,0.5,0.6818181818181818,0.9090909090909091,0.5454545454545454,0.45454545454545453,0.36363636363636365,0.4090909090909091,0.3181818181818182,0.4090909090909091,0.36363636363636365,0.4090909090909091,0.45454545454545453,0.5909090909090909,0.4090909090909091,0.45454545454545453,0.3181818181818182,0.5909090909090909,0.4090909090909091,0.3181818181818182,0.36363636363636365,0.5909090909090909,0.5,0.36363636363636365,0.4090909090909091,0.5,0.4090909090909091,0.4090909090909091,0.9545454545454546,0.45454545454545453,0.5,0.45454545454545453,0.6818181818181818,0.5454545454545454,0.36363636363636365,0.5,0.3181818181818182,0.45454545454545453,0.3181818181818182,0.45454545454545453,0.9545454545454546,0.45454545454545453,0.4090909090909091,0.36363636363636365,0.5909090909090909,0.6818181818181818,0.5909090909090909,0.45454545454545453,0.4090909090909091,0.36363636363636365,0.5454545454545454,0.5454545454545454,0.3181818181818182,0.7272727272727273,0.3181818181818182,0.5,0.45454545454545453,0.8636363636363636,0.5,0.45454545454545453,0.3181818181818182,0.5,0.45454545454545453,0.4090909090909091,0.45454545454545453,0.4090909090909091,0.36363636363636365,0.5,0.9545454545454546,1.0
H,0.3333333333333333,0.4583333333333333,0.375,0.9166666666666666,0.25,0.5,0.2916666666666667,0.3333333333333333,0.25,0.3333333333333333,0.4583333333333333,0.4583333333333333,0.4166666666666667,0.4166666666666667,0.3333333333333333,0.25,0.7916666666666666,0.2916666666666667,0.3333333333333333,0.25,0.3333333333333333,0.4166666666666667,0.75,0.2916666666666667,0.5833333333333334,0.375,0.375,0.3333333333333333,0.25,0.2916666666666667,0.4583333333333333,0.3333333333333333,0.4583333333333333,0.375,0.5,0.4583333333333333,0.4583333333333333,0.2916666666666667,0.4166666666666667,0.4166666666666667,0.3333333333333333,0.5,0.5,0.2916666666666667,0.3333333333333333,0.2916666666666667,0.3333333333333333,0.4166666666666667,0.4583333333333333,0.2916666666666667,0.5,0.4583333333333333,0.25,0.5,0.375,0.5,0.6666666666666666,0.2916666666666667,0.25,0.4166666666666667,0.4583333333333333,0.25,0.4166666666666667,0.2916666666666667,0.4166666666666667,0.4583333333333333,0.375,0.2916666666666667,0.3333333333333333,0.25,0.4166666666666667,0.2916666666666667,0.7083333333333334,0.5,0.625,0.375,0.3333333333333333,0.2916666666666667,0.2916666666666667
I,0.4166666666666667,0.4583333333333333,0.4583333333333333,0.375,0.9166666666666666,0.4583333333333333,0.7916666666666666,0.4583333333333333,0.6666666666666666,0.4583333333333333,0.375,0.375,0.375,0.5,0.5833333333333334,0.7916666666666666,0.4583333333333333,0.4583333333333333,0.375,0.9166666666666666,0.375,0.5,0.5,0.5416666666666666,0.4166666666666667,0.5833333333333334,0.4583333333333333,0.375,0.625,0.625,0.4166666666666667,0.5,0.4166666666666667,0.4583333333333333,0.4166666666666667,0.375,0.5,0.375,0.6666666666666666,0.4583333333333333,0.7083333333333334,0.4583333333333333,0.4583333333333333,0.8333333333333334,0.4166666666666667,0.4583333333333333,0.625,0.5416666666666666,0.3333333333333333,0.3333333333333333,0.5416666666666666,0.375,0.9166666666666666,0.4583333333333333,0.4166666666666667,0.5416666666666666,0.375,0.4583333333333333,0.375,0.5,0.4583333333333333,0.5833333333333334,0.375,0.6666666666666666,0.4166666666666667,0.375,0.375,0.3333333333333333,0.6666666666666666,0.9583333333333334,0.375,0.625,0.5,0.625,0.375,0.375,0.7083333333333334,0.3333333333333333,0.3333333333333333
L,0.45454545454545453,0.5,0.45454545454545453,0.45454545454545453,0.7727272727272727,0.4090909090909091,0.9090909090909091,0.45454545454545453,0.5909090909090909,0.5,0.45454545454545453,0.4090909090909091,0.4090909090909091,0.5,0.5454545454545454,0.6363636363636364,0.5454545454545454,0.5909090909090909,0.4090909090909091,0.6818181818181818,0.4090909090909091,0.5454545454545454,0.5,0.45454545454545453,0.45454545454545453,0.9545454545454546,0.5,0.4090909090909091,0.9545454545454546,0.6363636363636364,0.5,0.5,0.5,0.5,0.45454545454545453,0.45454545454545453,0.6363636363636364,0.4090909090909091,0.8181818181818182,0.5,0.7272727272727273,0.5,0.5454545454545454,0.7727272727272727,0.45454545454545453,0.5909090909090909,0.9090909090909091,0.5909090909090909,0.36363636363636365,0.36363636363636365,0.5,0.45454545454545453,0.7727272727272727,0.5909090909090909,0.45454545454545453,0.5,0.45454545454545453,0.45454545454545453,0.45454545454545453,0.5454545454545454,0.5,0.9545454545454546,0.4090909090909091,0.7272727272727273,0.4090909090909091,0.4090909090909091,0.4090909090909091,0.36363636363636365,0.5909090909090909,0.7272727272727273,0.4090909090909091,0.5909090909090909,0.6363636363636364,0.6818181818181818,0.45454545454545453,0.45454545454545453,0.6818181818181818,0.36363636363636365,0.36363636363636365
K,0.45454545454545453,0.5454545454545454,0.5454545454545454,0.4090909090909091,0.36363636363636365,0.6818181818181818,0.36363636363636365,0.9090909090909091,0.36363636363636365,0.5909090909090909,0.5,0.45454545454545453,0.45454545454545453,0.5,0.5,0.36363636363636365,0.45454545454545453,0.2727272727272727,0.9090909090909091,0.36363636363636365,0.9545454545454546,0.7272727272727273,0.5454545454545454,0.45454545454545453,0.7272727272727273,0.36363636363636365,0.7727272727272727,0.9545454545454546,0.3181818181818182,0.7272727272727273,0.7727272727272727,0.45454545454545453,0.36363636363636365,0.3181818181818182,0.6363636363636364,0.6818181818181818,0.5909090909090909,0.45454545454545453,0.7272727272727273,0.5454545454545454,0.5,0.6363636363636364,0.5,0.4090909090909091,0.5454545454545454,0.2727272727272727,0.45454545454545453,0.3181818181818182,0.4090909090909091,0.45454545454545453,0.5909090909090909,0.5909090909090909,0.36363636363636365,0.6363636363636364,0.5454545454545454,0.5454545454545454,0.5454545454545454,0.45454545454545453,0.36363636363636365,0.6818181818181818,0.5454545454545454,0.4090909090909091,0.5454545454545454,0.36363636363636365,0.5,0.45454545454545453,0.5,0.4090909090909091,0.5,0.3181818181818182,0.45454545454545453,0.36363636363636365,0.4090909090909091,0.5,0.5454545454545454,0.5,0.45454545454545453,0.36363636363636365,0.36363636363636365
M,0.34615384615384615,0.38461538461538464,0.38461538461538464,0.38461538461538464,0.5769230769230769,0.38461538461538464,0.5,0.38461538461538464,0.5,0.38461538461538464,0.38461538461538464,0.34615384615384615,0.34615384615384615,0.38461538461538464,0.4230769230769231,0.6153846153846154,0.46153846153846156,0.38461538461538464,0.34615384615384615,0.5384615384615384,0.4230769230769231,0.6923076923076923,0.46153846153846156,0.4230769230769231,0.4230769230769231,0.6923076923076923,0.4230769230769231,0.34615384615384615,0.5769230769230769,0.9230769230769231,0.4230769230769231,0.38461538461538464,0.38461538461538464,0.34615384615384615,0.38461538461538464,0.34615384615384615,0.5769230769230769,0.34615384615384615,0.5384615384615384,0.4230769230769231,0.7692307692307693,0.4230769230769231,0.46153846153846156,0.5769230769230769,0.46153846153846156,0.38461538461538464,0.5769230769230769,0.46153846153846156,0.3076923076923077,0.3076923076923077,0.46153846153846156,0.34615384615384615,0.5384615384615384,0.46153846153846156,0.38461538461538464,0.4230769230769231,0.46153846153846156,0.38461538461538464,0.3076923076923077,0.4230769230769231,0.4230769230769231,0.5769230769230769,0.34615384615384615,0.9230769230769231,0.38461538461538464,0.3076923076923077,0.4230769230769231,0.2692307692307692,0.5384615384615384,0.5,0.3076923076923077,0.5,0.7692307692307693,0.5384615384615384,0.4230769230769231,0.5,0.5769230769230769,0.3076923076923077,0.3076923076923077
F,0.30434782608695654,0.34782608695652173,0.34782608695652173,0.4782608695652174,0.43478260869565216,0.30434782608695654,0.5217391304347826,0.30434782608695654,0.391304347826087,0.391304347826087,0.30434782608695654,0.30434782608695654,0.34782608695652173,0.391304347826087,0.34782608695652173,0.43478260869565216,0.8260869565217391,0.9565217391304348,0.30434782608695654,0.43478260869565216,0.2608695652173913,0.391304347826087,0.391304347826087,0.30434782608695654,0.30434782608695654,0.6521739130434783,0.34782608695652173,0.2608695652173913,0.43478260869565216,0.5652173913043478,0.34782608695652173,0.391304347826087,0.7391304347826086,0.30434782608695654,0.391304347826087,0.30434782608695654,0.34782608695652173,0.30434782608695654,0.4782608695652174,0.391304347826087,0.5652173913043478,0.391304347826087,0.34782608695652173,0.5652173913043478,0.30434782608695654,0.9565217391304348,0.5217391304347826,0.9130434782608695,0.2608695652173913,0.2608695652173913,0.391304347826087,0.30434782608695654,0.4782608695652174,0.391304347826087,0.34782608695652173,0.34782608695652173,0.30434782608695654,0.43478260869565216,0.2608695652173913,0.34782608695652173,0.34782608695652173,0.4782608695652174,0.30434782608695654,0.391304347826087,0.30434782608695654,0.30434782608695654,0.30434782608695654,0.2608695652173913,0.391304347826087,0.43478260869565216,0.30434782608695654,0.43478260869565216,0.8260869565217391,0.391304347826087,0.391304347826087,0.2608695652173913,0.4782608695652174,0.30434782608695654,0.2608695652173913
P,1.0,0.5217391304347826,0.5652173913043478,0.6086956521739131,0.43478260869565216,0.391304347826087,0.43478260869565216,0.43478260869565216,0.34782608695652173,0.43478260869565216,0.5217391304347826,0.43478260869565216,0.43478260869565216,0.4782608695652174,0.43478260869565216,0.391304347826087,0.391304347826087,0.2608695652173913,0.43478260869565216,0.34782608695652173,0.391304347826087,0.4782608695652174,0.4782608695652174,0.43478260869565216,0.8695652173913043,0.34782608695652173,0.4782608695652174,0.391304347826087,0.391304347826087,0.34782608695652173,0.4782608695652174,0.4782608695652174,0.34782608695652173,0.34782608695652173,0.4782608695652174,0.4782608695652174,0.43478260869565216,0.391304347826087,0.43478260869565216,0.7391304347826086,0.6956521739130435,0.4782608695652174,0.4782608695652174,0.391304347826087,0.391304347826087,0.30434782608695654,0.391304347826087,0.30434782608695654,0.5217391304347826,0.34782608695652173,0.43478260869565216,0.8260869565217391,0.391304347826087,0.43478260869565216,0.7391304347826086,0.4782608695652174,0.43478260869565216,0.43478260869565216,1.0,0.4782608695652174,0.5217391304347826,0.43478260869565216,0.43478260869565216,0.34782608695652173,0.43478260869565216,0.43478260869565216,0.43478260869565216,0.391304347826087,0.4782608695652174,0.34782608695652173,0.43478260869565216,0.391304347826087,0.34782608695652173,0.43478260869565216,0.43478260869565216,0.4782608695652174,0.43478260869565216,0.43478260869565216,0.391304347826087
S,0.47619047619047616,0.7619047619047619,0.5714285714285714,0.47619047619047616,0.38095238095238093,0.5714285714285714,0.42857142857142855,0.47619047619047616,0.38095238095238093,0.7142857142857143,0.6190476190476191,0.5238095238095238,0.7142857142857143,0.8095238095238095,0.47619047619047616,0.38095238095238093,0.5238095238095238,0.3333333333333333,0.47619047619047616,0.38095238095238093,0.42857142857142855,0.5238095238095238,0.7142857142857143,0.5714285714285714,0.5714285714285714,0.38095238095238093,0.7619047619047619,0.42857142857142855,0.3333333333333333,0.42857142857142855,0.6190476190476191,0.7142857142857143,0.38095238095238093,0.6190476190476191,0.5714285714285714,0.42857142857142855,0.5238095238095238,0.6666666666666666,0.47619047619047616,0.8095238095238095,0.5238095238095238,0.6666666666666666,0.8571428571428571,0.47619047619047616,0.42857142857142855,0.3333333333333333,0.42857142857142855,0.42857142857142855,0.42857142857142855,0.47619047619047616,0.5714285714285714,0.47619047619047616,0.42857142857142855,0.6190476190476191,0.5238095238095238,0.6190476190476191,0.5238095238095238,0.5714285714285714,0.42857142857142855,0.5714285714285714,0.7142857142857143,0.38095238095238093,0.5238095238095238,0.38095238095238093,0.5238095238095238,0.47619047619047616,0.5238095238095238,0.42857142857142855,0.6190476190476191,0.38095238095238093,0.47619047619047616,0.47619047619047616,0.42857142857142855,0.47619047619047616,0.5238095238095238,0.42857142857142855,0.5714285714285714,0.47619047619047616,0.47619047619047616
T,0.4782608695652174,0.5652173913043478,0.6956521739130435,0.5217391304347826,0.4782608695652174,0.5652173913043478,0.4782608695652174,0.5217391304347826,0.4782608695652174,0.6956521739130435,0.4782608695652174,0.5652173913043478,0.5217391304347826,0.6086956521739131,0.5217391304347826,0.5217391304347826,0.5217391304347826,0.34782608695652173,0.4782608695652174,0.5652173913043478,0.43478260869565216,0.4782608695652174,0.782608695652174,0.9565217391304348,0.5217391304347826,0.43478260869565216,0.5652173913043478,0.43478260869565216,0.43478260869565216,0.5217391304347826,0.6086956521739131,0.6086956521739131,0.391304347826087,0.4782608695652174,0.5652173913043478,0.43478260869565216,0.5652173913043478,0.43478260869565216,0.5217391304347826,0.6086956521739131,0.5217391304347826,0.6086956521739131,0.6956521739130435,0.5217391304347826,0.4782608695652174,0.34782608695652173,0.4782608695652174,0.391304347826087,0.43478260869565216,0.391304347826087,0.6086956521739131,0.4782608695652174,0.4782608695652174,0.6086956521739131,0.4782608695652174,0.782608695652174,0.4782608695652174,0.9565217391304348,0.43478260869565216,0.5217391304347826,0.6086956521739131,0.43478260869565216,0.4782608695652174,0.43478260869565216,0.4782608695652174,0.4782608695652174,0.4782608695652174,0.391304347826087,0.8260869565217391,0.5217391304347826,0.4782608695652174,0.5217391304347826,0.4782608695652174,0.5217391304347826,0.5217391304347826,0.43478260869565216,0.8260869565217391,0.391304347826087,0.391304347826087
W,0.2962962962962963,0.3333333333333333,0.3333333333333333,0.37037037037037035,0.3333333333333333,0.2962962962962963,0.37037037037037035,0.2962962962962963,0.2962962962962963,0.3333333333333333,0.3333333333333333,0.2962962962962963,0.3333333333333333,0.3333333333333333,0.2962962962962963,0.2962962962962963,0.48148148148148145,0.4074074074074074,0.2962962962962963,0.3333333333333333,0.25925925925925924,0.3333333333333333,0.4074074074074074,0.2962962962962963,0.2962962962962963,0.37037037037037035,0.3333333333333333,0.25925925925925924,0.3333333333333333,0.3333333333333333,0.3333333333333333,0.37037037037037035,0.5185185185185185,0.2962962962962963,0.3333333333333333,0.2962962962962963,0.3333333333333333,0.3333333333333333,0.48148148148148145,0.3333333333333333,0.37037037037037035,0.4074074074074074,0.3333333333333333,0.37037037037037035,0.2962962962962963,0.4074074074074074,0.37037037037037035,0.4444444444444444,0.25925925925925924,0.2962962962962963,0.3333333333333333,0.2962962962962963,0.3333333333333333,0.3333333333333333,0.3333333333333333,0.3333333333333333,0.2962962962962963,0.2962962962962963,0.25925925925925924,0.3333333333333333,0.3333333333333333,0.3333333333333333,0.2962962962962963,0.3333333333333333,0.2962962962962963,0.25925925925925924,0.3333333333333333,0.2222222222222222,0.3333333333333333,0.2962962962962963,0.2962962962962963,0.2962962962962963,0.48148148148148145,0.3333333333333333,0.3333333333333333,0.2962962962962963,0.3333333333333333,0.2962962962962963,0.2962962962962963
Y,0.3181818181818182,0.36363636363636365,0.36363636363636365,0.7272727272727273,0.36363636363636365,0.3181818181818182,0.4090909090909091,0.3181818181818182,0.36363636363636365,0.36363636363636365,0.36363636363636365,0.3181818181818182,0.3181818181818182,0.4090909090909091,0.3181818181818182,0.36363636363636365,0.6363636363636364,0.5,0.3181818181818182,0.36363636363636365,0.3181818181818182,0.4090909090909091,0.45454545454545453,0.3181818181818182,0.4090909090909091,0.4090909090909091,0.36363636363636365,0.3181818181818182,0.36363636363636365,0.36363636363636365,0.45454545454545453,0.36363636363636365,0.9545454545454546,0.45454545454545453,0.4090909090909091,0.3181818181818182,0.36363636363636365,0.2727272727272727,0.45454545454545453,0.4090909090909091,0.5,0.4090909090909091,0.4090909090909091,0.4090909090909091,0.3181818181818182,0.5454545454545454,0.4090909090909091,0.7727272727272727,0.2727272727272727,0.22727272727272727,0.36363636363636365,0.3181818181818182,0.36363636363636365,0.4090909090909091,0.36363636363636365,0.4090909090909091,0.36363636363636365,0.3181818181818182,0.22727272727272727,0.36363636363636365,0.36363636363636365,0.45454545454545453,0.3181818181818182,0.3181818181818182,0.3181818181818182,0.2727272727272727,0.3181818181818182,0.22727272727272727,0.36363636363636365,0.36363636363636365,0.4090909090909091,0.36363636363636365,0.7727272727272727,0.4090909090909091,0.36363636363636365,0.3181818181818182,0.36363636363636365,0.2727272727272727,0.2727272727272727
V,0.4782608695652174,0.5217391304347826,0.5217391304347826,0.4782608695652174,0.6956521739130435,0.43478260869565216,0.6956521739130435,0.5217391304347826,0.9565217391304348,0.6086956521739131,0.43478260869565216,0.43478260869565216,0.43478260869565216,0.5217391304347826,0.782608695652174,0.9130434782608695,0.4782608695652174,0.43478260869565216,0.391304347826087,0.782608695652174,0.391304347826087,0.4782608695652174,0.5217391304347826,0.5652173913043478,0.43478260869565216,0.5652173913043478,0.4782608695652174,0.391304347826087,0.6521739130434783,0.5217391304347826,0.5217391304347826,0.5652173913043478,0.4782608695652174,0.4782608695652174,0.4782608695652174,0.391304347826087,0.6956521739130435,0.4782608695652174,0.782608695652174,0.5217391304347826,0.7391304347826086,0.4782608695652174,0.5217391304347826,0.8260869565217391,0.6086956521739131,0.43478260869565216,0.6086956521739131,0.5652173913043478,0.34782608695652173,0.34782608695652173,0.5652173913043478,0.4782608695652174,0.782608695652174,0.5217391304347826,0.4782608695652174,0.5217391304347826,0.43478260869565216,0.4782608695652174,0.4782608695652174,0.5217391304347826,0.5217391304347826,0.5652173913043478,0.43478260869565216,0.5652173913043478,0.5217391304347826,0.43478260869565216,0.43478260869565216,0.4782608695652174,0.782608695652174,0.6521739130434783,0.391304347826087,0.9130434782608695,0.6086956521739131,0.7391304347826086,0.43478260869565216,0.391304347826087,0.7391304347826086,0.391304347826087,0.34782608695652173
