,S,E,D,Y,E.1,R,R.1,R.2,S.1,E.2,C,V,S.2,E.3,M,L,D.1,L.1,E.4,K,Q,F,S.3,E.5,L.2,K.1,E.6,K.2,L.3,F.1,R.3,E.7,R.4,L.4,S.4
ASA,0.4548717948717949,0.7153846153846154,0.5097435897435898,0.5451282051282051,0.5656410256410257,0.7482051282051282,0.6,0.5671794871794872,0.3338461538461539,0.5487179487179488,0.22,0.3482051282051282,0.34666666666666673,0.49897435897435904,0.3774358974358975,0.47384615384615386,0.4620512820512821,0.4205128205128205,0.515897435897436,0.6323076923076923,0.5353846153846155,0.5041025641025642,0.3005128205128205,0.5912820512820514,0.44564102564102565,0.5374358974358975,0.5687179487179488,0.6035897435897436,0.44410256410256416,0.5861538461538462,0.7164102564102565,0.5938461538461539,0.6774358974358974,0.5758974358974359,0.5066666666666667
HSE_alpha_up,0.05806451612903226,0.08387096774193548,0.05806451612903226,0.2032258064516129,0.10322580645161289,0.04838709677419355,0.12580645161290321,0.2032258064516129,0.0935483870967742,0.07741935483870968,0.2838709677419355,0.22903225806451613,0.07419354838709677,0.13548387096774195,0.2645161290322581,0.11612903225806451,0.07096774193548386,0.18064516129032257,0.14516129032258066,0.07419354838709677,0.08709677419354837,0.1935483870967742,0.13548387096774195,0.061290322580645165,0.1193548387096774,0.14516129032258066,0.08064516129032258,0.07419354838709677,0.12903225806451613,0.12903225806451613,0.08064516129032258,0.08064516129032258,0.12903225806451613,0.10322580645161289,0.03870967741935484
HSE_alpha_down,0.17263843648208468,0.24755700325732902,0.30944625407166126,0.3127035830618893,0.3485342019543974,0.3680781758957655,0.35179153094462545,0.3583061889250814,0.43322475570032576,0.45928338762214976,0.3485342019543974,0.4169381107491857,0.4657980456026059,0.42019543973941365,0.3485342019543974,0.4104234527687297,0.40716612377850164,0.32247557003257327,0.3485342019543974,0.4006514657980456,0.34201954397394135,0.29967426710097717,0.37785016286644957,0.3973941368078176,0.33876221498371334,0.36482084690553745,0.3973941368078176,0.39087947882736157,0.32247557003257327,0.30944625407166126,0.3322475570032573,0.29641693811074926,0.2247557003257329,0.18566775244299674,0.15960912052117263
P(C),0.9740000000000001,0.35700000000000004,0.35,0.185,0.174,0.15,0.158,0.153,0.135,0.078,0.053,0.039,0.05,0.069,0.091,0.10800000000000001,0.105,0.034,0.037000000000000005,0.057,0.078,0.059000000000000004,0.049,0.024,0.013999999999999999,0.017,0.028999999999999998,0.039,0.077,0.157,0.26899999999999996,0.337,0.46,0.655,0.995
P(H),0.025,0.643,0.65,0.8140000000000001,0.826,0.8490000000000001,0.8420000000000001,0.847,0.865,0.9209999999999999,0.9470000000000001,0.961,0.95,0.9309999999999999,0.909,0.892,0.895,0.966,0.963,0.943,0.922,0.941,0.951,0.976,0.986,0.983,0.971,0.961,0.922,0.841,0.7290000000000001,0.657,0.5329999999999999,0.342,0.005
P(E),0.001,0.0,0.0,0.0,0.0,0.0,0.0,0.0,0.0,0.0,0.0,0.0,0.0,0.0,0.0,0.0,0.0,0.0,0.0,0.0,0.0,0.0,0.0,0.0,0.0,0.0,0.0,0.0,0.001,0.002,0.002,0.006,0.006999999999999999,0.003,0.0
cosPhi,0.4356035286341006,0.7128918173729912,0.6800004754578253,0.6856860064920174,0.7017747859022699,0.696170678956787,0.6913438221341193,0.7089356964399721,0.7041673752050037,0.6969730778947264,0.6921497697365305,0.7089356964399721,0.7001766491363243,0.6848754648847661,0.6921497697365305,0.6969730778947264,0.6832526946667644,0.677555545154192,0.6889224919850222,0.6913438221341193,0.6824404709992533,0.6636109709621165,0.694564090831167,0.6953676824535783,0.6969730778947264,0.7065543671977683,0.7001766491363243,0.6953676824535783,0.68811422768336,0.6800004754578253,0.6791860436895513,0.6545104909384191,0.6344618429869661,0.5548688457709675,0.49127529328996117
cosPsi,0.03772698319384349,0.9285836503510562,0.919335283972712,0.8972073102677091,0.8972073102677091,0.8966766701456176,0.8934675109806687,0.8880232035332729,0.8902152036691648,0.8918467286629199,0.8874722443520897,0.8863667867486755,0.8934675109806687,0.9019284303086086,0.8966766701456176,0.892928446587701,0.9065503805235138,0.9070577591781597,0.8993177550236464,0.906041763445903,0.9090748587125117,0.9174239316317033,0.8874722443520897,0.8961448216775953,0.8874722443520897,0.8891215742630105,0.892928446587701,0.8945420424173454,0.895611766483745,0.9070577591781597,0.9100759379368861,0.9263200821770461,0.9486291848371642,0.9865894363885441,0.9632643154359186
cosTheta,0.40983823495542443,0.8177332168084087,0.8304533189544963,0.8286352843229204,0.85228980488783,0.8613978627735588,0.8486480206728793,0.85228980488783,0.8595758622648653,0.8650424083394216,0.8431870247477466,0.8541110164355151,0.8650424083394216,0.8559324335465859,0.8450071252757246,0.8504688044512568,0.8577540506726897,0.8359090664658281,0.8359090664658281,0.8504688044512568,0.8359090664658281,0.8086568101222078,0.8177332168084087,0.8559324335465859,0.85228980488783,0.8577540506726897,0.8650424083394216,0.8650424083394216,0.85228980488783,0.8486480206728793,0.8468274590991198,0.8322716312149072,0.8122863794219237,0.7580074198027501,0.6544696826357251
cosTau,0.2568323097882548,0.34383254074388375,0.7853567838422159,0.7817630244687857,0.7896405861713394,0.8064535268264883,0.8078307376628291,0.8029942001328555,0.8085179375703744,0.8160146513324255,0.8133019056822303,0.8092041976787772,0.8133019056822303,0.8220618148806933,0.8098895158975701,0.8009075115760242,0.818039110138882,0.8126213281678527,0.7924788374936077,0.8029942001328555,0.800210112662942,0.8036879198616433,0.7737816117462751,0.8064535268264883,0.8112573183188098,0.8071426000494716,0.8098895158975701,0.813981528824669,0.8160146513324255,0.816690436313775,0.8071426000494716,0.8112573183188098,0.7995117992577929,0.8247240241650918,0.820724815784579
sinPhi,0.004164418808454806,0.04758647376699021,0.03352323258725548,0.03575708655954318,0.04252016607508757,0.040089251339131216,0.038060233744356575,0.04574591123663918,0.043582911383478584,0.04043233037238281,0.038394891443509604,0.04574591123663918,0.041818635218880185,0.035433714232971925,0.038394891443509604,0.04043233037238281,0.03479121600898771,0.03258716180199278,0.03706470759500258,0.038060233744356575,0.034472092068735805,0.027525543921234574,0.039407297217139425,0.03974757327377981,0.04043233037238281,0.044658169596911546,0.041818635218880185,0.03974757327377981,0.03673568456408138,0.03352323258725548,0.033209786751399184,0.02447174185242318,0.018418716601170892,0.003019522272410202,7.615242180442072e-05
sinPsi,0.6905351881751371,0.24248096254497292,0.22768048249248646,0.19631208013835666,0.19631208013835666,0.19561928549563967,0.19148206242962568,0.18466209628435687,0.1873786718321474,0.18942610986084485,0.18398534866757454,0.1826347433988662,0.19148206242962568,0.20258860662432937,0.19561928549563967,0.1907958023212229,0.2089385149213553,0.20964852214453011,0.19909248842397587,0.2082293943219412,0.21249737397836072,0.22475962995750226,0.18398534866757454,0.1949274180493662,0.18398534866757454,0.1860184711753311,0.1907958023212229,0.19285739995052842,0.19423647990708443,0.20964852214453011,0.21392706327724192,0.2387507176420256,0.27924707360412737,0.38497513140594775,0.6881121315696828
sinTheta,0.7574539518744037,0.9906257707672168,0.9927854632165506,0.9924941883966378,0.9958317662411548,0.9968562218398896,0.9953816413449323,0.9958317662411548,0.9966628597427053,0.9972256483158515,0.9946632466455553,0.9960481851351943,0.9972256483158515,0.9962588407750017,0.994908471570965,0.9956095847521328,0.9964637325188842,0.993624764322336,0.993624764322336,0.9956095847521328,0.993624764322336,0.9889107128456969,0.9906257707672168,0.9962588407750017,0.9958317662411548,0.9964637325188842,0.9972256483158515,0.9972256483158515,0.9958317662411548,0.9953816413449323,0.9951479367139084,0.9930709847210485,0.9896139680051544,0.976658114971376,0.9370998966615165
sinTau,0.9368861115177327,0.02501397423767371,0.9105746045668521,0.9130491472478819,0.907563897864277,0.8950775061878452,0.894005376803361,0.8977367404274479,0.8934675109806687,0.8874722443520897,0.8896689824657371,0.892928446587701,0.8896689824657371,0.8824607004592159,0.8923881852665414,0.8993177550236464,0.88581229169386,0.8902152036691648,0.9055319094946633,0.8977367404274479,0.8998423292435453,0.8972073102677091,0.9183821567294808,0.8950775061878452,0.891304078426207,0.8945420424173454,0.8923881852665414,0.8891215742630105,0.8874722443520897,0.8869201048632531,0.8945420424173454,0.891304078426207,0.9003656854743667,0.8802029828000155,0.8835825759076498
hhm0,0.8411136344520144,0.31331482883337536,0.8411136344520144,0.5077803011186811,0.8411136344520144,0.32618386744049116,0.8411136344520144,0.8411136344520144,0.23828749264025567,0.4549583648750946,0.8411136344520144,0.8411136344520144,0.4589957103204642,0.3322398856085457,0.8411136344520144,0.1933720245605181,0.5134998738329548,0.8411136344520144,0.8411136344520144,0.8411136344520144,0.8411136344520144,0.8411136344520144,0.3681554377996467,0.4153419126924047,0.8411136344520144,0.8411136344520144,0.8411136344520144,0.8411136344520144,0.8411136344520144,0.8411136344520144,0.8411136344520144,0.4447808898982253,0.8411136344520144,0.5247707965346118,0.2816889561779796
hhm1,0.7903264048051845,0.7903264048051845,0.7903264048051845,0.05642930530309018,0.7903264048051845,0.7903264048051845,0.7903264048051845,0.7903264048051845,0.7903264048051845,0.7903264048051845,0.043942148107168254,0.4263020627519165,0.7903264048051845,0.7903264048051845,0.7903264048051845,0.3174741168102426,0.7903264048051845,0.7903264048051845,0.7903264048051845,0.7903264048051845,0.7903264048051845,0.7903264048051845,0.45459574804394215,0.7903264048051845,0.7903264048051845,0.7903264048051845,0.7903264048051845,0.7903264048051845,0.7903264048051845,0.38820833004030664,0.7903264048051845,0.7903264048051845,0.7903264048051845,0.7903264048051845,0.7903264048051845
hhm2,0.8234519104084322,0.17934782608695654,0.11511857707509883,0.8234519104084322,0.21533267457180502,0.8234519104084322,0.8234519104084322,0.8234519104084322,0.3863636363636364,0.277832674571805,0.8234519104084322,0.8234519104084322,0.11075428194993414,0.1324110671936759,0.8234519104084322,0.3480731225296443,0.10540184453227933,0.8234519104084322,0.8234519104084322,0.435441370223979,0.8234519104084322,0.8234519104084322,0.8234519104084322,0.2388833992094862,0.8234519104084322,0.8234519104084322,0.17761857707509882,0.8234519104084322,0.8234519104084322,0.8234519104084322,0.8234519104084322,0.43066534914361004,0.8234519104084322,0.8234519104084322,0.580368906455863
hhm3,0.7964319847085058,0.08043963045555909,0.05766167569289583,0.7964319847085058,0.03783051927365403,0.480805989168525,0.7964319847085058,0.3088563236699586,0.7964319847085058,0.04467983434214717,0.7964319847085058,0.7964319847085058,0.20149729213125198,0.2026122969098439,0.7964319847085058,0.7964319847085058,0.22323988531379418,0.7964319847085058,0.006690028671551449,0.44552405224593816,0.7964319847085058,0.7964319847085058,0.34565148136349155,0.24020388658808536,0.7964319847085058,0.7964319847085058,0.039582669640012745,0.3444568333864288,0.7964319847085058,0.7964319847085058,0.35449187639375596,0.008362535839439312,0.7964319847085058,0.7964319847085058,0.45938196877986615
hhm4,0.80768920119538,0.80768920119538,0.80768920119538,0.80768920119538,0.80768920119538,0.80768920119538,0.80768920119538,0.80768920119538,0.5178095468863582,0.38486390436959855,0.361360148614813,0.80768920119538,0.80768920119538,0.80768920119538,0.80768920119538,0.5406671512801874,0.80768920119538,0.80768920119538,0.80768920119538,0.3353525563363218,0.80768920119538,0.015103788062353608,0.3591793877715855,0.4943865600516921,0.46458282852758265,0.80768920119538,0.80768920119538,0.80768920119538,0.27986430821419916,0.21621839916000324,0.3691947338664082,0.80768920119538,0.80768920119538,0.5170826266052823,0.80768920119538
hhm5,0.8283631544068919,0.3795559973492379,0.8283631544068919,0.8283631544068919,0.41211066931742873,0.47813121272365805,0.8283631544068919,0.8283631544068919,0.3991053677932405,0.8283631544068919,0.8283631544068919,0.30798542080848246,0.8283631544068919,0.8283631544068919,0.8283631544068919,0.8283631544068919,0.8283631544068919,0.8283631544068919,0.8283631544068919,0.8283631544068919,0.8283631544068919,0.8283631544068919,0.3879224652087475,0.34393638170974156,0.8283631544068919,0.8283631544068919,0.8283631544068919,0.8283631544068919,0.8283631544068919,0.8283631544068919,0.5144963552021206,0.8283631544068919,0.8283631544068919,0.8283631544068919,0.42064280980781976
hhm6,0.805607024893257,0.805607024893257,0.805607024893257,0.805607024893257,0.805607024893257,0.805607024893257,0.805607024893257,0.805607024893257,0.805607024893257,0.805607024893257,0.31821477483283656,0.805607024893257,0.45790703294932733,0.35374204463062914,0.805607024893257,0.805607024893257,0.36437605735922013,0.805607024893257,0.805607024893257,0.4309191976154032,0.805607024893257,0.805607024893257,0.805607024893257,0.29775235640054776,0.805607024893257,0.805607024893257,0.805607024893257,0.37074035285587686,0.805607024893257,0.5003625231612019,0.38959155723837907,0.805607024893257,0.805607024893257,0.47345524852976717,0.415048739225006
hhm7,0.7675775253300584,0.7675775253300584,0.7675775253300584,0.16886705557261283,0.7675775253300584,0.7675775253300584,0.368206938900829,0.381869818851704,0.7675775253300584,0.7675775253300584,0.29897144611605775,0.22781700951796133,0.31869818851704024,0.3445655511206632,0.23579981578139392,0.4258520110531164,0.31869818851704024,0.24669941664108078,0.7675775253300584,0.43452563708934605,0.7675775253300584,0.3513202333435677,0.38877801657967453,0.1747006447651213,0.24800429843414185,0.7675775253300584,0.7675775253300584,0.7675775253300584,0.37910653976051584,0.7675775253300584,0.7675775253300584,0.7675775253300584,0.7675775253300584,0.10953331286459932,0.7675775253300584
hhm8,0.7967492630069316,0.34084933471436535,0.7967492630069316,0.7967492630069316,0.7967492630069316,0.33296151701059673,0.2520914668153932,0.314715958887738,0.2680264520755318,0.7967492630069316,0.7967492630069316,0.7967492630069316,0.3529599235120707,0.5485618675802725,0.7967492630069316,0.7967492630069316,0.7967492630069316,0.7967492630069316,0.7967492630069316,0.10094813162297825,0.3143175842562346,0.7967492630069316,0.3646721376782726,0.7967492630069316,0.7967492630069316,0.06955621066050513,0.7967492630069316,0.2873077842402995,0.7967492630069316,0.7967492630069316,0.1562425304756593,0.7967492630069316,0.2282686638514859,0.7967492630069316,0.25679228746713406
hhm9,0.8271982794275787,0.4809330796591943,0.8271982794275787,0.8271982794275787,0.8271982794275787,0.8271982794275787,0.4261725535610886,0.8271982794275787,0.43767060964513194,0.3434527256183307,0.3520555877243775,0.07692943998676484,0.3221937298370419,0.4326247001406237,0.14219538423360079,0.28091653569360575,0.8271982794275787,0.019356439738605343,0.8271982794275787,0.8271982794275787,0.8271982794275787,0.8271982794275787,0.3421292083712466,0.28960211762759536,0.03366696997270245,0.8271982794275787,0.8271982794275787,0.5021093556125403,0.03614856481098519,0.8271982794275787,0.37372818264538005,0.8271982794275787,0.8271982794275787,0.15725039291918272,0.8271982794275787
hhm10,0.7923302432453847,0.7923302432453847,0.7923302432453847,0.42429284525790345,0.7923302432453847,0.5172331827905872,0.7923302432453847,0.7923302432453847,0.3431582283495761,0.7923302432453847,0.7923302432453847,0.2876158782980746,0.7923302432453847,0.7923302432453847,0.09389113382457807,0.7923302432453847,0.37754536090642576,0.7923302432453847,0.7923302432453847,0.4273829332065605,0.7923302432453847,0.7923302432453847,0.3480706758576975,0.7923302432453847,0.4674748435147769,0.7923302432453847,0.7923302432453847,0.3086126297440773,0.7923302432453847,0.7923302432453847,0.36431344584422787,0.7923302432453847,0.7923302432453847,0.259567387687188,0.5044766658743365
hhm11,0.8106355382619974,0.4795719844357977,0.8106355382619974,0.3321173800259403,0.28753242542153046,0.3746757457846952,0.8106355382619974,0.8106355382619974,0.2101167315175097,0.5449092088197146,0.8106355382619974,0.8106355382619974,0.44544422827496755,0.18085278858625162,0.8106355382619974,0.32814526588845655,0.2585927367055772,0.8106355382619974,0.8106355382619974,0.3441958495460441,0.8106355382619974,0.8106355382619974,0.28631647211413747,0.5066472114137484,0.8106355382619974,0.3710278858625162,0.8106355382619974,0.8106355382619974,0.8106355382619974,0.8106355382619974,0.5139429312581063,0.8106355382619974,0.8106355382619974,0.28972114137483784,0.1886348897535668
hhm12,0.7765783955890346,0.7765783955890346,0.7765783955890346,0.7765783955890346,0.7765783955890346,0.7765783955890346,0.7765783955890346,0.7765783955890346,0.7765783955890346,0.7765783955890346,0.7765783955890346,0.3879785664362817,0.7765783955890346,0.7765783955890346,0.3224353498485672,0.7765783955890346,0.7765783955890346,0.7765783955890346,0.7765783955890346,0.7765783955890346,0.7765783955890346,0.3224353498485672,0.7765783955890346,0.7765783955890346,0.7765783955890346,0.7765783955890346,0.7765783955890346,0.7765783955890346,0.7765783955890346,0.7765783955890346,0.7765783955890346,0.7765783955890346,0.7765783955890346,0.7765783955890346,0.7765783955890346
hhm13,0.7867201636377941,0.7867201636377941,0.7867201636377941,0.7867201636377941,0.7867201636377941,0.5482652820391787,0.4131067579262057,0.7867201636377941,0.7867201636377941,0.35402407363700733,0.7867201636377941,0.3993391550625443,0.202580442136732,0.4641648965462985,0.7867201636377941,0.3547321217842814,0.5212021084100386,0.7867201636377941,0.7867201636377941,0.543151600975533,0.019510660058217295,0.7867201636377941,0.46817716938085124,0.22862087955314297,0.7867201636377941,0.7867201636377941,0.3064275037369208,0.04956337030918103,0.7867201636377941,0.7867201636377941,0.3974510266698136,0.7867201636377941,0.44308079616080565,0.5387459680591614,0.4118480056643852
hhm14,0.7768197001475957,0.7768197001475957,0.7768197001475957,0.7768197001475957,0.7768197001475957,0.0393847587974831,0.02524664025479686,0.020119630233822728,0.7768197001475957,0.3949351355550376,0.7768197001475957,0.7768197001475957,0.7768197001475957,0.7768197001475957,0.7768197001475957,0.7768197001475957,0.7768197001475957,0.7768197001475957,0.7768197001475957,0.13726404101608014,0.7768197001475957,0.7768197001475957,0.7768197001475957,0.40627670317719256,0.7768197001475957,0.09935523964887749,0.7768197001475957,0.27072166550143706,0.7768197001475957,0.7768197001475957,0.12436883399363007,0.7768197001475957,0.019187446593645612,0.7768197001475957,0.3886428959838421
hhm15,0.0,0.39464566929133854,0.7874015748031495,0.4155905511811024,0.7874015748031495,0.48661417322834644,0.7874015748031495,0.7874015748031495,0.17409448818897638,0.4936220472440945,0.7874015748031495,0.7874015748031495,0.4943307086614173,0.7874015748031495,0.37519685039370076,0.1356692913385827,0.26716535433070865,0.7874015748031495,0.3269291338582677,0.4140944881889764,0.37519685039370076,0.7874015748031495,0.20897637795275592,0.5270866141732283,0.7874015748031495,0.7874015748031495,0.7874015748031495,0.7874015748031495,0.7874015748031495,0.7874015748031495,0.40409448818897636,0.7874015748031495,0.7874015748031495,0.41181102362204725,0.21590551181102363
hhm16,0.8158603247124092,0.4083380925185608,0.8158603247124092,0.8158603247124092,0.8158603247124092,0.5532348861874847,0.8158603247124092,0.8158603247124092,0.18577139593701558,0.8158603247124092,0.8158603247124092,0.3177775964754834,0.552663783960186,0.29925756710451173,0.8158603247124092,0.3198988333197357,0.3391531369829485,0.3734192706208697,0.8158603247124092,0.4027086562780452,0.8158603247124092,0.8158603247124092,0.19531696173615076,0.4336297625846455,0.8158603247124092,0.8158603247124092,0.8158603247124092,0.552337439830301,0.8158603247124092,0.8158603247124092,0.40034266133637925,0.8158603247124092,0.8158603247124092,0.8158603247124092,0.25030594762176717
hhm17,0.846811753747142,0.49809467355406883,0.510796849860276,0.846811753747142,0.846811753747142,0.5058853416885426,0.846811753747142,0.846811753747142,0.5269709543568464,0.5292573460919637,0.846811753747142,0.397916843085782,0.5737149631636886,0.846811753747142,0.38072656448471504,0.3776780421712253,0.46066559403844526,0.846811753747142,0.846811753747142,0.846811753747142,0.35159624015581337,0.846811753747142,0.2451520027097976,0.36531459056651705,0.27648403759844187,0.846811753747142,0.846811753747142,0.846811753747142,0.846811753747142,0.32932509103226354,0.5638919468202219,0.4913201795240918,0.846811753747142,0.35803200948429165,0.2854602421881616
hhm18,0.7652865998316369,0.7652865998316369,0.7652865998316369,0.7652865998316369,0.7652865998316369,0.7652865998316369,0.7652865998316369,0.7652865998316369,0.7652865998316369,0.7652865998316369,0.7652865998316369,0.7652865998316369,0.7652865998316369,0.7652865998316369,0.7652865998316369,0.7652865998316369,0.7652865998316369,0.7652865998316369,0.7652865998316369,0.7652865998316369,0.7652865998316369,0.7652865998316369,0.7652865998316369,0.7652865998316369,0.7652865998316369,0.7652865998316369,0.7652865998316369,0.7652865998316369,0.7652865998316369,0.7652865998316369,0.7652865998316369,0.7652865998316369,0.7652865998316369,0.7652865998316369,0.7652865998316369
hhm19,0.8254911672445104,0.8254911672445104,0.8254911672445104,0.35958395245170877,0.8254911672445104,0.379395740465577,0.8254911672445104,0.8254911672445104,0.8254911672445104,0.8254911672445104,0.28586759121677396,0.8254911672445104,0.8254911672445104,0.8254911672445104,0.8254911672445104,0.39334654119200924,0.8254911672445104,0.8254911672445104,0.8254911672445104,0.8254911672445104,0.8254911672445104,0.44650817236255574,0.39334654119200924,0.5592702658081559,0.8254911672445104,0.8254911672445104,0.8254911672445104,0.8254911672445104,0.2359253755984811,0.037559848109625225,0.3038632986627043,0.8254911672445104,0.8254911672445104,0.3765890704969457,0.3060921248142645
A,0.7272727272727273,0.5454545454545454,0.5,0.5454545454545454,0.5454545454545454,0.5,0.5,0.5,0.5909090909090909,0.5454545454545454,0.5454545454545454,0.5454545454545454,0.5454545454545454,0.5454545454545454,0.5,0.7272727272727273,0.5454545454545454,0.5,0.5,0.5454545454545454,0.5,0.45454545454545453,0.6818181818181818,0.5909090909090909,0.5,0.5454545454545454,0.5454545454545454,0.5454545454545454,0.5,0.5,0.5454545454545454,0.5,0.5,0.5454545454545454,0.6818181818181818
R,0.5238095238095238,0.5238095238095238,0.47619047619047616,0.3333333333333333,0.47619047619047616,0.9047619047619048,0.9523809523809523,0.9047619047619048,0.47619047619047616,0.5238095238095238,0.3333333333333333,0.42857142857142855,0.47619047619047616,0.47619047619047616,0.42857142857142855,0.47619047619047616,0.47619047619047616,0.38095238095238093,0.47619047619047616,0.8095238095238095,0.5238095238095238,0.3333333333333333,0.47619047619047616,0.47619047619047616,0.38095238095238093,0.8095238095238095,0.47619047619047616,0.5714285714285714,0.42857142857142855,0.42857142857142855,0.8095238095238095,0.47619047619047616,0.9047619047619048,0.42857142857142855,0.47619047619047616
N,0.7142857142857143,0.5238095238095238,0.5238095238095238,0.47619047619047616,0.5238095238095238,0.5238095238095238,0.47619047619047616,0.47619047619047616,0.7619047619047619,0.5238095238095238,0.3333333333333333,0.38095238095238093,0.6190476190476191,0.7619047619047619,0.38095238095238093,0.5714285714285714,0.7142857142857143,0.3333333333333333,0.47619047619047616,0.5714285714285714,0.47619047619047616,0.3333333333333333,0.5714285714285714,0.5714285714285714,0.3333333333333333,0.47619047619047616,0.5238095238095238,0.47619047619047616,0.3333333333333333,0.38095238095238093,0.5714285714285714,0.47619047619047616,0.47619047619047616,0.38095238095238093,0.7619047619047619
D,0.5909090909090909,0.6818181818181818,0.8181818181818182,0.36363636363636365,0.6818181818181818,0.45454545454545453,0.45454545454545453,0.45454545454545453,0.5454545454545454,0.6363636363636364,0.36363636363636365,0.4090909090909091,0.8636363636363636,0.7727272727272727,0.36363636363636365,0.5909090909090909,0.8636363636363636,0.36363636363636365,0.5909090909090909,0.5,0.5,0.3181818181818182,0.5,0.7272727272727273,0.36363636363636365,0.5,0.7272727272727273,0.5,0.36363636363636365,0.36363636363636365,0.5,0.5909090909090909,0.45454545454545453,0.4090909090909091,0.5454545454545454
C,0.5185185185185185,0.37037037037037035,0.37037037037037035,0.9259259259259259,0.37037037037037035,0.37037037037037035,0.37037037037037035,0.37037037037037035,0.48148148148148145,0.37037037037037035,0.9629629629629629,0.48148148148148145,0.4074074074074074,0.4074074074074074,0.4444444444444444,0.5555555555555556,0.4074074074074074,0.4444444444444444,0.3333333333333333,0.37037037037037035,0.37037037037037035,0.4074074074074074,0.5925925925925926,0.4444444444444444,0.4444444444444444,0.37037037037037035,0.37037037037037035,0.4074074074074074,0.4444444444444444,0.6296296296296297,0.5185185185185185,0.3333333333333333,0.37037037037037035,0.48148148148148145,0.48148148148148145
Q,0.5238095238095238,0.6190476190476191,0.5238095238095238,0.3333333333333333,0.5238095238095238,0.5714285714285714,0.47619047619047616,0.5238095238095238,0.47619047619047616,0.6190476190476191,0.2857142857142857,0.47619047619047616,0.5238095238095238,0.5714285714285714,0.38095238095238093,0.47619047619047616,0.47619047619047616,0.3333333333333333,0.5238095238095238,0.5238095238095238,0.9047619047619048,0.2857142857142857,0.5238095238095238,0.5238095238095238,0.38095238095238093,0.5238095238095238,0.5238095238095238,0.8571428571428571,0.38095238095238093,0.38095238095238093,0.5714285714285714,0.5238095238095238,0.5714285714285714,0.42857142857142855,0.47619047619047616
E,0.55,0.9,0.85,0.35,0.95,0.55,0.5,0.5,0.5,0.9,0.35,0.45,0.75,0.8,0.4,0.5,0.7,0.4,0.95,0.6,0.65,0.35,0.5,0.7,0.4,0.55,0.9,0.65,0.4,0.4,0.65,0.95,0.5,0.45,0.55
G,0.5909090909090909,0.5,0.5,0.45454545454545453,0.45454545454545453,0.45454545454545453,0.45454545454545453,0.45454545454545453,0.6818181818181818,0.5,0.4090909090909091,0.4090909090909091,0.5,0.5454545454545454,0.4090909090909091,0.5454545454545454,0.5454545454545454,0.4090909090909091,0.45454545454545453,0.5,0.45454545454545453,0.4090909090909091,0.5909090909090909,0.5454545454545454,0.4090909090909091,0.5,0.5,0.5,0.4090909090909091,0.45454545454545453,0.5,0.45454545454545453,0.45454545454545453,0.45454545454545453,0.6818181818181818
H,0.4583333333333333,0.4583333333333333,0.4166666666666667,0.3333333333333333,0.4166666666666667,0.4166666666666667,0.4166666666666667,0.4166666666666667,0.5,0.4166666666666667,0.5,0.3333333333333333,0.5,0.5,0.3333333333333333,0.4166666666666667,0.625,0.3333333333333333,0.4166666666666667,0.5416666666666666,0.5416666666666666,0.375,0.4166666666666667,0.5,0.3333333333333333,0.4166666666666667,0.5416666666666666,0.5416666666666666,0.3333333333333333,0.5,0.5416666666666666,0.4166666666666667,0.4166666666666667,0.375,0.4583333333333333
I,0.5416666666666666,0.4583333333333333,0.4166666666666667,0.5833333333333334,0.5,0.4583333333333333,0.4583333333333333,0.4166666666666667,0.625,0.4583333333333333,0.5,0.7083333333333334,0.4583333333333333,0.5,0.6666666666666666,0.625,0.4583333333333333,0.6666666666666666,0.4166666666666667,0.4583333333333333,0.4166666666666667,0.5416666666666666,0.625,0.6666666666666666,0.7083333333333334,0.4583333333333333,0.4166666666666667,0.4583333333333333,0.6666666666666666,0.5416666666666666,0.5,0.4166666666666667,0.4166666666666667,0.75,0.5
L,0.5909090909090909,0.5,0.45454545454545453,0.5454545454545454,0.5,0.5454545454545454,0.5909090909090909,0.5,0.6363636363636364,0.5,0.5909090909090909,0.8636363636363636,0.5,0.5,0.8181818181818182,0.6818181818181818,0.45454545454545453,0.9545454545454546,0.45454545454545453,0.5,0.5,0.6363636363636364,0.6818181818181818,0.7272727272727273,0.9090909090909091,0.5,0.45454545454545453,0.5909090909090909,0.9545454545454546,0.5909090909090909,0.5909090909090909,0.45454545454545453,0.5,0.8181818181818182,0.5454545454545454
K,0.5909090909090909,0.6363636363636364,0.5454545454545454,0.4090909090909091,0.5454545454545454,0.6818181818181818,0.6363636363636364,0.6818181818181818,0.5454545454545454,0.5454545454545454,0.36363636363636365,0.45454545454545453,0.5454545454545454,0.5454545454545454,0.45454545454545453,0.5,0.5454545454545454,0.4090909090909091,0.5454545454545454,0.8181818181818182,0.5454545454545454,0.36363636363636365,0.5,0.5454545454545454,0.4090909090909091,0.8636363636363636,0.5909090909090909,0.7272727272727273,0.4090909090909091,0.4090909090909091,0.7727272727272727,0.5454545454545454,0.6818181818181818,0.45454545454545453,0.5454545454545454
M,0.5,0.4230769230769231,0.38461538461538464,0.4230769230769231,0.38461538461538464,0.4230769230769231,0.4230769230769231,0.4230769230769231,0.6153846153846154,0.4230769230769231,0.4230769230769231,0.6538461538461539,0.38461538461538464,0.4230769230769231,0.8461538461538461,0.5384615384615384,0.38461538461538464,0.6153846153846154,0.38461538461538464,0.4230769230769231,0.46153846153846156,0.46153846153846156,0.6153846153846154,0.5384615384615384,0.6153846153846154,0.4230769230769231,0.38461538461538464,0.46153846153846156,0.5769230769230769,0.46153846153846156,0.5384615384615384,0.38461538461538464,0.4230769230769231,0.6923076923076923,0.46153846153846156
F,0.43478260869565216,0.391304347826087,0.34782608695652173,0.43478260869565216,0.34782608695652173,0.391304347826087,0.391304347826087,0.34782608695652173,0.5217391304347826,0.34782608695652173,0.5652173913043478,0.5217391304347826,0.4782608695652174,0.391304347826087,0.5217391304347826,0.4782608695652174,0.391304347826087,0.5217391304347826,0.34782608695652173,0.391304347826087,0.34782608695652173,0.9565217391304348,0.5217391304347826,0.5217391304347826,0.5652173913043478,0.34782608695652173,0.34782608695652173,0.34782608695652173,0.5217391304347826,0.7391304347826086,0.4782608695652174,0.34782608695652173,0.34782608695652173,0.5652173913043478,0.43478260869565216
P,0.5652173913043478,0.5217391304347826,0.4782608695652174,0.43478260869565216,0.4782608695652174,0.4782608695652174,0.43478260869565216,0.43478260869565216,0.4782608695652174,0.4782608695652174,0.391304347826087,0.43478260869565216,0.4782608695652174,0.4782608695652174,0.43478260869565216,0.5217391304347826,0.4782608695652174,0.43478260869565216,0.4782608695652174,0.4782608695652174,0.4782608695652174,0.34782608695652173,0.5217391304347826,0.5217391304347826,0.43478260869565216,0.4782608695652174,0.4782608695652174,0.4782608695652174,0.43478260869565216,0.43478260869565216,0.5217391304347826,0.4782608695652174,0.43478260869565216,0.43478260869565216,0.5217391304347826
S,0.7142857142857143,0.5714285714285714,0.5714285714285714,0.5714285714285714,0.5238095238095238,0.5238095238095238,0.5238095238095238,0.5238095238095238,0.7142857142857143,0.5714285714285714,0.47619047619047616,0.47619047619047616,0.5714285714285714,0.5714285714285714,0.47619047619047616,0.7619047619047619,0.6190476190476191,0.42857142857142855,0.5238095238095238,0.5714285714285714,0.5238095238095238,0.42857142857142855,0.7142857142857143,0.5714285714285714,0.5238095238095238,0.5238095238095238,0.5238095238095238,0.5714285714285714,0.42857142857142855,0.47619047619047616,0.5714285714285714,0.5238095238095238,0.5238095238095238,0.5238095238095238,0.7619047619047619
T,0.6956521739130435,0.5217391304347826,0.5217391304347826,0.5652173913043478,0.5217391304347826,0.5217391304347826,0.4782608695652174,0.4782608695652174,0.6956521739130435,0.5217391304347826,0.4782608695652174,0.5217391304347826,0.5217391304347826,0.5217391304347826,0.5217391304347826,0.6956521739130435,0.5652173913043478,0.4782608695652174,0.4782608695652174,0.5652173913043478,0.4782608695652174,0.43478260869565216,0.7391304347826086,0.5652173913043478,0.5217391304347826,0.5217391304347826,0.5652173913043478,0.5217391304347826,0.5217391304347826,0.4782608695652174,0.5652173913043478,0.4782608695652174,0.4782608695652174,0.5217391304347826,0.6956521739130435
W,0.4074074074074074,0.37037037037037035,0.3333333333333333,0.4074074074074074,0.3333333333333333,0.37037037037037035,0.37037037037037035,0.3333333333333333,0.4074074074074074,0.37037037037037035,0.37037037037037035,0.4074074074074074,0.3333333333333333,0.3333333333333333,0.4074074074074074,0.4074074074074074,0.3333333333333333,0.4074074074074074,0.3333333333333333,0.37037037037037035,0.37037037037037035,0.48148148148148145,0.4074074074074074,0.4074074074074074,0.4074074074074074,0.3333333333333333,0.3333333333333333,0.37037037037037035,0.4074074074074074,0.5185185185185185,0.4074074074074074,0.3333333333333333,0.37037037037037035,0.4074074074074074,0.37037037037037035
Y,0.45454545454545453,0.4090909090909091,0.36363636363636365,0.6363636363636364,0.36363636363636365,0.4090909090909091,0.4090909090909091,0.4090909090909091,0.45454545454545453,0.36363636363636365,0.5454545454545454,0.45454545454545453,0.45454545454545453,0.4090909090909091,0.4090909090909091,0.45454545454545453,0.4090909090909091,0.45454545454545453,0.36363636363636365,0.4090909090909091,0.4090909090909091,0.5909090909090909,0.5,0.5,0.45454545454545453,0.4090909090909091,0.4090909090909091,0.4090909090909091,0.5,0.9090909090909091,0.45454545454545453,0.36363636363636365,0.4090909090909091,0.45454545454545453,0.4090909090909091
V,0.6086956521739131,0.5217391304347826,0.4782608695652174,0.5652173913043478,0.4782608695652174,0.5652173913043478,0.4782608695652174,0.4782608695652174,0.6086956521739131,0.5652173913043478,0.5217391304347826,0.6956521739130435,0.5217391304347826,0.4782608695652174,0.6521739130434783,0.6521739130434783,0.4782608695652174,0.6521739130434783,0.4782608695652174,0.4782608695652174,0.4782608695652174,0.5217391304347826,0.6521739130434783,0.6521739130434783,0.6521739130434783,0.4782608695652174,0.4782608695652174,0.5217391304347826,0.6521739130434783,0.5652173913043478,0.5652173913043478,0.4782608695652174,0.4782608695652174,0.7391304347826086,0.5652173913043478
