,D,V,T,R,C,I,C.1,G,F,T.1,H,D.1,D.2,G.1,Y,M,I.1,C.2,C.3,D.3,K,C.4,S,V.1,W,Q,H.1,I.2,D.4,C.5,M.1,G.2,I.3,D.5,R.1,Q.1,H.2,I.4,P,D.6,T.2,Y.1,L,C.6,E,R.2,C.7,Q.2,P.1,R.3,N,L.1,D.7,K.1,E.1,R.4,A,V.2,L.2,L.3,Q.3,R.5,R.6,K.2,R.7
ASA,0.6553846153846155,0.44051282051282054,0.23076923076923078,0.4846153846153846,0.12256410256410255,0.1887179487179487,0.17743589743589744,0.2717948717948718,0.2907692307692307,0.42000000000000004,0.5092307692307693,0.4461538461538462,0.35589743589743594,0.17743589743589744,0.3297435897435898,0.1276923076923077,0.04358974358974359,0.12512820512820513,0.0641025641025641,0.416923076923077,0.6538461538461539,0.23333333333333334,0.3533333333333334,0.17128205128205126,0.15076923076923077,0.022564102564102566,0.11487179487179486,0.06051282051282052,0.33076923076923076,0.1671794871794872,0.08769230769230768,0.2374358974358974,0.0841025641025641,0.4235897435897436,0.6215384615384616,0.7533333333333334,0.5564102564102564,0.14410256410256408,0.19435897435897434,0.5717948717948718,0.378974358974359,0.17435897435897435,0.24205128205128204,0.07076923076923078,0.5815384615384616,0.5907692307692308,0.1164102564102564,0.537948717948718,0.26974358974358975,0.5707692307692308,0.5666666666666667,0.17384615384615384,0.42512820512820515,0.5815384615384616,0.7035897435897437,0.5682051282051283,0.08923076923076922,0.34153846153846157,0.4312820512820513,0.2687179487179487,0.3338461538461539,0.7020512820512821,0.718974358974359,0.5728205128205128,0.8815384615384616
HSE_alpha_up,0.07741935483870968,0.25483870967741934,0.46774193548387094,0.2838709677419355,0.6129032258064516,0.5612903225806453,0.503225806451613,0.09999999999999999,0.4741935483870968,0.17096774193548386,0.3806451612903226,0.2032258064516129,0.3096774193548388,0.33548387096774196,0.41935483870967744,0.6161290322580646,0.7806451612903226,0.4387096774193549,0.6903225806451614,0.24516129032258063,0.0935483870967742,0.3451612903225807,0.21935483870967742,0.4161290322580645,0.6419354838709678,0.7935483870967742,0.6387096774193549,0.7806451612903226,0.2870967741935484,0.44193548387096776,0.6645161290322581,0.132258064516129,0.7516129032258064,0.14516129032258066,0.40645161290322585,0.025806451612903226,0.16774193548387098,0.667741935483871,0.3806451612903226,0.11290322580645161,0.19032258064516128,0.6612903225806451,0.3806451612903226,0.667741935483871,0.18387096774193548,0.20967741935483872,0.5870967741935483,0.17419354838709675,0.535483870967742,0.2645161290322581,0.14516129032258066,0.6096774193548388,0.132258064516129,0.3387096774193548,0.03870967741935484,0.17419354838709675,0.535483870967742,0.25483870967741934,0.132258064516129,0.3548387096774194,0.39354838709677425,0.1193548387096774,0.10967741935483871,0.23225806451612904,0.15161290322580645
HSE_alpha_down,0.15960912052117263,0.31596091205211724,0.3615635179153095,0.6254071661237784,0.4169381107491857,0.4853420195439739,0.32573289902280134,0.5342019543973942,0.25732899022801303,0.5407166123778501,0.3322475570032573,0.45602605863192186,0.3876221498371335,0.482084690553746,0.5374592833876222,0.6449511400651466,0.6254071661237784,0.785016286644951,0.4267100977198697,0.504885993485342,0.4853420195439739,0.2671009771986971,0.5602605863192183,0.5407166123778501,0.7166123778501629,0.7231270358306189,0.739413680781759,0.5439739413680782,0.6742671009771987,0.5602605863192183,0.3843648208469056,0.6710097719869706,0.18892508143322476,0.6384364820846905,0.2833876221498371,0.4429967426710097,0.4429967426710097,0.23452768729641696,0.46905537459283386,0.4527687296416938,0.5081433224755699,0.4267100977198697,0.6938110749185669,0.4136807817589576,0.5537459283387622,0.48859934853420195,0.32899022801302935,0.6091205211726384,0.2899022801302931,0.4397394136807818,0.501628664495114,0.23452768729641696,0.5537459283387622,0.30944625407166126,0.46905537459283386,0.45602605863192186,0.32899022801302935,0.4657980456026059,0.495114006514658,0.3973941368078176,0.3452768729641694,0.4006514657980456,0.32899022801302935,0.244299674267101,0.20521172638436483
P(C),0.986,0.826,0.584,0.24600000000000002,0.65,0.91,0.968,0.9790000000000001,0.9670000000000001,0.799,0.847,0.845,0.8340000000000001,0.8809999999999999,0.6829999999999999,0.188,0.031,0.087,0.934,0.996,0.996,0.995,0.991,0.938,0.098,0.011000000000000001,0.02,0.183,0.087,0.11900000000000001,0.281,0.998,0.9990000000000001,0.995,0.33299999999999996,0.38299999999999995,0.405,0.9940000000000001,0.992,0.961,0.856,0.73,0.525,0.9209999999999999,0.97,0.977,0.977,0.9670000000000001,0.975,0.927,0.6990000000000001,0.9329999999999999,0.977,0.157,0.098,0.049,0.044000000000000004,0.057999999999999996,0.078,0.13699999999999998,0.22899999999999998,0.32299999999999995,0.47100000000000003,0.687,0.997
P(H),0.003,0.006,0.011000000000000001,0.006,0.018000000000000002,0.009000000000000001,0.008,0.003,0.0,0.004,0.053,0.11,0.129,0.068,0.040999999999999995,0.004,0.0,0.001,0.001,0.003,0.003,0.003,0.001,0.0,0.001,0.0,0.0,0.768,0.9009999999999999,0.877,0.716,0.001,0.0,0.003,0.6659999999999999,0.617,0.593,0.0,0.005,0.033,0.081,0.04,0.022000000000000002,0.008,0.022000000000000002,0.015,0.008,0.0,0.001,0.002,0.013000000000000001,0.005,0.011000000000000001,0.843,0.902,0.951,0.956,0.941,0.9209999999999999,0.862,0.77,0.674,0.524,0.306,0.003
P(E),0.011000000000000001,0.168,0.406,0.747,0.332,0.08199999999999999,0.024,0.018000000000000002,0.032,0.19699999999999998,0.1,0.045,0.037000000000000005,0.051,0.276,0.8079999999999999,0.968,0.9109999999999999,0.065,0.001,0.001,0.002,0.008,0.062,0.9009999999999999,0.9890000000000001,0.9790000000000001,0.049,0.012,0.004,0.002,0.001,0.001,0.002,0.0,0.001,0.001,0.005,0.004,0.006,0.063,0.23,0.45299999999999996,0.071,0.008,0.008,0.013999999999999999,0.033,0.024,0.071,0.28800000000000003,0.062,0.012,0.0,0.0,0.0,0.0,0.001,0.001,0.001,0.001,0.004,0.005,0.006999999999999999,0.0
cosPhi,0.4842960957097088,0.40716793261040246,0.3722782550553683,0.2515137856402486,0.626036586136116,0.6065170406921723,0.422646094302586,0.6175729377841331,0.43646902525865766,0.4564235189703059,0.5409709022049514,0.5209394137351894,0.4991288562489504,0.5721798434581925,0.4286868390007062,0.3070479141583246,0.32653316888927597,0.24924539066437854,0.6073695137349944,0.6751057471173533,0.6310965117483908,0.3563208254893466,0.7246617067515002,0.2500007615450961,0.5635340209217263,0.10385549468401169,0.6065170406921723,0.7065543671977683,0.7033704641246838,0.6627860961884333,0.4712194219352035,0.5808036797790674,0.4886578217489462,0.5130900371139817,0.7144697430986597,0.6759228831791068,0.41060014320011706,0.5139623849791505,0.6701918166254716,0.6603085067055317,0.32653316888927597,0.351313633122545,0.3224475010261919,0.6302541741833783,0.7057593291662297,0.6268808818788314,0.42092224857394933,0.4842960957097088,0.6800004754578253,0.3126976558226076,0.5635340209217263,0.34300481686765955,0.6268808818788314,0.7285511828209086,0.7089356964399721,0.6873053903577763,0.7097282031766333,0.7105200710494552,0.69777487682315,0.6840643601194266,0.6800004754578253,0.6848754648847661,0.6378206208192447,0.5418405722052523,0.5191954861020476
cosPsi,0.17860619515673032,0.1602793478692417,0.16738482267281962,0.128427587261303,0.17131237710295222,0.9490137878803078,0.998900734146025,0.9840738201890538,0.10545795758265475,0.11142701927151455,0.9784067920288038,0.9567727288213004,0.9990133642141358,0.9834116943022297,0.8614835729547841,0.11474337861210532,0.16934406733817403,0.1076118147334586,0.2139270632772418,0.942696812877208,0.9221639627510075,0.9969804777275898,0.9377322635000089,0.08161784327051919,0.1349188616896238,0.05060297685041654,0.1539284130647965,0.919335283972712,0.8993177550236464,0.9120630943110078,0.9963786709647229,0.9842915805643155,0.11923084623163172,0.28711035421746367,0.9439076925682006,0.9478558801197065,0.9989578091360896,0.15079235728449697,0.0727705849335964,0.9592231906715436,0.4572915384313162,0.16413970533850497,0.1609201650659648,0.1826347433988661,0.9356069055600947,0.953153893518325,0.9998903417374227,0.29663167846209987,0.10923976379059058,0.08942539543314793,0.17395079808480396,0.1049224938121549,0.18398534866757477,0.9207553909726531,0.902446898677957,0.8993177550236464,0.8807691537683684,0.8874722443520897,0.8885729807284855,0.895611766483745,0.911568184267221,0.9125567491391475,0.947077118419684,0.998657238612229,0.5618007383702464
cosTheta,0.5163620911406818,0.4338853330992126,0.41302460754775755,0.32778997029444323,0.5332480597996282,0.7941527359009306,0.7400067574389942,0.8359090664658281,0.3845749801938092,0.4517332467179547,0.6491796638331967,0.6828032523949645,0.7274388794800212,0.652705522164951,0.5863232358145174,0.31880876024340016,0.3752081710495006,0.2908090001657502,0.5553758948234914,0.8577540506726897,0.85228980488783,0.7256457903291439,0.8887467650732546,0.23554179722937602,0.45663119371974764,0.13357988110941457,0.5163620911406818,0.8286352843229204,0.8650424083394216,0.8486480206728793,0.7869098390601198,0.8213660328329033,0.3908523000372318,0.5725261904033072,0.86322004664864,0.8869225971143573,0.7346170957228316,0.42422545557112357,0.5079650758160088,0.8231829015773611,0.4896034168316971,0.40189966886449263,0.3830097279231673,0.5451389301736499,0.8814507491446919,0.8613978627735588,0.7023919340836179,0.5417357272020121,0.5129995459545956,0.3398660392704277,0.5146801987833775,0.3429028691111005,0.5639374241654798,0.8559324335465859,0.8796270369773674,0.8613978627735588,0.8541110164355151,0.8595758622648653,0.8577540506726897,0.8450071252757246,0.8377281783760793,0.8504688044512568,0.8141016662888393,0.7310268266039628,0.5915141237638555
cosTau,0.30865828381745514,0.0700738642015632,0.0525328191989875,0.012814967607382377,0.2950384830792136,0.08892797948463121,0.906041763445903,0.34383254074388375,0.1539284130647965,0.15455879446157106,0.08942539543314793,0.5962609832629537,0.4243695898763904,0.49912733581705093,0.7105179066837455,0.07551415618542928,0.06568424278090434,0.015277325052430457,0.2652642186070545,0.06439309443990532,0.8416368868403996,0.9135402871372809,0.2380070470149605,0.2254885910009342,0.2507561301230849,3.731516977401039e-05,0.3151266213630853,0.13551568628929417,0.7896405861713394,0.8213938048432696,0.8762074544478622,0.3554841015277642,0.05529181335435124,0.1949274180493662,0.08066471602728803,0.7590135046865651,0.8650811383103761,0.3630203906537838,0.3689054106795676,0.20399341060039022,0.8240599505315654,0.028099524208385296,0.015926179810946184,0.2784644045879102,0.1272620001585691,0.8036879198616433,0.8813341648478441,0.0700738642015632,0.23726417446386605,0.0338380993922438,0.3298102248934749,0.017952297882945,0.3504796038719566,0.14583008113773566,0.7795964517353734,0.8220618148806933,0.8016039938726413,0.7967094433018507,0.8071426000494716,0.813981528824669,0.8036879198616433,0.7974113933756707,0.794598178676671,0.8043807145043603,0.5313952597646566
sinPhi,0.0002467198171342,0.00869360172819239,0.01658830569777031,0.0661172733155358,0.016145414759014376,0.011477212782368185,0.006020067115305394,0.9859805002892732,0.004052778704985216,0.0019026509541272274,0.0016813065909817015,0.0004385849505708084,7.615433562091489e-07,0.9947628945344849,0.005111884546105505,0.03873095527187681,0.031055532694051202,0.06742428971514769,0.011663860832915984,0.031663905375801216,0.017491752763844293,0.021088752577342607,0.9466856941639188,0.06698729810778065,0.004052778704985216,0.19492741804936614,0.011477212782368185,0.044658169596911546,0.04322727117869962,0.027240712200341577,0.0008290916929857839,0.9934278582034036,0.00012869533865078608,0.00017133751222142557,0.048332353568349584,0.03197023213051342,0.008057481033229175,0.00019494247982282387,0.029855936494790625,0.02639486112698558,0.031055532694051202,0.022619600248601213,0.03258716180199278,0.017263684560387405,0.04429836168227741,0.01636612361206158,0.006293096624544192,0.0002467198171342,0.03352323258725548,0.03640807271660629,0.004052778704985216,0.025287261179048004,0.01636612361206158,0.05529181335435124,0.04574591123663918,0.03640807271660629,0.0461112607335456,0.046477992854267625,0.0407768093284564,0.035111757055874215,0.03352323258725548,0.035433714232971925,0.01936915203084061,0.001753570375247815,0.0003685417946894254
sinPsi,0.883022221559489,0.8668649322514381,0.8733190911426957,0.8345653031794291,0.876781696150819,0.2800304150720424,0.46686304979999993,0.6251900020272207,0.8071426000494717,0.8146601955249186,0.6453510967991263,0.7033683215379001,0.5313952597646567,0.37227712103210475,0.8454412055384293,0.8187119948743448,0.8750555348152297,0.8098895158975702,0.9100759379368859,0.2675789771376902,0.23208660251050167,0.44513284445447737,0.7416411916275012,0.7737816117462751,0.8416368868403996,0.7191855733945387,0.860880114049181,0.22768048249248646,0.19909248842397587,0.21679688153758359,0.43993158058267645,0.6243449435824274,0.8240599505315656,0.9524135262330098,0.26990010760807415,0.2776824104075363,0.532266154126479,0.8578463668518679,0.7597595559397547,0.3022272487185175,0.9981726480954531,0.8704022981433751,0.8674572975749799,0.8863667867486754,0.2545481231924296,0.28869086912965036,0.5104712099416785,0.9567727288213004,0.811939798354693,0.7853567838422159,0.8790671680988262,0.8064535268264884,0.8874722443520899,0.2298798397611725,0.20329055669814927,0.19909248842397587,0.17594004946843456,0.18398534866757454,0.1853398044750813,0.19423647990708443,0.21607812747344934,0.21751649828753106,0.27612045608061514,0.46338090143618416,0.9961659689427445
sinTheta,0.8518590165514206,0.781175102555108,0.7606826049653916,0.6646812248734246,0.8644150595813604,0.9858681217789093,0.9711967598473807,0.993624764322336,0.7309028342014408,0.7978409966872159,0.934538972054433,0.9499077913720356,0.9670353044458048,0.9362518353632209,0.8999150653031748,0.6533218943440592,0.7206179745254088,0.6162359186576144,0.8799357236040347,0.9964637325188842,0.9958317662411548,0.96641809658343,0.9990644793822748,0.534949709963403,0.8022781477070561,0.3504118853810772,0.8518590165514206,0.9924941883966378,0.9972256483158515,0.9953816413449323,0.9842092147221678,0.9912715739711364,0.7376603655058446,0.891253024770087,0.9970438182214219,0.9989576550279643,0.9694473685937612,0.7718236768254965,0.8453811035735675,0.9915858530047575,0.830663629322263,0.7492942679152003,0.7292010495333687,0.8728854632657385,0.9986025506526787,0.9968562218398896,0.9578788596861304,0.8704922334421579,0.8492837959508579,0.6795605729076252,0.8505740663085575,0.6832325309023892,0.885662211266418,0.9962588407750017,0.9984726399586985,0.9968562218398896,0.9960481851351943,0.9966628597427053,0.9964637325188842,0.994908471570965,0.9938930207322169,0.9956095847521328,0.9899569806343341,0.9682526936798227,0.9030731586086927
sinTau,0.9619397662556435,0.24472854104419728,0.2769010934450955,0.3875244728280674,0.04393994191386347,0.215360238284578,0.7917706056780588,0.02501397423767371,0.860880114049181,0.13851642704521572,0.21464321615778414,0.9906463319961226,0.9942469434043417,7.615433562091489e-07,0.9535220071457324,0.7642191673611736,0.2522706657837963,0.3773463070605988,0.05852620357053656,0.2545481231924295,0.8650811383103763,0.7810416889260653,0.07413653292847616,0.9179036806841352,0.06655162553219857,0.4938914995823765,0.035433714232971925,0.15772644703565575,0.907563897864277,0.883022221559489,0.8293447300593402,0.02134025123396638,0.7285489635293471,0.10385517832240465,0.22768048249248635,0.9276821300802534,0.8416368868403996,0.9808706547746056,0.017491752763844293,0.09703585887574212,0.8807691537683684,0.6652571963566115,0.37480999797277936,0.05175678480827972,0.16673376487527358,0.8972073102677091,0.8233948897552298,0.7552714589558027,0.07459444528797443,0.3191877149589539,0.029855936494790625,0.36722194125659546,0.022879835741861587,0.14706421466065944,0.9145187862775208,0.8824607004592159,0.8987919644126142,0.902446898677957,0.8945420424173454,0.8891215742630105,0.8972073102677091,0.9019284303086086,0.9039949419490152,0.8966766701456176,0.9990133642141358
hhm0,0.4236689376734797,0.4128185717890487,0.43830431491294475,0.4122297922449322,0.5873496509378417,0.44696778534780046,0.6111531667928337,0.46261249894860795,0.3873328286651527,0.3795945832281941,0.3629405332660442,0.3552863991925309,0.35722096055177055,0.4086971149802338,0.3608377491799142,0.48658423753049035,0.4971822693245857,0.24854907898057024,0.6566574144166876,0.42400538312726044,0.33072588106653206,0.4614349398603751,0.39338884683320713,0.326099756077046,0.41298679451593906,0.49432248296744885,0.45865926486668346,0.30885692657077973,0.30187568340482795,0.49154680797375727,0.31684750609807383,0.46530406257885437,0.4612667171334847,0.34460425603499034,0.3264362015308268,0.291445874337623,0.33249221969888126,0.2507359744301455,0.3819497014046597,0.3555387332828665,0.3568004037345445,0.5161073260997561,0.4428463285389856,0.4902851375220792,0.34906215829758597,0.3504079401127092,0.5205652283623518,0.30061401295314993,0.3030532424930608,0.3735385650601396,0.30515602657919083,0.2972495584153419,0.3329968878795525,0.26562368575994616,0.3218100765413407,0.3161746151905122,0.17385818824123137,0.2842964084447808,0.2858104129867945,0.3323239969719909,0.46193960804104633,0.4989486079569349,0.35722096055177055,0.41391201951383627,0.3111279333838001
hhm1,0.7903264048051845,0.6969888563976923,0.48415395558365604,0.44258278669090334,0.013435548881688138,0.5272267446455385,0.014542005848415394,0.5215363945309412,0.5996206433256935,0.5966964356279143,0.6269659369319529,0.5443768276298111,0.6323401564846282,0.6156642693432387,0.49355883980083776,0.5103927922231881,0.5412155220105903,0.32450802181300875,0.016280723938986802,0.4549909112463447,0.5978028925946415,0.021417845570220497,0.5789140915197977,0.432624673990358,0.5603414210068759,0.44732474511973447,0.5887931715798624,0.4003003240338259,0.5469849047656682,0.020706551805895833,0.47870070339050025,0.6375563107563423,0.6045996996759662,0.608709396980953,0.496799178060539,0.7048130878052635,0.4966411127795779,0.5073895518849284,0.5053347032324349,0.5842883110724728,0.6053109934402908,0.5513316999920967,0.49600885165573383,0.015648462815142653,0.5687979135382912,0.5637398245475381,0.01738718090571406,0.42543270370663083,0.5541768750493954,0.5385284122342527,0.535683237176954,0.5133169999209672,0.664032245317316,0.7108986011222634,0.5563107563423694,0.5480913617323955,0.589030269501304,0.6055480913617324,0.7903264048051845,0.6735161621749782,0.5662688690429147,0.6131352248478622,0.7903264048051845,0.6210384888959141,0.7903264048051845
hhm2,0.14048089591567853,0.3728590250329381,0.4940711462450593,0.3344038208168643,0.6435276679841897,0.44507575757575757,0.6138833992094862,0.3722002635046114,0.3728590250329381,0.3484848484848485,0.21269762845849802,0.13455204216073782,0.16913702239789197,0.2768445322793149,0.2896080368906456,0.6545619235836628,0.5192687747035574,0.5174571805006588,0.6525856389986825,0.09873188405797102,0.3837285902503294,0.6310111989459816,0.2535408432147563,0.2887845849802372,0.6543148880105402,0.5827569169960475,0.6316699604743083,0.44993412384716736,0.30492424242424243,0.8234519104084322,0.5023056653491437,0.3128293807641634,0.431241765480896,0.26111660079051385,0.26202239789196313,0.2855731225296443,0.25436429512516473,0.3157114624505929,0.30690052700922266,0.19944005270092227,0.27066864295125165,0.8234519104084322,0.5633234519104086,0.61133069828722,0.3442852437417655,0.29150197628458496,0.6084486166007905,0.3574604743083004,0.3907279314888011,0.33638010540184454,0.3410737812911726,0.39888010540184454,0.26342226613965747,0.44828722002635046,0.3478260869565218,0.42127799736495397,0.37977602108036895,0.5045289855072465,0.4122200263504612,0.6091897233201582,0.4455698287220027,0.4271245059288538,0.4745553359683795,0.6207180500658762,0.8234519104084322
hhm3,0.16032175852182223,0.2683179356482956,0.3684294361261548,0.43915259636827014,0.6856482956355527,0.40315387065944563,0.648136349155782,0.36556228098120414,0.32518317935648294,0.3573590315387066,0.2519114367633004,0.24713284485504938,0.24506212169480723,0.27126473399171713,0.26744186046511625,0.6321280662631411,0.6221726664542848,0.30320165657852816,0.6208187320802803,0.2069130296272698,0.30033450143357754,0.5986779229053839,0.2336731443134756,0.27676011468620576,0.48415100350430074,0.4874163746416056,0.572475310608474,0.43509079324625677,0.27564510990761387,0.49538069448869065,0.4597005415737496,0.4272061165976425,0.4475947754061803,0.2849633641287034,0.21607199745141764,0.23582351067218857,0.22554953806944886,0.34047467346288623,0.27970691302962725,0.2069926728257407,0.2530264415418923,0.7013380057343103,0.48916852500796426,0.7964319847085058,0.2941223319528512,0.27118509079324626,0.4825581395348837,0.32343102899012427,0.2989805670595731,0.28273335457151955,0.2835297865562281,0.350748646065626,0.29324625676967186,0.31204205160879256,0.26632685568652437,0.3053520229372412,0.4009238611022618,0.3776680471487735,0.23399171710735903,0.4006849315068493,0.3529786556228098,0.3956674100031857,0.3610226186683657,0.3342625039821599,0.43899330997132846
hhm4,0.47492125030288346,0.5472902027299895,0.3797754624020677,0.30748727889508115,0.6193360794766174,0.3365640901381149,0.5846054438252161,0.4812212260722074,0.43704062676682015,0.48679428156045557,0.4483482755835555,0.579193926177207,0.3796946934819482,0.5861400533074873,0.26484128907196514,0.46644051369033196,0.4728212583797755,0.41805993053872864,0.5826669897423472,0.5931669493578872,0.4658751312494952,0.5008480736612552,0.47524432598336164,0.43558678620466845,0.44850981342379453,0.15895323479525078,0.5048865196672321,0.30466036669089736,0.43477909700347306,0.6410629189887731,0.40473305871900495,0.5426863742831759,0.32485259672078187,0.4497213472255876,0.5195056942088684,0.4679751231726032,0.49664808981503916,0.4762943219449156,0.4296906550359422,0.4582020838381391,0.4955173249333657,0.15144172522413377,0.24149907115741862,0.5718439544463291,0.3710524190291576,0.3616024553751716,0.5288748889427349,0.657701316533398,0.4615943784831597,0.6919473386640821,0.504724981826993,0.4673289718116469,0.4922865681285842,0.6520474921250303,0.49131734108714964,0.5446248283660448,0.5249172118568776,0.640901381148534,0.6296745012519183,0.5750747112511106,0.49705193441563683,0.80768920119538,0.6738551005573056,0.44762135530247965,0.80768920119538
hhm5,0.34236249171636846,0.3050861497680583,0.4490556660039762,0.48500662690523527,0.5856527501656726,0.5397614314115308,0.6066931742876077,0.1318754141815772,0.3032637508283631,0.3697813121272366,0.37019549370444005,0.3219019218025182,0.27277998674618953,0.13369781312127235,0.49453280318091447,0.4744864148442677,0.6194499668654738,0.3502319416832339,0.8283631544068919,0.37806494367130544,0.28876739562624254,0.49262756792577866,0.26814115308151093,0.44466534128561963,0.44060636182902585,0.5684227965540093,0.4636348575215374,0.2461895294897283,0.3645626242544731,0.4994201457919151,0.587392312789927,0.1012259774685222,0.45460569913850224,0.4580019880715705,0.364065606361829,0.4005964214711729,0.3667992047713718,0.43331676607024516,0.37450298210735583,0.27551358515573227,0.44706759443339955,0.5632041086812458,0.6705599734923791,0.5666003976143141,0.41824055666003973,0.38966202783300197,0.7050198807157058,0.39943671305500333,0.3754970178926441,0.37615970841616964,0.2868621603711067,0.291583830351226,0.3609178263750828,0.45212060967528156,0.30168986083499005,0.36398277004638835,0.3172630881378396,0.3190026507620941,0.44093770709078856,0.36100066269052355,0.3940523525513585,0.44449966865473817,0.4736580516898608,0.4888170974155069,0.4575878064943671
hhm6,0.583742850237654,0.47587206960444695,0.5196970917586401,0.42995246918553126,0.510029807459921,0.4032063159590751,0.5306533472971884,0.3722710062031741,0.4385724643518891,0.44348666720373797,0.36630951421896396,0.4831225328284863,0.4482397486506082,0.4936759848545879,0.4394586320792717,0.622089744622573,0.5919600418915653,0.4544429227422863,0.805607024893257,0.5366953999838878,0.4507371304277773,0.7327801498429065,0.3464110207041005,0.4683799242729397,0.6580198179328123,0.43970031418673966,0.025618303391605576,0.5330701683718682,0.4184322887295577,0.45935712559413516,0.4880367356803351,0.4234270522838959,0.47861113348908396,0.47232739869491663,0.4498509627003947,0.45766535084185933,0.4032868766615645,0.4799001047289132,0.5022959800209458,0.4613711431563683,0.3601869008297752,0.3282848626440022,0.3541448481430758,0.595343591396117,0.432852654475147,0.42084910980423745,0.5259002658503182,0.4834447756384435,0.4970595343591396,0.49117860307741884,0.39990332715701277,0.3579312011600741,0.5060017723354547,0.4789333762990413,0.4780472085716587,0.42189639893659875,0.5056795295254974,0.47603319100942554,0.482316925803593,0.5253363409328929,0.38137436558446786,0.30943365826150004,0.4242326593087891,0.5047933617981148,0.6021912511077097
hhm7,0.45801350936444585,0.25276327909118823,0.19696039299969298,0.45171937365673936,0.5595640159656127,0.15566472213693583,0.5951028553883942,0.5362296591955787,0.3434141848326681,0.4486490635554191,0.4172551427694197,0.4586275713847099,0.5072919864906356,0.4482652747927541,0.39737488486337125,0.37043291372428616,0.10508136321768498,0.4412035615597175,0.538455634019036,0.5181148295977894,0.34088117899907894,0.49516426159042065,0.5371507522259749,0.36229659195578756,0.47259748234571697,0.3918483266809948,0.5668560024562481,0.3125575683143998,0.32130795210316243,0.5728431071538225,0.27264353699723676,0.5356155971753147,0.19596254221676393,0.4899447344181762,0.43122505373042674,0.39768191587350327,0.39307645072152286,0.2736413877801658,0.28392692661958857,0.4244703715075222,0.41902057107767887,0.5049892539146454,0.21952717224439672,0.7675775253300584,0.40290144304574765,0.36329444273871664,0.7675775253300584,0.35216456862143075,0.39998464844949344,0.4157967454712926,0.420862757138471,0.3380411421553577,0.40489714461160575,0.44258520110531163,0.4003684372121584,0.35385323917715694,0.3315934909425853,0.41119128031931224,0.41050046054651523,0.3628338962235186,0.4742093951489101,0.40098249923242246,0.5412189131102241,0.48971446116057726,0.38064169481117593
hhm8,0.32475499960162535,0.3390168114094494,0.41343319257429684,0.39670145805115126,0.7009003266671978,0.4136722173531989,0.5756513425225082,0.3190184049079754,0.25942156003505695,0.2859533104931878,0.3618038403314477,0.4074575731017448,0.370010357740419,0.3626802645207553,0.3394151860409529,0.5026691100310732,0.631503465859294,0.36084774121583935,0.6652856346107879,0.4802007808142777,0.27256792287467135,0.6850450163333598,0.256553262688232,0.2927256792287467,0.5553342363158315,0.4655405943749502,0.635407537248028,0.43821209465381245,0.2564735877619313,0.5720659708389769,0.5517488646323002,0.3273045972432475,0.47430483626802644,0.2817305393992511,0.2969484503226834,0.2867500597561947,0.30810294000478045,0.38068679786471193,0.32985419488486967,0.30451756832124927,0.26053700900326665,0.5777228906063261,0.36793880965660103,0.5431439725918252,0.37112580670862877,0.2954346267229703,0.6500677236873555,0.27910126683132813,0.2787028921998247,0.1902637240060553,0.28826388335590786,0.29288502908134806,0.26985897538044773,0.2390247789020795,0.26077603378216874,0.20715480838180222,0.2889809576926141,0.18540355350171298,0.21321010278065491,0.254481714604414,0.20572065970838974,0.19050274878495738,0.17767508565054577,0.10357740419090111,0.16349294876902237
hhm9,0.4901149805608404,0.41632889403590034,0.22499793200430143,0.4327901397965092,0.5573662006783026,0.26817768219042104,0.6239556621722226,0.46232111837207374,0.317726859128133,0.39887501033997846,0.36181652742162296,0.43320373893622305,0.5248573082967987,0.4050789974356853,0.27388535031847133,0.27917941930680784,0.23128463892795104,0.323186367772355,0.5888824551244933,0.5002067995698569,0.3545371825626602,0.5498386963355115,0.42145752336835135,0.34171560923153277,0.504260071139052,0.3035817685499214,0.44222020018198355,0.2597402597402597,0.3856398378691372,0.4911076184961535,0.22574241045578622,0.41194474315493423,0.18578873355943418,0.3461824799404417,0.2944825874762181,0.38969310943833235,0.45446273471751175,0.24923484159152948,0.3651253205393333,0.4416411613863843,0.3762097774836628,0.42551079493754645,0.23608238894863096,0.5225411531144015,0.37505169989246423,0.2945653073041608,0.4866407477872446,0.3561915791215154,0.30564976424849033,0.42063032508892373,0.36760691537761603,0.2688394408139631,0.391512945653073,0.34560344114484237,0.4043345189842005,0.3127636694515675,0.35677061791711473,0.3729009843659525,0.3388204152535363,0.1935643973860534,0.26867400115807755,0.402101083629746,0.4685251054677806,0.4448672346761518,0.45859872611464964
hhm10,0.47666587433642343,0.44196180968227555,0.5442516440852547,0.5217494651770858,0.5831550590286031,0.6390143411774027,0.7140480152127406,0.6167498613422074,0.4267490690119642,0.5324459234608986,0.5217494651770858,0.48855082798510424,0.5629506378258459,0.6139767054908486,0.46731637746612786,0.08010458759210838,0.4543221614769036,0.4173995721416687,0.5574835591474526,0.5561365977339355,0.44980587909040487,0.5570081610015054,0.48950162427699867,0.44227874177957377,0.5913160605340305,0.49473100388241814,0.633309563426036,0.37057285476586643,0.49584026622296173,0.6411536328341653,0.296648443071072,0.528246573171698,0.36985975754694556,0.5885429046826718,0.4866492354013152,0.44148641153632834,0.4452895967039062,0.4756358450202044,0.5524918786150067,0.5408446240392996,0.5078044528959671,0.5093098803581333,0.4906901196418667,0.5458363045717455,0.5951984787259329,0.4818160209175184,0.5146184929878773,0.4548767926471754,0.5330005546311702,0.46874257190396956,0.40979320180651296,0.44750812138499324,0.5173916488392362,0.5005150146581095,0.5986847317962127,0.4674748435147769,0.4774582045796688,0.5534426749069012,0.4856192060850963,0.47666587433642343,0.6344188257665795,0.5909991284367324,0.5749940575231757,0.6128674431503051,0.7923302432453847
hhm11,0.3469520103761349,0.376215953307393,0.5366407263294423,0.3597600518806744,0.8106355382619974,0.5954118028534371,0.5763618677042801,0.256890402075227,0.32255188067444873,0.29896238651102464,0.39186121919584954,0.2624837872892347,0.34095330739299606,0.4045881971465629,0.3406290531776913,0.6224870298313878,0.6641536964980544,0.41220817120622566,0.6672341115434501,0.42412451361867703,0.2786154345006485,0.6228112840466926,0.29596303501945526,0.36964980544747084,0.6506160830090791,0.6383754863813229,0.4914072632944228,0.4801394293125811,0.4474708171206226,0.8106355382619974,0.5659046692607004,0.2870460440985733,0.46052204928664076,0.35757133592736706,0.3434662775616083,0.38424124513618674,0.36154345006485084,0.4032101167315175,0.376215953307393,0.39259079118028534,0.3437905317769131,0.6070038910505836,0.4648994811932555,0.6187581063553826,0.39161802853437094,0.32701037613488976,0.8106355382619974,0.40191309987029833,0.3844033722438392,0.35700389105058367,0.3097438391699092,0.4069390402075227,0.33057717250324253,0.377431906614786,0.39267185473411154,0.3857003891050584,0.36186770428015563,0.39202334630350194,0.3548151750972762,0.42712386511024647,0.32903696498054474,0.5368028534370947,0.4202334630350194,0.5882782101167315,0.5886835278858624
hhm12,0.4342626388133882,0.2726566746913101,0.4116642075017473,0.46633532655121535,0.6948046905335094,0.3544303797468354,0.5514483187077734,0.5163469752271492,0.4775957132872563,0.18443736895239574,0.39155082705599126,0.3799798089617147,0.3477518055447697,0.41461520540498564,0.2779374077813155,0.5241127591830396,0.48675933835520696,0.41391628484895543,0.4944474644715384,0.3811446765550982,0.4119748388599829,0.5321891744971655,0.3744661023530325,0.5019026170691931,0.4476974450570785,0.5488856100023297,0.5071833501591986,0.37423312883435583,0.39092956433952003,0.5295488079521627,0.5549429214879242,0.4021899510755611,0.29704123631280577,0.24050632911392403,0.2955657373611866,0.27855867049778676,0.3006911547720742,0.28547021821852914,0.16013046517045895,0.3776500737749476,0.3043410732313427,0.5751339597732391,0.553467422536305,0.5432942455540887,0.14188087287411663,0.43752426807486217,0.5308689912246641,0.49157412440785897,0.20556030131241748,0.34247107245476427,0.2844606663042634,0.3234449017628329,0.22893531101964743,0.28314048303176204,0.38168828143201056,0.3783489943309777,0.33649141880872874,0.4066164479304185,0.4474644715384018,0.39644327094820214,0.4619088296963578,0.5721829618700007,0.42929253708161835,0.4418731070901607,0.39621029742952546
hhm13,0.43898985130988905,0.4057902604043742,0.44905986940445286,0.4690425615608528,0.7867201636377941,0.45496027063173633,0.6237904177484069,0.3080009440641964,0.2646526630477539,0.3835260797734246,0.37424278184249865,0.46833451341357885,0.380536543151601,0.3796711509715994,0.3977657147352687,0.43230272991896784,0.55849264416647,0.13539454016206437,0.5595153803791992,0.4135787900243883,0.37306270159704197,0.613799071670207,0.31004641648965464,0.3645661238297538,0.5183699158209426,0.17638266068759345,0.5676972700810322,0.44520494060262766,0.35127055306427507,0.7867201636377941,0.5012194162536386,0.40421682007709864,0.44205805994807645,0.3877743686570687,0.3791991188734168,0.33482810164424515,0.35402407363700733,0.36787034851703254,0.40673432460073955,0.3901345291479821,0.3241287074187712,0.7016757139485486,0.4408779797026198,0.7867201636377941,0.3796711509715994,0.30847297616237906,0.7867201636377941,0.29486271733144526,0.33844701439697905,0.368421052631579,0.3576429863897412,0.36425143576429864,0.3954842262607191,0.2911651325623476,0.3718039493352215,0.3454488238533554,0.35520415388246407,0.3910785933443474,0.2958067815278106,0.423334120053497,0.16127763354574778,0.3197230745023995,0.27456533710959014,0.3688144127133979,0.28109511446778385
hhm14,0.5234211139594499,0.31375747688961386,0.3517439602268313,0.18371785908490637,0.4684222791890002,0.41862813640953933,0.5325099044511769,0.2314922706439835,0.2505243532975996,0.31919521479064705,0.4462829177347937,0.4086071622776353,0.43564048784277165,0.304668686397887,0.3212149460110308,0.44636059970480846,0.4899401848830886,0.38297211217276467,0.5548046298454128,0.4578575312669929,0.3021051813874,0.5739143944690437,0.29154043346539266,0.27258603278179133,0.42476501204070527,0.4436417307542919,0.4561485279266682,0.40503379165695635,0.2812087314534297,0.5936456148527927,0.5607084595665346,0.32478831663170976,0.41878350034956885,0.335042336673658,0.29868717470675055,0.3367513400139827,0.28478210207410853,0.37054299697040316,0.35772547191796783,0.37652450866153964,0.32983764468266913,0.5009710246251845,0.3702322690903441,0.527926668220306,0.37015458712032934,0.26085605530956263,0.6392449312514564,0.2084984075196147,0.24718402858696492,0.21541210285092827,0.25394235997824904,0.2772469509826769,0.3116600636992154,0.2172764701312825,0.21129495844014604,0.23242445428416064,0.30925192262875784,0.17509516041326806,0.21106191253010173,0.20531344674900953,0.2786452264429426,0.10222947253942359,0.11520236153188843,0.16717159947176258,0.12910743416453038
hhm15,0.3250393700787402,0.2874803149606299,0.4185826771653543,0.34614173228346456,0.5470866141732283,0.34472440944881894,0.6766141732283464,0.34472440944881894,0.29244094488188976,0.26700787401574805,0.25417322834645667,0.32559055118110236,0.2693700787401575,0.2786614173228346,0.30094488188976376,0.3983464566929134,0.5538582677165355,0.39763779527559057,0.5122834645669291,0.3059055118110236,0.2322047244094488,0.45251968503937007,0.32377952755905515,0.3218110236220472,0.40566929133858265,0.3626771653543307,0.48685039370078736,0.3006299212598425,0.25196850393700787,0.432992125984252,0.4224409448818897,0.3210236220472441,0.38614173228346454,0.2388976377952756,0.294251968503937,0.2937795275590551,0.2888188976377953,0.31196850393700787,0.30196850393700786,0.25,0.2884251968503937,0.5624409448818898,0.4152755905511811,0.45267716535433067,0.28614173228346457,0.2969291338582677,0.4747244094488189,0.29952755905511813,0.3388976377952756,0.2588976377952756,0.3199212598425197,0.3080314960629921,0.26291338582677165,0.2980314960629921,0.2821259842519685,0.2843307086614173,0.4088188976377953,0.32921259842519685,0.34448818897637795,0.27842519685039374,0.31181102362204727,0.33023622047244094,0.3288976377952756,0.3051181102362205,0.39236220472440947
hhm16,0.3905523374398303,0.3080688586114057,0.2751896875254956,0.3894101329852329,0.6573386636207881,0.3885942726605205,0.4869054417883658,0.4421147099616546,0.3606102635228849,0.30056294362405156,0.3456800195806478,0.3737456147507547,0.36909521089989394,0.3814962878355226,0.3602023333605287,0.35457289712001305,0.4881292322754345,0.4739332626254385,0.5649016888308722,0.4097250550705719,0.3655870115036306,0.5436893203883495,0.42955046096108346,0.2883250387533654,0.45802398629354657,0.5404258790894999,0.615321856898099,0.28236925838296484,0.39406053683609366,0.5109733213673818,0.397895080362242,0.44676511381251527,0.44301215631883817,0.253650974953088,0.39520274129069105,0.30970057926083056,0.3713796198090887,0.357591580321449,0.38231214816023495,0.379293464958799,0.31271926246226645,0.8158603247124092,0.36403687688667696,0.8158603247124092,0.4187811046748796,0.3542465529901281,0.6070000815860326,0.2976258464550869,0.32822060863180225,0.3485355307171412,0.339316309047891,0.3895733050501754,0.3147589132740475,0.3540833809251856,0.3595496451007587,0.3607734355878274,0.34543526148323406,0.37292975442604226,0.4247368850452802,0.3205515215795056,0.4164966957656849,0.4407277474096435,0.47018030513176146,0.3760300236599494,0.3588153708085176
hhm17,0.43297484969091365,0.2535354390718943,0.17215682953679398,0.398509611313405,0.5142687780506393,0.20018629858582437,0.5456008129392835,0.5838767042086543,0.34380557202133966,0.3454145143534592,0.3633669235328986,0.4610043187399441,0.5411127106444237,0.43060377678042167,0.3858074350071979,0.4510966212211025,0.14539757811838427,0.4910661359979676,0.4888644254382251,0.44703192480311627,0.33076467101363366,0.5306122448979592,0.5677025997120839,0.28876280802777543,0.5459395376407825,0.4061309170971293,0.6255398424930138,0.3025658396138538,0.3436362096705902,0.5580489457193666,0.12863070539419086,0.5749851807943094,0.26200355660936575,0.42848674739605386,0.4507578965196037,0.34998729782369375,0.3677703446523838,0.274959776441697,0.41671606401896855,0.45533067998983817,0.3388093826742315,0.514353459226014,0.2625963248369887,0.5731221949360656,0.4055381488695063,0.4096028452874926,0.5720213396561944,0.3043441442967228,0.39114234905580486,0.4092641205859937,0.4322127191125412,0.31746972647980354,0.412143280548734,0.3329663815733762,0.3118807689050724,0.4187484122279617,0.29977136082648825,0.3303412651367601,0.3396561944279787,0.37860953510034717,0.5376407824540604,0.6316368871199932,0.5164704886103819,0.6307053941908713,0.45245152002709793
hhm18,0.7652865998316369,0.5976123058085253,0.618504629983929,0.3989439044922323,0.7652865998316369,0.5347057473023648,0.6749062523915207,0.6991658376061836,0.5665416698553608,0.5399862248412031,0.5828422744317747,0.6064131017065891,0.681105073850157,0.6087854901660672,0.6112344072855285,0.26807989592102244,0.6074845029463534,0.6481212213974133,0.46146781969847706,0.6044233565470268,0.6466671768577332,0.6094742481059157,0.7652865998316369,0.4803703987143185,0.0377286293716997,0.5263641233641999,0.5755720517333741,0.4490701767812046,0.46208004897834243,0.7652865998316369,0.6385551388995179,0.6110813499655621,0.5648580393357312,0.7652865998316369,0.544654473100176,0.5247570215045535,0.42695339404607024,0.5527665110583915,0.6670238004132548,0.7652865998316369,0.5754189944134078,0.15213897604652943,0.47685008035509296,0.7652865998316369,0.4501415780209688,0.52781816790388,0.6331981327006965,0.5252927221244357,0.6086324328461009,0.5908012550700238,0.5735057779138287,0.6753654243514196,0.5419759700007654,0.5749598224535089,0.5333282314226677,0.61199969388536,0.43452973138440343,0.7652865998316369,0.7652865998316369,0.7652865998316369,0.5203183592255299,0.7652865998316369,0.6390143108594168,0.7652865998316369,0.40889263029004363
hhm19,0.6988608221892025,0.49529470034670625,0.6305101535413571,0.16807000165098232,0.6692256892851246,0.3470364867095922,0.706455340927852,0.7017500412745583,0.5257553244180287,0.4503879808486049,0.27868581806174675,0.48968136040944354,0.3637114082879313,0.5816410764404821,0.45113092289912493,0.40647185075119696,0.5983159980188212,0.5105662869407298,0.6333168235099884,0.5152715865940234,0.531121017005118,0.6140003301964669,0.4353640416047548,0.39087006769027566,0.45129602113257383,0.20529965329370975,0.6319960376423972,0.3835231963017996,0.4200924550107314,0.6451213472015849,0.33044411424797754,0.5005778438170712,0.3083209509658247,0.5733861647680369,0.5445765230312035,0.5338451378570249,0.6315007429420505,0.5484563315172527,0.47341918441472675,0.5066864784546805,0.4718507511969622,0.15213802212316327,0.2288261515601783,0.6736007924715205,0.3747729899290077,0.45187386494964504,0.6207693577678719,0.5288921908535579,0.6210995542347696,0.5959220736338121,0.567360079247152,0.42578834406471855,0.5614165428429916,0.5510153541357107,0.49760607561499093,0.4139838203731219,0.6239887733201255,0.5037972593693247,0.5029717682020802,0.4060591051675747,0.5921248142644874,0.5975730559683011,0.674591381872214,0.8254911672445104,0.5009905894006934
A,0.5,0.5454545454545454,0.45454545454545453,0.5,0.4090909090909091,0.45454545454545453,0.4090909090909091,0.5909090909090909,0.45454545454545453,0.5909090909090909,0.5454545454545454,0.5,0.45454545454545453,0.5,0.5,0.5,0.45454545454545453,0.6363636363636364,0.4090909090909091,0.5,0.5909090909090909,0.4090909090909091,0.5909090909090909,0.6363636363636364,0.3181818181818182,0.4090909090909091,0.36363636363636365,0.7727272727272727,0.6818181818181818,0.4090909090909091,0.45454545454545453,0.6363636363636364,0.6363636363636364,0.5454545454545454,0.6363636363636364,0.6363636363636364,0.6363636363636364,0.6363636363636364,0.5,0.45454545454545453,0.5454545454545454,0.4090909090909091,0.5,0.4090909090909091,0.5909090909090909,0.5454545454545454,0.45454545454545453,0.5454545454545454,0.5,0.45454545454545453,0.5909090909090909,0.5,0.4090909090909091,0.6818181818181818,0.6363636363636364,0.5909090909090909,0.9545454545454546,0.6363636363636364,0.6818181818181818,0.5454545454545454,0.4090909090909091,0.5454545454545454,0.6363636363636364,0.45454545454545453,0.45454545454545453
R,0.42857142857142855,0.38095238095238093,0.3333333333333333,0.9047619047619048,0.19047619047619047,0.2857142857142857,0.19047619047619047,0.38095238095238093,0.3333333333333333,0.5238095238095238,0.6666666666666666,0.38095238095238093,0.38095238095238093,0.47619047619047616,0.38095238095238093,0.38095238095238093,0.2857142857142857,0.42857142857142855,0.19047619047619047,0.38095238095238093,0.7142857142857143,0.19047619047619047,0.5238095238095238,0.7142857142857143,0.23809523809523808,0.42857142857142855,0.3333333333333333,0.38095238095238093,0.5238095238095238,0.19047619047619047,0.3333333333333333,0.5714285714285714,0.38095238095238093,0.5238095238095238,0.7142857142857143,0.6190476190476191,0.6190476190476191,0.42857142857142855,0.38095238095238093,0.47619047619047616,0.47619047619047616,0.3333333333333333,0.5714285714285714,0.19047619047619047,0.42857142857142855,0.6666666666666666,0.23809523809523808,0.5714285714285714,0.38095238095238093,0.9523809523809523,0.5238095238095238,0.3333333333333333,0.47619047619047616,0.7619047619047619,0.6190476190476191,0.8571428571428571,0.38095238095238093,0.7619047619047619,0.6666666666666666,0.6666666666666666,0.5238095238095238,0.7619047619047619,0.8095238095238095,0.8571428571428571,0.9047619047619048
N,0.6190476190476191,0.38095238095238093,0.42857142857142855,0.5238095238095238,0.23809523809523808,0.2857142857142857,0.23809523809523808,0.5714285714285714,0.38095238095238093,0.6190476190476191,0.5714285714285714,0.6666666666666666,0.47619047619047616,0.42857142857142855,0.6666666666666666,0.38095238095238093,0.2857142857142857,0.38095238095238093,0.23809523809523808,0.5238095238095238,0.6190476190476191,0.23809523809523808,0.6666666666666666,0.47619047619047616,0.19047619047619047,0.38095238095238093,0.38095238095238093,0.38095238095238093,0.47619047619047616,0.23809523809523808,0.3333333333333333,0.5714285714285714,0.42857142857142855,0.6190476190476191,0.6190476190476191,0.6666666666666666,0.7142857142857143,0.38095238095238093,0.47619047619047616,0.47619047619047616,0.6190476190476191,0.3333333333333333,0.5714285714285714,0.23809523809523808,0.5714285714285714,0.5238095238095238,0.2857142857142857,0.6190476190476191,0.3333333333333333,0.42857142857142855,0.5714285714285714,0.38095238095238093,0.6666666666666666,0.47619047619047616,0.5238095238095238,0.47619047619047616,0.42857142857142855,0.47619047619047616,0.5238095238095238,0.47619047619047616,0.38095238095238093,0.47619047619047616,0.47619047619047616,0.42857142857142855,0.42857142857142855
D,0.9090909090909091,0.4090909090909091,0.36363636363636365,0.45454545454545453,0.22727272727272727,0.3181818181818182,0.22727272727272727,0.6363636363636364,0.45454545454545453,0.6818181818181818,0.7727272727272727,0.9090909090909091,0.9090909090909091,0.5,0.4090909090909091,0.36363636363636365,0.3181818181818182,0.4090909090909091,0.22727272727272727,0.8636363636363636,0.5454545454545454,0.22727272727272727,0.6363636363636364,0.4090909090909091,0.18181818181818182,0.4090909090909091,0.3181818181818182,0.36363636363636365,0.7727272727272727,0.22727272727272727,0.3181818181818182,0.5909090909090909,0.5,0.8181818181818182,0.5454545454545454,0.6818181818181818,0.6363636363636364,0.45454545454545453,0.4090909090909091,0.8636363636363636,0.6363636363636364,0.3181818181818182,0.4090909090909091,0.22727272727272727,0.6363636363636364,0.6818181818181818,0.2727272727272727,0.7272727272727273,0.4090909090909091,0.45454545454545453,0.5909090909090909,0.3181818181818182,0.9090909090909091,0.45454545454545453,0.5909090909090909,0.4090909090909091,0.36363636363636365,0.4090909090909091,0.6363636363636364,0.4090909090909091,0.36363636363636365,0.45454545454545453,0.5,0.4090909090909091,0.4090909090909091
C,0.37037037037037035,0.4444444444444444,0.4074074074074074,0.3333333333333333,1.0,0.4444444444444444,1.0,0.5185185185185185,0.5185185185185185,0.4444444444444444,0.37037037037037035,0.3333333333333333,0.3333333333333333,0.3333333333333333,0.5925925925925926,0.5555555555555556,0.4074074074074074,0.7777777777777778,0.9629629629629629,0.3333333333333333,0.4074074074074074,0.9629629629629629,0.48148148148148145,0.5185185185185185,0.2962962962962963,0.6666666666666666,0.25925925925925924,0.7407407407407407,0.4074074074074074,1.0,0.4074074074074074,0.4444444444444444,0.4444444444444444,0.48148148148148145,0.4444444444444444,0.4074074074074074,0.5185185185185185,0.4444444444444444,0.37037037037037035,0.3333333333333333,0.4074074074074074,0.3333333333333333,0.4444444444444444,1.0,0.4074074074074074,0.4444444444444444,1.0,0.48148148148148145,0.3333333333333333,0.4444444444444444,0.4444444444444444,0.48148148148148145,0.48148148148148145,0.4074074074074074,0.37037037037037035,0.37037037037037035,0.4444444444444444,0.4074074074074074,0.4444444444444444,0.4444444444444444,0.25925925925925924,0.4074074074074074,0.37037037037037035,0.4074074074074074,0.3333333333333333
Q,0.42857142857142855,0.3333333333333333,0.2857142857142857,0.42857142857142855,0.19047619047619047,0.3333333333333333,0.19047619047619047,0.47619047619047616,0.38095238095238093,0.5238095238095238,0.47619047619047616,0.38095238095238093,0.38095238095238093,0.3333333333333333,0.38095238095238093,0.42857142857142855,0.2857142857142857,0.8571428571428571,0.19047619047619047,0.42857142857142855,0.5714285714285714,0.19047619047619047,0.47619047619047616,0.38095238095238093,0.19047619047619047,0.9523809523809523,0.3333333333333333,0.38095238095238093,0.5238095238095238,0.19047619047619047,0.3333333333333333,0.5238095238095238,0.38095238095238093,0.47619047619047616,0.5714285714285714,0.6190476190476191,0.5714285714285714,0.42857142857142855,0.3333333333333333,0.42857142857142855,0.5238095238095238,0.2857142857142857,0.5238095238095238,0.14285714285714285,0.47619047619047616,0.6190476190476191,0.19047619047619047,0.7142857142857143,0.2857142857142857,0.42857142857142855,0.5238095238095238,0.2857142857142857,0.38095238095238093,0.5238095238095238,0.6190476190476191,0.5714285714285714,0.38095238095238093,0.5238095238095238,0.5714285714285714,0.38095238095238093,0.9523809523809523,0.6190476190476191,0.6666666666666666,0.5714285714285714,0.6666666666666666
E,0.7,0.4,0.35,0.5,0.2,0.3,0.2,0.6,0.5,0.65,0.6,0.65,0.75,0.6,0.45,0.4,0.3,0.6,0.2,0.85,0.55,0.2,0.65,0.45,0.2,0.6,0.4,0.4,0.75,0.2,0.35,0.5,0.5,0.6,0.7,0.65,0.7,0.5,0.55,0.85,0.75,0.35,0.55,0.2,0.9,0.65,0.25,0.75,0.35,0.55,0.65,0.4,0.55,0.5,0.8,0.6,0.4,0.55,0.75,0.45,0.5,0.55,0.65,0.45,0.5
G,0.5,0.45454545454545453,0.36363636363636365,0.45454545454545453,0.3181818181818182,0.3181818181818182,0.3181818181818182,0.9090909090909091,0.36363636363636365,0.5909090909090909,0.5,0.45454545454545453,0.45454545454545453,0.9545454545454546,0.4090909090909091,0.4090909090909091,0.36363636363636365,0.5454545454545454,0.3181818181818182,0.45454545454545453,0.5909090909090909,0.3181818181818182,0.6363636363636364,0.4090909090909091,0.3181818181818182,0.36363636363636365,0.3181818181818182,0.5909090909090909,0.5,0.3181818181818182,0.4090909090909091,0.8636363636363636,0.45454545454545453,0.5,0.6363636363636364,0.6363636363636364,0.5454545454545454,0.45454545454545453,0.4090909090909091,0.5,0.5,0.36363636363636365,0.4090909090909091,0.3181818181818182,0.5,0.5,0.36363636363636365,0.5,0.45454545454545453,0.45454545454545453,0.5,0.36363636363636365,0.45454545454545453,0.5454545454545454,0.5,0.5,0.5,0.45454545454545453,0.5909090909090909,0.5454545454545454,0.36363636363636365,0.45454545454545453,0.5,0.4090909090909091,0.4090909090909091
H,0.4166666666666667,0.2916666666666667,0.25,0.5,0.20833333333333334,0.4583333333333333,0.20833333333333334,0.3333333333333333,0.4166666666666667,0.5,0.7916666666666666,0.5,0.3333333333333333,0.2916666666666667,0.4583333333333333,0.2916666666666667,0.25,0.375,0.20833333333333334,0.3333333333333333,0.5833333333333334,0.20833333333333334,0.5416666666666666,0.375,0.20833333333333334,0.3333333333333333,0.9583333333333334,0.2916666666666667,0.375,0.16666666666666666,0.4166666666666667,0.4166666666666667,0.375,0.5833333333333334,0.5,0.4583333333333333,0.6666666666666666,0.3333333333333333,0.4166666666666667,0.375,0.6666666666666666,0.75,0.5416666666666666,0.16666666666666666,0.4166666666666667,0.4166666666666667,0.20833333333333334,0.5833333333333334,0.3333333333333333,0.375,0.4583333333333333,0.4166666666666667,0.375,0.4166666666666667,0.4583333333333333,0.5,0.2916666666666667,0.5,0.4583333333333333,0.4166666666666667,0.4166666666666667,0.5,0.4166666666666667,0.5,0.375
I,0.4166666666666667,0.7916666666666666,0.9166666666666666,0.375,0.375,0.9166666666666666,0.375,0.4583333333333333,0.625,0.5416666666666666,0.4583333333333333,0.5,0.4583333333333333,0.375,0.5416666666666666,0.5,0.9166666666666666,0.4166666666666667,0.375,0.375,0.5,0.4166666666666667,0.5,0.6666666666666666,0.3333333333333333,0.375,0.2916666666666667,0.75,0.6666666666666666,0.375,0.5833333333333334,0.5,0.8333333333333334,0.5,0.5833333333333334,0.5,0.5416666666666666,0.7916666666666666,0.4166666666666667,0.375,0.5833333333333334,0.4166666666666667,0.5833333333333334,0.4166666666666667,0.4583333333333333,0.625,0.4166666666666667,0.5,0.4583333333333333,0.375,0.4583333333333333,0.7083333333333334,0.375,0.625,0.5833333333333334,0.625,0.5416666666666666,0.6666666666666666,0.5833333333333334,0.7083333333333334,0.3333333333333333,0.5833333333333334,0.5,0.4583333333333333,0.375
L,0.45454545454545453,0.5909090909090909,0.5909090909090909,0.45454545454545453,0.4090909090909091,0.6818181818181818,0.4090909090909091,0.5,0.7272727272727273,0.5909090909090909,0.45454545454545453,0.4090909090909091,0.5,0.4090909090909091,0.7727272727272727,0.6818181818181818,0.6363636363636364,0.5909090909090909,0.4090909090909091,0.4090909090909091,0.5454545454545454,0.6363636363636364,0.6818181818181818,0.5909090909090909,0.5454545454545454,0.5,0.36363636363636365,0.5909090909090909,0.5909090909090909,0.4090909090909091,0.6363636363636364,0.5,0.7727272727272727,0.45454545454545453,0.5454545454545454,0.5454545454545454,0.5454545454545454,0.7272727272727273,0.45454545454545453,0.4090909090909091,0.5454545454545454,0.45454545454545453,0.8636363636363636,0.4090909090909091,0.5,0.7272727272727273,0.45454545454545453,0.5909090909090909,0.4090909090909091,0.45454545454545453,0.5454545454545454,0.8181818181818182,0.45454545454545453,0.5909090909090909,0.5454545454545454,0.5909090909090909,0.5454545454545454,0.5909090909090909,0.6363636363636364,0.8181818181818182,0.36363636363636365,0.7272727272727273,0.5909090909090909,0.5909090909090909,0.45454545454545453
K,0.5,0.4090909090909091,0.36363636363636365,0.6818181818181818,0.2727272727272727,0.3181818181818182,0.2727272727272727,0.45454545454545453,0.45454545454545453,0.5,0.5909090909090909,0.4090909090909091,0.5909090909090909,0.4090909090909091,0.4090909090909091,0.4090909090909091,0.36363636363636365,0.45454545454545453,0.22727272727272727,0.5,0.7727272727272727,0.2727272727272727,0.6363636363636364,0.5,0.22727272727272727,0.45454545454545453,0.36363636363636365,0.4090909090909091,0.5909090909090909,0.22727272727272727,0.36363636363636365,0.5909090909090909,0.45454545454545453,0.5909090909090909,0.5909090909090909,0.6818181818181818,0.6363636363636364,0.45454545454545453,0.5,0.6363636363636364,0.5909090909090909,0.36363636363636365,0.5454545454545454,0.22727272727272727,0.5,0.5909090909090909,0.2727272727272727,0.6363636363636364,0.45454545454545453,0.6363636363636364,0.6363636363636364,0.4090909090909091,0.5454545454545454,0.7272727272727273,0.7272727272727273,0.7272727272727273,0.4090909090909091,0.7272727272727273,0.6363636363636364,0.5909090909090909,0.5,0.6818181818181818,0.7272727272727273,0.8181818181818182,0.7272727272727273
M,0.34615384615384615,0.5,0.5,0.38461538461538464,0.3076923076923077,0.46153846153846156,0.3076923076923077,0.34615384615384615,0.6538461538461539,0.46153846153846156,0.38461538461538464,0.3076923076923077,0.38461538461538464,0.34615384615384615,0.5,0.8461538461538461,0.46153846153846156,0.46153846153846156,0.3076923076923077,0.34615384615384615,0.46153846153846156,0.34615384615384615,0.6153846153846154,0.46153846153846156,0.3076923076923077,0.38461538461538464,0.3076923076923077,0.5769230769230769,0.5,0.3076923076923077,0.8461538461538461,0.5,0.5769230769230769,0.38461538461538464,0.5,0.46153846153846156,0.46153846153846156,0.5,0.34615384615384615,0.34615384615384615,0.4230769230769231,0.34615384615384615,0.5769230769230769,0.3076923076923077,0.38461538461538464,0.5384615384615384,0.34615384615384615,0.46153846153846156,0.3076923076923077,0.38461538461538464,0.4230769230769231,0.5384615384615384,0.5769230769230769,0.5,0.46153846153846156,0.5,0.38461538461538464,0.6538461538461539,0.5384615384615384,0.5769230769230769,0.5,0.5769230769230769,0.5769230769230769,0.4230769230769231,0.38461538461538464
F,0.34782608695652173,0.43478260869565216,0.391304347826087,0.30434782608695654,0.2608695652173913,0.4782608695652174,0.2608695652173913,0.34782608695652173,0.8260869565217391,0.5652173913043478,0.4782608695652174,0.30434782608695654,0.30434782608695654,0.5652173913043478,0.8260869565217391,0.391304347826087,0.6086956521739131,0.6086956521739131,0.6086956521739131,0.30434782608695654,0.391304347826087,0.2608695652173913,0.5652173913043478,0.391304347826087,0.5652173913043478,0.2608695652173913,0.30434782608695654,0.4782608695652174,0.43478260869565216,0.2608695652173913,0.7391304347826086,0.4782608695652174,0.5217391304347826,0.34782608695652173,0.43478260869565216,0.391304347826087,0.43478260869565216,0.5217391304347826,0.34782608695652173,0.391304347826087,0.43478260869565216,0.6521739130434783,0.6956521739130435,0.2608695652173913,0.43478260869565216,0.4782608695652174,0.30434782608695654,0.4782608695652174,0.30434782608695654,0.30434782608695654,0.43478260869565216,0.5652173913043478,0.30434782608695654,0.4782608695652174,0.391304347826087,0.43478260869565216,0.30434782608695654,0.43478260869565216,0.391304347826087,0.5217391304347826,0.21739130434782608,0.391304347826087,0.34782608695652173,0.30434782608695654,0.30434782608695654
P,0.4782608695652174,0.43478260869565216,0.391304347826087,0.391304347826087,0.30434782608695654,0.34782608695652173,0.30434782608695654,0.5217391304347826,0.34782608695652173,0.5652173913043478,0.6086956521739131,0.43478260869565216,0.43478260869565216,0.4782608695652174,0.391304347826087,0.391304347826087,0.34782608695652173,0.391304347826087,0.30434782608695654,0.5217391304347826,0.6086956521739131,0.30434782608695654,0.4782608695652174,0.43478260869565216,0.2608695652173913,0.391304347826087,0.30434782608695654,0.43478260869565216,0.4782608695652174,0.30434782608695654,0.34782608695652173,0.43478260869565216,0.6956521739130435,0.5652173913043478,0.6956521739130435,0.5217391304347826,0.5217391304347826,0.5217391304347826,0.9565217391304348,0.43478260869565216,0.6521739130434783,0.30434782608695654,0.391304347826087,0.30434782608695654,0.4782608695652174,0.4782608695652174,0.34782608695652173,0.4782608695652174,0.9565217391304348,0.391304347826087,0.8695652173913043,0.391304347826087,0.5652173913043478,0.5217391304347826,0.4782608695652174,0.43478260869565216,0.6521739130434783,0.43478260869565216,0.4782608695652174,0.6956521739130435,0.4782608695652174,0.6086956521739131,0.43478260869565216,0.4782608695652174,0.391304347826087
S,0.5238095238095238,0.5714285714285714,0.47619047619047616,0.5714285714285714,0.38095238095238093,0.38095238095238093,0.38095238095238093,0.5714285714285714,0.47619047619047616,0.7142857142857143,0.47619047619047616,0.5238095238095238,0.47619047619047616,0.47619047619047616,0.5714285714285714,0.6666666666666666,0.38095238095238093,0.5238095238095238,0.38095238095238093,0.6190476190476191,0.6190476190476191,0.38095238095238093,0.7142857142857143,0.5238095238095238,0.2857142857142857,0.47619047619047616,0.38095238095238093,0.5238095238095238,0.5714285714285714,0.38095238095238093,0.42857142857142855,0.5238095238095238,0.47619047619047616,0.6666666666666666,0.6190476190476191,0.6666666666666666,0.6666666666666666,0.5238095238095238,0.42857142857142855,0.5714285714285714,0.6190476190476191,0.38095238095238093,0.47619047619047616,0.38095238095238093,0.5238095238095238,0.5714285714285714,0.38095238095238093,0.6190476190476191,0.47619047619047616,0.47619047619047616,0.6666666666666666,0.42857142857142855,0.5714285714285714,0.5714285714285714,0.6190476190476191,0.5238095238095238,0.5238095238095238,0.5714285714285714,0.6190476190476191,0.47619047619047616,0.38095238095238093,0.5714285714285714,0.5714285714285714,0.42857142857142855,0.42857142857142855
T,0.4782608695652174,0.782608695652174,0.8260869565217391,0.6086956521739131,0.391304347826087,0.43478260869565216,0.391304347826087,0.5217391304347826,0.4782608695652174,0.7391304347826086,0.4782608695652174,0.5217391304347826,0.5217391304347826,0.43478260869565216,0.4782608695652174,0.8260869565217391,0.4782608695652174,0.43478260869565216,0.391304347826087,0.6086956521739131,0.6086956521739131,0.391304347826087,0.5652173913043478,0.6956521739130435,0.30434782608695654,0.391304347826087,0.34782608695652173,0.6086956521739131,0.5217391304347826,0.391304347826087,0.5217391304347826,0.5217391304347826,0.5652173913043478,0.5652173913043478,0.6086956521739131,0.5652173913043478,0.6086956521739131,0.5217391304347826,0.43478260869565216,0.43478260869565216,0.6956521739130435,0.391304347826087,0.4782608695652174,0.391304347826087,0.5217391304347826,0.5652173913043478,0.391304347826087,0.5217391304347826,0.4782608695652174,0.4782608695652174,0.5652173913043478,0.5217391304347826,0.4782608695652174,0.5217391304347826,0.5652173913043478,0.5217391304347826,0.4782608695652174,0.6086956521739131,0.5652173913043478,0.5217391304347826,0.43478260869565216,0.6086956521739131,0.4782608695652174,0.4782608695652174,0.43478260869565216
W,0.2962962962962963,0.3333333333333333,0.2962962962962963,0.2962962962962963,0.25925925925925924,0.3333333333333333,0.25925925925925924,0.3333333333333333,0.4444444444444444,0.4074074074074074,0.3333333333333333,0.25925925925925924,0.2962962962962963,0.3333333333333333,0.5925925925925926,0.3333333333333333,0.3333333333333333,0.37037037037037035,0.2962962962962963,0.2962962962962963,0.3333333333333333,0.25925925925925924,0.4074074074074074,0.3333333333333333,1.0,0.2962962962962963,0.25925925925925924,0.4444444444444444,0.4444444444444444,0.25925925925925924,0.4074074074074074,0.4074074074074074,0.37037037037037035,0.3333333333333333,0.4444444444444444,0.37037037037037035,0.37037037037037035,0.37037037037037035,0.2962962962962963,0.2962962962962963,0.37037037037037035,0.7407407407407407,0.5185185185185185,0.25925925925925924,0.7037037037037037,0.37037037037037035,0.2962962962962963,0.37037037037037035,0.2962962962962963,0.2962962962962963,0.5185185185185185,0.3333333333333333,0.25925925925925924,0.37037037037037035,0.3333333333333333,0.4444444444444444,0.2962962962962963,0.3333333333333333,0.37037037037037035,0.37037037037037035,0.25925925925925924,0.3333333333333333,0.3333333333333333,0.2962962962962963,0.2962962962962963
Y,0.3181818181818182,0.45454545454545453,0.36363636363636365,0.36363636363636365,0.22727272727272727,0.5,0.22727272727272727,0.3181818181818182,0.7727272727272727,0.5909090909090909,0.5909090909090909,0.2727272727272727,0.4090909090909091,0.3181818181818182,0.7272727272727273,0.36363636363636365,0.36363636363636365,0.5909090909090909,0.2727272727272727,0.3181818181818182,0.4090909090909091,0.22727272727272727,0.5454545454545454,0.36363636363636365,0.45454545454545453,0.3181818181818182,0.4090909090909091,0.36363636363636365,0.45454545454545453,0.22727272727272727,0.7727272727272727,0.7272727272727273,0.45454545454545453,0.36363636363636365,0.4090909090909091,0.4090909090909091,0.45454545454545453,0.45454545454545453,0.3181818181818182,0.3181818181818182,0.45454545454545453,0.9545454545454546,0.6363636363636364,0.22727272727272727,0.5,0.45454545454545453,0.2727272727272727,0.5,0.2727272727272727,0.3181818181818182,0.5,0.5,0.2727272727272727,0.5454545454545454,0.4090909090909091,0.4090909090909091,0.36363636363636365,0.4090909090909091,0.4090909090909091,0.45454545454545453,0.2727272727272727,0.4090909090909091,0.36363636363636365,0.3181818181818182,0.3181818181818182
V,0.43478260869565216,0.8695652173913043,0.6086956521739131,0.43478260869565216,0.43478260869565216,0.7391304347826086,0.43478260869565216,0.6086956521739131,0.5652173913043478,0.5652173913043478,0.43478260869565216,0.391304347826087,0.4782608695652174,0.391304347826087,0.5652173913043478,0.5217391304347826,0.8260869565217391,0.4782608695652174,0.43478260869565216,0.5217391304347826,0.6086956521739131,0.43478260869565216,0.5217391304347826,0.8695652173913043,0.34782608695652173,0.4782608695652174,0.30434782608695654,0.7391304347826086,0.6956521739130435,0.43478260869565216,0.782608695652174,0.4782608695652174,0.6956521739130435,0.6086956521739131,0.6086956521739131,0.5217391304347826,0.5652173913043478,0.8260869565217391,0.6521739130434783,0.43478260869565216,0.6956521739130435,0.43478260869565216,0.5652173913043478,0.6086956521739131,0.6521739130434783,0.6956521739130435,0.43478260869565216,0.5652173913043478,0.4782608695652174,0.43478260869565216,0.5217391304347826,0.8695652173913043,0.391304347826087,0.7391304347826086,0.5652173913043478,0.6086956521739131,0.5217391304347826,0.7391304347826086,0.6521739130434783,0.6521739130434783,0.34782608695652173,0.5652173913043478,0.5217391304347826,0.4782608695652174,0.43478260869565216
