,R,L,I,H,V,S,R.1,C,E,M,G,T,S.1,T.1,H.1,R.2,C.1,W,P,R.3,P.1,C.2,D,T.2,S.2,S.3,D.1,E.1,P.2,I.1,S.4,F,W.1,P.3,P.4,F.1,E.2,N,T.3,P.5,N.1,V.1,I.2,V.2,S.5,F.2,G.1,M.1,L.1,D.2,V.3,D.3,N.2,S.6,N.3,N.4,L.2,R.4,V.4,N.5,S.7,S.8,A,D.4,D.5,V.5,T.4,V.6,G.2,G.3,F.3,T.5,L.3,H.2,Y,N.6,S.9,W.2,Y.1,T.6,T.7,T.8,V.7,W.3,N.7,Y.2,K,L.4,I.3,W.4,I.4,A.1,C.3,D.6
ASA,0.8515463917525774,0.5051546391752577,0.3865979381443299,0.5005154639175258,0.18659793814432987,0.2706185567010309,0.4628865979381444,0.061340206185567014,0.39587628865979385,0.12783505154639174,0.1319587628865979,0.1670103092783505,0.3329896907216495,0.45463917525773195,0.3731958762886598,0.5541237113402062,0.16597938144329893,0.29536082474226805,0.40257731958762893,0.6608247422680413,0.4505154639175258,0.2365979381443299,0.5108247422680413,0.34587628865979386,0.3252577319587629,0.18556701030927836,0.3943298969072165,0.30670103092783507,0.41134020618556705,0.04432989690721649,0.3149484536082474,0.10257731958762886,0.8185567010309279,0.37680412371134026,0.36752577319587637,0.10051546391752578,0.6721649484536083,0.3757731958762887,0.34587628865979386,0.04536082474226805,0.3355670103092784,0.019072164948453606,0.17010309278350516,0.019072164948453606,0.06030927835051547,0.06237113402061856,0.12525773195876289,0.24536082474226806,0.08814432989690721,0.24690721649484534,0.12731958762886597,0.31597938144329896,0.47577319587628875,0.4587628865979381,0.39226804123711345,0.24484536082474226,0.1304123711340206,0.2582474226804124,0.027835051546391754,0.25463917525773194,0.01958762886597938,0.1670103092783505,0.052577319587628873,0.36855670103092786,0.5350515463917527,0.17886597938144327,0.23969072164948454,0.5835051546391753,0.2288659793814433,0.06030927835051547,0.04587628865979382,0.21082474226804124,0.02989690721649485,0.26237113402061857,0.042783505154639176,0.24742268041237114,0.03608247422680412,0.4190721649484537,0.4798969072164949,0.38144329896907214,0.053092783505154645,0.22835051546391752,0.04793814432989691,0.4195876288659794,0.1958762886597938,0.05206185567010309,0.3463917525773196,0.04432989690721649,0.24639175257731957,0.12783505154639174,0.2587628865979381,0.10979381443298968,0.17061855670103093,0.5020618556701031
HSE_alpha_up,0.12709030100334448,0.26755852842809363,0.31438127090301005,0.25418060200668896,0.5183946488294314,0.2508361204013378,0.23076923076923078,0.7424749163879599,0.28093645484949836,0.6622073578595318,0.3645484949832776,0.5317725752508361,0.26086956521739135,0.13377926421404682,0.3979933110367893,0.28428093645484953,0.5852842809364549,0.5451505016722409,0.2775919732441472,0.1605351170568562,0.19063545150501673,0.46153846153846156,0.15719063545150502,0.2976588628762542,0.22408026755852845,0.4080267558528428,0.2775919732441472,0.35451505016722407,0.17725752508361203,0.8127090301003345,0.13712374581939799,0.7458193979933111,0.18060200668896323,0.19063545150501673,0.33444816053511706,0.7424749163879599,0.10702341137123747,0.1505016722408027,0.3879598662207358,0.7759197324414716,0.26755852842809363,0.8561872909698998,0.40468227424749165,0.8494983277591973,0.5719063545150502,0.7959866220735786,0.37123745819397996,0.3678929765886288,0.7558528428093646,0.30434782608695654,0.6521739130434783,0.25418060200668896,0.3177257525083612,0.04013377926421405,0.23745819397993312,0.43143812709030105,0.6120401337792643,0.4481605351170569,0.8260869565217391,0.3010033444816054,0.8294314381270904,0.2642140468227425,0.7725752508361204,0.16722408026755853,0.07692307692307693,0.6822742474916388,0.12374581939799333,0.13043478260869568,0.13377926421404682,0.3745819397993311,0.7892976588628764,0.3076923076923077,0.8361204013377926,0.3177257525083612,0.8294314381270904,0.3110367892976589,0.7558528428093646,0.48494983277591974,0.31438127090301005,0.2508361204013378,0.7792642140468228,0.28093645484949836,0.8060200668896322,0.32441471571906355,0.3110367892976589,0.8127090301003345,0.28428093645484953,0.7993311036789298,0.3311036789297659,0.7324414715719063,0.3210702341137124,0.6153846153846154,0.4448160535117057,0.23745819397993312
HSE_alpha_down,0.23636363636363641,0.2981818181818182,0.330909090909091,0.4981818181818182,0.3636363636363637,0.5709090909090909,0.6981818181818182,0.4254545454545455,0.7490909090909091,0.4581818181818182,0.650909090909091,0.44,0.4727272727272728,0.4509090909090909,0.3454545454545455,0.5818181818181819,0.44363636363636366,0.4218181818181818,0.4763636363636363,0.4290909090909092,0.4181818181818182,0.2872727272727273,0.44363636363636366,0.3490909090909092,0.4472727272727274,0.4254545454545455,0.49090909090909096,0.4545454545454546,0.6872727272727273,0.2872727272727273,0.8000000000000002,0.28,0.5054545454545455,0.5418181818181819,0.5563636363636365,0.24000000000000005,0.5563636363636365,0.6581818181818182,0.5963636363636364,0.3745454545454546,0.8290909090909092,0.4727272727272728,0.8472727272727274,0.6290909090909091,0.8472727272727274,0.6181818181818183,0.6981818181818182,0.7927272727272728,0.4509090909090909,0.7454545454545456,0.4545454545454546,0.5854545454545454,0.39636363636363636,0.4545454545454546,0.46181818181818185,0.5127272727272727,0.5636363636363637,0.7854545454545455,0.5127272727272727,0.850909090909091,0.48000000000000004,0.8836363636363638,0.43272727272727274,0.6981818181818182,0.6218181818181818,0.2472727272727273,0.6545454545454547,0.4000000000000001,0.48000000000000004,0.6436363636363637,0.4690909090909091,0.8472727272727274,0.48000000000000004,0.8218181818181819,0.48000000000000004,0.8290909090909092,0.5672727272727273,0.6109090909090911,0.6218181818181818,0.650909090909091,0.3527272727272727,0.8400000000000001,0.4509090909090909,0.6872727272727273,0.8145454545454546,0.4690909090909091,0.8400000000000001,0.4945454545454545,0.8036363636363637,0.5163636363636364,0.76,0.5163636363636364,0.5272727272727273,0.4254545454545455
P(C),0.8109999999999999,0.737,0.645,0.605,0.466,0.447,0.106,0.032,0.013000000000000001,0.03,0.225,0.486,0.8759999999999999,0.9079999999999999,0.753,0.708,0.711,0.899,0.971,0.945,0.9620000000000001,0.733,0.682,0.396,0.263,0.11800000000000001,0.061,0.055999999999999994,0.09,0.17800000000000002,0.298,0.562,0.963,0.971,0.966,0.86,0.9690000000000001,0.945,0.987,0.985,0.13,0.015,0.006999999999999999,0.004,0.009000000000000001,0.027000000000000003,0.127,0.053,0.028999999999999998,0.040999999999999995,0.161,0.595,0.958,0.971,0.858,0.8420000000000001,0.185,0.046,0.008,0.006999999999999999,0.01,0.012,0.05,0.193,0.413,0.297,0.495,0.9790000000000001,0.965,0.35,0.057,0.005,0.002,0.003,0.008,0.06,0.446,0.882,0.9209999999999999,0.935,0.595,0.08,0.015,0.013000000000000001,0.008,0.005,0.003,0.003,0.003,0.005,0.013999999999999999,0.079,0.324,0.972
P(H),0.034,0.037000000000000005,0.040999999999999995,0.040999999999999995,0.015,0.013000000000000001,0.003,0.0,0.0,0.0,0.002,0.016,0.025,0.019,0.021,0.015,0.01,0.002,0.002,0.001,0.002,0.008,0.008,0.008,0.004,0.001,0.001,0.0,0.001,0.001,0.002,0.005,0.0,0.0,0.002,0.005,0.0,0.001,0.0,0.0,0.0,0.0,0.0,0.0,0.0,0.0,0.002,0.001,0.0,0.0,0.001,0.005,0.019,0.019,0.022000000000000002,0.015,0.002,0.0,0.0,0.0,0.0,0.0,0.001,0.003,0.004,0.001,0.003,0.002,0.001,0.001,0.0,0.0,0.0,0.0,0.0,0.0,0.004,0.006999999999999999,0.008,0.009000000000000001,0.006999999999999999,0.001,0.0,0.0,0.0,0.0,0.0,0.0,0.0,0.0,0.0,0.0,0.001,0.0
P(E),0.156,0.226,0.313,0.355,0.519,0.54,0.892,0.968,0.987,0.9690000000000001,0.773,0.498,0.098,0.07200000000000001,0.226,0.278,0.27899999999999997,0.099,0.027000000000000003,0.054000000000000006,0.036000000000000004,0.258,0.31,0.596,0.733,0.8809999999999999,0.9390000000000001,0.943,0.91,0.821,0.7,0.433,0.037000000000000005,0.028999999999999998,0.033,0.135,0.031,0.054000000000000006,0.013000000000000001,0.015,0.87,0.985,0.993,0.996,0.991,0.973,0.872,0.9470000000000001,0.971,0.958,0.838,0.4,0.023,0.01,0.11900000000000001,0.14300000000000002,0.813,0.9540000000000001,0.992,0.993,0.99,0.988,0.9490000000000001,0.8029999999999999,0.583,0.7020000000000001,0.502,0.019,0.034,0.648,0.943,0.995,0.998,0.997,0.992,0.94,0.55,0.111,0.071,0.055999999999999994,0.39799999999999996,0.92,0.985,0.987,0.992,0.995,0.997,0.997,0.997,0.995,0.986,0.9209999999999999,0.675,0.027999999999999997
cosPhi,0.4183368944991979,0.46077039238598344,0.33804104422339176,0.40117117928557333,0.33804104422339176,0.48429459654024454,0.08018942832489001,0.13254214275484028,0.24248057032055134,0.17196998588659065,0.22694860361183186,0.2668063246558661,0.6039560037428877,0.49214632938226827,0.29106614487508303,0.3363908013194516,0.5383595724883645,0.4148951207948731,0.5626667122289889,0.304634138196215,0.6799986782136206,0.3339191811026599,0.5017453283658984,0.3086579923869858,0.274560886291966,0.14276311608084735,0.22040312241433757,0.15900030059663972,0.6031022497319815,0.25378784494580464,0.3248960426717556,0.2530286905491648,0.6073678271140425,0.22112702076242582,0.6751039573282444,0.4416645426003734,0.6065153553696108,0.09092451823005752,0.6594798975507479,0.662784325163221,0.3680632740662394,0.22040312241433757,0.3347425519419653,0.25378784494580464,0.12379197255469004,0.5383595724883645,0.4312776223112864,0.05022042546911636,0.16349323071612434,0.2660347365203292,0.20822894992933189,0.2484896436128006,0.6791842476857969,0.5531321165929374,0.24248057032055134,0.4020267786570296,0.3322739596635691,0.23726377429381182,0.20681337508345266,0.30624191166357884,0.1766046176855605,0.15392788596695806,0.384974956212832,0.2484896436128006,0.7693858028013683,0.4991273344879057,0.16543418724782705,0.7041655411525153,0.4520770507490808,0.08992343748095048,0.10068163677986049,0.32000132178637936,0.2660347365203292,0.3078520460121027,0.2175160680400078,0.2462304320065908,0.1081526745196254,0.6150250437871679,0.027811095696613494,0.5148331446347209,0.3143157994117439,0.2974288980767151,0.5226815286105617,0.44513276088691456,0.03839418837783155,0.13254214275484028,0.17593955589627813,0.16220438170015214,0.2568319394222129,0.23949478730768387,0.2568319394222129,0.41403531892863177,0.22257736373726927,0.5548672391130853
cosPsi,0.1602793478692417,0.21607812747344946,0.16413970533850497,0.2644940593902949,0.1963120801383566,0.9351778479699498,0.06482215203005015,0.06962898649802812,0.13671266451451208,0.09243610213572295,0.09963431452563332,0.11585823820323843,0.9829629131445342,0.996057350657239,0.17197048550474642,0.15709082353631187,0.12610095475073396,0.1278442268844231,0.9988421394178026,0.1049224938121549,0.09344961947648622,0.08257606836829678,0.40716669230721136,0.10707155341229901,0.11923084623163172,0.0700738642015632,0.1272620001585691,0.10923976379059058,0.13313506774856187,0.13731281449385618,0.17927518421542105,0.09859126240444271,0.9635919272833937,0.09755310132204292,0.09549150281252633,0.10120803558738567,0.9557016383177226,0.048707357825069686,0.11530022247655236,0.07597595192178702,0.17793818511930676,0.13372855060631067,0.20540182132332907,0.15016832974331723,0.05060297685041654,0.1990924884239758,0.9549806354382716,0.05893656699116606,0.11923084623163172,0.17197048550474642,0.14521463173173965,0.06100851228600973,0.9560600580861366,0.9913063982718076,0.1583631131596005,0.23282382530508683,0.14830264859474812,0.12321830384918103,0.11923084623163172,0.1949274180493662,0.09703585887574218,0.08019006773279347,0.15709082353631187,0.06786259902314756,0.8173652566011338,0.2139270632772418,0.004988171141721176,0.9482432151917203,0.9974403544143942,0.000596931329282957,0.06525253524739044,0.18533980447508136,0.16413970533850497,0.20964852214453011,0.13372855060631067,0.13851642704521577,0.031663905375801216,0.9794098674340965,0.0010992658539749622,0.9216957229064429,0.09859126240444271,0.17793818511930676,0.21968050271837924,0.9299261357984367,0.05331430583608121,0.09243610213572295,0.09193120495991997,0.09497917977710207,0.1489234735024188,0.12264520988861405,0.15645624459778856,0.16999916601953147,0.11530022247655236,0.283957125599009
cosTheta,0.4701815718026849,0.5353807510145185,0.4546313637532146,0.5282385996565281,0.43750457881719124,0.7504150140539043,0.14501062019777924,0.1823262097390742,0.339969430597502,0.24917937544574412,0.3479875732188301,0.3920971632939243,0.7925160816851271,0.7695142412859783,0.4222307371539203,0.4205420189533999,0.5069446585755312,0.4290024466252931,0.7427942927162796,0.34959696624111375,0.5623525042977688,0.38217937971185695,0.618972820707657,0.37888788479593155,0.3576724842068096,0.23162691035680302,0.3193506817879672,0.25956616927440024,0.5140202069448335,0.31777850491954435,0.4306995573756992,0.2975245773346243,0.8059717667605004,0.29136245296753,0.5318069652764458,0.38878405919882075,0.8580929212319679,0.14501062019777924,0.5318069652764458,0.46671503539313175,0.447761275555043,0.289827128825409,0.4460477680588108,0.3272415032732818,0.16877676605314593,0.5371696628224748,0.7542295326173803,0.11460303142433399,0.24770437554273084,0.38547811791084813,0.3193506817879672,0.33518177876842115,0.8175255622933613,0.8213807675184673,0.4273070040658503,0.5034154474411259,0.39541738982703023,0.3193506817879672,0.26855438217511957,0.42392114417320553,0.2301788505304881,0.21440123148021892,0.40709368703262566,0.38053272433482277,0.7905960376008988,0.5122491925526743,0.1502218732032957,0.9454889782181893,0.8078961338605283,0.09516828815409278,0.17012070424113931,0.42561323486198305,0.34959696624111375,0.43750457881719124,0.29136245296753,0.339969430597502,0.1502218732032957,0.8059717667605004,0.25807575236108626,0.738988182798215,0.30682973021394666,0.4037488511218943,0.5371696628224748,0.7656891620446411,0.07184316033538062,0.18643841377685405,0.2536176529279676,0.22010634546947266,0.35282147759885546,0.30527374291262827,0.3625404600498969,0.45119311846790955,0.3130740354304605,0.6024194247124905
cosTau,0.02474213418610821,0.08019006773279347,0.004745268380845602,0.046477992854267625,0.011477212782368185,0.0007316648368941858,0.9996641968893281,0.0006852326227130834,0.03772698319384349,0.0019026509541272274,0.011108381620696883,0.012041619030626283,0.06874316539637126,0.8668649322514382,0.8233948897552297,0.05331430583608121,0.14768289501820264,0.16999916601953147,0.0727705849335964,0.7446912258744232,0.4712179865202164,0.04946148933895422,0.16543469682057088,0.013410563611455983,0.04287302238286822,6.168375916970614e-05,0.03772698319384349,0.00022006994030798754,0.2439785675647143,0.022879835741861587,0.04984061429890324,0.006572141796596376,0.1038551783224047,0.9435054165891108,0.4114576298402084,0.1539284130647965,0.09651984392809898,0.9829629131445342,0.5226814940646268,0.3306310398773543,0.09446809050533678,0.011108381620696883,0.034472092068735805,0.011292052856952006,0.000596931329282957,0.2269490194927855,0.00019494247982282387,0.9999809615320856,0.006713919196515317,0.014019499710726802,0.003517245946731584,0.0010421908639104416,0.4045955023117276,0.8473291852294986,0.924946346493432,0.13671266451451208,0.018654126786760594,0.010566305619157501,0.008372546218022803,0.031055532694051202,0.0032140721617062162,0.003517245946731584,0.09142755083243564,0.001753570375247815,0.996585324769243,0.06439309443990532,0.004277569313094809,0.48778391092367346,0.8733190911426957,0.7246594993079484,0.3380412909009253,0.07141634964894389,0.015063992357626621,0.02611579499520711,0.004988171141721176,0.0132105485634198,0.001753570375247815,0.24773618809249043,0.9956077701257708,0.999779930059692,0.05976132324541905,0.046846106481674976,0.1278442268844231,0.00022006994030798754,0.9996954135095479,0.005111884546105505,0.006020067115305394,0.0034146752307570027,0.019853157161528412,0.008372546218022803,0.015063992357626621,0.08019006773279347,0.003517245946731584,0.21751649828753106
sinPhi,0.006713919196515317,0.0015413331334360736,0.026957320586227407,0.009864412689139013,0.026957320586227407,0.0002467198171342,0.22841277502466445,0.16092016506596474,0.07141634964894383,0.12264520988861394,0.08114064168978058,0.05770951239245803,0.010926199633097211,6.168375916970614e-05,0.04574591123663918,0.027525543921234574,0.0014736238865398765,0.007296050758255013,0.0039426493427610065,0.03974757327377981,0.03352323258725548,0.02838867102619952,3.046171104803541e-06,0.038060233744356575,0.053707090773937316,0.15016832974331717,0.08548121372247913,0.13432314919041471,0.010745507449110792,0.06482215203005015,0.031663905375801216,0.06525253524739044,0.011663860832915984,0.08499385745231625,0.031663905375801216,0.0034146752307570027,0.011477212782368185,0.21249737397836083,0.02611579499520711,0.027240712200341577,0.017721290771101017,0.08548121372247913,0.028099524208385185,0.06482215203005015,0.17065526994065983,0.0014736238865398765,0.004745268380845602,0.2815991058161489,0.13018445251069521,0.05811718495565338,0.0939582365540968,0.06786259902314767,0.033209786751399184,0.0028310279333976784,0.07141634964894383,0.009692670726693553,0.0289712736063516,0.07459444528797443,0.09497917977710202,0.039068424205749686,0.1186658351521559,0.13911988595081903,0.013410563611455817,0.06786259902314767,0.9212261985035738,7.615433562091489e-07,0.12842758726130288,0.043582911383478584,0.0023019008164105736,0.7860729367227581,0.19909248842397592,0.033523232587255425,0.05811718495565338,0.03839489144350955,0.08744325086085242,0.06918541977923715,0.18942610986084474,0.013410563611455817,0.3355666766307085,0.00022006994030798754,0.03575708655954318,0.04287302238286811,0.0005147151046426268,0.003019522272410202,0.3078523386700981,0.16092016506596474,0.11923084623163166,0.13136133159493796,0.06311388848226734,0.07322460136233627,0.06311388848226734,0.007445336922613011,0.08402293893475876,0.003019522272410202
sinPsi,0.8668645266980064,0.9115679148879586,0.8704019033653979,0.9410632534774196,0.8972069971426339,0.2537859468525797,0.7462110069670363,0.7545199601009812,0.8435432788082683,0.7896399453786195,0.7995111885345687,0.820054301597091,0.37058856015379854,0.4373316692338371,0.8773544165119536,0.8638859642019624,0.8319625944554314,0.8339157718145466,0.46599072798376184,0.8064529372490185,0.7910608486142391,0.775239685384122,0.9913063717895286,0.8092036164803467,0.8240594145864379,0.7552707134685216,0.8332657272236025,0.8119392254893958,0.8397201638909529,0.8441768131827878,0.8835822212791762,0.7981118224968751,0.31269460964222373,0.7967088240421447,0.7938919983059973,0.801603389522619,0.2942406708337701,0.7152546810211846,0.8193833585686044,0.7649589161412443,0.8824603424133073,0.840359948188546,0.9039946495002907,0.8572359049325405,0.7191847179831408,0.8993174483273666,0.2926512239664779,0.7355051349130894,0.8240594145864379,0.8773544165119536,0.8523166551130597,0.7393451349709853,0.2950363356392693,0.4071648864300185,0.8650807273231863,0.922630680930744,0.8553992964580114,0.8286871010486451,0.8240594145864379,0.8961445053159883,0.796005967998884,0.7715865291888209,0.8638859642019624,0.7515092163696726,0.8863664406014103,0.9100756640119722,0.5704493074838837,0.27846220666033306,0.44947017440047976,0.5244234362102199,0.7469701625199359,0.8885726413016852,0.8704019033653979,0.9070574760593287,0.840359948188546,0.8454407347244614,0.6751027009369693,0.3579903719768608,0.533135528050936,0.7686490994389835,0.7981118224968751,0.8824603424133073,0.9140299054316293,0.2447262403510943,0.7246586605711162,0.7896399453786195,0.7889281692308409,0.7931855483756881,0.8560125843851933,0.8280289906421341,0.8632869190340511,0.8756316879045968,0.8193833585686044,0.9509161136846409
sinTheta,0.7890656864029064,0.8421698505836701,0.7750524345511739,0.8367824050751115,0.7589873676371267,0.9597900503003597,0.35464261533952113,0.4235788807025978,0.653871311775771,0.5319190676602974,0.6634492421611059,0.7130481697315039,0.9734586203018182,0.9663506664125109,0.7440874041336779,0.7424062065023724,0.8201029291509346,0.750760986840193,0.9570040530428483,0.665350241366408,0.8615991195160296,0.7023387070846853,0.8978364186874179,0.698728919910602,0.674781984542925,0.5051679186408898,0.6284041614228003,0.5472274424185538,0.8257486754745361,0.6264116383872699,0.7524165551510238,0.6000781606585983,0.9772184687110125,0.5918159003481444,0.8394869403962916,0.7094983756142869,0.9890422627692417,0.35464261533952113,0.8394869403962916,0.7859882784618196,0.768688655819871,0.589738689908272,0.7670847224224261,0.6382952063250283,0.3993228676437704,0.8435031860261255,0.9611484208616063,0.2930965096589795,0.5297142259653831,0.7059285402329084,0.6284041614228003,0.6480664163909848,0.9802140109783474,0.9811658613078942,0.7491002825164361,0.817247955307352,0.7165778793314378,0.6284041614228003,0.5601728697885556,0.7457634860809482,0.5029099721030703,0.4777849358435679,0.7287730786382496,0.7005363050075613,0.97289822820884,0.8243452748433701,0.3646831459996122,0.9992454583567294,0.9777322993866594,0.25086172059418016,0.40176688600169636,0.747434447238547,0.665350241366408,0.7589873676371267,0.5918159003481444,0.653871311775771,0.3646831459996122,0.9772184687110125,0.545054026680146,0.9555764602930802,0.6123311166072237,0.7253140019292178,0.8435031860261255,0.9650848225047844,0.19677148298659686,0.43077530204186426,0.5385067496528857,0.48698206474957295,0.6691376064901441,0.6103007069486435,0.6803822215759738,0.7718809458735695,0.6204055502919302,0.8878641924815617
sinTau,0.3446617851846341,0.22841277502466445,0.4312777269814267,0.2894820933162544,0.39348480686251164,0.47296059350761244,0.5183218543532782,0.4738320218785281,0.30946481182486285,0.45642212862617093,0.3951907185480892,0.39092837930172886,0.24698311793941813,0.8397206521307583,0.8813341648478441,0.27534050069205174,0.1452146317317396,0.12436793324824458,0.2402404440602452,0.9360346362160603,0.0008290916929857839,0.28317045770622795,0.12842758726130288,0.6150248685940524,0.29742920661006855,0.49214634134408963,0.30946481182486285,0.4851668779574446,0.07052005153466773,0.35047960387195654,0.2823844503138362,0.4191980894483193,0.19492741804936614,0.730874306617517,0.007902196015379004,0.13911988595081903,0.20469716619003736,0.6294095225512604,0.0005147151046426268,0.029559615522887217,0.20752116250639213,0.3951907185480892,0.31756160783119014,0.3943376017723058,0.5244248848978067,0.08114064168978058,0.5139608193617845,0.5043632677491869,0.41833701887918884,0.382428943448705,0.4407980158467494,0.4677338458735212,0.009186408276167957,0.8596699001693255,0.7634778977483387,0.15645624459778845,0.36469977701206824,0.39775197407910473,0.40888223725392614,0.32653217421337194,0.44339839311604656,0.4407980158467494,0.21178384191510352,0.4581610783338421,0.5583353685496666,0.2545481231924295,0.5652630961100258,0.00014925510940838604,0.8326151773271804,0.053314305836081266,0.026957320586227407,0.2424809625449728,0.37819249410698874,0.34052034535096504,0.4295493840312088,0.38582456494467215,0.5418389216661579,0.06830222469661412,0.5661281951285613,0.4851668779574446,0.7370441045235582,0.28869086912965025,0.16608372226447654,0.5148331220425554,0.48255025164874954,0.42868553314724434,0.42264480685026584,0.4416646314503334,0.3605044469803854,0.40888223725392614,0.37819249410698874,0.22841277502466445,0.4407980158467494,0.08744325086085242
hhm0,0.9139097057210747,0.9139097057210747,0.9139097057210747,0.44443428989215866,0.44745019192103813,0.293365015536465,0.40760372875159934,0.3347651252056297,0.3793639188448181,0.5580332663132882,0.4964357521476878,0.4784317309449826,0.49469932370681774,0.512703344909523,0.49405958691281293,0.4431548163041491,0.34171083896910986,0.39325534637177845,0.43977335039298115,0.41464083348565156,0.3956315116066533,0.40413087186985924,0.3170352769146408,0.5483458234326448,0.40623286419301774,0.38247121184426974,0.4118077133979163,0.387771888137452,0.399652714311826,0.45677207091939315,0.38850301590202885,0.789161030890148,0.3397916285870956,0.4157375251325169,0.2829464448912447,0.5371961250228477,0.29437031621275817,0.2749040394808993,0.29784317309449826,0.718607201608481,0.4012063608115518,0.647139462621093,0.3244379455309815,0.34573204167428256,0.20489855602266496,0.5475233046974958,0.4307256443063425,0.3133796380917565,0.5817949186620363,0.5860902942789252,0.28906963991957596,0.33531347102906234,0.34417839517455673,0.36145128861268505,0.26996892707000547,0.40714677389873877,0.38493876804971666,0.5506305976969476,0.311186254798026,0.40029245110583067,0.20846280387497715,0.38566989581429356,0.11981356242003288,0.5038384207640285,0.38959970754889417,0.42277462986656916,0.4565892889782489,0.3052458417108389,0.4583257174191189,0.5013708645585816,0.38621824163772617,0.5610491683421678,0.36538110034728566,0.5216596600255894,0.32078230670809726,0.4875708280021933,0.31758362273807345,0.5730213854871138,0.21339791628587096,0.6185340888320233,0.4191189910436849,0.42505940413087184,0.48062511423871324,0.2749040394808993,0.36803143849387676,0.13571559129957958,0.3712301224639005,0.17336867117528787,0.33531347102906234,0.657375251325169,0.5576677024309997,0.04807165052092853,0.4339243282763663,0.468561506123195
hhm1,0.8541168431841476,0.8541168431841476,0.8541168431841476,0.8541168431841476,0.8541168431841476,0.8541168431841476,0.8541168431841476,0.11334130509053639,0.5228903313973351,0.8541168431841476,0.8541168431841476,0.4048513836692859,0.45131533993850353,0.8541168431841476,0.5641441749231294,0.567133583874274,0.3042364195421934,0.6385377519644687,0.5131533993850358,0.8541168431841476,0.5120430474888965,0.3699180047830543,0.8541168431841476,0.8541168431841476,0.8541168431841476,0.4631021523744448,0.7745131533993851,0.5386914929962419,0.5728561667236077,0.5296378544584899,0.603177314656645,0.8541168431841476,0.7336863682951829,0.6826955927570891,0.7347967201913221,0.5722582849333789,0.4929108302015715,0.8541168431841476,0.6314485821660403,0.8541168431841476,0.6465664502903997,0.5979672019132216,0.7134437991117185,0.37060129825760163,0.6306798770071745,0.6427229244960709,0.5550905363853775,0.609156132558934,0.7262555517594806,0.7294157840792621,0.41305090536385375,0.5851554492654595,0.39434574649812093,0.7108814485821661,0.5554321831226512,0.5991629654936795,0.5139221045439016,0.5236590365562008,0.5361291424666894,0.7559788179022889,0.39733515544926545,0.7067816877348821,0.5827639221045439,0.8541168431841476,0.6824393577041339,0.6296549367953536,0.8541168431841476,0.531516911513495,0.7391527160915612,0.6228220020498804,0.4892381277758797,0.6791083020157157,0.4134779637854458,0.4713016740690126,0.5029039972668261,0.6365732832251452,0.40023915271609156,0.8541168431841476,0.6118893064571234,0.8541168431841476,0.5087119918004783,0.630765288691493,0.42825418517253155,0.5435599590023915,0.5805432183122651,0.3934916296549368,0.7540997608472839,0.30807994533652205,0.5358729074137342,0.7373590707208746,0.5608131192347112,0.6369149299624188,0.3308848650495388,0.8541168431841476
hhm2,0.8244702778464835,0.8244702778464835,0.8244702778464835,0.4279825212301096,0.26960178085580017,0.28205128205128205,0.3099183774424932,0.8244702778464835,0.4041553302003463,0.8244702778464835,0.29565504163574896,0.5525599802127134,0.48544809959600954,0.15747382306867835,0.28790502102399207,0.36326160441916067,0.29623217083024156,0.4509027949542419,0.2504740704097617,0.32706735922170005,0.3663945914749773,0.4113282216176107,0.4423283040646384,0.33465248577788764,0.43358891911946573,0.5482727347679116,0.41446120867342734,0.46813422376123337,0.3353120620001649,0.5110066782092505,0.32401681919366804,0.6197543078572018,0.23250061835270835,0.4708549756781268,0.5159534998763294,0.5147992414873444,0.34875092752906256,0.32558331272157637,0.567647786297304,0.5995547860499628,0.3882430538379091,0.8244702778464835,0.8244702778464835,0.8244702778464835,0.6776321213620248,0.8244702778464835,0.39854893231099014,0.49765025970813753,0.8244702778464835,0.043284689586940386,0.8244702778464835,0.16233819770797261,0.40159947233902216,0.2480831066040069,0.39310742847720337,0.2813092588012202,0.6151372743012614,0.41338939731222685,0.8244702778464835,0.25979058454942694,0.8244702778464835,0.45543738148239754,0.559403083518839,0.2362931816308022,0.1860004946821667,0.6897518344463681,0.2649023002720752,0.42204633522961493,0.23810701624206446,0.44372990353697744,0.6422623464424108,0.22137026960178086,0.6524033308599224,0.5220545799323933,0.8244702778464835,0.16258553879132656,0.5967515871052849,0.7369939813669717,0.2832879874680518,0.07098689092258223,0.5969164811608542,0.4016819193668068,0.5133976420150054,0.40860746970071726,0.381235056476214,0.5617116002968092,0.5524775331849286,0.8244702778464835,0.28683320966279163,0.8244702778464835,0.8244702778464835,0.6892571522796602,0.8244702778464835,0.17660153351471677
hhm3,0.8232485387338438,0.8232485387338438,0.8232485387338438,0.1211821849016218,0.8232485387338438,0.20474191158310695,0.471392113278999,0.8232485387338438,0.242446694657117,0.8232485387338438,0.3226311023297934,0.5403803408248951,0.3470815839301885,0.14349222030130898,0.5416152136329959,0.40775500123487285,0.43245245739688815,0.4200214044620071,0.33530912982629457,0.27126039351280157,0.5232567712192312,0.28220959907796167,0.35523174446365363,0.22219478060426442,0.8232485387338438,0.46505309953074836,0.33259240964847286,0.3432123157981395,0.27768173211492553,0.5704289124886803,0.3768008561784803,0.8232485387338438,0.28426772042479626,0.2512554540215692,0.36766279739853464,0.6735819543920311,0.310117724541039,0.2985922449987652,0.41499958837573064,0.8232485387338438,0.4038034082489504,0.8232485387338438,0.6523421420926978,0.8232485387338438,0.5931505721577345,0.8232485387338438,0.42142092697785466,0.29175928212727426,0.8232485387338438,0.3363793529266486,0.576767926236931,0.3013912900304602,0.43154688400428093,0.3106116736642793,0.3857742652506792,0.4528690211574875,0.6545649131472793,0.5020992837737713,0.8232485387338438,0.32633572075409567,0.5563513624763317,0.292994154935375,0.39779369391619335,0.2030130896517659,0.34510578743722736,0.578496748168272,0.40355643368733024,0.2662385774265251,0.25965258911665434,0.4142586646908702,0.6239400675063802,0.2855849180867704,0.8232485387338438,0.3262533959002223,0.8232485387338438,0.2754589610603442,0.6417222359430312,0.4490820778793118,0.4283362147032189,0.3862682143739195,0.5560220630608381,0.4065201284267721,0.47855437556598346,0.45097554951839963,0.3293817403474109,0.6458384786367004,0.3637935292664856,0.8232485387338438,0.5723223841277683,0.8232485387338438,0.8232485387338438,0.383798468757718,0.7321149254960073,0.24409319173458469
hhm4,0.8292561572269674,0.8292561572269674,0.8292561572269674,0.8292561572269674,0.3503607264283937,0.8292561572269674,0.8292561572269674,0.4443154490422092,0.5129778588606021,0.0611161787876275,0.5025292312795423,0.4486275810597894,0.46081764657102575,0.5058462559084501,0.4418276805705283,0.5566796583464633,0.4865245874450618,0.4961439588688947,0.5587527987395307,0.5904303839456009,0.8292561572269674,0.8292561572269674,0.567128285927523,0.8292561572269674,0.5704453105564309,0.2772203333609752,0.4561738120905548,0.4484617298283439,0.5137241894021064,0.42814495397628327,0.4895928352268016,0.02056555269922879,0.8292561572269674,0.5749232938054566,0.7556182104652127,0.05680404677004727,0.4317107554523592,0.5380213948088565,0.8292561572269674,0.5900157558669873,0.5322166017082677,0.4493739116012937,0.20208972551621196,0.3976283273903309,0.3411559830831744,0.24910854963098103,0.5534455593332781,0.4456422588937723,0.2014263205904304,0.5519528982502695,0.2982005141388175,0.6308151588025541,0.470602869226304,0.5517870470188241,0.517124139646737,0.5152997761008375,0.3676921801144374,0.6993946430052244,0.2627083506095033,0.5094120573845261,0.645078364706858,0.4094866904386765,0.5199436105813086,0.691019155817232,0.6613317853885066,0.5292312795422506,0.8292561572269674,0.5467285844597396,0.519031428808359,0.8292561572269674,0.04768222904055063,0.5234264864416618,0.5174558421096277,0.5868645824695249,0.19520689941122812,0.7453354341155983,0.554026038643337,0.4064184426569367,0.5702794593249855,0.7427647400281948,0.8292561572269674,0.6513807115017829,0.34248279293473755,0.34762418110954474,0.6106642341819388,0.49158305000414626,0.4910854963098101,0.4435691185007049,0.6164690272825275,0.3710921303590679,0.31005887718716313,0.5889377228625923,0.26353760676673027,0.8292561572269674
hhm5,0.810898475510866,0.810898475510866,0.810898475510866,0.810898475510866,0.29492377554330196,0.17531625040544924,0.28892312682452154,0.19802140771975346,0.810898475510866,0.810898475510866,0.1652611093091145,0.810898475510866,0.19266947778138177,0.39977294842685696,0.40812520272461883,0.45710347064547513,0.30716834252351605,0.501865066493675,0.3353065196237431,0.372688939344794,0.33060330846578007,0.2870580603308465,0.3175478430100551,0.42880311385014597,0.3383068439831333,0.4861336360687642,0.43310087577035355,0.2716509892961401,0.4892150502757054,0.5689263704184235,0.5511676938047356,0.810898475510866,0.2975186506649367,0.3695264352903016,0.3824197210509244,0.6616120661693156,0.4213428478754459,0.36871553681479075,0.5719266947778138,0.810898475510866,0.439182614336685,0.552546221213104,0.7116445021083361,0.5981187155368147,0.11871553681479079,0.810898475510866,0.4481024975673045,0.24797275381122283,0.810898475510866,0.5124067466753163,0.4938371715861174,0.2572980862795978,0.3061141745053519,0.203211157963023,0.2710022705157314,0.3521732079143691,0.5894421018488485,0.39969185857930584,0.5583036003892312,0.44080441128770675,0.4402367823548492,0.4147745702238079,0.6077684073953941,0.45491404476159586,0.40115147583522537,0.7165098929614012,0.3793383068439831,0.49148556600713583,0.4180181641258514,0.05651962374310736,0.5452481349335063,0.5861985079468051,0.810898475510866,0.49610768731754784,0.4565358417126175,0.28584171261758023,0.43164125851443397,0.40139474537787867,0.14369120986052544,0.2706779111255271,0.4103957184560493,0.43561466104443725,0.4627797599740512,0.5612228349010704,0.2624067466753162,0.3231430424910801,0.14304249108011677,0.3323061952643529,0.32573791761271487,0.6690723321440155,0.810898475510866,0.4301816412585144,0.5592766785598443,0.23507946805060004
hhm6,0.8735913339739669,0.8735913339739669,0.8735913339739669,0.2370053289071372,0.8735913339739669,0.36367607233336247,0.37241198567310213,0.8735913339739669,0.3381672053813226,0.8735913339739669,0.3637634314667598,0.4102384904341749,0.8735913339739669,0.8735913339739669,0.459596400803704,0.26810518039661047,0.6174543548527999,0.5025770944352232,0.4443085524591596,0.5572639119419935,0.4762819952826068,0.6281995282606796,0.2984187996855071,0.5127981130427186,0.3532803354590722,0.3838560321481611,0.6102909059142133,0.48379488075478283,0.3489997379225998,0.5980606272385778,0.6174543548527999,0.7937450860487464,0.5784921813575609,0.5457325063335372,0.609329955446842,0.6097667511138288,0.573687429020704,0.5913339739669782,0.6719664540927753,0.6293351969948459,0.4861535773565126,0.508692233773041,0.39477592382283566,0.5476544072682799,0.7501528784834455,0.48798811915785795,0.418624967240325,0.38490434174892985,0.8735913339739669,0.4326024285839084,0.5009172709006726,0.4795142832183105,0.37861448414431725,0.5443347601991788,0.33222678431029967,0.4623045339390233,0.5466060976675111,0.48702716869048657,0.6519612125447715,0.476107277015812,0.602515943041845,0.4367083078535861,0.5011793483008649,0.5161177601118196,0.5811129553594828,0.7174805625928191,0.636848082467022,0.5389184939285402,0.5196121254477155,0.5008299117672753,0.8735913339739669,0.4717393203459422,0.6124748842491482,0.1826679479339565,0.6695203983576482,0.5093037477068227,0.8161963833318773,0.6188521009871583,0.4069188433650738,0.4437843976587752,0.5998078099065257,0.43242771031711363,0.47933956495151564,0.3420110072508081,0.5003057569668908,0.8735913339739669,0.6074080545120992,0.8735913339739669,0.4722634751463265,0.8735913339739669,0.8735913339739669,0.5950904167030663,0.3374683323141434,0.8735913339739669
hhm7,0.8535336292249914,0.8535336292249914,0.1522703994537385,0.8535336292249914,0.22447934448617277,0.8535336292249914,0.8535336292249914,0.3059918060771594,0.41362239672243084,0.2672413793103448,0.5976442471833391,0.33595083646295665,0.4445203141003756,0.6633663366336634,0.28866507340389214,0.8535336292249914,0.5209115739160123,0.6573916012290885,0.600546261522704,0.42736428815295324,0.6466370775008536,0.5680266302492318,0.6269204506657563,0.41806077159440086,0.39825879139638104,0.4000512120177535,0.3595083646295664,0.41302492318197337,0.4641515875725503,0.12692045066575625,0.5355923523386821,0.7307101399795152,0.8535336292249914,0.5764766131785592,0.5360191191532947,0.7191020826220553,0.5308125640150222,0.5304711505633323,0.3123079549334244,0.8535336292249914,0.40576988733356095,0.2400990099009901,0.24906111300785252,0.30419938545578695,0.8535336292249914,0.17429156708774327,0.5778422669853193,0.6126664390576989,0.1901672925913281,0.6416012290884261,0.21952884943666778,0.7211505633321953,0.5221918743598498,0.6181290542847387,0.5769033799931716,0.5216797541823147,0.2392454762717651,0.538152953226357,0.19161829976101058,0.5061454421304199,0.2833731649026972,0.5898770911573916,0.34704677364288156,0.4897575964493001,0.8535336292249914,0.12196995561625128,0.7850802321611471,0.5579549334243769,0.659525435302151,0.8535336292249914,0.5109252304540799,0.46705360191191536,0.19870262888357804,0.5399453738477297,0.16421987026288834,0.5446398088084671,0.455872311369068,0.6181290542847387,0.8535336292249914,0.7177364288152953,0.6719016729259133,0.29182314783202457,0.2191020826220553,0.5221918743598498,0.5599180607715943,0.2899453738477296,0.46551724137931033,0.3013827244793445,0.5085353362922499,0.5635882553772619,0.14680778422669852,0.5297029702970297,0.17360874018436326,0.4976954592010925
hhm8,0.8356313194618533,0.8356313194618533,0.8356313194618533,0.8356313194618533,0.8356313194618533,0.4483162028912843,0.30066014874237484,0.8356313194618533,0.41121417230717805,0.8356313194618533,0.5419069106710119,0.4857524860031754,0.3420238990557366,0.4336090916687557,0.8356313194618533,0.36742709116737693,0.6087574162279602,0.40594969499456834,0.4521601069608089,0.20957633492103284,0.45458343778724825,0.3317456338263558,0.34678699757666914,0.2634745550263224,0.37703685134118825,0.3361744798195036,0.27258293640845654,0.19010612517757164,0.29781900225620456,0.5673936659145985,0.25561962062338095,0.8356313194618533,0.30400267402022224,0.21492437536558867,0.3101027826522938,0.7262471797442968,0.2942257875825186,0.2560374362831119,0.2869557951032004,0.8356313194618533,0.18910336759421742,0.8356313194618533,0.6982535305423246,0.8356313194618533,0.8356313194618533,0.8356313194618533,0.39115902064009356,0.37528202557031837,0.8356313194618533,0.41179911423080134,0.8356313194618533,0.42951449820339266,0.24475641347037685,0.2899640678532631,0.27107880003342527,0.4293473719395003,0.5273669257123756,0.4595136625720732,0.6630734519929806,0.19854600150413637,0.8356313194618533,0.3548090582435029,0.5756664159772708,0.3266482827776385,0.32464276761093,0.4640260716971672,0.39508648784156425,0.25002089078298656,0.280437870811398,0.41121417230717805,0.685301245090666,0.2895462521935322,0.8356313194618533,0.28570234812400763,0.8356313194618533,0.2896298153254784,0.5498454082058994,0.7418734854182334,0.5955544413804629,0.5303751984624384,0.5092337260800535,0.2440879084148074,0.6373360073535556,0.41455669758502545,0.436450238154926,0.6347455502632239,0.3420238990557366,0.8356313194618533,0.6219603910754574,0.8356313194618533,0.8356313194618533,0.6275591209158518,0.6768613687641013,0.8356313194618533
hhm9,0.8908685968819599,0.0,0.8908685968819599,0.8908685968819599,0.2912249443207127,0.45674832962138084,0.8908685968819599,0.8908685968819599,0.35251670378619154,0.37514476614699327,0.5526057906458797,0.8908685968819599,0.35002227171492206,0.6038307349665923,0.35536748329621376,0.5289977728285078,0.41924276169265035,0.4338530066815145,0.470467706013363,0.506815144766147,0.4841870824053452,0.49737193763919824,0.28935412026726054,0.4310913140311804,0.5913585746102449,0.45933184855233844,0.5026280623608018,0.44302895322939867,0.49657015590200443,0.3962583518930957,0.6114031180400891,0.41363028953229397,0.539064587973274,0.5027171492204899,0.632694877505568,0.3712249443207127,0.38262806236080177,0.6517594654788419,0.49024498886414253,0.618619153674833,0.44783964365256124,0.29086859688195993,0.2774164810690423,0.20454342984409798,0.7414699331848552,0.10717149220489977,0.710467706013363,0.3096659242761693,0.13175946547884188,0.8908685968819599,0.28685968819599106,0.5058351893095768,0.503162583518931,0.6472160356347438,0.5398663697104676,0.7238307349665924,0.17728285077951,0.4904231625835189,0.2135412026726058,0.47233853006681514,0.26565701559020044,0.47919821826280623,0.4109576837416481,0.5082405345211581,0.7180400890868596,0.42939866369710467,0.6435634743875278,0.45113585746102447,0.6375946547884187,0.8908685968819599,0.3486859688195991,0.5752338530066815,0.15590200445434296,0.5051224944320712,0.2382182628062361,0.6133630289532294,0.6148775055679288,0.5412026726057907,0.4470378619153675,0.7429844097995546,0.6391982182628062,0.4026726057906459,0.15848552338530067,0.4814253897550111,0.5855679287305122,0.25826280623608017,0.6834743875278396,0.3570601336302895,0.6351002227171492,0.6472160356347438,0.16436525612472158,0.5404008908685969,0.287750556792873,0.38636971046770596
hhm10,0.8017960230917254,0.8017960230917254,0.8017960230917254,0.8017960230917254,0.3307408595253367,0.8017960230917254,0.8017960230917254,0.43577613855035274,0.505131494547787,0.3258499037844772,0.8017960230917254,0.8017960230917254,0.3448524695317511,0.5388871071199487,0.4817992302758178,0.611048749198204,0.5691949967928158,0.5145125080179602,0.8017960230917254,0.5642238614496472,0.5224502886465683,0.5047305965362411,0.48596856959589474,0.45726427196921104,0.6164207825529185,0.5849101988454137,0.5637427838357921,0.6024695317511224,0.7557729313662603,0.8017960230917254,0.8017960230917254,0.5805003207184093,0.6567511225144324,0.7065426555484284,0.5946119307248235,0.5572482360487491,0.6255612572161642,0.5572482360487491,0.659397049390635,0.8017960230917254,0.4980756895445798,0.45590121872995504,0.3309012187299551,0.407552918537524,0.5216484926234766,0.4127645926876203,0.6885824246311738,0.25825849903784476,0.39143681847338035,0.8017960230917254,0.25416933932007696,0.8017960230917254,0.612010904425914,0.7601828094932649,0.6484926234765874,0.8017960230917254,0.37131173829377806,0.6307729313662603,0.43818152661962795,0.49021808851828097,0.5600545221295702,0.7096696600384862,0.6717447081462475,0.6249198203976908,0.5878768441308531,0.8017960230917254,0.5689544579858884,0.6562700449005773,0.6986048749198204,0.8017960230917254,0.2924951892238614,0.5024053880692751,0.3713919178960872,0.8017960230917254,0.33723540731237966,0.5922867222578576,0.8017960230917254,0.6185856318152662,0.5304682488774854,0.6895445798588838,0.5905227710070557,0.518120590121873,0.28199166132135983,0.6751924310455419,0.5017639512508018,0.44475625400898006,0.5687139191789609,0.36169018601667735,0.5751282873636947,0.6189063502245029,0.22586593970493904,0.6068794098781269,0.3900737652341244,0.42735728030788955
hhm11,0.8398421096833795,0.8398421096833795,0.8398421096833795,0.2328042328042328,0.3709582598471487,0.8398421096833795,0.42269253380364485,0.4766943814562862,0.46703619719492734,0.8398421096833795,0.17678676408835137,0.8398421096833795,0.2778197698832619,0.4315108759553204,0.5937683715461494,0.42092886537330976,0.3985050810447635,0.5681531872008062,0.24036281179138322,0.2421264802217183,0.4602334761064919,0.5947761820777694,0.369782480893592,0.4255479969765684,0.18358948517678675,0.43226673385403547,0.5805828504241203,0.39682539682539675,0.40144452842865536,0.6472663139329806,0.2932728647014361,0.6554967666078776,0.40446796002351554,0.3713781809019904,0.4437725707566977,0.6544049718652892,0.3660031914000168,0.3198958595783993,0.6014949189552363,0.8398421096833795,0.34626690182245734,0.8398421096833795,0.6712018140589568,0.8398421096833795,0.5145712606030066,0.5665574871924077,0.18274964306710337,0.46804400772654736,0.8398421096833795,0.388426975728563,0.4979423868312757,0.3269505332997396,0.2334761064919795,0.26690182245737804,0.358360628201898,0.09456622155034854,0.419249181153943,0.4770303183001595,0.72763920382968,0.3528176702779877,0.8398421096833795,0.39220626522213825,0.6746451667086587,0.4604014445284286,0.14378096917779457,0.7798773830519862,0.3840597967582094,0.34425128075921724,0.33509700176366836,0.4815654656924498,0.8398421096833795,0.3842277651801461,0.8398421096833795,0.2598471487360376,0.8398421096833795,0.364071554547745,0.4325186864869404,0.5002099605274208,0.36155202821869487,0.2675736961451247,0.40471991265642054,0.40782732846224906,0.49046779205509355,0.39564961787184005,0.31527672797514067,0.8398421096833795,0.47056353405559753,0.8398421096833795,0.3409758965314521,0.8398421096833795,0.8398421096833795,0.5733602082808431,0.8398421096833795,0.626522213823801
hhm12,0.814000814000814,0.814000814000814,0.814000814000814,0.814000814000814,0.4176638176638177,0.41188441188441194,0.814000814000814,0.814000814000814,0.41115181115181115,0.814000814000814,0.814000814000814,0.814000814000814,0.6065120065120065,0.41823361823361827,0.5072853072853073,0.38852258852258853,0.15604395604395607,0.3790801790801791,0.33284493284493283,0.36923076923076925,0.08253968253968255,0.3982905982905983,0.28636548636548637,0.33349613349613355,0.814000814000814,0.5914529914529915,0.5867317867317867,0.814000814000814,0.33650793650793653,0.545950345950346,0.4221408221408221,0.5471713471713472,0.21798941798941798,0.33105413105413106,0.10964590964590964,0.5635327635327636,0.2744810744810745,0.5021571021571022,0.12942612942612944,0.010256410256410256,0.6950752950752951,0.814000814000814,0.37973137973137977,0.5436711436711438,0.814000814000814,0.4129426129426129,0.814000814000814,0.6003256003256005,0.814000814000814,0.814000814000814,0.6652828652828654,0.3856735856735857,0.42295482295482295,0.4814814814814815,0.43768823768823767,0.3865689865689866,0.3466829466829467,0.5847781847781849,0.814000814000814,0.814000814000814,0.4833536833536834,0.6954008954008954,0.32006512006512006,0.411965811965812,0.5696377696377697,0.6098494098494098,0.814000814000814,0.260968660968661,0.814000814000814,0.638909238909239,0.5531135531135531,0.814000814000814,0.656898656898657,0.814000814000814,0.6240944240944242,0.814000814000814,0.4887260887260888,0.5364265364265365,0.5465201465201466,0.36524216524216524,0.44884004884004886,0.49857549857549865,0.6385022385022385,0.5557997557997558,0.7772893772893773,0.6682132682132682,0.814000814000814,0.7337403337403338,0.814000814000814,0.814000814000814,0.7332519332519334,0.5945461945461946,0.814000814000814,0.16621896621896623
hhm13,0.8171269815329302,0.8171269815329302,0.8171269815329302,0.20101323745710084,0.3531622814185324,0.8171269815329302,0.31810753391076974,0.8171269815329302,0.241215884948521,0.8171269815329302,0.2693250531132538,0.42212779865991173,0.2833796371956202,0.4270305605491093,0.381189736885112,0.3734270305605491,0.5034319333224383,0.3990848177806831,0.3172086942310835,0.29857819905213273,0.43021735577708775,0.13147573132864845,0.24971400555646345,0.23492400719071743,0.4335675764013727,0.33771858146756006,0.44116685732962907,0.30830201013237457,0.3451544369995097,0.4849648635397941,0.3360026148063409,0.7380290897205426,0.36378493217846053,0.2892629514626573,0.41755188756332734,0.4801438143487498,0.3824971400555646,0.4226180748488315,0.4421474097074686,0.6594214740970747,0.2657296943945089,0.5263114888053604,0.3820068638666449,0.627144958326524,0.5483739173067494,0.6527210328485046,0.35920902108187613,0.32717764340578526,0.5640627553521818,0.4438633763686877,0.4343847033829057,0.47475077627063245,0.3470338290570355,0.41787873835594047,0.3451544369995097,0.35741134172250366,0.43495669226997874,0.4872528190880863,0.8171269815329302,0.33780029416571333,0.8171269815329302,0.3453995750939696,0.5188756332734107,0.3889524432096748,0.46608923026638344,0.6277169472135969,0.5060467396633437,0.37759437816636704,0.3202320640627554,0.4442719398594541,0.6561529661709429,0.42319006373590456,0.8171269815329302,0.4084817780683118,0.8171269815329302,0.35446968458898515,0.5938061774799804,0.5316228141853243,0.5585880045759111,0.5526229776107208,0.6396470011439778,0.3469521163588822,0.5285177316554993,0.5016342539630658,0.4065206733126328,0.5807321457754535,0.43119790815492726,0.7077136787056708,0.3524268671351528,0.5567086125183853,0.5036770714168981,0.7217682627880373,0.5949501552541264,0.4249060303971237
hhm14,0.0,0.8106355382619974,0.8106355382619974,0.8106355382619974,0.3702983138780804,0.43612191958495455,0.28550583657587547,0.8106355382619974,0.3410343709468223,0.8106355382619974,0.33787289234760054,0.4785181582360571,0.4664396887159533,0.45419909208819714,0.5103761348897536,0.10813878080415044,0.42063878080415046,0.36081387808041504,0.3728923476005188,0.35676070038910507,0.37200064850843056,0.26888780804150453,0.5237516212710766,0.4293125810635538,0.4259079118028534,0.2739137483787289,0.2181420233463035,0.24019130998702984,0.22227626459143968,0.648994811932555,0.32117380025940334,0.8106355382619974,0.4079118028534371,0.21960116731517507,0.36916342412451364,0.6007619974059663,0.29717898832684825,0.2928826199740597,0.44730869001297013,0.5500162127107652,0.2522697795071336,0.8106355382619974,0.4497405966277561,0.6592898832684825,0.6652885862516212,0.8106355382619974,0.32822632944228275,0.43109597924773024,0.8106355382619974,0.5143482490272373,0.6754215304798963,0.4892996108949416,0.2799124513618677,0.40337224383916986,0.29904345006485084,0.5233463035019454,0.44220168612191957,0.04693579766536965,0.6603437094682231,0.2101977950713359,0.8106355382619974,0.3091763942931258,0.6418612191958495,0.41439688715953304,0.44990272373540857,0.5816309987029832,0.44309338521400776,0.3125,0.3818093385214008,0.3370622568093385,0.8106355382619974,0.3244163424124514,0.8106355382619974,0.31882295719844356,0.8106355382619974,0.25,0.5103761348897536,0.4990272373540856,0.5073767833981842,0.7140077821011673,0.3660019455252918,0.2225194552529183,0.5723086900129701,0.42428664072632943,0.22908560311284049,0.8106355382619974,0.20257782101167315,0.5522859922178989,0.32676718547341116,0.7136835278858624,0.8106355382619974,0.5268320363164721,0.5768482490272373,0.5373702983138781
hhm15,0.8635578583765113,0.8635578583765113,0.8635578583765113,0.3806563039723662,0.4018998272884283,0.2229706390328152,0.2210708117443869,0.30086355785837654,0.2651986183074266,0.41295336787564774,0.3475820379965458,0.30336787564766843,0.3462003454231434,0.2820379965457686,0.3080310880829016,0.37962003454231436,0.2541450777202073,0.3007772020725389,0.24637305699481868,0.2931778929188256,0.30207253886010366,0.4261658031088083,0.30578583765112266,0.25820379965457685,0.32659758203799655,0.1998272884283247,0.20759930915371333,0.46407599309153713,0.372279792746114,0.8635578583765113,0.27970639032815203,0.7672711571675302,0.21873920552677034,0.35457685664939553,0.29360967184801384,0.4924006908462868,0.2753022452504318,0.2379101899827289,0.4293609671848014,0.506217616580311,0.35509499136442146,0.8635578583765113,0.40474956822107083,0.5403281519861831,0.24913644214162348,0.7390328151986184,0.17487046632124353,0.2883419689119171,0.5921416234887737,0.4173575129533679,0.34214162348877375,0.22392055267702934,0.29576856649395517,0.23031088082901555,0.28298791018998276,0.3505181347150259,0.44360967184801386,0.3859240069084629,0.6233160621761659,0.2996545768566494,0.32141623488773746,0.22625215889464598,0.4424006908462867,0.22012089810017274,0.2405008635578584,0.6790155440414508,0.22901554404145077,0.3085492227979275,0.2850604490500864,0.2584628670120898,0.5291018998272885,0.40716753022452506,0.6734887737478412,0.322538860103627,0.5320379965457686,0.33903281519861833,0.20241796200345424,0.43765112262521594,0.29110535405872195,0.3993091537132988,0.1636442141623489,0.37607944732297066,0.46778929188255614,0.47158894645941285,0.1563903281519862,0.37815198618307433,0.26925734024179626,0.4459412780656304,0.14533678756476687,0.5627806563039723,0.7180483592400692,0.34818652849740933,0.41813471502590677,0.4158894645941278
hhm16,0.898876404494382,0.898876404494382,0.16035955056179774,0.898876404494382,0.39523595505617976,0.5099325842696629,0.2590561797752809,0.3903820224719101,0.34274157303370784,0.560808988764045,0.4577977528089887,0.07676404494382022,0.3173932584269663,0.32323595505617975,0.41582022471910113,0.5441797752808989,0.3937078651685393,0.45330337078651683,0.30337078651685395,0.3567640449438202,0.39775280898876403,0.4710112359550562,0.3305168539325843,0.3461573033707865,0.1562247191011236,0.37195505617977526,0.257438202247191,0.333752808988764,0.23775280898876405,0.5626067415730337,0.19217977528089886,0.6,0.4024269662921348,0.31586516853932584,0.3445393258426966,0.6527640449438201,0.3482247191011236,0.2733483146067415,0.26777528089887637,0.5398651685393259,0.29051685393258425,0.5824719101123595,0.364314606741573,0.3001348314606741,0.4338876404494382,0.5866067415730336,0.2344269662921348,0.39191011235955053,0.5301573033707865,0.5707865168539326,0.3889438202247191,0.41896629213483144,0.3901123595505618,0.3663820224719101,0.28512359550561794,0.37411235955056177,0.350561797752809,0.4604943820224719,0.5301573033707865,0.40566292134831455,0.29842696629213483,0.3240449438202247,0.32332584269662923,0.23514606741573033,0.42417977528089884,0.5321348314606742,0.09429213483146066,0.24548314606741573,0.17608988764044942,0.543370786516854,0.7522696629213482,0.1581123595505618,0.898876404494382,0.39424719101123595,0.4729887640449438,0.41797752808988764,0.09626966292134831,0.5922696629213483,0.49159550561797755,0.4529438202247191,0.1016629213483146,0.2850337078651685,0.5327640449438202,0.44080898876404495,0.3647640449438202,0.4878202247191011,0.3203595505617977,0.581752808988764,0.253752808988764,0.705438202247191,0.4176179775280899,0.44638202247191006,0.5413033707865168,0.4985168539325842
hhm17,0.848320325755005,0.848320325755005,0.848320325755005,0.848320325755005,0.23082796063793687,0.848320325755005,0.262215812690872,0.3680013573125212,0.338479809976247,0.3895486935866983,0.848320325755005,0.3307600950118765,0.31150322361723787,0.5450458092975907,0.1180861893450967,0.5228198167628095,0.3930268069222938,0.41482863929419744,0.5647268408551068,0.4558025110281642,0.6616898540889039,0.43137088564642,0.519172039362063,0.33415337631489644,0.39404479131319986,0.33347472005429246,0.2984390906006108,0.3042925008483203,0.44358669833729214,0.10400407193756361,0.3895486935866983,0.848320325755005,0.592891075670173,0.40117068204954187,0.5464031218187988,0.756956226671191,0.3327960637936885,0.423566338649474,0.28978622327790976,0.848320325755005,0.31379368849677636,0.054038004750593824,0.2388021717000339,0.1342042755344418,0.5514930437733288,0.3590939938920936,0.49499491007804547,0.6030709195792331,0.31913810654903285,0.5667628096369189,0.2531387852052935,0.5644723447573804,0.5121309806582965,0.5221411605022056,0.507634882931795,0.5218866644044791,0.2909738717339667,0.5321513403461147,0.17331184255174753,0.45902612826603323,0.1548184594502884,0.3995588734306074,0.1996097726501527,0.37139463861554123,0.6431964709874448,0.09704784526637258,0.848320325755005,0.46021377672209024,0.595266372582287,0.7449100780454699,0.4351034950797421,0.34416355615880556,0.21377672209026127,0.23210044112656938,0.24491007804546996,0.4105870376654224,0.3943841194435018,0.4813369528333899,0.48447573803868343,0.6402273498473023,0.4854088903970139,0.27561927383780116,0.2192908042076688,0.502884289107567,0.4864268747879199,0.22590770274855781,0.41677977604343397,0.14472344757380387,0.40643026806922294,0.5687987784187308,0.27706141839158466,0.3548523922633186,0.25398710553104853,0.41864608076009496
hhm18,0.8430992327796982,0.8430992327796982,0.8430992327796982,0.8430992327796982,0.8430992327796982,0.8430992327796982,0.5239018632493044,0.8430992327796982,0.4478543124525757,0.4212966866200152,0.8430992327796982,0.8430992327796982,0.8430992327796982,0.8430992327796982,0.8430992327796982,0.39962903633757696,0.8430992327796982,0.09729365146277717,0.6414298962987944,0.8430992327796982,0.6008768232020909,0.5788719332265407,0.4112638057499368,0.8430992327796982,0.8430992327796982,0.37037349296012145,0.511423994604165,0.6603996290363376,0.49506786948823883,0.8430992327796982,0.4653907764943935,0.5361268021246102,0.7446252423910295,0.7406626759969649,0.8086164741590085,0.6193406963999664,0.6126802124610067,0.5846893179327207,0.8430992327796982,0.757103111036169,0.8430992327796982,0.8430992327796982,0.6665542534356294,0.6002023438158671,0.25141219121490604,0.6101509147626676,0.8430992327796982,0.43031784841075793,0.30924879858359333,0.8430992327796982,0.4953207992580727,0.5432931456032375,0.6952196273501392,0.5604923699519433,0.5409324677514543,0.6028159514374842,0.3164994519854987,0.6885591434111795,0.500126464884917,0.5656352752718996,0.8430992327796982,0.42315150493213055,0.754236573644718,0.6643621954304021,0.5729702385970828,0.7386392378382935,0.8430992327796982,0.8430992327796982,0.6028159514374842,0.8430992327796982,0.8430992327796982,0.5192648174690161,0.24230671950088525,0.6348537222831128,0.8430992327796982,0.6585448107242223,0.7415900851530226,0.037855155551808455,0.4152263721440014,0.7036506196779362,0.6206053452491358,0.7130933310850688,0.7635106652052946,0.36607368687294495,0.6211112047888037,0.8430992327796982,0.550375179158587,0.561335469184723,0.8430992327796982,0.034988618160357476,0.709636624230672,0.8430992327796982,0.4906837534777844,0.5652980355787877
hhm19,0.8927774305865547,0.8927774305865547,0.11195428979555397,0.38567985001339167,0.8927774305865547,0.39201856977055616,0.49424158557271664,0.8927774305865547,0.46951165074546913,0.4316578876885992,0.8927774305865547,0.5150432997053834,0.49424158557271664,0.5467368984912061,0.4435318275154004,0.42130166949379516,0.6611016873493438,0.46210159807160067,0.36273547004731715,0.6194982590840102,0.8927774305865547,0.5622712257834122,0.6762789036693151,0.5228104633514864,0.49317025265601283,0.42656905633425585,0.8927774305865547,0.5893223819301848,0.5503080082135523,0.7847513614855816,0.4850459780376752,0.36487813588072493,0.6777966253013123,0.5087045799482188,0.7127935005803052,0.21748058209088472,0.5553968395678957,0.53584501383805,0.6968127845728059,0.7460940987411837,0.627890366931524,0.7321667708240336,0.5061155253995179,0.4363896080707079,0.8927774305865547,0.5728059994643334,0.6174448709936612,0.36050352647085077,0.6366395857512721,0.6655655745022766,0.42353361307026155,0.4765645924471029,0.4339791090081242,0.7670743683599678,0.5130791893580929,0.7062762253370234,0.5553968395678957,0.6813677350236585,0.3826444067493973,0.5034371931077581,0.8927774305865547,0.22364074636193196,0.8927774305865547,0.6527095795018301,0.6783322917596643,0.7725203106865457,0.6235157575216498,0.6028033211320417,0.6007499330416927,0.7485938755468261,0.5574502276582447,0.5320953486295866,0.4937059191143647,0.6210159807160074,0.5025444156771716,0.4474600482099812,0.7796625301312382,0.5253995179001875,0.4399607177930542,0.6843139005445942,0.8927774305865547,0.4629050977591286,0.5726274439782162,0.11900723149718774,0.5282564056780644,0.5531648959914294,0.8073386304794214,0.6793143469333095,0.4839746451209713,0.25792339969645567,0.5902151593607713,0.8927774305865547,0.2853316668154629,0.6628872422105169
A,0.5,0.5555555555555556,0.5555555555555556,0.4444444444444444,0.4444444444444444,0.6111111111111112,0.5555555555555556,0.3888888888888889,0.5,0.5555555555555556,0.6111111111111112,0.5,0.6111111111111112,0.3888888888888889,0.4444444444444444,0.6111111111111112,0.5,0.4444444444444444,0.5555555555555556,0.5,0.5555555555555556,0.6111111111111112,0.6111111111111112,0.5555555555555556,0.5,0.5555555555555556,0.5555555555555556,0.5,0.6666666666666666,0.5555555555555556,0.6111111111111112,0.2222222222222222,0.6666666666666666,0.5555555555555556,0.6666666666666666,0.3333333333333333,0.6111111111111112,0.6666666666666666,0.6111111111111112,0.3333333333333333,0.6111111111111112,0.5,0.5555555555555556,0.5555555555555556,0.7222222222222222,0.4444444444444444,0.6111111111111112,0.6111111111111112,0.5555555555555556,0.4444444444444444,0.6111111111111112,0.6111111111111112,0.5555555555555556,0.6111111111111112,0.6666666666666666,0.5,0.5555555555555556,0.3888888888888889,0.7222222222222222,0.5555555555555556,0.6666666666666666,0.6111111111111112,0.8888888888888888,0.5,0.5555555555555556,0.4444444444444444,0.4444444444444444,0.6666666666666666,0.5555555555555556,0.4444444444444444,0.4444444444444444,0.5,0.6111111111111112,0.5,0.5555555555555556,0.5,0.6111111111111112,0.3333333333333333,0.7222222222222222,0.4444444444444444,0.5555555555555556,0.5,0.5,0.7777777777777778,0.5555555555555556,0.8333333333333334,0.5555555555555556,0.7777777777777778,0.6111111111111112,0.1111111111111111,0.3888888888888889,1.0,0.3888888888888889,0.3333333333333333
R,0.85,0.4,0.4,0.5,0.25,0.5,0.75,0.15,0.6,0.4,0.35,0.45,0.45,0.45,0.45,0.75,0.4,0.35,0.5,0.55,0.5,0.5,0.4,0.9,0.45,0.65,0.8,0.75,0.7,0.25,0.65,0.2,0.5,0.65,0.6,0.2,0.65,0.65,0.45,0.25,0.6,0.25,0.45,0.3,0.35,0.3,0.55,0.55,0.35,0.3,0.45,0.35,0.6,0.5,0.6,0.35,0.45,0.95,0.3,0.65,0.3,0.6,0.3,0.6,0.45,0.35,0.4,0.6,0.55,0.45,0.2,0.55,0.25,0.6,0.35,0.75,0.3,0.2,0.35,0.4,0.4,0.75,0.25,0.4,0.75,0.25,0.75,0.25,0.6,0.3,0.35,0.2,0.2,0.35
N,0.5238095238095238,0.38095238095238093,0.47619047619047616,0.5238095238095238,0.2857142857142857,0.5238095238095238,0.5238095238095238,0.2857142857142857,0.5238095238095238,0.42857142857142855,0.7142857142857143,0.5238095238095238,0.5238095238095238,0.6190476190476191,0.5238095238095238,0.5714285714285714,0.5238095238095238,0.6190476190476191,0.5714285714285714,0.5714285714285714,0.47619047619047616,0.42857142857142855,0.5714285714285714,0.47619047619047616,0.6666666666666666,0.5714285714285714,0.5714285714285714,0.5238095238095238,0.5714285714285714,0.23809523809523808,0.6190476190476191,0.19047619047619047,0.5714285714285714,0.5238095238095238,0.42857142857142855,0.19047619047619047,0.5714285714285714,0.5714285714285714,0.47619047619047616,0.2857142857142857,0.5714285714285714,0.2857142857142857,0.47619047619047616,0.3333333333333333,0.47619047619047616,0.38095238095238093,0.6666666666666666,0.5238095238095238,0.3333333333333333,0.5714285714285714,0.47619047619047616,0.6190476190476191,0.7142857142857143,0.6666666666666666,0.5238095238095238,0.9047619047619048,0.5238095238095238,0.47619047619047616,0.3333333333333333,0.6190476190476191,0.3333333333333333,0.5238095238095238,0.42857142857142855,0.5238095238095238,0.8571428571428571,0.38095238095238093,0.5714285714285714,0.6190476190476191,0.6190476190476191,0.47619047619047616,0.19047619047619047,0.5714285714285714,0.2857142857142857,0.6190476190476191,0.2857142857142857,0.5714285714285714,0.47619047619047616,0.3333333333333333,0.5714285714285714,0.7142857142857143,0.5238095238095238,0.5238095238095238,0.38095238095238093,0.5714285714285714,0.5714285714285714,0.2857142857142857,0.5714285714285714,0.3333333333333333,0.6666666666666666,0.09523809523809523,0.2857142857142857,0.23809523809523808,0.23809523809523808,0.7142857142857143
D,0.5,0.4090909090909091,0.7272727272727273,0.7272727272727273,0.3181818181818182,0.6818181818181818,0.45454545454545453,0.36363636363636365,0.6363636363636364,0.4090909090909091,0.6363636363636364,0.5454545454545454,0.5454545454545454,0.8181818181818182,0.6818181818181818,0.5909090909090909,0.45454545454545453,0.4090909090909091,0.5909090909090909,0.5909090909090909,0.6363636363636364,0.4090909090909091,0.6363636363636364,0.45454545454545453,0.5454545454545454,0.45454545454545453,0.5454545454545454,0.5,0.5454545454545454,0.4090909090909091,0.5909090909090909,0.22727272727272727,0.6818181818181818,0.5454545454545454,0.5,0.4090909090909091,0.5909090909090909,0.5909090909090909,0.5,0.3181818181818182,0.5454545454545454,0.3181818181818182,0.4090909090909091,0.36363636363636365,0.45454545454545453,0.3181818181818182,0.5909090909090909,0.5454545454545454,0.36363636363636365,0.9090909090909091,0.45454545454545453,0.8181818181818182,0.5454545454545454,0.6818181818181818,0.5454545454545454,0.6363636363636364,0.5,0.5,0.3181818181818182,0.7727272727272727,0.36363636363636365,0.5454545454545454,0.3181818181818182,0.6818181818181818,0.7727272727272727,0.22727272727272727,0.6818181818181818,0.5454545454545454,0.7272727272727273,0.45454545454545453,0.22727272727272727,0.7727272727272727,0.3181818181818182,0.5,0.3181818181818182,0.6818181818181818,0.36363636363636365,0.3181818181818182,0.6818181818181818,0.9090909090909091,0.36363636363636365,0.5,0.36363636363636365,0.5454545454545454,0.5454545454545454,0.3181818181818182,0.5454545454545454,0.3181818181818182,0.6818181818181818,0.09090909090909091,0.2727272727272727,0.2727272727272727,0.2727272727272727,0.9090909090909091
C,0.2608695652173913,0.34782608695652173,0.34782608695652173,0.21739130434782608,0.30434782608695654,0.43478260869565216,0.4782608695652174,0.8260869565217391,0.34782608695652173,0.391304347826087,0.34782608695652173,0.4782608695652174,0.5217391304347826,0.17391304347826086,0.43478260869565216,0.21739130434782608,0.6521739130434783,0.34782608695652173,0.34782608695652173,0.21739130434782608,0.34782608695652173,0.5217391304347826,0.391304347826087,0.34782608695652173,0.34782608695652173,0.43478260869565216,0.34782608695652173,0.391304347826087,0.34782608695652173,0.2608695652173913,0.34782608695652173,0.17391304347826086,0.391304347826087,0.34782608695652173,0.391304347826087,0.391304347826087,0.43478260869565216,0.391304347826087,0.391304347826087,0.17391304347826086,0.43478260869565216,0.2608695652173913,0.43478260869565216,0.5652173913043478,0.391304347826087,0.43478260869565216,0.5652173913043478,0.43478260869565216,0.4782608695652174,0.21739130434782608,0.4782608695652174,0.30434782608695654,0.4782608695652174,0.34782608695652173,0.34782608695652173,0.391304347826087,0.43478260869565216,0.43478260869565216,0.43478260869565216,0.2608695652173913,0.5217391304347826,0.391304347826087,0.391304347826087,0.2608695652173913,0.34782608695652173,0.21739130434782608,0.21739130434782608,0.43478260869565216,0.34782608695652173,0.17391304347826086,0.4782608695652174,0.34782608695652173,0.4782608695652174,0.5217391304347826,0.5652173913043478,0.391304347826087,0.4782608695652174,0.17391304347826086,0.5217391304347826,0.17391304347826086,0.34782608695652173,0.34782608695652173,0.43478260869565216,0.34782608695652173,0.391304347826087,0.6086956521739131,0.30434782608695654,0.4782608695652174,0.34782608695652173,0.08695652173913043,0.2608695652173913,0.21739130434782608,0.782608695652174,0.17391304347826086
Q,0.55,0.4,0.4,0.55,0.3,0.8,0.6,0.2,0.7,0.3,0.4,0.4,0.55,0.45,0.55,0.55,0.4,0.4,0.45,0.55,0.6,0.65,0.65,0.5,0.65,0.6,0.55,0.65,0.6,0.4,0.55,0.15,0.55,0.65,0.45,0.15,0.55,0.55,0.55,0.25,0.6,0.25,0.65,0.35,0.4,0.4,0.6,0.6,0.45,0.5,0.5,0.4,0.65,0.55,0.6,0.55,0.6,0.45,0.4,0.55,0.3,0.6,0.4,0.6,0.45,0.35,0.4,0.55,0.6,0.5,0.15,0.55,0.3,0.55,0.25,0.55,0.35,0.3,0.45,0.4,0.4,0.65,0.25,0.4,0.55,0.3,0.55,0.3,0.55,0.1,0.45,0.25,0.25,0.4
E,0.55,0.5,0.5,0.6,0.3,0.75,0.5,0.2,0.8,0.45,0.4,0.65,0.6,0.7,0.5,0.7,0.5,0.4,0.5,0.55,0.7,0.5,0.65,0.55,0.8,0.55,0.65,0.55,0.65,0.35,0.6,0.2,0.6,0.75,0.55,0.2,0.65,0.7,0.5,0.3,0.6,0.3,0.45,0.35,0.45,0.35,0.55,0.6,0.5,0.6,0.5,0.6,0.55,0.6,0.6,0.45,0.45,0.4,0.35,0.65,0.5,0.65,0.4,0.75,0.6,0.35,0.45,0.7,0.7,0.45,0.2,0.7,0.3,0.6,0.3,0.65,0.35,0.35,0.55,0.55,0.35,0.55,0.35,0.5,0.6,0.3,0.6,0.3,0.5,0.1,0.3,0.3,0.35,0.8
G,0.42105263157894735,0.3684210526315789,0.3684210526315789,0.7368421052631579,0.42105263157894735,0.42105263157894735,0.42105263157894735,0.8947368421052632,0.3157894736842105,0.3684210526315789,0.8421052631578947,0.3157894736842105,0.5789473684210527,0.7368421052631579,0.7894736842105263,0.42105263157894735,0.5263157894736842,0.47368421052631576,0.47368421052631576,0.8421052631578947,0.47368421052631576,0.8947368421052632,0.5263157894736842,0.3684210526315789,0.42105263157894735,0.42105263157894735,0.47368421052631576,0.5263157894736842,0.42105263157894735,0.3157894736842105,0.42105263157894735,0.3684210526315789,0.5789473684210527,0.42105263157894735,0.5263157894736842,0.15789473684210525,0.47368421052631576,0.5263157894736842,0.3157894736842105,0.2631578947368421,0.5789473684210527,0.2631578947368421,0.42105263157894735,0.42105263157894735,0.7368421052631579,0.2631578947368421,0.5263157894736842,0.631578947368421,0.3157894736842105,0.42105263157894735,0.47368421052631576,0.631578947368421,0.5789473684210527,0.7368421052631579,0.5789473684210527,0.47368421052631576,0.42105263157894735,0.47368421052631576,0.42105263157894735,0.42105263157894735,0.42105263157894735,0.5263157894736842,0.42105263157894735,0.47368421052631576,0.5263157894736842,0.15789473684210525,0.42105263157894735,0.47368421052631576,0.42105263157894735,0.9473684210526315,0.15789473684210525,0.42105263157894735,0.3157894736842105,0.42105263157894735,0.3684210526315789,0.5789473684210527,0.42105263157894735,0.3684210526315789,0.7894736842105263,0.5263157894736842,0.3684210526315789,0.3684210526315789,0.3684210526315789,0.3684210526315789,0.631578947368421,0.5263157894736842,0.6842105263157895,0.5789473684210527,0.5263157894736842,0.05263157894736842,0.21052631578947367,0.3684210526315789,0.21052631578947367,0.3157894736842105
H,0.391304347826087,0.4782608695652174,0.30434782608695654,0.7391304347826086,0.21739130434782608,0.391304347826087,0.6086956521739131,0.17391304347826086,0.5217391304347826,0.2608695652173913,0.391304347826087,0.34782608695652173,0.43478260869565216,0.391304347826087,0.5217391304347826,0.6956521739130435,0.4782608695652174,0.4782608695652174,0.34782608695652173,0.43478260869565216,0.4782608695652174,0.391304347826087,0.43478260869565216,0.4782608695652174,0.4782608695652174,0.6086956521739131,0.43478260869565216,0.5652173913043478,0.6086956521739131,0.17391304347826086,0.391304347826087,0.43478260869565216,0.43478260869565216,0.5652173913043478,0.43478260869565216,0.391304347826087,0.43478260869565216,0.43478260869565216,0.391304347826087,0.21739130434782608,0.4782608695652174,0.21739130434782608,0.6956521739130435,0.391304347826087,0.43478260869565216,0.43478260869565216,0.5217391304347826,0.5652173913043478,0.30434782608695654,0.5217391304347826,0.5217391304347826,0.5652173913043478,0.6086956521739131,0.43478260869565216,0.5652173913043478,0.5217391304347826,0.5217391304347826,0.5217391304347826,0.2608695652173913,0.5652173913043478,0.391304347826087,0.4782608695652174,0.43478260869565216,0.4782608695652174,0.391304347826087,0.13043478260869565,0.391304347826087,0.391304347826087,0.43478260869565216,0.5217391304347826,0.21739130434782608,0.43478260869565216,0.21739130434782608,0.6956521739130435,0.2608695652173913,0.5217391304347826,0.30434782608695654,0.30434782608695654,0.5652173913043478,0.43478260869565216,0.34782608695652173,0.5652173913043478,0.30434782608695654,0.5652173913043478,0.4782608695652174,0.21739130434782608,0.391304347826087,0.21739130434782608,0.4782608695652174,0.13043478260869565,0.21739130434782608,0.17391304347826086,0.43478260869565216,0.30434782608695654
I,0.38095238095238093,0.5238095238095238,0.6666666666666666,0.3333333333333333,0.8095238095238095,0.42857142857142855,0.42857142857142855,0.23809523809523808,0.42857142857142855,0.5714285714285714,0.3333333333333333,0.5714285714285714,0.5714285714285714,0.3333333333333333,0.5714285714285714,0.3333333333333333,0.38095238095238093,0.5238095238095238,0.38095238095238093,0.38095238095238093,0.38095238095238093,0.3333333333333333,0.38095238095238093,0.38095238095238093,0.42857142857142855,0.6190476190476191,0.5238095238095238,0.5238095238095238,0.5238095238095238,0.8095238095238095,0.5238095238095238,0.47619047619047616,0.3333333333333333,0.42857142857142855,0.42857142857142855,0.5238095238095238,0.47619047619047616,0.42857142857142855,0.6666666666666666,0.23809523809523808,0.5238095238095238,0.6666666666666666,0.5714285714285714,0.6666666666666666,0.3333333333333333,0.7619047619047619,0.47619047619047616,0.47619047619047616,0.7142857142857143,0.42857142857142855,0.6666666666666666,0.38095238095238093,0.42857142857142855,0.3333333333333333,0.42857142857142855,0.3333333333333333,0.6666666666666666,0.38095238095238093,0.7142857142857143,0.47619047619047616,0.7142857142857143,0.47619047619047616,0.5714285714285714,0.5238095238095238,0.2857142857142857,0.8571428571428571,0.2857142857142857,0.47619047619047616,0.38095238095238093,0.23809523809523808,0.42857142857142855,0.47619047619047616,0.8095238095238095,0.5714285714285714,0.7619047619047619,0.42857142857142855,0.42857142857142855,0.38095238095238093,0.3333333333333333,0.3333333333333333,0.42857142857142855,0.5714285714285714,0.7619047619047619,0.3333333333333333,0.38095238095238093,0.6666666666666666,0.47619047619047616,0.6666666666666666,0.38095238095238093,0.3333333333333333,0.8095238095238095,0.23809523809523808,0.8571428571428571,0.23809523809523808
L,0.42105263157894735,0.7894736842105263,0.7368421052631579,0.3684210526315789,0.5789473684210527,0.47368421052631576,0.3684210526315789,0.3157894736842105,0.5263157894736842,0.5263157894736842,0.3684210526315789,0.42105263157894735,0.631578947368421,0.42105263157894735,0.5263157894736842,0.47368421052631576,0.631578947368421,0.42105263157894735,0.3684210526315789,0.47368421052631576,0.3684210526315789,0.5263157894736842,0.5789473684210527,0.42105263157894735,0.47368421052631576,0.5789473684210527,0.47368421052631576,0.5263157894736842,0.47368421052631576,0.5263157894736842,0.47368421052631576,0.47368421052631576,0.42105263157894735,0.42105263157894735,0.42105263157894735,0.42105263157894735,0.5789473684210527,0.47368421052631576,0.5789473684210527,0.5263157894736842,0.5789473684210527,0.5789473684210527,0.631578947368421,0.7368421052631579,0.42105263157894735,0.8421052631578947,0.47368421052631576,0.631578947368421,0.7894736842105263,0.3157894736842105,0.631578947368421,0.42105263157894735,0.42105263157894735,0.42105263157894735,0.47368421052631576,0.3157894736842105,0.7368421052631579,0.2631578947368421,0.6842105263157895,0.42105263157894735,0.7368421052631579,0.47368421052631576,0.5789473684210527,0.5263157894736842,0.3684210526315789,0.5263157894736842,0.3684210526315789,0.47368421052631576,0.42105263157894735,0.2631578947368421,0.5789473684210527,0.42105263157894735,0.7894736842105263,0.5263157894736842,0.6842105263157895,0.47368421052631576,0.42105263157894735,0.42105263157894735,0.42105263157894735,0.2631578947368421,0.3157894736842105,0.5263157894736842,0.7894736842105263,0.47368421052631576,0.42105263157894735,0.6842105263157895,0.3684210526315789,0.5789473684210527,0.42105263157894735,0.3157894736842105,0.7368421052631579,0.3684210526315789,0.5263157894736842,0.2631578947368421
K,0.8,0.5,0.45,0.4,0.3,0.55,0.65,0.25,0.6,0.4,0.4,0.45,0.5,0.55,0.45,0.6,0.45,0.4,0.55,0.65,0.6,0.5,0.55,0.65,0.6,0.5,0.55,0.75,0.65,0.3,0.7,0.2,0.6,0.7,0.6,0.35,0.7,0.7,0.6,0.55,0.7,0.3,0.5,0.4,0.4,0.35,0.6,0.6,0.4,0.5,0.5,0.5,0.7,0.65,0.7,0.45,0.5,0.55,0.35,0.7,0.35,0.6,0.5,0.6,0.55,0.4,0.5,0.65,0.65,0.45,0.2,0.6,0.3,0.6,0.3,0.7,0.45,0.3,0.4,0.45,0.35,0.75,0.4,0.4,0.55,0.35,0.65,0.35,0.45,0.1,0.3,0.35,0.3,0.45
M,0.36363636363636365,0.5454545454545454,0.5,0.2727272727272727,0.5454545454545454,0.3181818181818182,0.4090909090909091,0.4090909090909091,0.4090909090909091,0.5,0.3181818181818182,0.4090909090909091,0.5,0.3181818181818182,0.4090909090909091,0.2727272727272727,0.8636363636363636,0.3181818181818182,0.36363636363636365,0.2727272727272727,0.45454545454545453,0.36363636363636365,0.3181818181818182,0.36363636363636365,0.4090909090909091,0.45454545454545453,0.36363636363636365,0.4090909090909091,0.4090909090909091,0.4090909090909091,0.4090909090909091,0.2727272727272727,0.4090909090909091,0.36363636363636365,0.2727272727272727,0.45454545454545453,0.45454545454545453,0.45454545454545453,0.45454545454545453,0.22727272727272727,0.5,0.5454545454545454,0.6818181818181818,0.5,0.5,0.5909090909090909,0.45454545454545453,0.6818181818181818,0.5909090909090909,0.22727272727272727,0.6818181818181818,0.22727272727272727,0.36363636363636365,0.36363636363636365,0.36363636363636365,0.22727272727272727,0.5909090909090909,0.22727272727272727,0.5909090909090909,0.4090909090909091,0.45454545454545453,0.4090909090909091,0.3181818181818182,0.4090909090909091,0.5,0.3181818181818182,0.36363636363636365,0.4090909090909091,0.36363636363636365,0.36363636363636365,0.6363636363636364,0.4090909090909091,0.5909090909090909,0.4090909090909091,0.5454545454545454,0.4090909090909091,0.2727272727272727,0.45454545454545453,0.36363636363636365,0.36363636363636365,0.2727272727272727,0.4090909090909091,0.5909090909090909,0.2727272727272727,0.4090909090909091,0.5454545454545454,0.4090909090909091,0.5454545454545454,0.36363636363636365,0.13636363636363635,0.7727272727272727,0.3181818181818182,0.5454545454545454,0.22727272727272727
F,0.3333333333333333,0.7619047619047619,0.38095238095238093,0.5238095238095238,0.5714285714285714,0.5238095238095238,0.2857142857142857,0.5238095238095238,0.2857142857142857,0.8095238095238095,0.19047619047619047,0.23809523809523808,0.42857142857142855,0.38095238095238093,0.42857142857142855,0.3333333333333333,0.42857142857142855,0.47619047619047616,0.3333333333333333,0.42857142857142855,0.2857142857142857,0.23809523809523808,0.3333333333333333,0.42857142857142855,0.38095238095238093,0.5238095238095238,0.3333333333333333,0.42857142857142855,0.42857142857142855,0.42857142857142855,0.5238095238095238,0.9523809523809523,0.2857142857142857,0.38095238095238093,0.3333333333333333,0.9523809523809523,0.38095238095238093,0.42857142857142855,0.38095238095238093,0.19047619047619047,0.42857142857142855,0.47619047619047616,0.6190476190476191,0.47619047619047616,0.5238095238095238,0.6666666666666666,0.47619047619047616,0.47619047619047616,0.6666666666666666,0.23809523809523808,0.5714285714285714,0.38095238095238093,0.38095238095238093,0.3333333333333333,0.47619047619047616,0.42857142857142855,0.6190476190476191,0.19047619047619047,0.6666666666666666,0.38095238095238093,0.42857142857142855,0.5238095238095238,0.23809523809523808,0.38095238095238093,0.3333333333333333,0.23809523809523808,0.19047619047619047,0.3333333333333333,0.42857142857142855,0.19047619047619047,0.9523809523809523,0.3333333333333333,0.42857142857142855,0.38095238095238093,0.8095238095238095,0.3333333333333333,0.3333333333333333,0.38095238095238093,0.42857142857142855,0.3333333333333333,0.38095238095238093,0.38095238095238093,0.5238095238095238,0.6190476190476191,0.3333333333333333,0.42857142857142855,0.38095238095238093,0.5238095238095238,0.38095238095238093,0.38095238095238093,0.5238095238095238,0.14285714285714285,0.5714285714285714,0.19047619047619047
P,0.45454545454545453,0.4090909090909091,0.5454545454545454,0.36363636363636365,0.3181818181818182,0.36363636363636365,0.4090909090909091,0.2727272727272727,0.45454545454545453,0.4090909090909091,0.3181818181818182,0.36363636363636365,0.6363636363636364,0.36363636363636365,0.36363636363636365,0.5909090909090909,0.7272727272727273,0.4090909090909091,0.7272727272727273,0.5454545454545454,0.7727272727272727,0.5454545454545454,0.7727272727272727,0.45454545454545453,0.6818181818181818,0.45454545454545453,0.4090909090909091,0.4090909090909091,0.6363636363636364,0.5,0.5,0.22727272727272727,0.6818181818181818,0.5909090909090909,0.8636363636363636,0.22727272727272727,0.6363636363636364,0.45454545454545453,0.8181818181818182,1.0,0.45454545454545453,0.3181818181818182,0.45454545454545453,0.45454545454545453,0.4090909090909091,0.5,0.4090909090909091,0.45454545454545453,0.36363636363636365,0.36363636363636365,0.45454545454545453,0.45454545454545453,0.5909090909090909,0.5454545454545454,0.5,0.5909090909090909,0.5,0.2727272727272727,0.45454545454545453,0.45454545454545453,0.45454545454545453,0.4090909090909091,0.5909090909090909,0.5,0.5,0.45454545454545453,0.3181818181818182,0.6818181818181818,0.36363636363636365,0.3181818181818182,0.22727272727272727,0.4090909090909091,0.3181818181818182,0.4090909090909091,0.36363636363636365,0.4090909090909091,0.5,0.4090909090909091,0.45454545454545453,0.5,0.45454545454545453,0.45454545454545453,0.4090909090909091,0.4090909090909091,0.4090909090909091,0.3181818181818182,0.36363636363636365,0.3181818181818182,0.4090909090909091,0.09090909090909091,0.2727272727272727,0.3181818181818182,0.2727272727272727,0.36363636363636365
S,0.5,0.45,0.7,0.45,0.5,0.6,0.75,0.35,0.65,0.7,0.75,0.7,0.65,0.6,0.5,0.55,0.6,0.45,0.7,0.55,0.65,0.5,0.6,0.45,0.65,0.65,0.65,0.6,0.6,0.35,0.65,0.25,0.75,0.65,0.65,0.25,0.6,0.65,0.5,0.35,0.65,0.35,0.55,0.5,0.75,0.4,0.7,0.65,0.5,0.5,0.65,0.7,0.65,0.7,0.65,0.6,0.5,0.5,0.45,0.6,0.55,0.7,0.55,0.7,0.65,0.4,0.75,0.6,0.65,0.6,0.25,0.55,0.35,0.55,0.4,0.6,0.65,0.4,0.65,0.55,0.8,0.55,0.45,0.5,0.75,0.45,0.65,0.5,0.8,0.1,0.4,0.5,0.35,0.45
T,0.47368421052631576,0.5789473684210527,0.7368421052631579,0.42105263157894735,0.47368421052631576,0.5263157894736842,0.6842105263157895,0.3684210526315789,0.631578947368421,0.5789473684210527,0.42105263157894735,0.8947368421052632,0.6842105263157895,0.47368421052631576,0.5789473684210527,0.5263157894736842,0.5263157894736842,0.47368421052631576,0.8421052631578947,0.5789473684210527,0.6842105263157895,0.47368421052631576,0.5789473684210527,0.5789473684210527,0.631578947368421,0.631578947368421,0.631578947368421,0.47368421052631576,0.631578947368421,0.47368421052631576,0.7368421052631579,0.21052631578947367,0.5789473684210527,0.631578947368421,0.5263157894736842,0.3684210526315789,0.5789473684210527,0.6842105263157895,0.6842105263157895,0.2631578947368421,0.631578947368421,0.47368421052631576,0.631578947368421,0.5789473684210527,0.5789473684210527,0.47368421052631576,0.6842105263157895,0.5263157894736842,0.47368421052631576,0.47368421052631576,0.631578947368421,0.5263157894736842,0.5789473684210527,0.5789473684210527,0.7368421052631579,0.5263157894736842,0.631578947368421,0.2631578947368421,0.47368421052631576,0.5263157894736842,0.631578947368421,0.631578947368421,0.5789473684210527,0.6842105263157895,0.5263157894736842,0.42105263157894735,0.8947368421052632,0.7368421052631579,0.7894736842105263,0.3684210526315789,0.21052631578947367,0.7894736842105263,0.42105263157894735,0.5263157894736842,0.47368421052631576,0.5789473684210527,0.9473684210526315,0.21052631578947367,0.47368421052631576,0.5263157894736842,0.8947368421052632,0.5789473684210527,0.3684210526315789,0.42105263157894735,0.5263157894736842,0.47368421052631576,0.631578947368421,0.42105263157894735,0.6842105263157895,0.10526315789473684,0.631578947368421,0.3684210526315789,0.42105263157894735,0.3684210526315789
W,0.32,0.4,0.32,0.32,0.28,0.28,0.4,0.4,0.24,0.64,0.2,0.36,0.44,0.36,0.48,0.4,0.32,0.92,0.4,0.24,0.52,0.44,0.48,0.64,0.24,0.44,0.44,0.4,0.44,0.24,0.4,0.32,0.52,0.28,0.24,0.48,0.44,0.28,0.28,0.2,0.32,0.24,0.52,0.32,0.72,0.4,0.32,0.48,0.72,0.24,0.52,0.44,0.44,0.36,0.28,0.2,0.64,0.2,0.52,0.48,0.48,0.56,0.24,0.28,0.44,0.16,0.16,0.28,0.4,0.2,0.28,0.36,0.68,0.48,0.32,0.4,0.36,0.96,0.48,0.2,0.36,0.28,0.44,0.64,0.4,0.24,0.44,0.44,0.24,1.0,0.24,0.16,0.6,0.2
Y,0.38095238095238093,0.5714285714285714,0.47619047619047616,0.7619047619047619,0.5714285714285714,0.42857142857142855,0.42857142857142855,0.19047619047619047,0.38095238095238093,0.6190476190476191,0.42857142857142855,0.47619047619047616,0.42857142857142855,0.47619047619047616,0.6190476190476191,0.5714285714285714,0.3333333333333333,0.6666666666666666,0.5238095238095238,0.2857142857142857,0.38095238095238093,0.42857142857142855,0.38095238095238093,0.42857142857142855,0.5238095238095238,0.5238095238095238,0.42857142857142855,0.42857142857142855,0.47619047619047616,0.2857142857142857,0.42857142857142855,0.5238095238095238,0.3333333333333333,0.42857142857142855,0.42857142857142855,0.7142857142857143,0.42857142857142855,0.42857142857142855,0.3333333333333333,0.19047619047619047,0.42857142857142855,0.2857142857142857,0.5238095238095238,0.5714285714285714,0.38095238095238093,0.47619047619047616,0.5238095238095238,0.5238095238095238,0.5238095238095238,0.5238095238095238,0.5238095238095238,0.47619047619047616,0.5238095238095238,0.42857142857142855,0.47619047619047616,0.38095238095238093,0.5238095238095238,0.38095238095238093,0.6666666666666666,0.47619047619047616,0.42857142857142855,0.6666666666666666,0.2857142857142857,0.47619047619047616,0.38095238095238093,0.23809523809523808,0.42857142857142855,0.38095238095238093,0.42857142857142855,0.38095238095238093,0.47619047619047616,0.38095238095238093,0.42857142857142855,0.42857142857142855,0.5238095238095238,0.5238095238095238,0.3333333333333333,0.5238095238095238,0.47619047619047616,0.38095238095238093,0.3333333333333333,0.5238095238095238,0.38095238095238093,0.8571428571428571,0.42857142857142855,0.42857142857142855,0.42857142857142855,0.47619047619047616,0.5238095238095238,0.7142857142857143,0.47619047619047616,0.19047619047619047,0.5238095238095238,0.23809523809523808
V,0.4,0.55,0.55,0.4,0.85,0.45,0.55,0.5,0.6,0.65,0.4,0.55,0.65,0.35,0.65,0.55,0.55,0.45,0.45,0.5,0.5,0.45,0.5,0.45,0.55,0.65,0.6,0.65,0.5,0.9,0.55,0.3,0.45,0.5,0.4,0.4,0.5,0.5,0.65,0.25,0.65,0.95,0.65,0.85,0.4,0.65,0.55,0.5,0.65,0.45,0.65,0.45,0.45,0.45,0.45,0.45,0.6,0.25,0.75,0.45,0.8,0.55,0.75,0.55,0.35,0.9,0.3,0.45,0.45,0.35,0.4,0.6,0.75,0.8,0.65,0.5,0.55,0.45,0.4,0.3,0.45,0.6,0.8,0.5,0.45,0.8,0.5,0.85,0.5,0.15,0.7,0.4,0.75,0.3
