,G,F,D,L,N,D.1,F.1,L.1,E,Q,L.2,R,Q.1,M,K,N.1,M.1,G.1,G.2,M.2,A,S,L.3,M.3,G.3,K.1,L.4,P,G.4,M.4,G.5,Q.2,I,P.1,D.2,N.2,V,K.2,S.1,Q.3,M.5,D.3,D.4,K.3,V.1,L.5,V.2,R.1,M.6,E.1,A.1,I.1,I.2,N.3,S.2,M.7,T,M.8,K.4,E.2,R.2,A.2,K.5,P.2,E.3,I.3,I.4,K.6,G.6,S.3,R.3,K.7,R.4,R.5,I.5,A.3,A.4,G.7,S.4,G.8,M.9,Q.4,V.3,Q.5,D.5,V.4,N.4,R.6,L.6,L.7,K.8,Q.6,F.2,D.6,D.7,M.10,Q.7,R.7,M.11,M.12,K.9,K.10,M.13,K.11,K.12
ASA,0.3274611398963731,0.4217616580310881,0.40880829015544046,0.3709844559585493,0.5466321243523317,0.3067357512953368,0.15077720207253886,0.35751295336787564,0.533678756476684,0.21295336787564767,0.1984455958549223,0.6725388601036268,0.4580310880829016,0.2455958549222798,0.6248704663212435,0.5922279792746113,0.4683937823834197,0.18704663212435235,0.1906735751295337,0.3860103626943005,0.3378238341968912,0.3274611398963731,0.17616580310880828,0.33419689119170987,0.2818652849740933,0.5305699481865285,0.17202072538860105,0.37875647668393786,0.17202072538860105,0.3290155440414508,0.24818652849740935,0.5989637305699482,0.3015544041450777,0.32694300518134717,0.5756476683937825,0.4704663212435233,0.14455958549222797,0.5326424870466321,0.4378238341968912,0.5269430051813472,0.27305699481865287,0.4129533678756477,0.4958549222797928,0.6906735751295336,0.19585492227979276,0.15751295336787563,0.3689119170984456,0.41502590673575135,0.06424870466321243,0.24974093264248706,0.16010362694300517,0.03782383419689119,0.043005181347150256,0.3440414507772021,0.19585492227979276,0.09585492227979274,0.13575129533678756,0.5844559585492228,0.5777202072538861,0.14300518134715023,0.5730569948186529,0.40932642487046633,0.4295336787564767,0.2979274611398964,0.7404145077720206,0.29170984455958554,0.14455958549222797,0.6461139896373057,0.23886010362694302,0.28808290155440414,0.5948186528497409,0.43523316062176165,0.6186528497409327,0.5373056994818654,0.2196891191709845,0.1383419689119171,0.34041450777202076,0.19585492227979276,0.18601036269430055,0.24870466321243523,0.255958549222798,0.5207253886010362,0.3347150259067358,0.6347150259067358,0.2507772020725389,0.10569948186528497,0.40880829015544046,0.6352331606217617,0.13471502590673576,0.2735751295336788,0.6202072538860104,0.316580310880829,0.2077720207253886,0.4212435233160622,0.3896373056994819,0.19326424870466324,0.3963730569948187,0.7025906735751295,0.35129533678756475,0.2989637305699482,0.6523316062176167,0.6886010362694299,0.4528497409326425,0.7031088082901554,0.871502590673575
HSE_alpha_up,0.03125000000000001,0.47916666666666674,0.11805555555555557,0.48958333333333337,0.059027777777777776,0.21527777777777782,0.5902777777777778,0.32291666666666674,0.09027777777777779,0.40972222222222227,0.5104166666666667,0.10416666666666667,0.15277777777777782,0.45138888888888895,0.13541666666666669,0.038194444444444454,0.2569444444444445,0.17361111111111113,0.17361111111111113,0.49652777777777785,0.1493055555555556,0.08333333333333334,0.47569444444444453,0.46875000000000006,0.04166666666666668,0.21527777777777782,0.6215277777777778,0.24652777777777782,0.26736111111111116,0.46180555555555564,0.14236111111111113,0.10763888888888891,0.44791666666666674,0.2777777777777778,0.07986111111111112,0.12500000000000003,0.5590277777777778,0.28472222222222227,0.04166666666666668,0.16319444444444448,0.5520833333333334,0.18402777777777782,0.2118055555555556,0.055555555555555566,0.4201388888888889,0.5798611111111112,0.20833333333333334,0.31597222222222227,0.7708333333333334,0.5069444444444445,0.27083333333333337,0.7465277777777779,0.8229166666666667,0.37500000000000006,0.40625000000000006,0.7361111111111112,0.47916666666666674,0.17361111111111113,0.09027777777777779,0.5763888888888888,0.3020833333333334,0.038194444444444454,0.2291666666666667,0.49652777777777785,0.02777777777777778,0.35416666666666674,0.6979166666666666,0.16319444444444448,0.18750000000000003,0.25347222222222227,0.31597222222222227,0.39583333333333337,0.19097222222222224,0.24652777777777782,0.45486111111111116,0.48263888888888895,0.14583333333333334,0.23958333333333337,0.46875000000000006,0.13194444444444448,0.5173611111111112,0.08333333333333334,0.5104166666666667,0.04166666666666668,0.2777777777777778,0.638888888888889,0.18750000000000003,0.09375,0.5590277777777778,0.4270833333333334,0.06597222222222222,0.2986111111111111,0.5694444444444444,0.13194444444444448,0.12152777777777778,0.47222222222222227,0.31944444444444453,0.059027777777777776,0.25000000000000006,0.4131944444444445,0.08333333333333334,0.055555555555555566,0.2604166666666667,0.1388888888888889,0.07638888888888888
HSE_alpha_down,0.3066666666666667,0.24666666666666667,0.5766666666666665,0.35333333333333333,0.53,0.5399999999999999,0.42,0.5433333333333332,0.6233333333333333,0.5000000000000001,0.46,0.58,0.5433333333333332,0.3766666666666667,0.4533333333333333,0.47,0.3766666666666667,0.47,0.55,0.3333333333333333,0.5000000000000001,0.5433333333333332,0.37333333333333335,0.43,0.5466666666666666,0.48000000000000004,0.26666666666666666,0.4933333333333333,0.44666666666666666,0.31333333333333335,0.4766666666666666,0.4733333333333334,0.24000000000000005,0.42,0.4533333333333333,0.44666666666666666,0.26333333333333336,0.41000000000000003,0.47,0.44333333333333336,0.2,0.5166666666666667,0.38666666666666666,0.5233333333333333,0.5066666666666667,0.51,0.6833333333333333,0.69,0.6066666666666667,0.75,0.7899999999999999,0.7033333333333333,0.6633333333333333,0.72,0.6966666666666667,0.4533333333333333,0.5766666666666665,0.5333333333333333,0.5366666666666666,0.33,0.4266666666666667,0.48666666666666664,0.38333333333333336,0.3,0.5233333333333333,0.44000000000000006,0.3066666666666667,0.52,0.4533333333333333,0.4166666666666667,0.44666666666666666,0.4233333333333334,0.5633333333333332,0.6033333333333333,0.5233333333333333,0.4833333333333334,0.5433333333333332,0.4766666666666666,0.35333333333333333,0.6,0.28,0.6966666666666667,0.3433333333333334,0.6033333333333333,0.5266666666666666,0.44333333333333336,0.5966666666666666,0.65,0.48000000000000004,0.55,0.6566666666666666,0.5533333333333332,0.48000000000000004,0.6266666666666666,0.6166666666666667,0.44333333333333336,0.51,0.5566666666666666,0.46,0.36666666666666664,0.43,0.41000000000000003,0.29000000000000004,0.3266666666666667,0.18000000000000002
P(C),0.985,0.9390000000000001,0.945,0.201,0.16,0.09300000000000001,0.013999999999999999,0.004,0.005,0.004,0.003,0.006,0.012,0.021,0.07200000000000001,0.23600000000000002,0.5720000000000001,0.9109999999999999,0.8590000000000001,0.138,0.075,0.06,0.04,0.109,0.39299999999999996,0.664,0.851,0.6990000000000001,0.657,0.439,0.5720000000000001,0.647,0.9079999999999999,0.7140000000000001,0.41600000000000004,0.38799999999999996,0.31,0.35700000000000004,0.47600000000000003,0.5820000000000001,0.821,0.8959999999999999,0.193,0.08,0.027000000000000003,0.006999999999999999,0.004,0.003,0.001,0.001,0.001,0.003,0.009000000000000001,0.109,0.5479999999999999,0.981,0.985,0.087,0.06,0.043,0.063,0.204,0.996,0.308,0.32299999999999995,0.287,0.563,0.784,0.856,0.784,0.16399999999999998,0.111,0.085,0.084,0.095,0.231,0.642,0.941,0.948,0.9690000000000001,0.938,0.8079999999999999,0.096,0.06,0.035,0.013000000000000001,0.015,0.017,0.011000000000000001,0.009000000000000001,0.012,0.009000000000000001,0.006,0.011000000000000001,0.012,0.009000000000000001,0.016,0.027999999999999997,0.042,0.11,0.244,0.389,0.638,0.87,0.997
P(H),0.008,0.013000000000000001,0.019,0.7979999999999999,0.84,0.907,0.986,0.996,0.995,0.996,0.997,0.9940000000000001,0.988,0.9790000000000001,0.9279999999999999,0.764,0.42700000000000005,0.07400000000000001,0.128,0.861,0.925,0.94,0.96,0.8909999999999999,0.605,0.33399999999999996,0.133,0.293,0.336,0.557,0.426,0.35100000000000003,0.08900000000000001,0.284,0.583,0.611,0.687,0.642,0.523,0.415,0.175,0.102,0.807,0.92,0.973,0.993,0.996,0.997,0.9990000000000001,0.9990000000000001,0.9990000000000001,0.997,0.991,0.8909999999999999,0.45,0.006999999999999999,0.003,0.9129999999999999,0.94,0.9570000000000001,0.937,0.7959999999999999,0.003,0.6920000000000001,0.6759999999999999,0.7120000000000001,0.41200000000000003,0.19899999999999998,0.14,0.20600000000000002,0.835,0.8859999999999999,0.907,0.897,0.843,0.693,0.322,0.052000000000000005,0.03,0.011000000000000001,0.006999999999999999,0.006,0.904,0.9390000000000001,0.965,0.987,0.985,0.983,0.9890000000000001,0.991,0.988,0.991,0.9940000000000001,0.9890000000000001,0.988,0.991,0.9840000000000001,0.972,0.958,0.89,0.755,0.609,0.36,0.126,0.002
P(E),0.006999999999999999,0.048,0.036000000000000004,0.0,0.0,0.0,0.0,0.0,0.0,0.0,0.0,0.0,0.0,0.0,0.0,0.0,0.002,0.015,0.013000000000000001,0.0,0.0,0.0,0.0,0.0,0.002,0.002,0.016,0.008,0.006999999999999999,0.004,0.002,0.002,0.003,0.002,0.001,0.001,0.002,0.001,0.001,0.002,0.004,0.002,0.0,0.0,0.0,0.0,0.0,0.0,0.0,0.0,0.0,0.0,0.0,0.0,0.002,0.012,0.012,0.0,0.0,0.0,0.0,0.0,0.0,0.0,0.001,0.001,0.025,0.017,0.004,0.01,0.001,0.003,0.008,0.019,0.062,0.075,0.035,0.006999999999999999,0.022000000000000002,0.02,0.055,0.18600000000000003,0.0,0.0,0.0,0.0,0.0,0.0,0.0,0.0,0.0,0.0,0.0,0.0,0.0,0.0,0.0,0.0,0.0,0.0,0.0,0.001,0.001,0.004,0.0
cosPhi,0.22113569722624005,0.4703643649381525,0.3062536346803206,0.7370716084757639,0.7129162483733791,0.6929788797867084,0.7160695946594858,0.7199964517177903,0.7049878236611149,0.6994006327159731,0.7129162483733791,0.7049878236611149,0.6945878937352807,0.6937836818819273,0.7025970109166764,0.6661054217787528,0.5435981558313028,0.477336317821112,0.5687434957786762,0.725465841225746,0.7176423286314937,0.695391512897,0.688946101549978,0.7137055637378756,0.68165105116119,0.5635533333889874,0.5244444546316682,0.6865195088799315,0.6685725771107622,0.6437042798593433,0.7065785810119801,0.534027572662162,0.4547006771340735,0.6783943140588155,0.7065785810119801,0.6636337130942238,0.6734929572906708,0.7097525257590848,0.6636337130942238,0.5061273866469835,0.49652789787382584,0.5305440671093653,0.7239065566154455,0.7025970109166764,0.7002006443843685,0.7223445440017585,0.7160695946594858,0.701000046263718,0.714494228175,0.7223445440017585,0.7121262844859011,0.7057835157342677,0.7049878236611149,0.6336428325290003,0.5773767380607384,0.5235727625613453,0.44688463990809096,0.7324483542970012,0.7025970109166764,0.701000046263718,0.708166821495373,0.6734929572906708,0.1970131514463385,0.7355333871629214,0.695391512897,0.6403572494998749,0.48169612021922736,0.45383164108145496,0.7002006443843685,0.5540203512164753,0.6734929572906708,0.7105444207694385,0.701000046263718,0.6913675146787313,0.68083769061506,0.688137809548874,0.695391512897,0.7454796945089343,0.5868459870911047,0.5392496700569113,0.513107620851921,0.5496803862887554,0.7575473054613423,0.7121262844859011,0.6873289445042108,0.72156252064005,0.7152822392823428,0.7002006443843685,0.708166821495373,0.714494228175,0.708166821495373,0.6961945369191216,0.7137055637378756,0.7089599918629979,0.6961945369191216,0.6986000136955055,0.7105444207694385,0.7041915072163376,0.6937836818819273,0.690560956574471,0.6986000136955055,0.6570207448243407,0.5721994522201908,0.5661493210865951,0.49652789787382584
cosPsi,0.0,0.16413970533850497,0.03227798458506631,0.9080687950400801,0.8993177550236464,0.8940053768033609,0.8727379998414311,0.883022221559489,0.8869201048632531,0.8807691537683684,0.8818980143173211,0.891304078426207,0.892928446587701,0.8902152036691648,0.902446898677957,0.9347474647526095,0.9815812833988291,0.013410563611455983,0.0018273519045468034,0.9140301673112472,0.895611766483745,0.9003656854743667,0.8961448216775953,0.8966766701456176,0.9351778479699498,0.9811089967646427,0.3322742151248725,0.9776391810611718,0.9655279079312642,0.9578312966697806,0.9683360946241988,0.9963786709647229,0.2545481231924296,0.03415438620722561,0.9338827266844643,0.9439076925682006,0.9145187862775208,0.9070577591781597,0.9524135262330098,0.9981726480954531,0.14830264859474812,0.1577264470356558,0.9276821300802534,0.9029641411242579,0.8846997775234475,0.8779267345838198,0.883022221559489,0.8813341648478441,0.8656768508095852,0.8762074544478622,0.8756320667517556,0.863287335485488,0.8762074544478622,0.9612690447281231,0.9801468428384716,0.9991199139618826,0.044658169596911546,0.907563897864277,0.8918467286629199,0.8852566213878945,0.8977367404274479,0.9164606203550497,0.7207529263958726,0.9258634670715238,0.942290487607542,0.9316977753033858,0.351312562961107,0.48952879005832156,0.989787624799672,0.1439869770045018,0.942290487607542,0.891304078426207,0.8934675109806687,0.8907602362094094,0.8918467286629199,0.900887822121877,0.919335283972712,0.9781523779815178,0.9909793563482219,0.994378190523503,0.08161784327051919,0.05022111052240985,0.9045084971874737,0.8993177550236464,0.8940053768033609,0.8744778603945011,0.8863667867486755,0.8896689824657371,0.8727379998414311,0.8835825759076499,0.8902152036691648,0.88581229169386,0.8779267345838198,0.8880232035332729,0.8907602362094094,0.8813341648478441,0.8863667867486755,0.891304078426207,0.8880232035332729,0.8982649590120981,0.906041763445903,0.9338827266844643,0.9773803997513988,0.9733246300578482,0.46686304979999993
cosTheta,0.4538766253060872,0.4850636876420751,0.32659462036282677,0.9107375728262157,0.9204315271155351,0.9029856719211921,0.9049233516531612,0.9146146462173498,0.9184924052493213,0.9049233516531612,0.9068612323168345,0.9146146462173498,0.9165534429811213,0.8991109388617687,0.9223708026728603,0.9243102260139275,0.8064881014349946,0.4555961362395629,0.45903986184478257,0.9107375728262157,0.9126760208639183,0.9165534429811213,0.9049233516531612,0.9146146462173498,0.9243102260139275,0.8623512599321247,0.5904821591848902,0.787315358232441,0.8141715478580285,0.8314866576850862,0.8411212988297648,0.8064881014349946,0.5167301973104895,0.5996171753046337,0.8565569737857793,0.8720149372863798,0.8720149372863798,0.9010481990234351,0.9029856719211921,0.8160936175392929,0.47461319834689514,0.55064156045909,0.8894280356141758,0.9068612323168345,0.8991109388617687,0.9107375728262157,0.9204315271155351,0.9068612323168345,0.8933004938022706,0.9126760208639183,0.9184924052493213,0.8933004938022706,0.88555656995782,0.8874921757709536,0.8430494363954272,0.766290149424216,0.3187076310642295,0.9165534429811213,0.9301293236592418,0.9146146462173498,0.9184924052493213,0.9204315271155351,0.6032791373654118,0.9456519465703365,0.9475926823956291,0.8816861440057907,0.5686776346567634,0.6087804649337387,0.6419916058243924,0.5886586100392399,0.8391935565479245,0.9029856719211921,0.8952370803509638,0.8797513356568833,0.8700815759080579,0.8700815759080579,0.8778168049180064,0.8257109216337535,0.8449779633714692,0.8180161587430363,0.4047170013176695,0.39472300358534473,0.943711287610384,0.9281894924155776,0.9010481990234351,0.9107375728262157,0.9107375728262157,0.9223708026728603,0.9010481990234351,0.9049233516531612,0.9281894924155776,0.9087993080090907,0.9029856719211921,0.9146146462173498,0.9184924052493213,0.8991109388617687,0.9029856719211921,0.9262497912309176,0.9107375728262157,0.9010481990234351,0.9204315271155351,0.9068612323168345,0.8103288464813133,0.713129650389388,0.6087804649337387
cosTau,0.8779267345838198,0.2117838419151034,0.00869360172819239,0.3306310398773543,0.7693853925034315,0.8126213281678527,0.8085179375703744,0.8016039938726413,0.8173652566011338,0.816690436313775,0.8085179375703744,0.8119397983546931,0.8213938048432696,0.8119397983546931,0.8078307376628291,0.8200548497424778,0.8435437554022115,0.30785233867009826,0.7910614850786447,0.43646769569932475,0.7627358255361338,0.8098895158975701,0.8146601955249188,0.7924788374936077,0.7882161580848966,0.8057635200929156,0.6065151931374884,0.1307723296870582,0.8590631488815944,0.6411707284214383,0.8050725819506339,0.778872554489845,0.48603918063821555,0.24924463142027148,0.36050444698038536,0.8071426000494716,0.7393459289703035,0.7477293342162038,0.7889288121917527,0.8153379037156432,0.4616404859365907,0.15204360170384285,0.19839600612735875,0.7745114089990659,0.8092041976787772,0.8036879198616433,0.8057635200929156,0.818039110138882,0.8146601955249188,0.8064535268264883,0.816690436313775,0.8213938048432696,0.816690436313775,0.8036879198616433,0.7605048159202881,0.6945619750701031,0.4011713298104369,0.33309657038311447,0.8098895158975701,0.818039110138882,0.8064535268264883,0.8160146513324255,0.9443086163274744,0.0,0.7431676902117452,0.8057635200929156,0.6319365249826864,0.005621809476497097,0.9786597487660336,0.20893851492135534,0.19839600612735875,0.7889288121917527,0.8029942001328555,0.8071426000494716,0.816690436313775,0.8016039938726413,0.794598178676671,0.9070577591781597,0.5487914498795747,0.4243695898763904,0.18737867183214757,0.2598882512784056,0.3183743847635109,0.7774222137239997,0.8160146513324255,0.8078307376628291,0.8009075115760242,0.8193839087577989,0.8160146513324255,0.8098895158975701,0.818039110138882,0.8193839087577989,0.8133019056822303,0.8078307376628291,0.8213938048432696,0.8133019056822303,0.8029942001328555,0.8146601955249188,0.818039110138882,0.8119397983546931,0.8022995574311875,0.8146601955249188,0.8227288438619753,0.7582666644333209,0.5825238029303388
sinPhi,0.9150061425476838,0.0008800860381174003,0.039068424205749686,0.05976132324541905,0.04758647376699021,0.03873095527187681,0.0490837367974431,0.05098621211969223,0.04393994191386341,0.04146996280743798,0.04758647376699021,0.04393994191386341,0.039407297217139425,0.0390684242057498,0.04287302238286822,0.02838867102619952,0.0019026509541272274,0.9994852848953574,0.004745268380845602,0.05370709077393726,0.04984061429890324,0.03974757327377981,0.03706470759500258,0.047958725169610805,0.03415438620722561,0.004052778704985216,0.0005969313292830125,0.03608187305054,0.02926472759398102,0.021088752577342607,0.044658169596911546,0.001157860582197412,0.0020578006920147773,0.03289776283948531,0.044658169596911546,0.027525543921234574,0.031055532694051202,0.0461112607335456,0.027525543921234574,3.731516977401039e-05,1.2184647302626583e-05,0.0009326007890665955,0.05292288158031594,0.04287302238286822,0.041818635218880185,0.05214411988029355,0.0490837367974431,0.04216870333021955,0.048332353568349584,0.05214411988029355,0.04721560049443019,0.04429836168227741,0.04393994191386341,0.018184773395688525,0.006020067115305394,0.0005550625190149927,0.0028310279333976784,0.05730318712279209,0.04287302238286822,0.04216870333021955,0.04538194547646579,0.031055532694051202,0.102263259572552,0.05893656699116612,0.03974757327377981,0.020097354012406587,0.00033580311067188395,0.00213765090770901,0.9581813647811198,0.0029245180138423033,0.031055532694051202,0.046477992854267625,0.04216870333021955,0.038060233744356575,0.033838099392243914,0.03673568456408138,0.03974757327377981,0.06439309443990532,0.00759612349389599,0.9984586668665639,0.00017133751222142557,0.002472215019386881,0.07141634964894383,0.04721560049443019,0.03640807271660629,0.05175678480827972,0.0487073578250698,0.041818635218880185,0.04538194547646579,0.048332353568349584,0.04538194547646579,0.040089251339131216,0.047958725169610805,0.04574591123663918,0.040089251339131216,0.041122687158009485,0.046477992854267625,0.043582911383478584,0.0390684242057498,0.03772698319384338,0.041122687158009485,0.025287261179048004,0.005237105465515202,0.004392229874229214,1.2184647302626583e-05
sinPsi,0.4999904805848078,0.8703998307547113,0.6767312673482342,0.21105616752640655,0.19907724008170924,0.19215388218477705,0.16671790046075807,0.17859055677940103,0.18329401485553123,0.1759243603308097,0.1772554923431139,0.18872723629070853,0.19078039601975683,0.18736320047251354,0.20327538828219247,0.25301484525498336,0.365528010317749,0.3849634220517922,0.5426997552726474,0.21966564634782462,0.19422113911209532,0.20047297897267055,0.19491209040903118,0.19560397102765162,0.253774012948755,0.36384776511580036,0.9710281748144841,0.35213364059508034,0.3175486150023938,0.29901276594905607,0.3248834561856084,0.4399209175350354,0.9356056795908918,0.6816195537605789,0.2514987691695552,0.2698862073600591,0.22038870566001356,0.20963347477679903,0.2870967816324147,0.4572812058969682,0.8553969839166142,0.8644817336505402,0.2409720445840596,0.20397825556594965,0.18060049113094245,0.17261384097648874,0.17859055677940103,0.17658943376912464,0.1589848083280086,0.17063948018701383,0.16998336377443443,0.15644018451130745,0.17063948018701383,0.3070337858228063,0.36049227173301973,0.5296442319347822,0.7065466280096641,0.2103443799954757,0.18941067748203633,0.1812724178068509,0.19699051179676838,0.22328943799921452,0.9486282067969276,0.23799253956037433,0.2667927206867926,0.24772186586937103,0.9773799691006663,0.9998903396496577,0.39944960586760797,0.8510736911688289,0.2667927206867926,0.18872723629070853,0.1914666691937494,0.18804474326120355,0.18941067748203633,0.20117221805514374,0.22766577843218994,0.3538018450157916,0.40544095901182925,0.5747595757956826,0.7737773048127513,0.718395532866239,0.2060922590667107,0.19907724008170924,0.19215388218477705,0.1686741487215853,0.18261918172038355,0.18668261000073608,0.16671790046075807,0.17925955857486098,0.18736320047251354,0.1819453153532521,0.17261384097648874,0.18464657320430192,0.18804474326120355,0.17658943376912464,0.18261918172038355,0.18872723629070853,0.18464657320430192,0.19768516772362105,0.2082143199356762,0.2514987691695552,0.35130021271102063,0.6611263959810184,0.9989007132172888
sinTheta,0.776220763916292,0.8038775448231514,0.6390204217059998,0.9971427174213076,0.9979899450850639,0.9963580264444774,0.996563105977407,0.997499429914737,0.9978323811864475,0.996563105977407,0.9967622480525883,0.997499429914737,0.9976688759636501,0.9959300575222886,0.9981415671795318,0.9982872470079852,0.9785524869616575,0.7778022708044956,0.7809494665564958,0.9971427174213076,0.9973240435558707,0.9976688759636501,0.996563105977407,0.997499429914737,0.9982872470079852,0.9906810699384805,0.8822444271570707,0.9732214056020171,0.9805202959277427,0.9846032463049844,0.986665080024688,0.9785524869616575,0.829800904532593,0.8880023612055991,0.9896567747935701,0.9922698247465283,0.9922698247465283,0.996147010078507,0.9963580264444774,0.9809975303994537,0.7948499073100043,0.8552556608500287,0.9947562756508778,0.9967622480525883,0.9959300575222886,0.9971427174213076,0.9979899450850639,0.9967622480525883,0.9952435894112944,0.9973240435558707,0.9978323811864475,0.9952435894112944,0.9942452340932108,0.9945037204642958,0.9870597297833273,0.9666797369999246,0.6290892468366176,0.9976688759636501,0.9986886285501071,0.997499429914737,0.9978323811864475,0.9979899450850639,0.8902663119209465,0.9994974215917678,0.9995717647924675,0.9937104709651737,0.8678561453083804,0.893620127035762,0.912676986541525,0.8810760585606955,0.9862645229594034,0.9963580264444774,0.9954783465006866,0.9934341958372024,0.9919639187627588,0.9919639187627588,0.993151992782686,0.9832953236767045,0.9874484710331504,0.9814688748288584,0.7280863039184416,0.7175857312933812,0.9994171319948847,0.9985607781098841,0.996147010078507,0.9971427174213076,0.9971427174213076,0.9981415671795318,0.996147010078507,0.996563105977407,0.9985607781098841,0.9969554520633992,0.9963580264444774,0.997499429914737,0.9978323811864475,0.9959300575222886,0.9963580264444774,0.9984269841266571,0.9971427174213076,0.996147010078507,0.9979899450850639,0.9967622480525883,0.979548162690297,0.9468424577825277,0.893620127035762
sinTau,0.17262959314133014,0.0914275508324357,0.40716669230721136,0.029559615522887217,0.9212261985035738,0.8902152036691648,0.8934675109806687,0.8987919644126142,0.8863667867486755,0.8869201048632531,0.8934675109806687,0.8907602362094094,0.883022221559489,0.8907602362094094,0.894005376803361,0.8841417617967617,0.863287335485488,0.03839489144350955,0.09344961947648617,0.004052778704985216,0.9254055547120256,0.8923881852665414,0.8885729807284855,0.9055319094946633,0.9085724491675642,0.895611766483745,0.9885227872176319,0.16284880620813819,0.8479563982961572,0.9796569872700288,0.8961448216775953,0.9150061425476838,0.9998050575201771,0.06742428971514769,0.019853157161528412,0.8945420424173454,0.9389914877139902,0.9343157572190957,0.9080687950400801,0.8880232035332729,0.9985263761134602,0.1409368511184056,0.10120803558738578,0.9179036806841352,0.892928446587701,0.8972073102677091,0.895611766483745,0.88581229169386,0.8885729807284855,0.8950775061878452,0.8869201048632531,0.883022221559489,0.8869201048632531,0.8972073102677091,0.9267753986376637,0.9605927027828606,0.990135587310861,0.028679254453910785,0.8923881852665414,0.88581229169386,0.8950775061878452,0.8874722443520897,0.7293247772421574,0.49999999999999994,0.9368861115177326,0.895611766483745,0.9822787092288989,0.5747676717218548,0.6445158984722358,0.9065503805235138,0.10120803558738578,0.9080687950400801,0.8977367404274479,0.8945420424173454,0.8869201048632531,0.8987919644126142,0.9039949419490152,0.7903514778554699,0.9976136999909155,0.005753056595658224,0.890215203669165,0.06142691814720558,0.034154386207225496,0.9159770610652412,0.8874722443520897,0.894005376803361,0.8993177550236464,0.8846997775234475,0.8874722443520897,0.8923881852665414,0.88581229169386,0.8846997775234475,0.8896689824657371,0.894005376803361,0.883022221559489,0.8896689824657371,0.8977367404274479,0.8885729807284855,0.88581229169386,0.8907602362094094,0.8982649590120981,0.8885729807284855,0.8818980143173211,0.9281335423001641,0.9931428007686157
hhm0,0.4963348935794401,0.8831581736288968,0.8831581736288968,0.8831581736288968,0.6386116753510553,0.6105272454296564,0.8831581736288968,0.435573611233772,0.3756954870617327,0.5255674291265565,0.6033736642232623,0.4359268745032235,0.3305661043892961,0.5602755453501721,0.35229179546056694,0.5777620771880243,0.5102887927227766,0.8831581736288968,0.5584209131855514,0.4965998410315287,0.39106243928287554,0.5008390002649474,0.7887485648679678,0.33321557891018283,0.3955665459683829,0.5054314227678177,0.8233683652742205,0.6247460920250817,0.48344078424445813,0.3429303188201006,0.3289764196767641,0.3100768347611057,0.37392917071447496,0.3350702110748035,0.30601430716241274,0.3201448379404751,0.33021284111984456,0.35865053431069505,0.30884041331802525,0.3384262121345933,0.357855691954429,0.2757219818069416,0.4401660337366422,0.2988607259560187,0.39026759692660956,0.6064647178309635,0.40007065265389025,0.46939856928375867,0.4214430804557096,0.5677823898260178,0.11375077276340191,0.5006623686302216,0.8831581736288968,0.6457652565574493,0.3514969531043009,0.6976949571668286,0.7260443345403161,0.4065177073213812,0.28835114368983483,0.6783537931643557,0.8831581736288968,0.3172304159674998,0.5312196414377814,0.5577143866466483,0.3820542259118608,0.5318378521593217,0.6001059789808354,0.4538549854278901,0.2379228119756248,0.4622449880773646,0.6030204009538107,0.5316612205245959,0.34840589949659984,0.6768524242691866,0.5703435485295416,0.02384527068798022,0.27545703435485297,0.5141746886867438,0.22900291442197293,0.5753775501192263,0.4905060496334893,0.508345844740793,0.43795813830256997,0.30601430716241274,0.39415349289057666,0.5918042921487238,0.4255939238717654,0.4239159233418705,0.5893314492625629,0.7170361211693014,0.39009096529188375,0.4457299302305043,0.7161529629956724,0.429126556566281,0.43283582089552236,0.3043363066325179,0.24269186611322086,0.34743442550560805,0.371456327828314,0.3268568400600547,0.44043098118873086,0.4669257263975977,0.35414642762518767,0.3440784244458182,0.4927139450675615
hhm1,0.8153946510110894,0.8153946510110894,0.7240704500978474,0.8153946510110894,0.6615296803652968,0.8153946510110894,0.8153946510110894,0.6697651663405089,0.8016144814090019,0.8153946510110894,0.8153946510110894,0.7876712328767124,0.6605512067840835,0.8153946510110894,0.6345401174168298,0.8153946510110894,0.8153946510110894,0.49412915851272016,0.5338388780169602,0.8153946510110894,0.8153946510110894,0.8153946510110894,0.5819471624266145,0.8153946510110894,0.8153946510110894,0.8153946510110894,0.6405740378343118,0.8153946510110894,0.8153946510110894,0.5424820613176777,0.8153946510110894,0.8153946510110894,0.8153946510110894,0.7264350945857796,0.8153946510110894,0.7399706457925637,0.6503587736464449,0.8153946510110894,0.7428245270711024,0.8153946510110894,0.8153946510110894,0.6548434442270059,0.8153946510110894,0.8153946510110894,0.8153946510110894,0.633235485975212,0.8153946510110894,0.6896607958251795,0.5967058056099153,0.6386986301369864,0.36921069797782124,0.7861219830397913,0.7373613829093282,0.4751304631441618,0.6368232224396607,0.7564416177429876,0.653375733855186,0.7868558382257013,0.8153946510110894,0.8153946510110894,0.7650032615786041,0.8142530984996739,0.4911121983039791,0.771607958251794,0.5631115459882583,0.5533268101761253,0.5541422048271364,0.6025766470971952,0.8153946510110894,0.6392694063926941,0.5795825179386823,0.5828440965427267,0.7905251141552512,0.5631930854533594,0.8153946510110894,0.5154109589041096,0.7075994781474234,0.8153946510110894,0.39734181343770386,0.5606653620352251,0.39734181343770386,0.8153946510110894,0.6029843444227007,0.6408186562296152,0.7058871493803002,0.641470971950424,0.8153946510110894,0.8153946510110894,0.5682485322896281,0.5832517938682323,0.5532452707110241,0.6832191780821918,0.6567188519243314,0.8153946510110894,0.6623450750163079,0.8153946510110894,0.547863666014351,0.8153946510110894,0.8153946510110894,0.5698793215916503,0.8153946510110894,0.8153946510110894,0.8153946510110894,0.8153946510110894,0.8153946510110894
hhm2,0.3546190968631506,0.8617718028266115,0.1530506721820062,0.8617718028266115,0.2277662874870734,0.025939331265081002,0.8617718028266115,0.8617718028266115,0.2064805239572561,0.8617718028266115,0.8617718028266115,0.35832471561530505,0.8705618752154428,0.6407273354015857,0.5468803860737677,0.494139951740779,0.8617718028266115,0.5907445708376421,0.5440365391244398,0.7369872457773181,0.3343674594967252,0.31558083419510513,0.8617718028266115,0.8617718028266115,0.30885901413305755,0.8617718028266115,0.8617718028266115,0.61496035849707,0.671147880041365,0.749482936918304,0.4189934505342985,0.46130644605308513,0.4024474319200276,0.4039124439848328,0.2954153740089624,0.3006721820062047,0.35091347811099616,0.2592209582902447,0.332643915891072,0.239572561185798,0.37736987245777315,0.15382626680455014,0.23112719751809718,0.3202344019303688,0.3955532574974146,0.8617718028266115,0.32876594277835225,0.613926232333678,0.8617718028266115,0.5891933815925542,0.5586866597724922,0.8617718028266115,0.8617718028266115,0.13865908307480176,0.8617718028266115,0.8617718028266115,0.6414167528438469,0.2655980696311616,0.33962426749396757,0.5483453981385729,0.6729576008273009,0.1894174422612892,0.25646328852119954,0.37607721475353323,0.2071699413995174,0.4894002068252326,0.7262150982419855,0.2785246466735608,0.427007928300586,0.5289555325749741,0.6259048603929679,0.5726473629782833,0.5311099620820406,0.6329713891761461,0.8617718028266115,0.8617718028266115,0.5234401930368838,0.48629782833505686,0.8617718028266115,0.524646673560841,0.8617718028266115,0.369269217511203,0.6066011720096518,0.44657014822475005,0.12986901068597034,0.8617718028266115,0.45294725956566695,0.3338503964150293,0.8617718028266115,0.8617718028266115,0.36478800413650464,0.45294725956566695,0.8617718028266115,0.3372974836263357,0.4089968976215098,0.8617718028266115,0.7196656325405032,0.4021027231988969,0.8617718028266115,0.6752843846949327,0.5327473285074111,0.5906583936573595,0.8617718028266115,0.4900896242674939,0.4952602550844536
hhm3,0.2523268721714627,0.853898044573478,0.853898044573478,0.853898044573478,0.18734523097942107,0.529587567244471,0.853898044573478,0.6008026641618991,0.15908120570403894,0.5539236615148152,0.5528135940568696,0.24447101016138673,0.4212279053880967,0.853898044573478,0.46870463666638207,0.39407394757066005,0.5791136538297328,0.6854239603791307,0.5359918025787721,0.7136025958500555,0.31969942788831013,0.4087609939373239,0.5125949961574587,0.7420374007343524,0.26146358124839897,0.853898044573478,0.853898044573478,0.5997779865084109,0.6741525061907608,0.5469216975493125,0.5780035863717872,0.3911706942191102,0.4168730253607719,0.4481256937921612,0.27145418836990864,0.313039023140637,0.3215780035863718,0.3275552898983861,0.20553325932883612,0.20075143027922465,0.2006660404747673,0.4255827854154214,0.11698403210656645,0.285543506105371,0.2085219024848433,0.853898044573478,0.42336265049953037,0.5482879344206302,0.4334386474254974,0.12261975920075144,0.6977200922209889,0.5916659550849628,0.853898044573478,0.360174195201093,0.525659636239433,0.853898044573478,0.48202544616172827,0.32422508752454954,0.14909059858252924,0.010844505166083169,0.853898044573478,0.21398684997011355,0.40765092647937834,0.4211425155836393,0.2175732217573222,0.44658867731192897,0.6342754675091794,0.3745196823499274,0.31850397062590724,0.3890359491076765,0.5473486465715992,0.853898044573478,0.3818632055332593,0.43557339253693106,0.4851848689266502,0.853898044573478,0.36367517718384423,0.43318247801212534,0.853898044573478,0.46332507898556907,0.480488429681496,0.3480488429681496,0.29937665442746136,0.23857911365382972,0.11066518657672272,0.520023909145248,0.3434377935274528,0.1913585517889164,0.5467509179403979,0.853898044573478,0.28033472803347276,0.2709418495431646,0.5925198531295363,0.19323712748697805,0.28033472803347276,0.853898044573478,0.37887456237725214,0.3980018785756981,0.853898044573478,0.4868072752113398,0.5260865852617197,0.4836478524464179,0.853898044573478,0.49227222269661003,0.5125949961574587
hhm4,0.8344459279038718,0.02762016021361816,0.8344459279038718,0.18508010680907877,0.7397363150867824,0.7550066755674233,0.08319425901201602,0.49032042723631514,0.6614652870493992,0.5403871829105474,0.23314419225634178,0.8344459279038718,0.6272530040053406,0.4272363150867824,0.7242990654205608,0.8344459279038718,0.48556408544726304,0.543307743658211,0.8344459279038718,0.2737817089452604,0.6690587449933244,0.6842456608811749,0.37433244325767695,0.3298564753004005,0.5936248331108145,0.3694092122830441,0.396111481975968,0.5657543391188251,0.47413217623498005,0.23648197596795728,0.4743825100133512,0.67673564753004,0.36990987983978646,0.4210614152202938,0.5552403204272364,0.6242489986648866,0.4745493991989319,0.6078104138851803,0.47154539385847805,0.6737316421895861,0.39961615487316426,0.7424899866488652,0.6638017356475301,0.6381008010680909,0.48840120160213624,0.21386849132176233,0.6324265687583446,0.6602970627503338,0.23064085447263016,0.8344459279038718,0.41989319092122834,0.5837783711615487,0.39694592790387184,0.5539052069425902,0.7468291054739653,0.5443090787716957,0.7335614152202937,0.6587116154873165,0.5720126835781042,0.6212449933244326,0.8344459279038718,0.7097797062750334,0.4544392523364486,0.7323931909212283,0.5244492656875834,0.5741822429906542,0.36890854472630175,0.48915220293724976,0.6173230974632844,0.7935580774365821,0.703437917222964,0.6940921228304406,0.7046061415220295,0.8344459279038718,0.8344459279038718,0.6363484646194927,0.6345126835781042,0.5919559412550067,0.64869826435247,0.8344459279038718,0.6863317757009346,0.7013518024032044,0.5489819759679574,0.5434746328437917,0.5720961281708946,0.5203604806408545,0.7605974632843792,0.48147530040053416,0.3084946595460614,0.4892356475300401,0.5438084112149533,0.5483978638184246,0.09237316421895862,0.447847129506008,0.5835280373831776,0.27261348464619495,0.8344459279038718,0.8344459279038718,0.38593124165554077,0.3406208277703605,0.6738150867823766,0.7499165554072097,0.22680240320427236,0.7578437917222964,0.4373331108144193
hhm5,0.3465859224153063,0.8776549060909251,0.5143935404598912,0.8776549060909251,0.515095664384764,0.46779006494646297,0.8776549060909251,0.6600842548709848,0.4302264349657715,0.8508864314551519,0.8776549060909251,0.47840968931016326,0.533263120940846,0.5580129892926102,0.45076355976829907,0.41925574863963494,0.6348077935755662,0.01193610672283658,0.20607337195014921,0.6372652273126207,0.22564507635597683,0.26312094084605936,0.5903984553273652,0.8087589959627874,0.20335264174126733,0.5582762857644374,0.6235738107776023,0.49964893803756366,0.028523784447955065,0.3669475162366158,0.1580656485869756,0.258030542390732,0.35852202913814285,0.4206599964893804,0.34263647533789715,0.27496928207828686,0.2702299455853958,0.27242408285062314,0.35097419694576093,0.3843250833772161,0.41925574863963494,0.2671581534140776,0.4389152185360716,0.37800596805336145,0.4872740038616816,0.8776549060909251,0.4547130068457083,0.5114095137791821,0.8776549060909251,0.4964016148850272,0.41284886782517116,0.8776549060909251,0.6321748288572934,0.45243110408987186,0.5266807091451641,0.8776549060909251,0.8776549060909251,0.540723187642619,0.5044760400210637,0.4834123222748815,0.7880463401790416,0.5803054239073197,0.38572933122696157,0.4801649991223451,0.34948218360540634,0.6172546954537477,0.5699490960154467,0.5056169913989819,0.17886606986133055,0.3820431806213797,0.8776549060909251,0.8776549060909251,0.6226961558715114,0.8776549060909251,0.6692996313849394,0.6712304721783395,0.643321046164648,0.01948393891521854,0.6342812006319115,0.01535896085659119,0.7081797437247674,0.6203264876250658,0.8776549060909251,0.5055292259083729,0.7502194137265228,0.6678953835351938,0.45883798490433564,0.4564683166578901,0.8776549060909251,0.8776549060909251,0.4937686501667544,0.4616464806038266,0.8776549060909251,0.4419870107073899,0.5193961734246094,0.6523608916973845,0.5473055994383009,0.37993680884676145,0.7613656310338776,0.784623486045287,0.3691416535018431,0.3854660347551343,0.4937686501667544,0.15674916622783922,0.20124626996664913
hhm6,0.5541941564561734,0.8568246080027418,0.8568246080027418,0.8568246080027418,0.6403050295604489,0.6332790677748265,0.6679804643989374,0.5235198354896753,0.5933510410418987,0.40801987833090564,0.8568246080027418,0.5532516493873705,0.5780138805586497,0.8568246080027418,0.6335361151572273,0.8568246080027418,0.8568246080027418,0.8568246080027418,0.7093650929654699,0.8568246080027418,0.7211892725559078,0.5355153800017136,0.8568246080027418,0.8568246080027418,0.663096564133322,0.5005569359952018,0.6205123811155856,0.8568246080027418,0.7319852626167422,0.8061005912089795,0.5720161083026304,0.6692657013109417,0.5631908148402022,0.8568246080027418,0.6031188415731299,0.7007111644246422,0.6104875332019536,0.4318396024333819,0.8287207608602518,0.5902664724530888,0.6044897609459343,0.8568246080027418,0.7501499443064004,0.6449318824436638,0.5170079684688544,0.8568246080027418,0.7388398594807642,0.3865135806700368,0.5607060234769943,0.8568246080027418,0.4801645103247365,0.7258161254391226,0.7305286607831377,0.4869334247279582,0.8568246080027418,0.8568246080027418,0.7118498843286779,0.5643046868306058,0.5287464655984919,0.6192271442035815,0.8568246080027418,0.5702167766258247,0.37194756233399023,0.4612286864878759,0.589066918001885,0.8036157998457715,0.7809956301944991,0.5948076428755034,0.577499785793848,0.8568246080027418,0.4655984919886899,0.8568246080027418,0.5660183360466112,0.5302887498928969,0.8568246080027418,0.8568246080027418,0.5868391740210779,0.8568246080027418,0.8568246080027418,0.7304429783223374,0.4637134778510839,0.4586582126638677,0.8203238797018251,0.4488904121326365,0.5538514266129723,0.7121069317110786,0.5373147116785194,0.6790335018421729,0.8568246080027418,0.6530717162196898,0.6108302630451546,0.45317453517265016,0.31291234684260133,0.6077456944563449,0.5380858538257218,0.8568246080027418,0.6600976780053123,0.773112843800874,0.6738925541941564,0.6816896581269813,0.5792991174706538,0.5817839088338618,0.6694370662325422,0.7972752977465513,0.7606888869848342
hhm7,0.4825882734046,0.4469549724651765,0.652332361516035,0.3919663103336573,0.5918367346938777,0.4104308390022676,0.5537738905085844,0.4284904437965663,0.46987366375121487,0.42962423064463884,0.22837706511175898,0.5340136054421769,0.6534661483641075,0.13872691933916426,0.5599287333981212,0.8098477486232589,0.3284742468415938,0.8098477486232589,0.5715095562034338,0.18845157110463234,0.5748299319727892,0.6615646258503401,0.13346290897311308,0.29883381924198255,0.8098477486232589,0.46614836410754784,0.09831551668286362,0.8098477486232589,0.4735989633948818,0.3568189180434079,0.39747327502429547,0.44679300291545193,0.2627146096533852,0.3289601554907678,0.402575315840622,0.4082442500809848,0.3520408163265306,0.3847586653709103,0.3145448655652738,0.46428571428571436,0.24886621315192747,0.4366699060576612,0.45934564301911246,0.7808551992225462,0.4710884353741497,0.19687398769031425,0.41715257531584066,0.40646258503401367,0.24546485260770975,0.28603822481373503,0.3486394557823129,0.05280207321023647,0.07183349530288306,0.8098477486232589,0.5833333333333334,0.43189180434078395,0.5760447035957241,0.41901522513767414,0.6159701976028508,0.8098477486232589,0.5646258503401361,0.5404114026563006,0.5429219306770328,0.4664723032069972,0.49716553287981863,0.13824101068999028,0.10406543569808877,0.46218011013929383,0.6987366375121478,0.5590379008746357,0.5736151603498543,0.19412050534499514,0.35795270489148046,0.6316002591512796,0.040654356980887596,0.5185455134434727,0.4392614188532556,0.6802721088435374,0.6303045027534824,0.8098477486232589,0.4229024943310658,0.8098477486232589,0.22635244574020089,0.5454324586977649,0.6389698736637512,0.23712342079689022,0.49165856818918047,0.5162779397473275,0.4491415613864594,0.21379980563654036,0.58843537414966,0.6403466148364108,0.5088273404599936,0.6761418853255589,0.5542597991577584,0.3211046323291222,0.5319080012957564,0.6348396501457727,0.3289601554907678,0.3049886621315193,0.6864269517330742,0.6085195983155167,0.26044703595724006,0.5794460641399417,0.6780855199222547
hhm8,0.16996213714766512,0.8413967185527977,0.8413967185527977,0.8413967185527977,0.3464871687000421,0.5923432898611697,0.5937736642827094,0.30265039966344137,0.2354228018510728,0.8413967185527977,0.7183845183003787,0.18199411022297013,0.3405132519983172,0.8413967185527977,0.16457719814892724,0.06663862010938158,0.5539755994951621,0.7082036180058898,0.41783761043331935,0.622549432057215,0.24291123264619272,0.1767774505679428,0.8413967185527977,0.5087084560370215,0.21657551535549016,0.23946150610012626,0.8413967185527977,0.8413967185527977,0.5248632730332352,0.5331089608750527,0.3588557004627682,0.20580563735801433,0.29894825410180903,0.24173327724021879,0.2546066470340766,0.25376525031552377,0.27395877156079096,0.2966764829617165,0.3800588977702987,0.24737063525452252,0.3707193941943627,0.41657551535549014,0.37501051745898195,0.1439629785443837,0.17753470761464032,0.8413967185527977,0.09162810265039967,0.15254522507362223,0.5715607909129155,0.2780816154816997,0.42347496844762306,0.6052166596550275,0.4912074042911233,0.4696676482961717,0.732604122843921,0.7423643247791334,0.6034497265460664,0.20849810685738326,0.19200673117374842,0.8413967185527977,0.2949936895246109,0.279091291543963,0.2771560790912916,0.5047538914598233,0.2129575094657131,0.3739167017248633,0.3673538073201515,0.22658813630626842,0.332015145140934,0.31030710980227183,0.8413967185527977,0.1538914598233067,0.19074463609591927,0.4635254522507362,0.8413967185527977,0.5135885570046278,0.1730753050063105,0.4660496424063946,0.5129154396297855,0.6222970130416492,0.4456878418174169,0.3191417753470762,0.5494320572149769,0.2954985275557426,0.6004206983592765,0.8413967185527977,0.3411863693731595,0.24350021034917965,0.8413967185527977,0.5114850652082458,0.11013883045856121,0.38973496003365593,0.6286916281026504,0.17938578039545647,0.24535128312999585,0.4753050063104754,0.16693310896087507,0.09978965082036181,0.5427850231384098,0.8413967185527977,0.05856121161127472,0.1330248212031973,0.5732435843500211,0.23407656710138833,0.12275978123685319
hhm9,0.5834055834922838,0.3100398820877406,0.7909658401248483,0.05938963065718745,0.5809779781515519,0.4732096410612103,0.22325299115658057,0.13516559736431422,0.5203745448239986,0.4677475290445639,0.12268076989769376,0.4857811687185712,0.42916594416507714,0.2473556441824172,0.29478064851742675,0.8267730189006416,0.20894745968441134,0.8670019074041964,0.5041616091555402,0.12077336570140455,0.6139240506329113,0.6410612103346627,0.15345933761054273,0.12259406970695336,0.8670019074041964,0.3213976070747355,0.12970348534766776,0.6830241026530258,0.43584185885208954,0.24380093636206002,0.40965840124848274,0.46367262007976423,0.2441477371250217,0.2411999306398474,0.31636899601179125,0.34697416334315934,0.2672966880527137,0.3344893358765389,0.26209467660828856,0.496271891798162,0.2941737471822438,0.5677128489682678,0.541095890410959,0.5098838217444078,0.5124848274666204,0.13169758973469742,0.5542743194035027,0.3924050632911392,0.3493150684931507,0.288018033639674,0.8213976070747356,0.3262528177561991,0.32711981966360326,0.3131610889543957,0.8670019074041964,0.4403502687705913,0.6552800416160915,0.38885035547078206,0.4804924570834056,0.7436275359805792,0.16715796774752906,0.4062770938096064,0.5586093289405236,0.46020461245014743,0.4961851916074216,0.14071440957170106,0.14964452921796428,0.45907750997052194,0.5397953875498527,0.6365528004161609,0.8670019074041964,0.4311600485521068,0.3146349921969828,0.6315241893532166,0.3703832148430727,0.49046297901855385,0.3746315241893532,0.8670019074041964,0.5715276573608462,0.5098838217444078,0.40688399514478935,0.579330674527484,0.35945899080977983,0.5814981792959945,0.5618172359979192,0.38746315241893536,0.49445118779261316,0.4135599098318017,0.057395526270157794,0.06710594763308479,0.5904282989422577,0.5616438356164384,0.47728455002601006,0.5201144442517773,0.45873070920756026,0.3021501647303624,0.6275359805791573,0.5006936015259233,0.2627015779434715,0.338217444078377,0.5922490029478066,0.5253164556962026,0.23565111843246053,0.5436101959424311,0.5398820877405931
hhm10,0.7397610921501707,0.43242320819112634,0.8532423208191127,0.35187713310580204,0.631825938566553,0.6215017064846418,0.20281569965870308,0.3960750853242321,0.5560580204778157,0.45145051194539254,0.21373720136518773,0.7011945392491468,0.2953924914675768,0.17022184300341298,0.3112627986348123,0.6640784982935154,0.06527303754266212,0.8532423208191127,0.7203071672354949,0.21365187713310582,0.5208191126279864,0.8342150170648465,0.2861774744027304,0.1628839590443686,0.8328498293515358,0.06083617747440274,0.29035836177474406,0.792320819112628,0.5764505119453925,0.15921501706484642,0.47866894197952226,0.4449658703071672,0.2300341296928328,0.2841296928327645,0.326962457337884,0.3778156996587031,0.30409556313993175,0.3593856655290103,0.3441126279863481,0.5139931740614335,0.345221843003413,0.5001706484641639,0.5427474402730376,0.6300341296928328,0.4694539249146758,0.21552901023890786,0.6524744027303755,0.494283276450512,0.23882252559726963,0.25810580204778155,0.8532423208191127,0.22158703071672356,0.18575085324232082,0.6988054607508534,0.8532423208191127,0.011689419795221844,0.7148464163822525,0.5561433447098977,0.6673208191126281,0.8532423208191127,0.44505119453924913,0.5816552901023891,0.4944539249146758,0.6917235494880546,0.7314846416382252,0.4488054607508533,0.39419795221843007,0.5061433447098976,0.548122866894198,0.8532423208191127,0.8162116040955631,0.36075085324232087,0.4165529010238908,0.8532423208191127,0.6006825938566553,0.7949658703071673,0.475938566552901,0.8532423208191127,0.8532423208191127,0.8532423208191127,0.4813139931740615,0.5671501706484642,0.46032423208191126,0.47773037542662117,0.5936860068259385,0.5243174061433448,0.47039249146757683,0.48242320819112633,0.2687713310580205,0.32389078498293516,0.47790102389078504,0.4555460750853243,0.6177474402730376,0.466382252559727,0.2827645051194539,0.09863481228668942,0.7582764505119455,0.5905290102389079,0.07977815699658704,0.09488054607508532,0.6146757679180888,0.36075085324232087,0.12969283276450513,0.3771331058020478,0.8532423208191127
hhm11,0.3452970297029703,0.884016973125884,0.2682991513437058,0.884016973125884,0.20544554455445543,0.5118458274398868,0.5733734087694483,0.7208274398868458,0.38719943422913716,0.5632956152758133,0.884016973125884,0.42167609618104673,0.28942715700141447,0.7445190947666195,0.3948019801980198,0.2978253182461103,0.48665134370579916,0.884016973125884,0.45323550212164077,0.6248231966053748,0.3439710042432815,0.3104667609618105,0.884016973125884,0.5296145685997171,0.3864038189533239,0.7080091937765205,0.884016973125884,0.884016973125884,0.5596711456859972,0.48859618104667607,0.28978076379066475,0.2623762376237624,0.4430693069306931,0.4580091937765205,0.3695190947666195,0.3598833097595474,0.4144271570014144,0.2978253182461103,0.37862446958981616,0.3125884016973126,0.48912659123055163,0.3811881188118812,0.4650813295615276,0.3583804809052334,0.44015205091937765,0.884016973125884,0.44722418670438474,0.48833097595473834,0.5426096181046677,0.6021923620933523,0.5152934936350778,0.884016973125884,0.884016973125884,0.20562234794908063,0.72745756718529,0.884016973125884,0.4291018387553041,0.37225954738330974,0.5146746817538898,0.884016973125884,0.553483026874116,0.40001768033946256,0.14771923620933522,0.6005127298444131,0.33884370579915135,0.6673444130127298,0.6703500707213579,0.14135431400282886,0.4169908062234795,0.4012553041018388,0.7060643564356436,0.884016973125884,0.4386492220650636,0.884016973125884,0.884016973125884,0.8142680339462518,0.43405233380480907,0.884016973125884,0.6078500707213579,0.5891089108910891,0.48488330975954735,0.4527934936350778,0.5951202263083452,0.45986562942008485,0.5435820367751061,0.884016973125884,0.09273338048090522,0.37084512022630833,0.884016973125884,0.6189002828854313,0.362977369165488,0.33601485148514854,0.6510785007072136,0.36545261669024043,0.3909123055162659,0.884016973125884,0.41999646393210754,0.38030410183875535,0.5838048090523338,0.5466760961810466,0.4638437057991514,0.35926449787835923,0.8471534653465347,0.4333451202263084,0.33168316831683164
hhm12,0.7473395678813287,0.6412447597549178,0.8061915511125444,0.8061915511125444,0.8061915511125444,0.8061915511125444,0.8061915511125444,0.8061915511125444,0.8061915511125444,0.8061915511125444,0.8061915511125444,0.8061915511125444,0.670106417284747,0.8061915511125444,0.6638987423411803,0.8061915511125444,0.4699290551435021,0.8061915511125444,0.11633344082554016,0.6066591422121896,0.7486294743631087,0.43671396323766526,0.8061915511125444,0.8061915511125444,0.8061915511125444,0.8061915511125444,0.8061915511125444,0.011044824250241858,0.8061915511125444,0.5501451144792003,0.3552886165752983,0.42800709448564983,0.4290551435020961,0.24717832957110608,0.3059496936472106,0.30554659787165434,0.5244276039987101,0.512334730732022,0.4679135762657208,0.48879393743953564,0.4421960657852306,0.49532408900354724,0.41889712995807804,0.5024991938084489,0.7235569171235086,0.8061915511125444,0.787084811351177,0.6517252499193809,0.7468558529506611,0.8061915511125444,0.8061915511125444,0.8061915511125444,0.8061915511125444,0.8061915511125444,0.8061915511125444,0.8061915511125444,0.6002096098032893,0.1518058690744921,0.7059819413092552,0.8061915511125444,0.8061915511125444,0.8061915511125444,0.759513060303128,0.043614962915188654,0.5422444372782973,0.3711705901322154,0.7324250241857465,0.5553047404063205,0.22984521122218643,0.4537246049661399,0.5928732666881652,0.4920187036439858,0.5910190261206063,0.5910190261206063,0.8061915511125444,0.8061915511125444,0.8061915511125444,0.8061915511125444,0.6146404385682038,0.8061915511125444,0.8061915511125444,0.27878103837471785,0.25395033860045146,0.4362302483069978,0.5209609803289261,0.8061915511125444,0.5912608835859401,0.8061915511125444,0.8061915511125444,0.8061915511125444,0.8061915511125444,0.8061915511125444,0.8061915511125444,0.5552241212512093,0.5635278942276686,0.6606739761367301,0.5665914221218962,0.695823927765237,0.8061915511125444,0.6874395356336666,0.7628990648178008,0.6795388584327636,0.5487745888423089,0.444211544663012,0.594727507255724
hhm13,0.25753245692822735,0.8165264962848046,0.5276394218992406,0.8165264962848046,0.36972319751775945,0.7614109577855802,0.8165264962848046,0.3705397240140443,0.35486241528537604,0.03217114395362129,0.4373315914101413,0.17694129174491713,0.12158079529680739,0.48885441332571244,0.28415122070711196,0.376092104188781,0.609455376826978,0.8165264962848046,0.7010696497101332,0.8165264962848046,0.3709479872621867,0.22413652323017885,0.8165264962848046,0.8165264962848046,0.36425246999265126,0.5434800359271659,0.8165264962848046,0.8165264962848046,0.5941863313464523,0.4178166081489345,0.4429656242345064,0.25198007675349066,0.34392096023515967,0.38319588470645877,0.29296970686698787,0.26798399608067286,0.2830080836123133,0.26463623744590514,0.3342042949293705,0.2271576712664326,0.32922348330203316,0.35518902588388995,0.28178329386788603,0.3412264227974198,0.24912223401649383,0.49244712990936557,0.42459377806809834,0.4105495223319997,0.359271658365314,0.4098146484853434,0.43814811790642605,0.8165264962848046,0.8165264962848046,0.2800685882256879,0.5317220543806647,0.5027353637625541,0.5919000571568548,0.4478647832122153,0.2765575242916633,0.5189842410386218,0.4648485343349392,0.3765003674369234,0.40075120437658207,0.5713235894504777,0.41438719686453823,0.41520372336082306,0.6250510329060178,0.34449252878255904,0.36719196537927656,0.5363762554094881,0.42304237772515724,0.5583408181595493,0.2728831550583817,0.624234506409733,0.8165264962848046,0.8165264962848046,0.3408181595492774,0.588715603821344,0.5825100024495795,0.6185188209357394,0.34939168776026786,0.30603413080754477,0.4834653384502327,0.1661631419939577,0.31893524944884466,0.8165264962848046,0.34024659100187804,0.2418551481995591,0.8165264962848046,0.6195803053809097,0.36335429084673804,0.09243079937943986,0.455295174328407,0.3265289458642933,0.15211888625785908,0.4702376092104189,0.22356495468277945,0.2940311913121581,0.40042459377806816,0.7735772025802238,0.3275087776598351,0.18943414713807463,0.626439127949702,0.3901363599248796,0.35290275169429247
hhm14,0.3298181516233497,0.830357884248111,0.7407622685377399,0.830357884248111,0.18425641451465583,0.5790085526862078,0.830357884248111,0.2661297019015196,0.5251183259985054,0.6103130449223616,0.5824960558000498,0.2499377231586814,0.4214066262559163,0.5862326662791664,0.2231171634974674,0.3154529602258574,0.6735863157020676,0.6859586481773644,0.6169559079963465,0.5971933903512414,0.42672091671510426,0.4576932657975588,0.830357884248111,0.4419164659968447,0.4919870464170058,0.5435522710288134,0.830357884248111,0.7066345594951424,0.8037864319521714,0.830357884248111,0.45221290376152123,0.415843228431454,0.4696504193307316,0.4557004068753633,0.5427219131445653,0.5218799302499377,0.519554928174043,0.4870048991115171,0.5341692269368098,0.4512164743004235,0.6951756206925186,0.636054139334053,0.466827202524288,0.29461097733122976,0.2451216474300424,0.6972515154031388,0.2709457776301586,0.11276260068089347,0.8289462758448892,0.3316449389686955,0.830357884248111,0.830357884248111,0.830357884248111,0.387694096155443,0.830357884248111,0.830357884248111,0.6516648675579175,0.37523872789172136,0.381549447812007,0.830357884248111,0.06891970439259322,0.23333056547371922,0.39143070663455953,0.5939549946026739,0.3602092501868306,0.4595200531429046,0.5976916050817903,0.46441916465996846,0.3999003570538902,0.42597359461928097,0.01677322926181184,0.15726978327659222,0.16432782529270115,0.01428215560906751,0.830357884248111,0.7432533421904841,0.15129120651000583,0.43436020925018687,0.5720335464585237,0.830357884248111,0.23291538653159516,0.4103628663954164,0.5326745827451632,0.27792078385784275,0.5061031304492237,0.830357884248111,0.2838993606244291,0.21140911732956905,0.4738022087519721,0.6808934650834509,0.3040770572116583,0.32159760856929337,0.6270862741841734,0.2628913061529519,0.2934484762932824,0.5002075894710621,0.20734036369675332,0.31694760441750397,0.48899775803371254,0.830357884248111,0.360458357552105,0.29195383210163584,0.5374076226853775,0.3321431536992444,0.3095574192476958
hhm15,0.2911146440558205,0.8832361773538243,0.2887299063769652,0.8832361773538243,0.5093623034799505,0.5743684861331919,0.5250839074368486,0.5940646528881822,0.35523759053170817,0.4123829712065006,0.48056880409821584,0.38332450097155973,0.28784667019961135,0.6733792616145556,0.30383324500971554,0.32626744391450274,0.798180533474651,0.40390390390390385,0.1643702526055467,0.5042395336512983,0.17249602543720188,0.21930754283695458,0.8832361773538243,0.5523759053170817,0.18124006359300474,0.5610316198551492,0.6191485603250309,0.4919625507860802,0.4848966613672495,0.412471294824236,0.205087440381558,0.2965907083554142,0.39498321851263024,0.32556085497261966,0.35320614732379435,0.36839780957428014,0.4193605370075958,0.31646352234587527,0.3635400105988341,0.4186539480657127,0.49293411058116937,0.2645292351174704,0.3283872107401519,0.339957604663487,0.40143084260731315,0.7698286521815934,0.41335453100158975,0.5022080904433845,0.4893128422540186,0.5561738208797032,0.3527645292351174,0.8832361773538243,0.8832361773538243,0.3310369192722134,0.020049461225931813,0.821939586645469,0.39498321851263024,0.46122593181416704,0.4495672142730966,0.6944002826355767,0.7048224695283518,0.3606253312135665,0.2786610139551316,0.48268857092386497,0.33713124889595475,0.499558381911323,0.567214273096626,0.32750397456279806,0.32644409114997347,0.06403462285815226,0.8560325030913265,0.7611729376435258,0.46838014485073304,0.7218689277512806,0.8832361773538243,0.32547253135488424,0.48472001413177873,0.6529765059176823,0.04716481187069422,0.6479420597067655,0.4319024907260201,0.15403638933050695,0.4762409468291821,0.3234410881469705,0.6511217099452393,0.5781664016958133,0.4336689630807277,0.42068539127362653,0.8832361773538243,0.5968026850379791,0.34773008302420066,0.45416004239533647,0.7090620031796502,0.4219219219219219,0.4018724606959901,0.39409998233527643,0.2906730259671436,0.3500264970853206,0.6180003532944709,0.4991167638226462,0.32317611729376433,0.33086027203674256,0.4354354354354354,0.22919978802331742,0.2936760289701466
hhm16,0.3165243685521167,0.8893632159373888,0.10485592315901814,0.5263251511917467,0.5070259694059054,0.5282817502668089,0.5777303450729278,0.8014941302027747,0.39994663820704374,0.7187833511205977,0.5754180007114905,0.4719850586979722,0.4234258271077908,0.5271255780860903,0.4735859124866595,0.5313945215225898,0.8166133048737104,0.8893632159373888,0.5948950551405194,0.8893632159373888,0.3616150836001423,0.6119708288865172,0.7718783351120597,0.6148167911775169,0.5955176093916755,0.7082888651725364,0.7163820704375666,0.5876912130914266,0.538509427250089,0.5620775524724297,0.7795268587691212,0.4530416221985058,0.5421558164354322,0.4256492351476343,0.5005336179295624,0.4852365706154393,0.5273034507292778,0.6743151903237281,0.607612949128424,0.5458911419423692,0.4911063678406261,0.3463180362860192,0.4395233013162575,0.4625578086090359,0.4981323372465315,0.5942725008893632,0.4149768765563856,0.5304162219850587,0.3511205976520811,0.47394165777303454,0.27392387050871575,0.7575595873354678,0.4686054784774102,0.6463002490217005,0.7025969405905371,0.8037175382426182,0.024991106367840625,0.5385983635716827,0.4133760227676983,0.8893632159373888,0.6744041266453219,0.4975097829953753,0.47287442191390955,0.43792244752757026,0.4606901458555674,0.48763785129847026,0.5842226965492707,0.38464959089292067,0.47491995731056563,0.4163998577018854,0.8013162575595872,0.5656350053361793,0.47438633938100316,0.8893632159373888,0.587157595161864,0.5863571682675204,0.43623265741728917,0.8893632159373888,0.4547314123087869,0.8893632159373888,0.13118107435076484,0.2079331198861615,0.43187477765919596,0.40341515474919953,0.6418534329420135,0.7018854500177872,0.5176093916755603,0.49430807541800065,0.5267698327997155,0.6289576663109214,0.40208110992529345,0.4565990750622554,0.6529704731412308,0.3652614727854856,0.40385983635716827,0.37833511205976517,0.5675916044112415,0.389274279615795,0.4385450017787264,0.4603344005691924,0.5225898256848096,0.4218249733191035,0.5645677694770544,0.36837424404126645,0.4917289220917822
hhm17,0.5407152451309604,0.5651443922095366,0.7295164539959705,0.4738918737407656,0.6187038280725319,0.5308092679650772,0.5283747481531228,0.38985896574882467,0.47624244459368703,0.5168737407656145,0.4518132975151108,0.5679147078576225,0.5364338482202821,0.2058428475486904,0.5576729348556078,0.8394895903290799,0.4304902619207522,0.6829247817327065,0.7693922095366017,0.3656816655473472,0.5481867024848892,0.7683008730691739,0.21868703828072533,0.34024513096037606,0.5899093351242445,0.8394895903290799,0.35980523841504364,0.8394895903290799,0.678811282740094,0.25604432505036934,0.48572867696440564,0.5187206178643384,0.3211047683008731,0.4243619879113498,0.5680826057756884,0.4144560107454668,0.31732706514439213,0.44593687038280727,0.34528206850235055,0.49353593015446606,0.23572867696440564,0.3867528542646071,0.4697783747481531,0.46709200805910006,0.44274680993955673,0.33906984553391534,0.3393216924110141,0.49781732706514437,0.30003357958361315,0.4054734721289456,0.2978509066487576,0.3158999328408328,0.3191739422431162,0.8394895903290799,0.4821188717259906,0.8394895903290799,0.5149429147078576,0.46398589657488243,0.6770483546004029,0.8394895903290799,0.7300201477501679,0.42360644728005376,0.7185191403626595,0.5421423774345199,0.4563465413028878,0.3262256548018804,0.3259738079247817,0.58025520483546,0.5110812625923439,0.6616017461383479,0.4701981195433177,0.28198455339153794,0.3907824042981867,0.7331262592343855,0.2037441235728677,0.5742948287441236,0.5740429818670248,0.6612659503022162,0.5498656816655474,0.5834452652787104,0.22070181329751512,0.7437038280725319,0.10980523841504365,0.4566823371390195,0.5183008730691738,0.038952316991269303,0.4738079247817327,0.5497817327065144,0.3017965077233042,0.282824042981867,0.4947951645399597,0.5991437206178644,0.4395567494963062,0.5494459368703828,0.5378609805238416,0.4215916722632639,0.4988247145735392,0.527283411685695,0.3176628609805238,0.25822699798522497,0.7875251846877099,0.5341672263263935,0.33352921423774345,0.5979684351914036,0.760073875083949
hhm18,0.8366800535475234,0.6775435073627845,0.8366800535475234,0.8366800535475234,0.8366800535475234,0.8366800535475234,0.49590026773761714,0.8366800535475234,0.579735609103079,0.8366800535475234,0.5459337349397589,0.8366800535475234,0.4954819277108433,0.8366800535475234,0.8366800535475234,0.5981425702811245,0.5998159303882196,0.8366800535475234,0.8366800535475234,0.6705153949129853,0.7309236947791165,0.8366800535475234,0.376673360107095,0.8366800535475234,0.8366800535475234,0.8366800535475234,0.8366800535475234,0.8366800535475234,0.5176539491298527,0.8366800535475234,0.8366800535475234,0.8366800535475234,0.8366800535475234,0.8366800535475234,0.8366800535475234,0.8366800535475234,0.7841365461847389,0.8366800535475234,0.8366800535475234,0.8366800535475234,0.8366800535475234,0.8366800535475234,0.6874163319946452,0.8366800535475234,0.8366800535475234,0.7901606425702811,0.8366800535475234,0.6813085676037484,0.3463018741633199,0.8366800535475234,0.8366800535475234,0.8366800535475234,0.8366800535475234,0.8366800535475234,0.8366800535475234,0.8366800535475234,0.8366800535475234,0.8366800535475234,0.7457329317269076,0.8366800535475234,0.8366800535475234,0.8366800535475234,0.8366800535475234,0.8366800535475234,0.6919344042838019,0.8366800535475234,0.8366800535475234,0.8366800535475234,0.8366800535475234,0.5656793842034806,0.8366800535475234,0.6816432396251673,0.7949297188755019,0.8366800535475234,0.7183734939759037,0.8366800535475234,0.7252342704149933,0.8366800535475234,0.8366800535475234,0.7437248995983936,0.8366800535475234,0.6130354752342704,0.8366800535475234,0.812834672021419,0.8366800535475234,0.8366800535475234,0.6430722891566264,0.8366800535475234,0.6703480589022758,0.670264390896921,0.8366800535475234,0.6345381526104417,0.5399096385542168,0.8335006693440428,0.8366800535475234,0.6223226238286479,0.8366800535475234,0.8366800535475234,0.6884203480589023,0.4230254350736279,0.8366800535475234,0.8366800535475234,0.8366800535475234,0.8366800535475234,0.7008032128514056
hhm19,0.8386447500838645,0.35608856088560886,0.8386447500838645,0.40774907749077494,0.6332606507883262,0.8386447500838645,0.3616236162361624,0.1802247567930225,0.6591747735659175,0.5286816504528682,0.3922341496142234,0.5209661187520966,0.5728782287822879,0.4986581683998659,0.8386447500838645,0.8386447500838645,0.5232304595773231,0.8386447500838645,0.8386447500838645,0.5493123113049313,0.8386447500838645,0.5775746393827574,0.8386447500838645,0.7869003690036901,0.7842167058034217,0.47266018114726605,0.8386447500838645,0.8386447500838645,0.6933914793693392,0.6981717544448173,0.6635357262663536,0.5779100972827911,0.5477188862797719,0.8168399865816841,0.6659677960415968,0.63929889298893,0.6274740020127474,0.8386447500838645,0.5666722576316673,0.615229788661523,0.8386447500838645,0.8386447500838645,0.8386447500838645,0.5996309963099631,0.5275075478027508,0.4935424354243543,0.7993123113049313,0.5674270379067428,0.23607849714860785,0.8386447500838645,0.3574303924857431,0.7723918148272392,0.7887453874538746,0.4832271049983228,0.8386447500838645,0.8386447500838645,0.6222744045622275,0.46410600469641067,0.4569775243206978,0.5179469976517947,0.8386447500838645,0.6533042603153305,0.4888460248238846,0.5085541764508555,0.6463435088896344,0.7928547467292856,0.6965783294196579,0.6564072458906407,0.5186179134518618,0.5536732640053674,0.8386447500838645,0.8386447500838645,0.6882757463938276,0.8386447500838645,0.8386447500838645,0.8386447500838645,0.4595773230459577,0.8386447500838645,0.8386447500838645,0.8386447500838645,0.5459577323045958,0.5270882254277088,0.605249916135525,0.5449513586044952,0.6101140556860115,0.47836296544783635,0.6437437101643744,0.5734652801073465,0.6413955048641397,0.7935256625293526,0.7616571620261657,0.46259644414625967,0.14038913116403892,0.5187017779268702,0.6357765850385777,0.643659845689366,0.8386447500838645,0.7514256960751425,0.6478530694397854,0.5649949681314995,0.8316001341831601,0.6458403220395841,0.5726266353572627,0.6206809795370681,0.8386447500838645
A,0.47058823529411764,0.23529411764705882,0.29411764705882354,0.29411764705882354,0.47058823529411764,0.23529411764705882,0.29411764705882354,0.5882352941176471,0.5882352941176471,0.29411764705882354,0.35294117647058826,0.5294117647058824,0.35294117647058826,0.29411764705882354,0.47058823529411764,0.4117647058823529,0.29411764705882354,0.4117647058823529,0.4117647058823529,0.4117647058823529,0.7058823529411765,0.7058823529411765,0.35294117647058826,0.4117647058823529,0.47058823529411764,0.35294117647058826,0.35294117647058826,0.29411764705882354,0.6470588235294118,0.5294117647058824,0.6470588235294118,0.6470588235294118,0.5294117647058824,0.7058823529411765,0.6470588235294118,0.7058823529411765,0.8235294117647058,0.6470588235294118,0.7058823529411765,0.5294117647058824,0.6470588235294118,0.6470588235294118,0.4117647058823529,0.47058823529411764,0.5882352941176471,0.4117647058823529,0.5882352941176471,0.35294117647058826,0.4117647058823529,0.4117647058823529,0.9411764705882353,0.35294117647058826,0.29411764705882354,0.35294117647058826,0.5294117647058824,0.29411764705882354,0.35294117647058826,0.5882352941176471,0.5882352941176471,0.29411764705882354,0.29411764705882354,0.7058823529411765,0.4117647058823529,0.35294117647058826,0.5882352941176471,0.47058823529411764,0.35294117647058826,0.4117647058823529,0.7647058823529411,0.47058823529411764,0.29411764705882354,0.35294117647058826,0.47058823529411764,0.29411764705882354,0.29411764705882354,0.9411764705882353,0.8235294117647058,0.4117647058823529,0.7058823529411765,0.4117647058823529,0.47058823529411764,0.47058823529411764,0.4117647058823529,0.5294117647058824,0.47058823529411764,0.4117647058823529,0.29411764705882354,0.35294117647058826,0.35294117647058826,0.35294117647058826,0.4117647058823529,0.35294117647058826,0.29411764705882354,0.5294117647058824,0.35294117647058826,0.47058823529411764,0.5882352941176471,0.4117647058823529,0.4117647058823529,0.29411764705882354,0.4117647058823529,0.47058823529411764,0.4117647058823529,0.5294117647058824,0.4117647058823529
R,0.2631578947368421,0.15789473684210525,0.2631578947368421,0.2631578947368421,0.42105263157894735,0.2631578947368421,0.21052631578947367,0.8421052631578947,0.3684210526315789,0.3684210526315789,0.2631578947368421,0.631578947368421,0.42105263157894735,0.2631578947368421,0.7368421052631579,0.5263157894736842,0.2631578947368421,0.21052631578947367,0.2631578947368421,0.2631578947368421,0.3684210526315789,0.3684210526315789,0.2631578947368421,0.2631578947368421,0.3684210526315789,0.47368421052631576,0.2631578947368421,0.21052631578947367,0.2631578947368421,0.3157894736842105,0.3684210526315789,0.47368421052631576,0.3684210526315789,0.42105263157894735,0.47368421052631576,0.42105263157894735,0.3684210526315789,0.5263157894736842,0.42105263157894735,0.5263157894736842,0.42105263157894735,0.3684210526315789,0.3684210526315789,0.631578947368421,0.5263157894736842,0.3157894736842105,0.631578947368421,0.8947368421052632,0.3157894736842105,0.3684210526315789,0.3157894736842105,0.21052631578947367,0.15789473684210525,0.47368421052631576,0.3157894736842105,0.21052631578947367,0.3684210526315789,0.47368421052631576,0.5789473684210527,0.3157894736842105,0.9473684210526315,0.8421052631578947,0.5789473684210527,0.21052631578947367,0.42105263157894735,0.42105263157894735,0.21052631578947367,0.5263157894736842,0.3157894736842105,0.3157894736842105,0.9473684210526315,0.6842105263157895,0.8947368421052632,1.0,0.15789473684210525,0.2631578947368421,0.5789473684210527,0.21052631578947367,0.3157894736842105,0.21052631578947367,0.3684210526315789,0.47368421052631576,0.2631578947368421,0.3684210526315789,0.3157894736842105,0.2631578947368421,0.3157894736842105,0.8947368421052632,0.2631578947368421,0.2631578947368421,0.5263157894736842,0.42105263157894735,0.2631578947368421,0.5789473684210527,0.42105263157894735,0.2631578947368421,0.5789473684210527,0.6842105263157895,0.2631578947368421,0.2631578947368421,0.631578947368421,0.6842105263157895,0.2631578947368421,0.5263157894736842,0.631578947368421
N,0.4,0.2,0.6,0.25,0.75,0.45,0.25,0.4,0.55,0.35,0.25,0.5,0.35,0.25,0.65,0.85,0.25,0.35,0.4,0.25,0.5,0.6,0.25,0.25,0.55,0.4,0.25,0.25,0.4,0.35,0.65,0.7,0.4,0.45,0.55,0.65,0.35,0.6,0.65,0.65,0.5,0.75,0.6,0.55,0.5,0.3,0.55,0.4,0.35,0.4,0.35,0.25,0.2,0.9,0.4,0.25,0.35,0.35,0.45,0.35,0.35,0.45,0.75,0.25,0.55,0.35,0.25,0.85,0.55,0.5,0.4,0.35,0.45,0.35,0.2,0.35,0.55,0.35,0.4,0.35,0.4,0.5,0.25,0.4,0.5,0.25,1.0,0.4,0.25,0.25,0.6,0.45,0.35,0.55,0.45,0.25,0.45,0.5,0.25,0.25,0.45,0.5,0.3,0.6,0.45
D,0.35,0.2,0.95,0.2,0.7,1.0,0.2,0.35,0.8,0.35,0.25,0.45,0.35,0.2,0.45,0.5,0.2,0.3,0.45,0.25,0.55,0.5,0.25,0.25,0.85,0.35,0.25,0.3,0.35,0.3,0.45,0.5,0.3,0.4,0.65,0.55,0.35,0.6,0.65,0.55,0.45,0.8,0.85,0.45,0.6,0.3,0.55,0.35,0.3,0.5,0.3,0.25,0.2,0.65,0.35,0.2,0.3,0.35,0.45,0.45,0.3,0.4,0.5,0.3,0.8,0.35,0.25,0.5,0.4,0.35,0.3,0.35,0.35,0.3,0.2,0.3,0.5,0.3,0.35,0.3,0.35,0.55,0.25,0.35,0.9,0.25,0.45,0.35,0.2,0.2,0.35,0.35,0.25,0.6,0.6,0.2,0.4,0.55,0.2,0.2,0.35,0.4,0.25,0.45,0.4
C,0.2608695652173913,0.21739130434782608,0.21739130434782608,0.30434782608695654,0.21739130434782608,0.17391304347826086,0.2608695652173913,0.30434782608695654,0.2608695652173913,0.17391304347826086,0.30434782608695654,0.30434782608695654,0.17391304347826086,0.2608695652173913,0.2608695652173913,0.2608695652173913,0.2608695652173913,0.21739130434782608,0.21739130434782608,0.30434782608695654,0.34782608695652173,0.30434782608695654,0.30434782608695654,0.30434782608695654,0.2608695652173913,0.21739130434782608,0.30434782608695654,0.17391304347826086,0.2608695652173913,0.30434782608695654,0.30434782608695654,0.2608695652173913,0.34782608695652173,0.30434782608695654,0.30434782608695654,0.34782608695652173,0.34782608695652173,0.30434782608695654,0.34782608695652173,0.2608695652173913,0.34782608695652173,0.2608695652173913,0.21739130434782608,0.2608695652173913,0.30434782608695654,0.30434782608695654,0.34782608695652173,0.2608695652173913,0.30434782608695654,0.30434782608695654,0.391304347826087,0.30434782608695654,0.2608695652173913,0.5217391304347826,0.30434782608695654,0.21739130434782608,0.2608695652173913,0.2608695652173913,0.2608695652173913,0.17391304347826086,0.17391304347826086,0.34782608695652173,0.2608695652173913,0.17391304347826086,0.2608695652173913,0.34782608695652173,0.30434782608695654,0.21739130434782608,0.30434782608695654,0.30434782608695654,0.17391304347826086,0.17391304347826086,0.21739130434782608,0.17391304347826086,0.2608695652173913,0.5652173913043478,0.34782608695652173,0.21739130434782608,0.5652173913043478,0.21739130434782608,0.391304347826087,0.2608695652173913,0.30434782608695654,0.21739130434782608,0.21739130434782608,0.30434782608695654,0.21739130434782608,0.17391304347826086,0.30434782608695654,0.34782608695652173,0.21739130434782608,0.17391304347826086,0.21739130434782608,0.30434782608695654,0.21739130434782608,0.2608695652173913,0.2608695652173913,0.21739130434782608,0.2608695652173913,0.2608695652173913,0.21739130434782608,0.2608695652173913,0.30434782608695654,0.30434782608695654,0.21739130434782608
Q,0.35,0.2,0.4,0.3,0.6,0.35,0.25,0.5,0.6,1.0,0.3,0.8,1.0,0.35,0.75,0.6,0.35,0.3,0.3,0.35,0.55,0.55,0.35,0.35,0.45,0.45,0.3,0.3,0.35,0.5,0.5,0.8,0.5,0.55,0.75,0.75,0.45,0.7,0.65,0.8,0.5,0.45,0.5,0.55,0.75,0.35,0.5,0.75,0.7,0.55,0.35,0.25,0.25,0.6,0.35,0.3,0.35,0.45,0.75,0.45,0.45,0.6,0.5,0.3,0.5,0.35,0.25,0.5,0.35,0.4,0.45,0.45,0.6,0.4,0.25,0.35,0.65,0.3,0.4,0.3,0.5,0.85,0.3,1.0,0.45,0.3,0.35,0.65,0.3,0.3,0.45,1.0,0.4,0.65,0.95,0.35,0.9,0.55,0.45,0.35,0.55,0.75,0.35,0.55,0.6
E,0.3157894736842105,0.21052631578947367,0.47368421052631576,0.2631578947368421,0.8947368421052632,0.47368421052631576,0.2631578947368421,0.42105263157894735,0.7894736842105263,0.47368421052631576,0.2631578947368421,0.631578947368421,0.5263157894736842,0.2631578947368421,0.5789473684210527,0.5263157894736842,0.2631578947368421,0.2631578947368421,0.3157894736842105,0.3157894736842105,0.5789473684210527,0.47368421052631576,0.3157894736842105,0.3157894736842105,0.7368421052631579,0.42105263157894735,0.2631578947368421,0.3157894736842105,0.3684210526315789,0.3684210526315789,0.42105263157894735,0.5789473684210527,0.3684210526315789,0.42105263157894735,0.631578947368421,0.5789473684210527,0.42105263157894735,0.5789473684210527,0.631578947368421,0.5789473684210527,0.42105263157894735,0.5263157894736842,0.7894736842105263,0.47368421052631576,0.7368421052631579,0.3157894736842105,0.5263157894736842,0.5263157894736842,0.3684210526315789,0.8947368421052632,0.3684210526315789,0.2631578947368421,0.21052631578947367,0.47368421052631576,0.3684210526315789,0.2631578947368421,0.3157894736842105,0.42105263157894735,0.631578947368421,1.0,0.3684210526315789,0.5263157894736842,0.47368421052631576,0.3157894736842105,0.7894736842105263,0.3157894736842105,0.2631578947368421,0.47368421052631576,0.3684210526315789,0.42105263157894735,0.3684210526315789,0.42105263157894735,0.42105263157894735,0.3684210526315789,0.21052631578947367,0.3684210526315789,0.5263157894736842,0.2631578947368421,0.42105263157894735,0.2631578947368421,0.3684210526315789,0.631578947368421,0.3157894736842105,0.5263157894736842,0.7894736842105263,0.2631578947368421,0.3684210526315789,0.42105263157894735,0.2631578947368421,0.2631578947368421,0.47368421052631576,0.5263157894736842,0.3157894736842105,0.7368421052631579,0.5789473684210527,0.2631578947368421,0.631578947368421,0.5263157894736842,0.2631578947368421,0.2631578947368421,0.47368421052631576,0.5263157894736842,0.3157894736842105,0.47368421052631576,0.5263157894736842
G,0.9473684210526315,0.21052631578947367,0.3684210526315789,0.21052631578947367,0.42105263157894735,0.3157894736842105,0.2631578947368421,0.3684210526315789,0.47368421052631576,0.2631578947368421,0.2631578947368421,0.5263157894736842,0.3157894736842105,0.21052631578947367,0.47368421052631576,0.42105263157894735,0.21052631578947367,1.0,0.9473684210526315,0.2631578947368421,0.7368421052631579,0.7894736842105263,0.2631578947368421,0.2631578947368421,0.6842105263157895,0.3157894736842105,0.2631578947368421,0.2631578947368421,0.9473684210526315,0.47368421052631576,0.8947368421052632,0.631578947368421,0.3684210526315789,0.5263157894736842,0.631578947368421,0.631578947368421,0.47368421052631576,0.47368421052631576,0.631578947368421,0.5789473684210527,0.47368421052631576,0.5263157894736842,0.5263157894736842,0.47368421052631576,0.42105263157894735,0.3157894736842105,0.631578947368421,0.3684210526315789,0.3157894736842105,0.3684210526315789,0.6842105263157895,0.21052631578947367,0.21052631578947367,0.47368421052631576,0.3684210526315789,0.21052631578947367,0.3157894736842105,0.3684210526315789,0.5263157894736842,0.2631578947368421,0.2631578947368421,0.42105263157894735,0.3684210526315789,0.2631578947368421,0.42105263157894735,0.3157894736842105,0.21052631578947367,0.3684210526315789,0.8947368421052632,0.42105263157894735,0.2631578947368421,0.3157894736842105,0.3157894736842105,0.2631578947368421,0.21052631578947367,0.42105263157894735,0.5263157894736842,1.0,0.42105263157894735,1.0,0.3157894736842105,0.42105263157894735,0.2631578947368421,0.3157894736842105,0.3157894736842105,0.2631578947368421,0.47368421052631576,0.3157894736842105,0.21052631578947367,0.21052631578947367,0.3684210526315789,0.2631578947368421,0.2631578947368421,0.47368421052631576,0.3684210526315789,0.2631578947368421,0.42105263157894735,0.5263157894736842,0.2631578947368421,0.21052631578947367,0.42105263157894735,0.47368421052631576,0.2631578947368421,0.5789473684210527,0.3684210526315789
H,0.23809523809523808,0.23809523809523808,0.2857142857142857,0.19047619047619047,0.3333333333333333,0.23809523809523808,0.2857142857142857,0.38095238095238093,0.38095238095238093,0.38095238095238093,0.23809523809523808,0.42857142857142855,0.3333333333333333,0.23809523809523808,0.5238095238095238,0.3333333333333333,0.19047619047619047,0.19047619047619047,0.23809523809523808,0.23809523809523808,0.38095238095238093,0.3333333333333333,0.23809523809523808,0.23809523809523808,0.3333333333333333,0.2857142857142857,0.19047619047619047,0.19047619047619047,0.23809523809523808,0.2857142857142857,0.38095238095238093,0.38095238095238093,0.3333333333333333,0.2857142857142857,0.38095238095238093,0.5238095238095238,0.2857142857142857,0.38095238095238093,0.38095238095238093,0.42857142857142855,0.2857142857142857,0.38095238095238093,0.3333333333333333,0.38095238095238093,0.42857142857142855,0.2857142857142857,0.42857142857142855,0.5714285714285714,0.2857142857142857,0.3333333333333333,0.23809523809523808,0.19047619047619047,0.14285714285714285,0.42857142857142855,0.2857142857142857,0.19047619047619047,0.23809523809523808,0.38095238095238093,0.5238095238095238,0.2857142857142857,0.2857142857142857,0.5714285714285714,0.6666666666666666,0.3333333333333333,0.38095238095238093,0.23809523809523808,0.19047619047619047,0.42857142857142855,0.38095238095238093,0.2857142857142857,0.5238095238095238,0.2857142857142857,0.3333333333333333,0.2857142857142857,0.14285714285714285,0.23809523809523808,0.38095238095238093,0.19047619047619047,0.2857142857142857,0.19047619047619047,0.23809523809523808,0.42857142857142855,0.19047619047619047,0.47619047619047616,0.38095238095238093,0.19047619047619047,0.3333333333333333,0.38095238095238093,0.19047619047619047,0.19047619047619047,0.3333333333333333,0.3333333333333333,0.8095238095238095,0.38095238095238093,0.42857142857142855,0.23809523809523808,0.3333333333333333,0.38095238095238093,0.23809523809523808,0.23809523809523808,0.2857142857142857,0.38095238095238093,0.2857142857142857,0.3333333333333333,0.3333333333333333
I,0.2857142857142857,0.38095238095238093,0.2857142857142857,0.5238095238095238,0.3333333333333333,0.23809523809523808,0.42857142857142855,0.42857142857142855,0.3333333333333333,0.23809523809523808,0.7142857142857143,0.47619047619047616,0.23809523809523808,0.6666666666666666,0.38095238095238093,0.2857142857142857,0.5238095238095238,0.23809523809523808,0.23809523809523808,0.7142857142857143,0.42857142857142855,0.3333333333333333,0.7142857142857143,0.6190476190476191,0.2857142857142857,0.3333333333333333,0.6666666666666666,0.23809523809523808,0.3333333333333333,0.6666666666666666,0.38095238095238093,0.3333333333333333,0.7142857142857143,0.38095238095238093,0.38095238095238093,0.42857142857142855,0.6190476190476191,0.42857142857142855,0.42857142857142855,0.38095238095238093,0.6666666666666666,0.3333333333333333,0.3333333333333333,0.38095238095238093,0.5238095238095238,0.7142857142857143,0.5714285714285714,0.2857142857142857,0.6666666666666666,0.6666666666666666,0.38095238095238093,0.9523809523809523,0.9523809523809523,0.3333333333333333,0.2857142857142857,0.42857142857142855,0.38095238095238093,0.47619047619047616,0.47619047619047616,0.23809523809523808,0.23809523809523808,0.47619047619047616,0.42857142857142855,0.3333333333333333,0.38095238095238093,0.8095238095238095,0.9047619047619048,0.3333333333333333,0.2857142857142857,0.2857142857142857,0.23809523809523808,0.2857142857142857,0.3333333333333333,0.23809523809523808,0.9523809523809523,0.38095238095238093,0.47619047619047616,0.23809523809523808,0.3333333333333333,0.23809523809523808,0.47619047619047616,0.38095238095238093,0.8095238095238095,0.2857142857142857,0.2857142857142857,0.7142857142857143,0.23809523809523808,0.2857142857142857,0.5714285714285714,0.6190476190476191,0.2857142857142857,0.2857142857142857,0.38095238095238093,0.38095238095238093,0.2857142857142857,0.47619047619047616,0.3333333333333333,0.3333333333333333,0.5238095238095238,0.5238095238095238,0.2857142857142857,0.3333333333333333,0.5714285714285714,0.38095238095238093,0.3333333333333333
L,0.2777777777777778,0.4444444444444444,0.2222222222222222,0.9444444444444444,0.3333333333333333,0.16666666666666666,0.7222222222222222,0.7222222222222222,0.3333333333333333,0.2777777777777778,0.9444444444444444,0.5555555555555556,0.2777777777777778,0.6111111111111112,0.4444444444444444,0.2777777777777778,0.6111111111111112,0.2222222222222222,0.2222222222222222,0.7777777777777778,0.4444444444444444,0.3333333333333333,0.8333333333333334,0.8333333333333334,0.2777777777777778,0.4444444444444444,0.9444444444444444,0.2222222222222222,0.2777777777777778,0.6666666666666666,0.3888888888888889,0.3888888888888889,0.7777777777777778,0.4444444444444444,0.3888888888888889,0.5555555555555556,0.6666666666666666,0.4444444444444444,0.5,0.4444444444444444,0.6666666666666666,0.3888888888888889,0.3333333333333333,0.3333333333333333,0.5555555555555556,0.7777777777777778,0.5,0.3333333333333333,0.6666666666666666,0.5,0.3888888888888889,0.6111111111111112,0.5555555555555556,0.4444444444444444,0.2777777777777778,0.5,0.3333333333333333,0.5,0.5555555555555556,0.2222222222222222,0.2777777777777778,0.4444444444444444,0.4444444444444444,0.2222222222222222,0.3888888888888889,0.8333333333333334,0.7777777777777778,0.3333333333333333,0.2777777777777778,0.3333333333333333,0.2777777777777778,0.2777777777777778,0.3888888888888889,0.2777777777777778,0.5555555555555556,0.3333333333333333,0.6111111111111112,0.2222222222222222,0.3333333333333333,0.2222222222222222,0.5555555555555556,0.3888888888888889,0.6111111111111112,0.2777777777777778,0.2777777777777778,0.7222222222222222,0.2222222222222222,0.3333333333333333,0.9444444444444444,0.9444444444444444,0.2777777777777778,0.2777777777777778,0.4444444444444444,0.4444444444444444,0.3888888888888889,0.5555555555555556,0.3333333333333333,0.3333333333333333,0.5555555555555556,0.5555555555555556,0.3333333333333333,0.4444444444444444,0.7222222222222222,0.3888888888888889,0.3333333333333333
K,0.3684210526315789,0.21052631578947367,0.3684210526315789,0.2631578947368421,0.47368421052631576,0.3684210526315789,0.2631578947368421,0.7368421052631579,0.5263157894736842,0.42105263157894735,0.3157894736842105,0.6842105263157895,0.47368421052631576,0.3157894736842105,0.7894736842105263,0.8421052631578947,0.3157894736842105,0.3157894736842105,0.3157894736842105,0.3157894736842105,0.5263157894736842,0.47368421052631576,0.3157894736842105,0.3157894736842105,0.5263157894736842,0.9473684210526315,0.3157894736842105,0.3684210526315789,0.3684210526315789,0.3684210526315789,0.47368421052631576,0.7368421052631579,0.47368421052631576,0.6842105263157895,0.6842105263157895,0.5789473684210527,0.5263157894736842,0.7894736842105263,0.5263157894736842,0.7368421052631579,0.47368421052631576,0.47368421052631576,0.42105263157894735,0.8947368421052632,0.5789473684210527,0.3684210526315789,0.7368421052631579,0.6842105263157895,0.47368421052631576,0.47368421052631576,0.3684210526315789,0.2631578947368421,0.2631578947368421,0.47368421052631576,0.3684210526315789,0.2631578947368421,0.3684210526315789,0.6842105263157895,0.8421052631578947,0.42105263157894735,0.5789473684210527,0.631578947368421,0.7368421052631579,0.3157894736842105,0.631578947368421,0.42105263157894735,0.2631578947368421,0.8421052631578947,0.3684210526315789,0.47368421052631576,0.5263157894736842,1.0,0.7894736842105263,0.5263157894736842,0.2631578947368421,0.3684210526315789,0.631578947368421,0.3157894736842105,0.3684210526315789,0.3157894736842105,0.42105263157894735,0.5789473684210527,0.3157894736842105,0.47368421052631576,0.42105263157894735,0.3157894736842105,0.3684210526315789,0.7894736842105263,0.3157894736842105,0.3157894736842105,0.9473684210526315,0.47368421052631576,0.3157894736842105,0.7894736842105263,0.5263157894736842,0.3157894736842105,0.5789473684210527,0.9473684210526315,0.3157894736842105,0.3157894736842105,0.9473684210526315,0.8947368421052632,0.3157894736842105,0.7894736842105263,0.9473684210526315
M,0.2727272727272727,0.4090909090909091,0.22727272727272727,0.5454545454545454,0.36363636363636365,0.18181818181818182,0.6363636363636364,0.4090909090909091,0.45454545454545453,0.3181818181818182,0.6818181818181818,0.45454545454545453,0.36363636363636365,0.9545454545454546,0.4090909090909091,0.3181818181818182,1.0,0.22727272727272727,0.22727272727272727,0.8636363636363636,0.5909090909090909,0.36363636363636365,0.8181818181818182,0.8636363636363636,0.2727272727272727,0.7727272727272727,0.7727272727272727,0.22727272727272727,0.36363636363636365,0.9090909090909091,0.45454545454545453,0.4090909090909091,0.7727272727272727,0.45454545454545453,0.4090909090909091,0.5909090909090909,0.6363636363636364,0.45454545454545453,0.5,0.5909090909090909,0.6818181818181818,0.5,0.4090909090909091,0.4090909090909091,0.6363636363636364,0.6818181818181818,0.45454545454545453,0.3181818181818182,0.8636363636363636,0.4090909090909091,0.3181818181818182,0.6363636363636364,0.45454545454545453,0.3181818181818182,0.2727272727272727,1.0,0.3181818181818182,0.5454545454545454,0.4090909090909091,0.22727272727272727,0.2727272727272727,0.36363636363636365,0.36363636363636365,0.22727272727272727,0.3181818181818182,0.5,0.5,0.3181818181818182,0.2727272727272727,0.2727272727272727,0.2727272727272727,0.2727272727272727,0.3181818181818182,0.2727272727272727,0.4090909090909091,0.3181818181818182,0.5454545454545454,0.22727272727272727,0.2727272727272727,0.22727272727272727,0.5454545454545454,0.36363636363636365,0.45454545454545453,0.4090909090909091,0.22727272727272727,0.4090909090909091,0.22727272727272727,0.36363636363636365,0.6363636363636364,0.5909090909090909,0.3181818181818182,0.5454545454545454,0.3181818181818182,0.45454545454545453,0.5454545454545454,0.9545454545454546,0.4090909090909091,0.3181818181818182,0.9545454545454546,1.0,0.3181818181818182,0.5454545454545454,0.8181818181818182,0.36363636363636365,0.3181818181818182
F,0.2727272727272727,0.9545454545454546,0.22727272727272727,0.6363636363636364,0.2727272727272727,0.22727272727272727,0.9090909090909091,0.36363636363636365,0.3181818181818182,0.22727272727272727,0.5454545454545454,0.36363636363636365,0.22727272727272727,0.4090909090909091,0.3181818181818182,0.2727272727272727,0.4090909090909091,0.22727272727272727,0.2727272727272727,0.45454545454545453,0.36363636363636365,0.3181818181818182,0.45454545454545453,0.45454545454545453,0.2727272727272727,0.3181818181818182,0.45454545454545453,0.22727272727272727,0.2727272727272727,0.5454545454545454,0.4090909090909091,0.3181818181818182,0.45454545454545453,0.3181818181818182,0.3181818181818182,0.4090909090909091,0.4090909090909091,0.36363636363636365,0.4090909090909091,0.36363636363636365,0.5454545454545454,0.3181818181818182,0.2727272727272727,0.2727272727272727,0.4090909090909091,0.7727272727272727,0.4090909090909091,0.3181818181818182,0.5,0.3181818181818182,0.36363636363636365,0.4090909090909091,0.4090909090909091,0.4090909090909091,0.2727272727272727,0.36363636363636365,0.2727272727272727,0.36363636363636365,0.4090909090909091,0.22727272727272727,0.22727272727272727,0.36363636363636365,0.7272727272727273,0.22727272727272727,0.3181818181818182,0.5,0.45454545454545453,0.2727272727272727,0.2727272727272727,0.2727272727272727,0.2727272727272727,0.22727272727272727,0.2727272727272727,0.22727272727272727,0.36363636363636365,0.3181818181818182,0.4090909090909091,0.22727272727272727,0.2727272727272727,0.22727272727272727,0.36363636363636365,0.3181818181818182,0.4090909090909091,0.22727272727272727,0.2727272727272727,0.4090909090909091,0.22727272727272727,0.2727272727272727,0.45454545454545453,0.4090909090909091,0.2727272727272727,0.22727272727272727,0.8636363636363636,0.36363636363636365,0.2727272727272727,0.36363636363636365,0.2727272727272727,0.2727272727272727,0.4090909090909091,0.45454545454545453,0.2727272727272727,0.3181818181818182,0.7727272727272727,0.3181818181818182,0.2727272727272727
P,0.3,0.2,0.3,0.25,0.35,0.3,0.2,0.35,0.35,0.3,0.25,0.4,0.3,0.25,0.35,0.35,0.2,0.25,0.6,0.3,0.4,0.35,0.25,0.25,0.35,0.3,0.25,1.0,0.35,0.35,0.4,0.4,0.35,0.85,0.6,0.4,0.4,0.5,0.5,0.45,0.4,0.45,0.4,0.35,0.5,0.3,0.5,0.35,0.3,0.35,0.35,0.25,0.25,0.3,0.35,0.2,0.3,0.9,0.4,0.3,0.25,0.35,0.35,1.0,0.35,0.3,0.25,0.35,0.4,0.35,0.25,0.3,0.3,0.25,0.25,0.35,0.4,0.25,0.35,0.25,0.35,0.45,0.5,0.5,0.35,0.3,0.25,0.3,0.25,0.25,0.35,0.3,0.25,0.4,0.3,0.25,0.35,0.35,0.25,0.25,0.35,0.35,0.3,0.4,0.4
S,0.42105263157894735,0.2631578947368421,0.47368421052631576,0.3157894736842105,0.47368421052631576,0.3684210526315789,0.2631578947368421,0.47368421052631576,0.5789473684210527,0.3684210526315789,0.3157894736842105,0.5789473684210527,0.3684210526315789,0.3157894736842105,0.5263157894736842,0.631578947368421,0.2631578947368421,0.3684210526315789,0.5263157894736842,0.3157894736842105,0.7368421052631579,0.7894736842105263,0.3157894736842105,0.3157894736842105,0.631578947368421,0.3684210526315789,0.3157894736842105,0.3157894736842105,0.47368421052631576,0.42105263157894735,0.631578947368421,0.5263157894736842,0.42105263157894735,0.631578947368421,0.5789473684210527,0.5789473684210527,0.47368421052631576,0.5789473684210527,0.6842105263157895,0.5263157894736842,0.47368421052631576,0.5263157894736842,0.47368421052631576,0.631578947368421,0.5789473684210527,0.42105263157894735,0.5789473684210527,0.42105263157894735,0.42105263157894735,0.47368421052631576,0.5263157894736842,0.3157894736842105,0.2631578947368421,0.5789473684210527,0.9473684210526315,0.2631578947368421,0.47368421052631576,0.42105263157894735,0.47368421052631576,0.3684210526315789,0.3684210526315789,0.5789473684210527,0.47368421052631576,0.3684210526315789,0.5263157894736842,0.42105263157894735,0.3157894736842105,0.5263157894736842,0.5263157894736842,0.9473684210526315,0.3684210526315789,0.3684210526315789,0.42105263157894735,0.3684210526315789,0.2631578947368421,0.5263157894736842,0.5789473684210527,0.3684210526315789,0.9473684210526315,0.3684210526315789,0.5263157894736842,0.6842105263157895,0.3684210526315789,0.47368421052631576,0.42105263157894735,0.3157894736842105,0.47368421052631576,0.42105263157894735,0.3157894736842105,0.3157894736842105,0.47368421052631576,0.3684210526315789,0.3157894736842105,0.5263157894736842,0.42105263157894735,0.42105263157894735,0.5789473684210527,0.47368421052631576,0.3157894736842105,0.3157894736842105,0.5263157894736842,0.5263157894736842,0.3684210526315789,0.7894736842105263,0.42105263157894735
T,0.3333333333333333,0.2222222222222222,0.6111111111111112,0.3333333333333333,0.5,0.2777777777777778,0.2777777777777778,0.3888888888888889,0.5,0.2777777777777778,0.3333333333333333,0.4444444444444444,0.3333333333333333,0.3333333333333333,0.4444444444444444,0.4444444444444444,0.2777777777777778,0.2777777777777778,0.3333333333333333,0.3888888888888889,0.6111111111111112,0.5,0.3333333333333333,0.3333333333333333,0.3888888888888889,0.3333333333333333,0.3333333333333333,0.2777777777777778,0.3888888888888889,0.3888888888888889,0.4444444444444444,0.4444444444444444,0.3888888888888889,0.5,0.5,0.5,0.4444444444444444,0.4444444444444444,0.5,0.4444444444444444,0.5,0.5,0.4444444444444444,0.4444444444444444,0.5,0.5555555555555556,0.5555555555555556,0.3888888888888889,0.5555555555555556,0.3888888888888889,0.4444444444444444,0.3333333333333333,0.3333333333333333,0.4444444444444444,0.4444444444444444,0.2777777777777778,1.0,0.3888888888888889,0.4444444444444444,0.2777777777777778,0.2777777777777778,0.5,0.4444444444444444,0.3333333333333333,0.4444444444444444,0.4444444444444444,0.3333333333333333,0.4444444444444444,0.3888888888888889,0.5555555555555556,0.2777777777777778,0.3333333333333333,0.3333333333333333,0.2777777777777778,0.3333333333333333,0.6666666666666666,0.5555555555555556,0.2777777777777778,0.4444444444444444,0.2777777777777778,0.8888888888888888,0.6666666666666666,0.3888888888888889,0.3888888888888889,0.3333333333333333,0.3888888888888889,0.3888888888888889,0.3333333333333333,0.3333333333333333,0.3333333333333333,0.3888888888888889,0.3333333333333333,0.2777777777777778,0.6111111111111112,0.3888888888888889,0.5555555555555556,0.3888888888888889,0.5,0.3888888888888889,0.3888888888888889,0.3888888888888889,0.4444444444444444,0.3888888888888889,0.6111111111111112,0.3888888888888889
W,0.28,0.36,0.2,0.32,0.24,0.16,0.4,0.28,0.24,0.24,0.32,0.32,0.24,0.28,0.28,0.24,0.28,0.24,0.24,0.28,0.32,0.28,0.32,0.28,0.24,0.24,0.28,0.16,0.28,0.32,0.28,0.28,0.32,0.28,0.32,0.32,0.32,0.32,0.32,0.28,0.32,0.24,0.24,0.24,0.32,0.44,0.32,0.24,0.28,0.24,0.28,0.24,0.24,0.24,0.24,0.24,0.24,0.24,0.44,0.2,0.24,0.28,0.4,0.16,0.24,0.32,0.28,0.24,0.28,0.24,0.24,0.24,0.24,0.2,0.24,0.24,0.32,0.24,0.24,0.24,0.28,0.28,0.28,0.24,0.2,0.28,0.2,0.24,0.28,0.28,0.24,0.24,0.44,0.28,0.24,0.28,0.28,0.24,0.36,0.28,0.24,0.28,0.36,0.28,0.28
Y,0.23809523809523808,0.5238095238095238,0.23809523809523808,0.38095238095238093,0.2857142857142857,0.19047619047619047,0.5714285714285714,0.38095238095238093,0.3333333333333333,0.2857142857142857,0.38095238095238093,0.38095238095238093,0.2857142857142857,0.2857142857142857,0.3333333333333333,0.2857142857142857,0.2857142857142857,0.19047619047619047,0.23809523809523808,0.3333333333333333,0.3333333333333333,0.3333333333333333,0.3333333333333333,0.3333333333333333,0.2857142857142857,0.2857142857142857,0.3333333333333333,0.19047619047619047,0.23809523809523808,0.38095238095238093,0.3333333333333333,0.3333333333333333,0.38095238095238093,0.3333333333333333,0.38095238095238093,0.38095238095238093,0.38095238095238093,0.3333333333333333,0.38095238095238093,0.3333333333333333,0.38095238095238093,0.3333333333333333,0.2857142857142857,0.2857142857142857,0.38095238095238093,0.47619047619047616,0.42857142857142855,0.3333333333333333,0.3333333333333333,0.2857142857142857,0.38095238095238093,0.3333333333333333,0.2857142857142857,0.47619047619047616,0.2857142857142857,0.2857142857142857,0.2857142857142857,0.2857142857142857,0.38095238095238093,0.23809523809523808,0.2857142857142857,0.38095238095238093,0.6666666666666666,0.2857142857142857,0.2857142857142857,0.38095238095238093,0.3333333333333333,0.2857142857142857,0.2857142857142857,0.2857142857142857,0.2857142857142857,0.2857142857142857,0.2857142857142857,0.2857142857142857,0.2857142857142857,0.2857142857142857,0.38095238095238093,0.19047619047619047,0.2857142857142857,0.19047619047619047,0.3333333333333333,0.3333333333333333,0.3333333333333333,0.2857142857142857,0.23809523809523808,0.3333333333333333,0.23809523809523808,0.2857142857142857,0.3333333333333333,0.3333333333333333,0.2857142857142857,0.2857142857142857,0.7142857142857143,0.38095238095238093,0.2857142857142857,0.2857142857142857,0.3333333333333333,0.3333333333333333,0.2857142857142857,0.2857142857142857,0.2857142857142857,0.3333333333333333,0.42857142857142855,0.3333333333333333,0.3333333333333333
V,0.2631578947368421,0.3684210526315789,0.2631578947368421,0.47368421052631576,0.3684210526315789,0.21052631578947367,0.42105263157894735,0.42105263157894735,0.3684210526315789,0.2631578947368421,0.5263157894736842,0.5263157894736842,0.2631578947368421,0.5789473684210527,0.3684210526315789,0.3157894736842105,0.42105263157894735,0.21052631578947367,0.2631578947368421,0.6842105263157895,0.42105263157894735,0.3684210526315789,0.5789473684210527,0.5263157894736842,0.3157894736842105,0.3157894736842105,0.5263157894736842,0.2631578947368421,0.3157894736842105,0.631578947368421,0.3684210526315789,0.3684210526315789,0.6842105263157895,0.3684210526315789,0.42105263157894735,0.47368421052631576,0.7368421052631579,0.42105263157894735,0.47368421052631576,0.3684210526315789,0.7894736842105263,0.42105263157894735,0.3157894736842105,0.3684210526315789,0.5789473684210527,0.631578947368421,0.631578947368421,0.3684210526315789,0.5789473684210527,0.5789473684210527,0.631578947368421,0.631578947368421,0.631578947368421,0.3157894736842105,0.3157894736842105,0.42105263157894735,0.3684210526315789,0.47368421052631576,0.42105263157894735,0.2631578947368421,0.2631578947368421,0.47368421052631576,0.3684210526315789,0.3157894736842105,0.3684210526315789,0.6842105263157895,0.5789473684210527,0.3684210526315789,0.3684210526315789,0.3157894736842105,0.2631578947368421,0.2631578947368421,0.3157894736842105,0.2631578947368421,0.631578947368421,0.42105263157894735,0.47368421052631576,0.21052631578947367,0.3684210526315789,0.21052631578947367,0.7368421052631579,0.3684210526315789,0.8947368421052632,0.2631578947368421,0.3157894736842105,0.8947368421052632,0.21052631578947367,0.3157894736842105,0.5789473684210527,0.5263157894736842,0.3157894736842105,0.2631578947368421,0.3684210526315789,0.42105263157894735,0.3157894736842105,0.47368421052631576,0.3157894736842105,0.3684210526315789,0.5789473684210527,0.47368421052631576,0.3157894736842105,0.3684210526315789,0.6842105263157895,0.42105263157894735,0.3157894736842105
