,M,I,I.1,W,P,S,Y,I.2,D,K,K.1,K.2,S.1,R,R.1,E,G,R.2,K.3,V,P.1,E.1,E.2,L,A,I.3,E.3,K.4,P.2,S.2,L.1,K.5,D.1,I.4,E.4,K.6,A.1,L.2,K.7,K.8,L.3,G.1,L.4,E.5,P.3,K.9,I.5,Y.1,R.3,D.2,K.10,R.4,Y.2,P.4,R.5,Q,H,W.1,E.6,I.6,C,G.2,C.1,V.1,E.7,V.2,D.3,Y.3,K.11,G.3,N,K.12,L.5,Q.1,L.6,L.7,K.13,E.8,I.7,C.2,K.14,I.8,I.9,K.15,G.4,K.16,N.1
ASA,0.025906735751295335,0.07979274611398963,0.020207253886010364,0.18963730569948187,0.12642487046632123,0.12176165803108809,0.33108808290155445,0.1844559585492228,0.26528497409326424,0.5575129533678757,0.8538860103626942,0.3507772020725389,0.3046632124352332,0.5575129533678757,0.9388601036269429,0.5233160621761658,0.11917098445595854,0.4295336787564767,0.5119170984455959,0.05077720207253886,0.2290155440414508,0.4191709844559586,0.7761658031088082,0.30207253886010366,0.05906735751295336,0.09948186528497409,0.566321243523316,0.7176165803108808,0.039378238341968914,0.2,0.16373056994818652,0.644559585492228,0.2528497409326425,0.010880829015544042,0.3129533678756477,0.5683937823834198,0.03782383419689119,0.04766839378238342,0.6678756476683937,0.6036269430051814,0.17357512953367876,0.29637305699481864,0.09948186528497409,0.6518134715025906,0.12953367875647667,0.5046632124352332,0.2994818652849741,0.2544041450777202,0.7518134715025906,0.5471502590673576,0.33212435233160625,0.5518134715025906,0.2906735751295337,0.1849740932642487,0.6673575129533678,0.4450777202072539,0.38860103626943004,0.4854922279792746,0.6549222797927462,0.3797927461139896,0.26476683937823836,0.05492227979274611,0.10880829015544041,0.015544041450777202,0.2,0.0305699481865285,0.35699481865284977,0.2974093264248705,0.7264248704663212,0.26528497409326424,0.40103626943005183,0.24248704663212436,0.37305699481865284,0.48860103626943,0.07202072538860103,0.038860103626943004,0.4735751295336788,0.35284974093264254,0.015544041450777202,0.0844559585492228,0.605699481865285,0.2823834196891192,0.08082901554404145,0.5404145077720207,0.2984455958549223,0.6756476683937823,0.6606217616580311
HSE_alpha_up,0.861111111111111,0.6215277777777778,0.8680555555555557,0.6215277777777778,0.6597222222222223,0.5833333333333333,0.4131944444444445,0.6041666666666666,0.33333333333333337,0.34722222222222227,0.01041666666666667,0.39583333333333337,0.10069444444444445,0.47916666666666674,0.017361111111111115,0.18055555555555558,0.46875000000000006,0.36458333333333337,0.32291666666666674,0.8090277777777778,0.24305555555555558,0.5243055555555556,0.020833333333333336,0.3819444444444445,0.7604166666666667,0.7326388888888888,0.15625000000000003,0.07291666666666667,0.8402777777777778,0.21527777777777782,0.7291666666666667,0.08680555555555557,0.2951388888888889,0.9097222222222223,0.47916666666666674,0.09027777777777779,0.607638888888889,0.8020833333333334,0.09027777777777779,0.11458333333333334,0.5694444444444444,0.04166666666666668,0.75,0.09375,0.7569444444444444,0.21875000000000006,0.5520833333333334,0.5381944444444445,0.16319444444444448,0.06944444444444445,0.47569444444444453,0.2604166666666667,0.5104166666666667,0.6145833333333334,0.24652777777777782,0.2604166666666667,0.4236111111111112,0.46875000000000006,0.10763888888888891,0.32291666666666674,0.4027777777777778,0.5104166666666667,0.6250000000000001,0.888888888888889,0.45486111111111116,0.861111111111111,0.27083333333333337,0.5347222222222223,0.12152777777777778,0.09722222222222222,0.20833333333333334,0.6805555555555556,0.36111111111111116,0.12152777777777778,0.6527777777777778,0.8298611111111112,0.2777777777777778,0.23611111111111116,0.8298611111111112,0.6527777777777778,0.08680555555555557,0.30902777777777785,0.6736111111111112,0.27083333333333337,0.03125000000000001,0.11805555555555557,0.11111111111111112
HSE_alpha_down,0.6866666666666666,0.88,0.7533333333333333,0.8166666666666667,0.72,0.5866666666666666,0.5766666666666665,0.4766666666666666,0.5233333333333333,0.38333333333333336,0.46,0.21666666666666667,0.5766666666666665,0.32333333333333336,0.48000000000000004,0.44666666666666666,0.4633333333333333,0.53,0.64,0.38333333333333336,0.6933333333333332,0.41000000000000003,0.5666666666666667,0.4633333333333333,0.4066666666666667,0.5066666666666667,0.7266666666666666,0.65,0.3333333333333333,0.82,0.47,0.7133333333333333,0.6366666666666666,0.53,0.6833333333333333,0.8,0.55,0.48000000000000004,0.6199999999999999,0.5566666666666666,0.31333333333333335,0.6466666666666666,0.23,0.7433333333333333,0.3333333333333333,0.7,0.4933333333333333,0.41333333333333333,0.48666666666666664,0.49000000000000005,0.31666666666666665,0.6533333333333332,0.5266666666666666,0.43666666666666665,0.51,0.4533333333333333,0.44333333333333336,0.41000000000000003,0.5466666666666666,0.5066666666666667,0.64,0.6733333333333333,0.8066666666666666,0.69,0.8733333333333333,0.4933333333333333,0.7099999999999999,0.39666666666666667,0.4766666666666666,0.45,0.5133333333333333,0.3766666666666667,0.55,0.7066666666666667,0.5766666666666665,0.6,0.74,0.75,0.5866666666666666,0.5633333333333332,0.7,0.5566666666666666,0.38,0.44000000000000006,0.41333333333333333,0.26333333333333336,0.21000000000000002
P(C),0.044000000000000004,0.037000000000000005,0.146,0.409,0.537,0.534,0.542,0.519,0.745,0.951,0.978,0.982,0.792,0.23199999999999998,0.265,0.262,0.927,0.746,0.379,0.46299999999999997,0.598,0.098,0.11900000000000001,0.11599999999999999,0.6659999999999999,0.7809999999999999,0.835,0.965,0.9620000000000001,0.685,0.012,0.003,0.002,0.001,0.0,0.001,0.0,0.001,0.003,0.028999999999999998,0.752,1.0,0.998,0.995,0.96,0.41100000000000003,0.4,0.674,0.8690000000000001,0.889,0.8740000000000001,0.738,0.903,0.9309999999999999,0.9179999999999999,0.8809999999999999,0.7170000000000001,0.695,0.659,0.757,0.8370000000000001,0.608,0.312,0.044000000000000004,0.035,0.23399999999999999,0.617,0.884,0.943,0.973,0.977,0.048,0.023,0.01,0.004,0.001,0.001,0.001,0.001,0.001,0.001,0.002,0.01,0.11199999999999999,0.45899999999999996,0.762,0.998
P(H),0.001,0.0,0.002,0.008,0.046,0.10800000000000001,0.096,0.040999999999999995,0.018000000000000002,0.024,0.01,0.0,0.005,0.7659999999999999,0.727,0.708,0.019,0.008,0.004,0.001,0.001,0.902,0.88,0.883,0.18100000000000002,0.004,0.006,0.001,0.001,0.001,0.988,0.997,0.998,0.9990000000000001,1.0,0.9990000000000001,1.0,0.9990000000000001,0.997,0.971,0.248,0.0,0.0,0.0,0.002,0.005,0.005,0.018000000000000002,0.047,0.063,0.016,0.008,0.001,0.052000000000000005,0.07400000000000001,0.106,0.272,0.293,0.32299999999999995,0.192,0.031,0.016,0.005,0.0,0.0,0.003,0.013000000000000001,0.016,0.037000000000000005,0.025,0.019,0.9520000000000001,0.977,0.99,0.996,0.9990000000000001,0.9990000000000001,0.9990000000000001,0.9990000000000001,0.9990000000000001,0.9990000000000001,0.998,0.99,0.888,0.54,0.23199999999999998,0.002
P(E),0.955,0.963,0.852,0.583,0.41700000000000004,0.359,0.36200000000000004,0.44,0.237,0.025,0.012,0.018000000000000002,0.204,0.002,0.008,0.03,0.054000000000000006,0.24600000000000002,0.617,0.536,0.401,0.0,0.001,0.001,0.153,0.214,0.158,0.034,0.036000000000000004,0.314,0.0,0.0,0.0,0.0,0.0,0.0,0.0,0.0,0.0,0.0,0.0,0.0,0.002,0.005,0.038,0.584,0.595,0.308,0.084,0.048,0.11,0.254,0.095,0.016,0.008,0.013000000000000001,0.01,0.012,0.018000000000000002,0.051,0.132,0.375,0.682,0.956,0.9640000000000001,0.763,0.37,0.1,0.02,0.002,0.004,0.0,0.0,0.0,0.0,0.0,0.0,0.0,0.0,0.0,0.0,0.0,0.0,0.0,0.001,0.006,0.0
cosPhi,0.2004956822726301,0.2982384806433434,0.31513838080526735,0.2894928957928094,0.6141983539711813,0.4140509002399327,0.45209399370401687,0.43129382078357165,0.4434149392197839,0.6693939386711129,0.5505486924093993,0.5314150896089459,0.6005613706224868,0.7355333871629214,0.6969969633554952,0.5061273866469835,0.4269744183417037,0.43821561371977735,0.547943322858231,0.3388797977419302,0.6848989357569805,0.7363028577006673,0.68083769061506,0.4607876465053367,0.5894231019812939,0.40033097120955796,0.6520408614781908,0.7796255435948928,0.6056849994662791,0.44862047195545174,0.7477572369044486,0.7199964517177903,0.695391512897,0.718427702435538,0.7332206804241175,0.7121262844859011,0.7113356744818092,0.7176423286314937,0.7065785810119801,0.6759460472438619,0.48954705758988787,0.5902815990833643,0.41061421458095393,0.5661493210865951,0.5782388095994656,0.2761307599468024,0.4886745681880856,0.34301657173790734,0.6751288831786288,0.5670142509421843,0.4755928619305796,0.2668166361381305,0.45556985123312194,0.6734929572906708,0.6336428325290003,0.4982732674439567,0.6437042798593433,0.676762675403758,0.6158969340457359,0.32164300250343236,0.620984119927696,0.1272667491389198,0.3102834985169228,0.25913283253478253,0.40033097120955796,0.3413604097190967,0.4607876465053367,0.37566907457286913,0.6005613706224868,0.5687434957786762,0.35884266185341096,0.7176423286314937,0.7339922961774313,0.7073730170723452,0.7129162483733791,0.7277996115828255,0.7223445440017585,0.7065785810119801,0.7097525257590848,0.7239065566154455,0.7073730170723452,0.6929788797867084,0.6824638584235515,0.688946101549978,0.6260580405836295,0.51049025897236,0.5531526766541568
cosPsi,0.11252775564791012,0.1949274180493662,0.21249737397836072,0.1963120801383566,0.13731281449385618,0.2167968815375837,0.41919808944831954,0.40202692787874117,0.452077123739888,0.9695471260473546,0.9976136999909155,0.10332332985438247,0.03135900525405422,0.919335283972712,0.9334483744678014,0.9987820251299121,0.8560130229954983,0.1307723296870582,0.18128800512565513,0.14768289501820264,0.08305708896641595,0.9179036806841352,0.9535220071457324,0.9988421394178026,0.09703585887574218,0.13911988595081892,0.10545795758265475,0.8422735529643444,0.10815327133708014,0.030153689607045786,0.895611766483745,0.8891215742630105,0.8852566213878945,0.8608801140491811,0.8738990452492659,0.8841417617967617,0.8614835729547841,0.8727379998414311,0.8972073102677091,0.9179036806841352,0.9998507448905916,0.9840738201890538,0.10068224497635353,0.20822939432194132,0.1249444651847702,0.13972444415983476,0.2018875625171922,0.3322742151248725,0.9360346362160603,0.9973514085585871,0.11753929954078413,0.08793690568899215,0.2784644045879102,0.9680297678694866,0.9834116943022297,0.6403333544603939,0.9609315757942503,0.9512926421749304,0.9710287263936483,0.27768241040753616,0.128427587261303,0.0029245180138423033,0.12379254555213776,0.15900081996875082,0.2146432161577842,0.1833095636862248,0.5574685752464333,0.10068224497635353,0.28553243329842715,0.9906463319961226,0.2269490194927855,0.9235609606910686,0.883022221559489,0.8869201048632531,0.8626871855061438,0.8668649322514382,0.8784975278258782,0.8784975278258782,0.8596699001693255,0.8744778603945011,0.8880232035332729,0.883022221559489,0.8869201048632531,0.9120630943110078,0.9716113289738004,0.996585324769243,0.6302522543213241
cosTheta,0.25447524799775784,0.4047170013176695,0.4215110904408769,0.4013787159510809,0.539881010888458,0.5167301973104895,0.5795584402177582,0.5578409357048516,0.6032791373654118,0.8488361620550154,0.8739485998411425,0.43166819892180996,0.3930634505617824,0.9087993080090907,0.9301293236592418,0.8237865529181283,0.5345183867343937,0.43506709721630926,0.5202769407845729,0.3765655597974294,0.4955674527578723,0.9165534429811213,0.9553562761107116,0.8199391656128652,0.5096533547226934,0.41309280684818456,0.5850150102861038,0.8180161587430363,0.44017767314998274,0.3108703076243731,0.9340093526869548,0.9378898310371274,0.9126760208639183,0.9010481990234351,0.9223708026728603,0.939830223932583,0.9049233516531612,0.9068612323168345,0.9340093526869548,0.9378898310371274,0.8836212240709659,0.9049233516531612,0.35377376770866953,0.5686776346567634,0.4694082904930408,0.36349735341487505,0.506123341838074,0.5363046061258069,0.8103288464813133,0.8372662154221425,0.4763511981449454,0.32976318810880484,0.5488449032894308,0.8662157802372183,0.8739485998411425,0.6179713302522224,0.8141715478580285,0.8991109388617687,0.8662157802372183,0.4659459810459633,0.5488449032894308,0.24120040408225918,0.347328907965307,0.3361237205114367,0.47983171175263367,0.4063887335150226,0.6364329862307216,0.4063887335150226,0.6364329862307216,0.6830204623708936,0.47461319834689514,0.9126760208639183,0.9243102260139275,0.9243102260139275,0.9010481990234351,0.9126760208639183,0.9262497912309176,0.9223708026728603,0.9010481990234351,0.9087993080090907,0.9262497912309176,0.9068612323168345,0.8836212240709659,0.8894280356141758,0.8681485215955314,0.7377424460445909,0.6624491930516181
cosTau,0.0054920683190415875,0.04501936456172839,0.02447174185242318,0.010745507449110792,0.20540182132332907,0.048332353568349584,0.017263684560387516,0.00022006994030798754,7.615433562091489e-07,0.02556199417775179,0.7875026260216393,0.40202692787874117,0.2614206198701957,0.3504796038719566,0.7795964517353734,0.818039110138882,0.38667434628157255,4.873799534788059e-05,0.22841277502466462,0.0364080727166064,0.3380412909009253,0.24849002668488246,0.7642191673611736,0.8193839087577989,0.41059889244182524,0.21895831107393465,0.3030290452045244,0.9934278582034036,0.0364080727166064,0.09755310132204292,0.3504796038719566,0.7931861783678946,0.8220618148806933,0.8133019056822303,0.8029942001328555,0.8220618148806933,0.8200548497424778,0.816690436313775,0.8112573183188098,0.818039110138882,0.820724815784579,0.3529798373838481,0.11641742409235029,0.2507561301230849,0.1489234735024188,0.021593207971196293,0.129597701856625,0.017952297882945,0.07643903930893142,0.909576022144496,0.3705904774487396,0.02611579499520711,0.1826347433988661,0.08450776536283594,0.6799984040600257,0.6644333233692916,0.22914589485863013,0.7575190374550271,0.7693853925034315,0.7924788374936077,0.16673376487527364,0.6969709547954757,0.33969350470716186,0.035433714232971814,0.06396536378393974,0.03227798458506631,0.04252016607508757,0.011477212782368185,0.3054380249298968,0.9813458732132394,0.9851478631379982,0.07877380149642615,0.77085410514137,0.8146601955249188,0.8160146513324255,0.8133019056822303,0.8085179375703744,0.820724815784579,0.8247240241650918,0.8126213281678527,0.818039110138882,0.8240599505315654,0.8286876228970479,0.8029942001328555,0.8146601955249188,0.7642191673611736,0.047958725169610805
sinPhi,0.09963431452563326,0.04252016607508757,0.035433714232971925,0.046477992854267514,0.01321054856341991,0.007445336922613011,0.0023019008164105736,0.004745268380845602,0.0032140721617062162,0.029559615522887217,0.0025596455856058964,0.0009866357858642205,0.010212375200328028,0.05893656699116612,0.04043233037238281,3.731516977401039e-05,0.9946361664814942,0.0038340310572556047,0.0023019008164105736,0.026675369942151805,0.035433714232971925,0.05934827396750392,0.033838099392243914,0.0015413331334360736,0.008057481033229175,0.010037647689585205,0.023669259373206908,0.9145187862775208,0.011292052856952006,0.002648591441412884,0.0656842427809044,0.05098621211969223,0.03974757327377981,0.05022111052240985,0.05770951239245803,0.04721560049443019,0.046846106481674976,0.04984061429890324,0.044658169596911546,0.03197023213051342,0.00010965826257719469,0.991785735406693,0.008057481033229175,0.004392229874229214,0.006155829702431115,0.052922881580315884,0.00012869533865078608,0.025287261179048004,0.031663905375801216,0.004508400142581803,0.0005969313292830125,0.05770951239245803,0.001979467294615178,0.031055532694051202,0.018184773395688525,3.046171104803541e-06,0.021088752577342607,0.03227798458506631,0.013612060895301814,0.0328977628394852,0.014852136862001819,0.8332662351247264,0.037395140807108984,0.06184665997806815,0.010037647689585205,0.025838172396900394,0.0015413331334360736,0.015708419435684406,0.010212375200328028,0.9952547316191545,0.020343012729971188,0.04984061429890324,0.05811718495565327,0.04501936456172839,0.04758647376699021,0.054893597694436747,0.05214411988029355,0.044658169596911546,0.0461112607335456,0.05292288158031594,0.04501936456172839,0.03873095527187681,0.034472092068735805,0.03706470759500258,0.016145414759014376,0.00010965826257719469,0.0028310279333976784
sinPsi,0.8160111484665789,0.8961428443964707,0.909073127604169,0.8972053532151244,0.8441743211646902,0.912061420095176,0.9934277330775108,0.9903071447361925,0.9976980553580902,0.3281573618526821,0.4511981017730945,0.804376990141964,0.6742798224477582,0.22766577843218994,0.2507418653961296,0.46511157967190914,0.8510736911688289,0.8371480933410621,0.8852544368081715,0.8547826035515176,0.77596422735816,0.22547384520958733,0.28946856588634395,0.4659821877863924,0.7960027056036658,0.8460686563182557,0.8071389282701457,0.8644817336505399,0.8105702836875792,0.6710038080793906,0.19422113911209532,0.18600297391906764,0.1812724178068509,0.15391230485135973,0.16802105406941165,0.179929537372332,0.15454269824985842,0.16671790046075807,0.19629677886036828,0.22547384520958733,0.48777415892843323,0.6251828660832429,0.8009037210879061,0.9060399745909743,0.8306527085488512,0.8466979955026126,0.9014068605332349,0.9710281748144841,0.25529459607563854,0.5513877275032675,0.8220584271457678,0.7831989909033609,0.948242229803073,0.3240663070557237,0.37226516992268355,0.9799022633574792,0.30622899843699536,0.28473083396678467,0.3322615024069108,0.9478548873566524,0.8345621534962966,0.4459897746410888,0.8293414809826015,0.8656742934539312,0.9105729020119164,0.8869179519543096,0.9966863197128023,0.8009037210879061,0.9516667262401688,0.403727664625321,0.9188578134873049,0.23428613222205524,0.17859055677940103,0.18329401485553123,0.15580664000492522,0.16026336057017543,0.17327395840773047,0.17327395840773047,0.1526546826138639,0.1686741487215853,0.18464657320430192,0.17859055677940103,0.18329401485553123,0.2167819702662545,0.33390675266323094,0.5583269597716616,0.9827359867592504
sinTheta,0.5409879278671232,0.7280863039184416,0.7451771319648237,0.7246065349350373,0.8474307876624276,0.829800904532593,0.875150502392571,0.8603621558129537,0.8902663119209465,0.9882082232876549,0.9925698063506283,0.7551837204432053,0.7158177978668194,0.9969554520633992,0.9986886285501071,0.9828475535950054,0.8434442743888791,0.7584776865104572,0.8325731485601447,0.6978598356108399,0.8127125658995792,0.9976688759636501,0.999809669375914,0.9819343277801608,0.8241912969167035,0.7366960407697618,0.8787225679514913,0.9814688748288584,0.7633795316060416,0.6190376209849523,0.998926497261828,0.9991405873634641,0.9973240435558707,0.996147010078507,0.9981415671795318,0.9992387146089877,0.996563105977407,0.9967622480525883,0.998926497261828,0.9991405873634641,0.9939808173250168,0.996563105977407,0.6718753348214779,0.8678561453083804,0.790264165936946,0.683131223159159,0.8213540016796638,0.8447785885918057,0.979548162690297,0.9858580598076409,0.7963678479511973,0.6429589956585656,0.8539652598183477,0.991334337401626,0.9925698063506283,0.899097296832941,0.9805202959277427,0.9959300575222886,0.991334337401626,0.7871804520840174,0.8539652598183477,0.5210484310516869,0.6642723650936103,0.6507777720350595,0.7993877417410806,0.7298185116099704,0.9096281906363031,0.7298185116099704,0.9096281906363031,0.9334671163501219,0.7948499073100043,0.9973240435558707,0.9982872470079852,0.9982872470079852,0.996147010078507,0.9973240435558707,0.9984269841266571,0.9981415671795318,0.996147010078507,0.9969554520633992,0.9984269841266571,0.9967622480525883,0.9939808173250168,0.9947562756508778,0.9916520893311621,0.9566197749545918,0.9234177768998862
sinTau,0.42609529443519456,0.2926533786718804,0.3454915028125263,0.39689790730168517,0.09600505805098469,0.28553243329842704,0.36974774567867574,0.5148331220425554,0.4991273358170508,0.3421754815264487,0.9090748587125117,0.9903073292733064,0.06059144366901731,0.022879835741861587,0.9145187862775208,0.88581229169386,0.013012016360474221,0.5069810901695727,0.08019006773279347,0.3126967032920439,0.026957320586227407,0.06786259902314767,0.9244858438145707,0.8846997775234475,0.9919425189667708,0.08645971286271914,0.04043233037238281,0.5808019105516806,0.3126967032920439,0.20329055669814927,0.022879835741861587,0.905020820222898,0.8824607004592159,0.8896689824657371,0.8977367404274479,0.8824607004592159,0.8841417617967617,0.8869201048632531,0.891304078426207,0.88581229169386,0.8835825759076498,0.022103492600834884,0.820724815784579,0.06655162553219857,0.14398697700450175,0.3546489032008738,0.16413970533850492,0.36722194125659546,0.2343007102409586,0.786788218175523,0.9829629131445342,0.34052034535096504,0.11363321325132458,0.22185219224984748,0.9664767674127446,0.9721881851187405,0.9202833017478422,0.9285836503510562,0.9212261985035738,0.9055319094946633,0.12726200015856898,0.9595676696276172,0.02639486112698558,0.3151266213630855,0.25530877412557673,0.3232625781103715,0.29822735182380494,0.6065151931374884,0.039407297217139425,0.6353002229879319,0.6209609477998339,0.23061460749656854,0.9202833017478421,0.8885729807284855,0.8874722443520897,0.8896689824657371,0.8934675109806687,0.8835825759076498,0.8802029828000155,0.8902152036691648,0.88581229169386,0.8807691537683684,0.8767816961508189,0.8977367404274479,0.8885729807284855,0.9244858438145707,0.2863210683064037
hhm0,0.49165415525920686,0.4276251876711119,0.8831581736288968,0.8831581736288968,0.554799964673673,0.19994701050958225,0.6919544290382407,0.8004945685772321,0.6330477788571933,0.16523889428596658,0.31996820630574935,0.46409962024198526,0.5038417380552856,0.513114898878389,0.17981100415084342,0.41331802525832373,0.7747946657246312,0.8831581736288968,0.584474079307604,0.6466484147310783,0.2911772498454473,0.37375253907974915,0.32844652477258673,0.3506137949306721,0.06332244104919191,0.46701404221496073,0.43221761017398214,0.4229444493508787,0.7399099178662898,0.6377285171774264,0.18449174247107655,0.3720745385498543,0.5132915305131149,0.8831581736288968,0.1637375253907975,0.37596043451382144,0.06570696811798993,0.17362889693544112,0.30071535812063943,0.21522564691336216,0.30177514792899407,0.705290117460037,0.5005740528128587,0.4217080279077982,0.29956725249492183,0.30831051841384793,0.38046454119932877,0.6429391504018369,0.3340987370838117,0.5288351143689834,0.32138125938355555,0.2699814536783538,0.6205069327916629,0.8831581736288968,0.2946215667226,0.4138479201625011,0.4701050958226618,0.39865759957608404,0.27969619358827164,0.4107568665547999,0.47284288616091136,0.5094939503665106,0.4369866643115782,0.5941005034001589,0.48511878477435305,0.48158615207983746,0.3972445464982778,0.4850304689569902,0.48167446789720036,0.38231917336394944,0.4943919455974564,0.7788571933233241,0.4091671818422679,0.29656451470458356,0.5525037534222379,0.4609202508169213,0.4417557184491742,0.2647708204539433,0.4696635167358474,0.07392033913273867,0.2598251346816215,0.39927581029762427,0.7308133886779121,0.37013159056787065,0.2805793517619005,0.3904442285613353,0.8831581736288968
hhm1,0.5729778212654926,0.16837899543378995,0.6299739073711677,0.5790932811480758,0.5715916503587737,0.2513861709067189,0.8153946510110894,0.8153946510110894,0.8153946510110894,0.5778701891715591,0.6657697325505545,0.5242172211350294,0.8153946510110894,0.6023320287018917,0.6112198303979126,0.7464938030006524,0.5040769732550554,0.8153946510110894,0.646689497716895,0.7098010437051534,0.5900195694716243,0.8153946510110894,0.8153946510110894,0.634703196347032,0.21624266144814092,0.2992498369210699,0.8153946510110894,0.58235485975212,0.7262720156555774,0.8153946510110894,0.3241193737769081,0.7942759295499021,0.8153946510110894,0.6482387475538162,0.5589530332681018,0.7234996738421396,0.3573874755381605,0.1784898891063275,0.6566373124592303,0.8153946510110894,0.4882583170254403,0.8153946510110894,0.629484670580561,0.8153946510110894,0.2717710371819961,0.7004240052185259,0.7564416177429876,0.8153946510110894,0.6487279843444227,0.7339367253750816,0.6126875407697325,0.36179060665362034,0.8153946510110894,0.5257664709719505,0.5918949771689498,0.49714611872146125,0.6544357469015003,0.705805609915199,0.7642694063926941,0.5772994129158513,0.5257664709719505,0.8153946510110894,0.398891063274625,0.6591650358773646,0.8153946510110894,0.8153946510110894,0.6206784083496413,0.6401663405088063,0.7433953033268101,0.8153946510110894,0.6566373124592303,0.8153946510110894,0.7321428571428572,0.8153946510110894,0.8153946510110894,0.6808545335942596,0.4923352902804958,0.5137801696020874,0.8153946510110894,0.3073222439660796,0.8153946510110894,0.7217873450750163,0.7217873450750163,0.5573222439660797,0.8153946510110894,0.8153946510110894,0.8153946510110894
hhm2,0.8617718028266115,0.8617718028266115,0.8617718028266115,0.8617718028266115,0.8617718028266115,0.4653567735263702,0.8617718028266115,0.8617718028266115,0.059031368493622886,0.8617718028266115,0.41735608410892794,0.6605480868665976,0.5458462599103756,0.8617718028266115,0.493622888659083,0.3271285763529817,0.8617718028266115,0.8617718028266115,0.8617718028266115,0.8617718028266115,0.5630816959669079,0.8273009307135469,0.2811961392623233,0.3889176146156497,0.8617718028266115,0.763702171664943,0.27731816614960353,0.2683557394002068,0.8617718028266115,0.46966563254050325,0.5057738710789382,0.2823164426059979,0.23629782833505686,0.8617718028266115,0.6593416063426404,0.16175456739055497,0.8617718028266115,0.8617718028266115,0.4821613236814891,0.43950361944157185,0.7026025508445364,0.4466563254050327,0.8617718028266115,0.32824887969665634,0.5771285763529816,0.561013443640124,0.5673043778007583,0.4052051016890727,0.45294725956566695,0.16692519820751464,0.8617718028266115,0.8617718028266115,0.7265598069631161,0.6863150637711134,0.6738193726301275,0.19812133746983795,0.16330575663564287,0.5713547052740433,0.35099965529127886,0.4661323681489142,0.6972595656670113,0.7508617718028265,0.8617718028266115,0.8617718028266115,0.6158221302998965,0.8617718028266115,0.301620130989314,0.5263702171664942,0.31463288521199584,0.2834367459496725,0.29662185453291967,0.5540330920372285,0.5375732506032402,0.28662530162013095,0.8617718028266115,0.8617718028266115,0.45492933471216823,0.47113064460530846,0.8617718028266115,0.711823509134781,0.36211651154774216,0.640382626680455,0.8617718028266115,0.7718028266115131,0.3784901758014477,0.8617718028266115,0.8617718028266115
hhm3,0.633677738877978,0.853898044573478,0.853898044573478,0.853898044573478,0.67739731876014,0.415421398684997,0.41926393988557764,0.6047305951669371,0.566902911792332,0.5360771923832295,0.37033558193151733,0.6014003927931005,0.7687644095295022,0.5593032191956281,0.4616172828964221,0.11459311758176075,0.45384681069080346,0.853898044573478,0.5829561950303134,0.853898044573478,0.63393390829135,0.5909828366493041,0.15088378447613354,0.45828708052258554,0.853898044573478,0.6888395525574246,0.13841687302536076,0.354282298693536,0.853898044573478,0.5476902057894287,0.6942191102382375,0.2415677568098369,0.06455469216975493,0.853898044573478,0.2927162496797882,0.21902484843309708,0.6929382631713773,0.853898044573478,0.28298181197165057,0.33489881308171804,0.5096917428059089,0.4845871402954487,0.853898044573478,0.23268721714627275,0.6193322517291435,0.22167193237127486,0.33848518486892665,0.056869609768593635,0.22952779438135085,0.23721287678251216,0.4177269234053454,0.459140978567159,0.853898044573478,0.6954999573050977,0.6265049953035607,0.19024848433097089,0.3543676884979933,0.459140978567159,0.17948936896934506,0.372470327042951,0.3539407394757066,0.853898044573478,0.853898044573478,0.853898044573478,0.515583639313466,0.853898044573478,0.21953718725984117,0.853898044573478,0.3771667662881052,0.2546323968918111,0.4054307915634873,0.6020835112287592,0.34864657159935103,0.2315771496883272,0.853898044573478,0.7278626931944326,0.3413030484160191,0.2974126889249423,0.853898044573478,0.4435146443514644,0.16147212022884466,0.2685509350183588,0.853898044573478,0.4509435573392537,0.20894885150713005,0.853898044573478,0.853898044573478
hhm4,0.2460781041388518,0.578855140186916,0.4254005340453939,0.49015353805073436,0.8344459279038718,0.6604639519359146,0.5648364485981309,0.10180240320427236,0.684913217623498,0.8344459279038718,0.7523364485981309,0.6212449933244326,0.6703938584779707,0.5764352469959947,0.5292890520694259,0.7302236315086783,0.6434412550066756,0.8344459279038718,0.8344459279038718,0.5700934579439253,0.8344459279038718,0.5429739652870494,0.8344459279038718,0.4247329773030708,0.8344459279038718,0.6443591455273698,0.4863150867823765,0.5657543391188251,0.45318758344459287,0.5787716955941256,0.4768024032042724,0.48523030707610154,0.7267189586114821,0.8344459279038718,0.4637016021361816,0.679739652870494,0.7338117489986649,0.6454439252336449,0.6126502002670227,0.480807743658211,0.44584445927903876,0.6927570093457945,0.24349132176234983,0.6402703604806409,0.3055740987983979,0.4387516688918559,0.27686915887850466,0.5228638184245662,0.6169893190921228,0.7533377837116156,0.7700267022696929,0.535130173564753,0.39644526034712957,0.8344459279038718,0.8344459279038718,0.42598464619492654,0.3101635514018692,0.24415887850467294,0.5136849132176236,0.40103471295060084,0.5342122830440588,0.8344459279038718,0.6022196261682243,0.36181575433911883,0.6777369826435248,0.5029205607476636,0.5342122830440588,0.41238317757009346,0.3523865153538051,0.5045894526034713,0.7764519359145527,0.8344459279038718,0.6049732977303071,0.543307743658211,0.4567757009345795,0.34304072096128174,0.5991321762349799,0.5606642189586115,0.8344459279038718,0.6492823765020027,0.6052236315086782,0.49866488651535384,0.6411882510013351,0.6840787716955942,0.8344459279038718,0.8344459279038718,0.8344459279038718
hhm5,0.8776549060909251,0.8776549060909251,0.8776549060909251,0.8776549060909251,0.8776549060909251,0.5340530103563279,0.8776549060909251,0.8776549060909251,0.7493417588204319,0.5685448481657013,0.4295243110408987,0.8776549060909251,0.49798139371599087,0.8776549060909251,0.38766017202036157,0.3504476040021064,0.009829734948218361,0.8776549060909251,0.531332280147446,0.8776549060909251,0.3660698613305249,0.8101632438125329,0.43601895734597157,0.79884149552396,0.36255924170616116,0.8071792171318237,0.8418465859224153,0.4511146217307355,0.8776549060909251,0.5925925925925927,0.619624363700193,0.5265051781639459,0.6020712655783745,0.8776549060909251,0.47446024223275407,0.541688608039319,0.5143057749692821,0.7967351237493419,0.42575039494470773,0.5009654203967,0.6249780586273477,0.06836931718448307,0.826399859575215,0.542654028436019,0.567403896787783,0.43751097068632616,0.7023872213445673,0.6956292785676672,0.4592768123573811,0.38028787080919785,0.5081621906266456,0.49078462348604535,0.8776549060909251,0.8776549060909251,0.4357556608741443,0.5981218185009655,0.5636299806915921,0.4450588028787081,0.3703703703703704,0.5669650693347376,0.4036334913112164,0.01263823064770932,0.8776549060909251,0.8776549060909251,0.5193961734246094,0.8776549060909251,0.5781990521327015,0.4184658592241531,0.5330875899596279,0.2555731086536774,0.28980164999122343,0.6779006494646305,0.35913638757240657,0.5444093382482008,0.8776549060909251,0.8776549060909251,0.6580656485869757,0.4792873442162542,0.8776549060909251,0.25048271019835,0.4605055292259084,0.48797612778655436,0.8776549060909251,0.39705107951553453,0.3878357030015798,0.29629629629629634,0.8776549060909251
hhm6,0.7005397995030417,0.556593265358581,0.8568246080027418,0.8568246080027418,0.8568246080027418,0.6158855282323709,0.4797360980207351,0.8568246080027418,0.8568246080027418,0.5461400051409476,0.7276154571159283,0.6174278125267758,0.7097078228086711,0.4068203238797018,0.5794704823922543,0.560620341016194,0.8568246080027418,0.8568246080027418,0.7291577414103333,0.8568246080027418,0.6804901036757776,0.6624111044469198,0.6240253620083969,0.4068203238797018,0.8568246080027418,0.8568246080027418,0.8037014823065718,0.5570216776625825,0.8568246080027418,0.4888184388655642,0.4761374346671236,0.5592494216433895,0.487190472110359,0.8568246080027418,0.5840116528146688,0.5076685802416245,0.6875160654614,0.8568246080027418,0.5514523177105646,0.40836260817410674,0.7279581869591295,0.5433981663953389,0.7743123982520778,0.4949018935823837,0.36920572358838144,0.5956644674835061,0.4029646131436895,0.5122097506640391,0.52814668837289,0.358752463370748,0.5154656841744495,0.3863422157484363,0.10204781081312655,0.6690943363893411,0.8568246080027418,0.4352669008653928,0.4880472967183617,0.4819638420015423,0.5695313169394225,0.4141033330477251,0.6619826921429183,0.8568246080027418,0.8568246080027418,0.8568246080027418,0.7174192442806958,0.8568246080027418,0.5526518721617685,0.8183531831034186,0.688458572530203,0.4062205466540999,0.614685973781167,0.7240167937623169,0.42164338959814923,0.35978065290035127,0.7154485476822894,0.8568246080027418,0.5071544854768228,0.4086196555565076,0.8568246080027418,0.655299460200497,0.5703881415474252,0.43912261160140514,0.8568246080027418,0.6333647502356268,0.8568246080027418,0.30125953217376406,0.8568246080027418
hhm7,0.13540654356980888,0.1852121801101393,0.08365727243278265,0.8098477486232589,0.8098477486232589,0.22287010042112085,0.8098477486232589,0.1467444120505345,0.5133624878522838,0.4645286686103013,0.8098477486232589,0.35171687722708134,0.8098477486232589,0.30458373825720764,0.7652251376741173,0.8098477486232589,0.8098477486232589,0.5722384191771948,0.4151279559442825,0.1432620667314545,0.7500000000000001,0.3762552640103661,0.5898121153223194,0.3703433754454163,0.8098477486232589,0.24586977648202138,0.5357142857142857,0.8098477486232589,0.42678976352445747,0.4806446388079042,0.2551830255911889,0.4507612568837059,0.5089083252348559,0.0481859410430839,0.34232264334305157,0.5113378684807256,0.2901684483317137,0.4098639455782313,0.46590540978296086,0.4467120181405896,0.3655652737285391,0.8098477486232589,0.22440881114350505,0.5044541626174279,0.3421606737933269,0.28304178814382897,0.19403952057013285,0.39455782312925175,0.3803045027534824,0.6192905733722062,0.7086977648202138,0.37763200518302564,0.8098477486232589,0.7124230644638809,0.8098477486232589,0.4335924846128928,0.4345643019112407,0.5327178490443797,0.5362811791383221,0.3549562682215744,0.5779883381924199,0.8098477486232589,0.4950599287333981,0.1633462908973113,0.3015873015873016,0.20424360220278587,0.7210884353741497,0.3034499514091351,0.43367346938775514,0.40500485908649175,0.6340298023971495,0.5711046323291222,0.4722222222222222,0.49271137026239076,0.26352445740200847,0.19727891156462588,0.31195335276967934,0.4043569808875932,0.08341431810819568,0.8098477486232589,0.5481049562682215,0.34305150631681247,0.0938613540654357,0.4696307094266278,0.6431000971817299,0.4062196307094267,0.8098477486232589
hhm8,0.6025241901556584,0.672444257467396,0.8413967185527977,0.8413967185527977,0.8413967185527977,0.8413967185527977,0.5958771560790914,0.8413967185527977,0.8413967185527977,0.23718973496003368,0.16255784602440052,0.14631888935633153,0.3664282709297434,0.3215818258308793,0.22330668910391255,0.3177114009255364,0.7245267143458141,0.8413967185527977,0.1825830879259571,0.8413967185527977,0.4157341186369373,0.09777029869583509,0.2687421119057636,0.1928481278923012,0.7029869583508626,0.4635254522507362,0.24047118216238958,0.28169962137147664,0.8413967185527977,0.27639882204459404,0.5832562053007995,0.23693731594446785,0.447202355910812,0.8413967185527977,0.3173748422381153,0.2438367690366008,0.6879259570887674,0.8413967185527977,0.19772822885990746,0.24173327724021879,0.6409760201935213,0.2738746318889357,0.6700042069835929,0.2503996634413126,0.6179217501051747,0.2616743794699201,0.5204038704249054,0.4281026503996635,0.2924694993689525,0.33706352545225077,0.042658813630626846,0.28254101809002946,0.5745898190997055,0.6181741691207405,0.18047959612957512,0.37534707614640306,0.5639882204459403,0.6265039966344133,0.3372318047959613,0.27050904501472445,0.3245267143458141,0.5191417753470762,0.6121161127471604,0.7413546487168701,0.22288599074463614,0.8413967185527977,0.3018931426167438,0.20689945309213298,0.10837189734960034,0.2935633151030711,0.2912074042911233,0.03483382414808583,0.19781236853176276,0.24467816575515358,0.8413967185527977,0.8413967185527977,0.14488851493479177,0.1855279764408919,0.8413967185527977,0.6582246529238537,0.2379469920067312,0.2379469920067312,0.8413967185527977,0.14034497265460666,0.18435002103491796,0.13285654185948678,0.8413967185527977
hhm9,0.2920062424137333,0.4928038841685452,0.15970175134385295,0.8670019074041964,0.3709034159875152,0.39413906710594765,0.8670019074041964,0.18805271371597018,0.6431420149124328,0.4793653546037801,0.5283509623721173,0.21883128142881916,0.749176348187966,0.307438876365528,0.5777700710941565,0.3914513611929946,0.7228194902028785,0.8670019074041964,0.5018207040055488,0.2469221432287151,0.6160048552106815,0.29963585919889024,0.8092595803710768,0.16525056355123982,0.8670019074041964,0.4161609155540142,0.4941043870296514,0.5805444771978499,0.5628576382868042,0.2190913820010404,0.19100052020114444,0.44425177735391014,0.6271024796254552,0.21440957170105773,0.3324085312987689,0.4108722039188486,0.5720478585052887,0.1435755158661349,0.49159008149817934,0.5359805791572742,0.06762614877752732,0.6423617131957691,0.09935841858852089,0.5614704352349574,0.5185538408184498,0.2930466447026183,0.2222125888676955,0.4736431420149124,0.4053233917114618,0.4884688746315242,0.6172186578810474,0.3375238425524536,0.5029478064851742,0.8670019074041964,0.4980925958037108,0.39231836310039886,0.5090168198370036,0.31238078723773194,0.30509797121553667,0.4304664470261835,0.4784983526963759,0.8670019074041964,0.43168024969654933,0.30509797121553667,0.28056181723599793,0.4048898907577597,0.2930466447026183,0.13074388763655279,0.5306051673313681,0.43714236171319576,0.6065545344199758,0.7242933934454656,0.3767123287671233,0.47910525403155885,0.06268423790532339,0.09580371076816369,0.27093809606381136,0.2973816542396393,0.23452401595283512,0.8670019074041964,0.4829200624241374,0.2514305531472169,0.13473209641061212,0.46740072828160223,0.5220218484480665,0.8670019074041964,0.8670019074041964
hhm10,0.2922354948805461,0.501023890784983,0.6937713310580206,0.8532423208191127,0.8532423208191127,0.7796075085324232,0.8532423208191127,0.47858361774744024,0.8532423208191127,0.7319965870307168,0.8532423208191127,0.6376279863481229,0.6325938566552901,0.6717576791808874,0.7058873720136519,0.5208191126279864,0.8532423208191127,0.8532423208191127,0.5465017064846416,0.6524744027303755,0.8532423208191127,0.5570819112627987,0.8532423208191127,0.4492320819112628,0.8532423208191127,0.682764505119454,0.7755119453924916,0.7507679180887372,0.7783276450511946,0.5970136518771332,0.48967576791808876,0.47107508532423215,0.5401877133105802,0.30230375426621164,0.5389931740614335,0.42517064846416386,0.8532423208191127,0.5273890784982935,0.5732935153583618,0.5225255972696247,0.3608361774744028,0.7575085324232083,0.3848976109215017,0.789505119453925,0.5704778156996587,0.5580204778156997,0.47235494880546075,0.5837883959044369,0.5405290102389079,0.6828498293515359,0.6678327645051194,0.3385665529010239,0.7159556313993174,0.8532423208191127,0.7088737201365188,0.6001706484641639,0.8060580204778157,0.49658703071672367,0.4011945392491468,0.4229522184300341,0.7302047781569966,0.8532423208191127,0.40017064846416384,0.8532423208191127,0.4784129692832765,0.6287542662116041,0.5870307167235495,0.5325938566552901,0.607764505119454,0.42482935153583623,0.6430887372013653,0.7704778156996588,0.4511945392491468,0.5296075085324232,0.5377986348122867,0.2651877133105802,0.5906143344709899,0.34394197952218436,0.3999146757679181,0.6430034129692833,0.6941126279863482,0.32883959044368605,0.32414675767918094,0.8532423208191127,0.8532423208191127,0.8532423208191127,0.8532423208191127
hhm11,0.884016973125884,0.884016973125884,0.6257956152758133,0.884016973125884,0.884016973125884,0.41566478076379065,0.4413012729844413,0.884016973125884,0.15116690240452618,0.48064002828854313,0.24964639321074963,0.5205975954738331,0.8065770862800565,0.6282708628005658,0.40947666195190946,0.5324434229137199,0.884016973125884,0.884016973125884,0.884016973125884,0.884016973125884,0.39824964639321075,0.6932461103253182,0.3208981612446959,0.4261845827439887,0.6730905233380481,0.884016973125884,0.5147630834512023,0.13039250353606788,0.6128005657708628,0.35546322489391796,0.6753005657708628,0.43228429985855726,0.5068069306930694,0.884016973125884,0.7158769448373409,0.37066831683168316,0.6128005657708628,0.6097949080622348,0.4247701555869873,0.39365275813295614,0.5370403111739745,0.29702970297029707,0.884016973125884,0.25830975954738333,0.5021216407355021,0.5568422913719944,0.6500176803394625,0.4738330975954739,0.48258486562942016,0.24478429985855726,0.6666371994342292,0.7127828854314003,0.42865983026874116,0.884016973125884,0.558433521923621,0.4207036775106082,0.5586103253182462,0.646923620933522,0.3841937765205092,0.1791018387553041,0.5831859971711456,0.4923090523338048,0.655940594059406,0.884016973125884,0.6501060820367751,0.884016973125884,0.37933168316831684,0.4524398868458275,0.3864038189533239,0.2511492220650637,0.22975601131541729,0.884016973125884,0.36783946251768035,0.5468528995756718,0.884016973125884,0.7388613861386139,0.39895685997171143,0.4862977369165488,0.884016973125884,0.6515205091937765,0.451467468175389,0.42954384724186706,0.884016973125884,0.46737977369165484,0.4231789250353607,0.35572842998585574,0.011492220650636494
hhm12,0.8061915511125444,0.7131570461141568,0.8061915511125444,0.48524669461464043,0.019509835536923575,0.5026604321186715,0.8061915511125444,0.8061915511125444,0.8061915511125444,0.4367945823927765,0.8061915511125444,0.43614962915188654,0.29014833924540473,0.4633182844243792,0.5478071589809739,0.8061915511125444,0.8061915511125444,0.5469203482747501,0.8061915511125444,0.47710415994840377,0.09408255401483392,0.44663011931634955,0.600773943889068,0.604240567558852,0.48089326023863277,0.6076265720735248,0.26265720735246695,0.6738148984198645,0.015156401160915834,0.5440986778458562,0.49395356336665597,0.45735246694614645,0.7612866817155757,0.8061915511125444,0.8061915511125444,0.8061915511125444,0.7874879071267333,0.8061915511125444,0.8061915511125444,0.7508061915511126,0.6937278297323445,0.6854240567558852,0.5935182199290552,0.21525314414704935,0.21791357626572072,0.6712350854563045,0.4608997097710416,0.5520799742018704,0.16833279587229927,0.4548532731376976,0.6850209609803289,0.5823927765237021,0.5608674621089971,0.01942921638181232,0.4527571751048049,0.8061915511125444,0.2570944856497904,0.40390196710738474,0.6282650757820059,0.38729442115446633,0.16663979361496292,0.8061915511125444,0.6397936149629152,0.47710415994840377,0.8061915511125444,0.47710415994840377,0.3685907771686553,0.5723960012899065,0.3505320864237343,0.42961947758787494,0.281038374717833,0.7239600128990649,0.6061754272815221,0.8061915511125444,0.6614801676878427,0.8061915511125444,0.5185424056755885,0.8061915511125444,0.8061915511125444,0.8061915511125444,0.5840857787810384,0.8061915511125444,0.8061915511125444,0.3128023218316672,0.4141405998065141,0.8061915511125444,0.8061915511125444
hhm13,0.39283089736261945,0.6775536866171308,0.8165264962848046,0.8165264962848046,0.8165264962848046,0.31264799542745164,0.8165264962848046,0.8165264962848046,0.5456846574671349,0.592961541602025,0.6130480934106313,0.5696905364579081,0.5382542663509431,0.5012656160692415,0.32726381971094964,0.21401159467624725,0.5036335429084674,0.8165264962848046,0.6689801584061403,0.6554258185678126,0.605536049644811,0.4473748673144444,0.417734955499306,0.3391851065567078,0.8165264962848046,0.6920878582510003,0.3751939250428677,0.4585612803135462,0.5782640646688986,0.3855638115456847,0.6309300236792685,0.25263329795051853,0.39021801257450806,0.8165264962848046,0.4453335510737324,0.363190985547481,0.8165264962848046,0.8165264962848046,0.25165346615497675,0.28374295745896955,0.5319670123295501,0.3965869192455296,0.77055605454397,0.3229362292806402,0.643259573773169,0.47040091450967586,0.5105740181268882,0.47170735690373156,0.4374132440597697,0.3693965869192456,0.6459541112109088,0.39291255001224795,0.8165264962848046,0.8165264962848046,0.4506409732995836,0.3273454723605781,0.37894994692577777,0.6012084592145015,0.34571731852698623,0.3598432269127133,0.3563321629786887,0.5803053809096106,0.7596145994937537,0.8165264962848046,0.6205601371764514,0.8165264962848046,0.15905936147627991,0.6812280558504125,0.49669306769004656,0.40360904711357887,0.49587654119376173,0.6624479464358619,0.41912305054299015,0.22568792357311995,0.8165264962848046,0.8165264962848046,0.36621213358373483,0.35265779374540707,0.8165264962848046,0.6797583081570998,0.261206826161509,0.33812362211153757,0.8165264962848046,0.2601453417163387,0.3325712419368009,0.3166489752592472,0.8165264962848046
hhm14,0.6106451880760608,0.632566636220211,0.6629577347836918,0.830357884248111,0.5687121149215312,0.5051897367765508,0.5858174873370423,0.5847380220875198,0.830357884248111,0.37615212156439426,0.2579921946358881,0.16191978742838165,0.5019513410279831,0.0837831105206344,0.2678734534584406,0.4147637631819314,0.830357884248111,0.0038196462675413106,0.052561654072905424,0.830357884248111,0.4579423731628332,0.20700822054305407,0.4105289379722661,0.3502449555758532,0.5632317528854937,0.47488167400149467,0.3597940712447065,0.33330565473719176,0.830357884248111,0.4405878933820477,0.830357884248111,0.29278418998588396,0.544631736278336,0.830357884248111,0.3134601013036619,0.33488333471726317,0.48966204434111105,0.830357884248111,0.22303412770904263,0.26546541559412107,0.8056962550859421,0.3657726480112929,0.7171801046250935,0.33106368844972184,0.4728057792908744,0.43336377978908913,0.4241468072739351,0.5909657062193806,0.2700323839574857,0.3827949846383792,0.36153782280162755,0.2364028896454372,0.5256165407290543,0.6337291372581583,0.08760275678817571,0.30631902349912815,0.42622270198455536,0.6488416507514739,0.2736029228597526,0.339782446234327,0.16930997259818983,0.5117495640621108,0.03753217636801461,0.830357884248111,0.10171884082039359,0.830357884248111,0.3904342771734618,0.5655567549613885,0.2736859586481774,0.36851282902931165,0.5454620941625842,0.20078053641119323,0.23000913393672673,0.4203271610063938,0.830357884248111,0.830357884248111,0.2222037698247945,0.27277256497550445,0.830357884248111,0.6500041517894213,0.34219048409864655,0.38893963298181516,0.830357884248111,0.21788590882670433,0.3120484929004401,0.1615876442746824,0.830357884248111
hhm15,0.683183183183183,0.4508920685391273,0.8832361773538243,0.8832361773538243,0.4167991520932697,0.34984984984984985,0.7325560854972619,0.8832361773538243,0.5787846670199611,0.13460519342872285,0.2754813637166578,0.5087440381558028,0.11941353117823704,0.6392863451686981,0.21038685744568095,0.5264087617028793,0.8025083907436847,0.8832361773538243,0.7765412471294824,0.502561384914326,0.18821762939409997,0.4733262674439145,0.22972972972972971,0.43110757816640166,0.26338102808691044,0.5266737325560855,0.3702526055467232,0.2979155626214449,0.8832361773538243,0.2677088853559441,0.3404875463698993,0.357975622681505,0.5544073485249955,0.8832361773538243,0.29950538774068186,0.40558205264087616,0.5154566331036919,0.4869281045751634,0.2985338279455926,0.27980922098569155,0.4689100865571454,0.5279102632043808,0.8832361773538243,0.33253842077371487,0.45680975092739795,0.4491255961844196,0.5887652358240593,0.4336689630807277,0.34870164281928984,0.353117823706059,0.4482423600070658,0.27980922098569155,0.8055113937466878,0.2821056350468115,0.3463169051404345,0.2905847023494082,0.4650238473767885,0.4319024907260201,0.4095566154389684,0.420332096802685,0.2723900370959194,0.7290231407878466,0.5066242713301536,0.7713301536830948,0.5541423776717893,0.6253312135665076,0.4704115880586468,0.3506447624094683,0.422186892775128,0.40964493905670374,0.18892421833598302,0.6756756756756757,0.2619678502031443,0.31858328917152445,0.4780074191838897,0.6459106164988517,0.4599894011658717,0.4689100865571454,0.8832361773538243,0.2594064652888182,0.3220279102632043,0.43163751987281396,0.6859212153329799,0.41406111994347283,0.2959724430312665,0.5370075958311252,0.8832361773538243
hhm16,0.3516542155816435,0.26769832799715404,0.8893632159373888,0.8893632159373888,0.4721629313411597,0.4485058697972251,0.8893632159373888,0.8893632159373888,0.6143721095695481,0.4442369263607257,0.25667022411953044,0.5687477765919601,0.12495553183920313,0.5379758093205265,0.4646922803272856,0.5627890430451796,0.807897545357524,0.8893632159373888,0.5694592671647101,0.5465136961935254,0.4721629313411597,0.465581643543223,0.37459978655282816,0.6062789043045179,0.5333511205976521,0.5855567413731767,0.5605656350053361,0.5075595873354678,0.8893632159373888,0.13518320882248308,0.4695837780149413,0.3261294912842405,0.3592138029171113,0.8893632159373888,0.5008004268943437,0.44130202774813226,0.6380291711134828,0.4871042333689078,0.42289220917822834,0.44983991462113126,0.5400213447171824,0.48932764140875135,0.550071149057275,0.37815723941657775,0.36615083600142295,0.3770900035574528,0.5307719672714336,0.581376734258271,0.46451440768409813,0.4292066880113838,0.6687122020633226,0.27605834222696546,0.6879224475275701,0.7017965136961936,0.808875844895055,0.41328708644610457,0.5479366773390252,0.4861259338313767,0.49617573817146915,0.3774457488438278,0.446193525435788,0.8893632159373888,0.8893632159373888,0.8893632159373888,0.5225008893632159,0.5996976165065813,0.4480611881892565,0.4296513696193525,0.4222696549270722,0.5151191746709356,0.27632515119174667,0.6946816079686944,0.2851298470295268,0.3727321237993596,0.34782995375311276,0.8020277481323372,0.44361437210956955,0.5706154393454286,0.7019743863393809,0.6142831732479545,0.413820704375667,0.44263607257203835,0.67031305585201,0.5254357879758093,0.38304873710423337,0.8893632159373888,0.8893632159373888
hhm17,0.23833109469442576,0.14968099395567494,0.20542310275352585,0.8394895903290799,0.6113163196776359,0.2175957018132975,0.8394895903290799,0.4876595030221625,0.7251511081262593,0.5127602417730021,0.7044996642041638,0.3551040967092008,0.6945936870382807,0.29592008059100067,0.4365345869711216,0.6423774345198119,0.740849563465413,0.508226997985225,0.5275352585627938,0.09158831430490262,0.687038280725319,0.38910342511752855,0.6734385493619879,0.45567494963062455,0.8394895903290799,0.05288784419073203,0.6728509066487576,0.6689053055742108,0.4136165211551377,0.5508730691739422,0.2562122229684352,0.46499328408327734,0.8394895903290799,0.3258898589657488,0.2670416386836803,0.5534754869039624,0.20878106111484218,0.27358965748824715,0.4253693754197448,0.42494963062458024,0.31027535258562794,0.6043485560779046,0.3310946944257891,0.6151779717931497,0.2325386165211551,0.19182337139019476,0.18250503693754197,0.3781061114842176,0.4723807924781732,0.763767629281397,0.4387172599059771,0.3946440564137005,0.8394895903290799,0.8394895903290799,0.8394895903290799,0.5633814640698456,0.6004029550033579,0.48111148421759575,0.4066487575554063,0.33831430490261916,0.4080758898589657,0.6401108126259234,0.6066151779717931,0.06858629952988582,0.2798018804566823,0.04281396910678307,0.5384486232370718,0.44652451309603763,0.46868703828072533,0.650520483546004,0.750839489590329,0.6248321020819342,0.5281229012760241,0.39657488247145734,0.23413364674278037,0.3540967092008059,0.46776359973136333,0.5084788448623238,0.1503525856279382,0.5686702484889187,0.6356615177971793,0.4131128274009402,0.26032572196104764,0.31631967763599733,0.4388012088650101,0.8394895903290799,0.8394895903290799
hhm18,0.4426037483266399,0.8366800535475234,0.8366800535475234,0.14382530120481926,0.8366800535475234,0.8366800535475234,0.8366800535475234,0.6436579651941098,0.8366800535475234,0.6511044176706827,0.8366800535475234,0.7649765729585006,0.8366800535475234,0.6909303882195448,0.8366800535475234,0.8366800535475234,0.6964524765729585,0.8366800535475234,0.6993808567603748,0.8366800535475234,0.8366800535475234,0.8366800535475234,0.8366800535475234,0.6927710843373494,0.8366800535475234,0.8366800535475234,0.37106760374832665,0.35952141900937085,0.8366800535475234,0.6623159303882195,0.6869979919678715,0.5867637215528781,0.693607764390897,0.8366800535475234,0.7416331994645247,0.637801204819277,0.8366800535475234,0.8366800535475234,0.5771419009370816,0.8366800535475234,0.6782128514056225,0.8366800535475234,0.6816432396251673,0.7668172690763052,0.6930220883534136,0.8366800535475234,0.8366800535475234,0.8366800535475234,0.6660809906291834,0.8366800535475234,0.8366800535475234,0.8366800535475234,0.8366800535475234,0.6840696117804551,0.8366800535475234,0.8366800535475234,0.17695783132530118,0.11320281124497993,0.583082329317269,0.8366800535475234,0.6848226238286479,0.562165327978581,0.8366800535475234,0.8366800535475234,0.8366800535475234,0.8366800535475234,0.8366800535475234,0.3396921017402945,0.6660809906291834,0.7289156626506024,0.8366800535475234,0.8366800535475234,0.8366800535475234,0.6488453815261044,0.8366800535475234,0.6424866131191432,0.8366800535475234,0.8366800535475234,0.8366800535475234,0.8366800535475234,0.8366800535475234,0.5194109772423026,0.8366800535475234,0.8366800535475234,0.8366800535475234,0.8366800535475234,0.8366800535475234
hhm19,0.3739516940623952,0.5912445488091245,0.8386447500838645,0.05090573633009057,0.8386447500838645,0.8386447500838645,0.015011741026501175,0.67359946326736,0.8386447500838645,0.6675612210667561,0.8386447500838645,0.49798725259979876,0.8386447500838645,0.39961422341496144,0.7339818852733982,0.38099630996309963,0.8386447500838645,0.8386447500838645,0.8386447500838645,0.46150620597115066,0.8386447500838645,0.5164374371016438,0.8386447500838645,0.4018785642401879,0.8386447500838645,0.8386447500838645,0.5215531700771554,0.5486413955048642,0.6092754109359276,0.754528681650453,0.4111036564911104,0.4881751090238175,0.5694397853069441,0.8386447500838645,0.43911439114391143,0.6675612210667561,0.7611539751761154,0.8386447500838645,0.672089902717209,0.38367997316336805,0.770379067427038,0.5423515598792352,0.2768366320026837,0.8386447500838645,0.24538745387453878,0.6127977188862799,0.4635189533713519,0.36179134518617917,0.5323716873532373,0.43768869506876895,0.6450016772895002,0.516940623951694,0.10415967796041598,0.8386447500838645,0.8386447500838645,0.5233143240523315,0.4859946326735995,0.2700436095270044,0.6079335793357934,0.3877054679637706,0.48616236162361626,0.8386447500838645,0.3250587051325059,0.5118248909761824,0.7356591747735659,0.599379402884938,0.5283461925528347,0.4050654142905066,0.5726266353572627,0.37411942301241197,0.6920496477692051,0.8386447500838645,0.5239013753773902,0.48725259979872526,0.8386447500838645,0.3149949681314995,0.6438275746393829,0.35684334116068434,0.8386447500838645,0.4941294867494129,0.7806943978530695,0.24630996309963102,0.6938946662193896,0.6401375377390138,0.8386447500838645,0.8386447500838645,0.2966286481046629
A,0.35294117647058826,0.29411764705882354,0.29411764705882354,0.11764705882352941,0.35294117647058826,0.7647058823529411,0.23529411764705882,0.29411764705882354,0.29411764705882354,0.7647058823529411,0.5882352941176471,0.4117647058823529,0.47058823529411764,0.35294117647058826,0.7647058823529411,0.4117647058823529,0.29411764705882354,0.17647058823529413,0.35294117647058826,0.35294117647058826,0.5882352941176471,0.5882352941176471,0.5882352941176471,0.47058823529411764,0.9411764705882353,0.47058823529411764,0.5294117647058824,0.47058823529411764,0.29411764705882354,0.47058823529411764,0.7647058823529411,0.5294117647058824,0.47058823529411764,0.23529411764705882,0.7647058823529411,0.5294117647058824,0.9411764705882353,0.8235294117647058,0.5882352941176471,0.7058823529411765,0.6470588235294118,0.35294117647058826,0.35294117647058826,0.5294117647058824,0.6470588235294118,0.5882352941176471,0.5294117647058824,0.29411764705882354,0.5882352941176471,0.4117647058823529,0.5882352941176471,0.7058823529411765,0.17647058823529413,0.29411764705882354,0.6470588235294118,0.47058823529411764,0.47058823529411764,0.47058823529411764,0.6470588235294118,0.47058823529411764,0.47058823529411764,0.35294117647058826,0.29411764705882354,0.35294117647058826,0.47058823529411764,0.4117647058823529,0.47058823529411764,0.47058823529411764,0.5882352941176471,0.5294117647058824,0.47058823529411764,0.23529411764705882,0.5294117647058824,0.5882352941176471,0.4117647058823529,0.47058823529411764,0.47058823529411764,0.6470588235294118,0.35294117647058826,0.9411764705882353,0.6470588235294118,0.47058823529411764,0.29411764705882354,0.47058823529411764,0.7647058823529411,0.47058823529411764,0.47058823529411764
R,0.21052631578947367,0.15789473684210525,0.15789473684210525,0.10526315789473684,0.3157894736842105,0.3684210526315789,0.15789473684210525,0.15789473684210525,0.21052631578947367,0.5263157894736842,0.631578947368421,0.7894736842105263,0.3157894736842105,0.8947368421052632,0.5789473684210527,0.47368421052631576,0.15789473684210525,1.0,0.8947368421052632,0.15789473684210525,0.3684210526315789,0.6842105263157895,0.5263157894736842,0.5263157894736842,0.21052631578947367,0.2631578947368421,0.5263157894736842,0.42105263157894735,0.10526315789473684,0.47368421052631576,0.2631578947368421,0.631578947368421,0.3684210526315789,0.15789473684210525,0.5789473684210527,0.5789473684210527,0.21052631578947367,0.21052631578947367,0.6842105263157895,0.631578947368421,0.2631578947368421,0.5263157894736842,0.2631578947368421,0.5789473684210527,0.3157894736842105,0.5263157894736842,0.42105263157894735,0.3684210526315789,0.631578947368421,0.3684210526315789,0.5263157894736842,0.6842105263157895,0.3684210526315789,0.10526315789473684,0.8421052631578947,0.631578947368421,0.47368421052631576,0.3157894736842105,0.5789473684210527,0.631578947368421,0.7368421052631579,0.2631578947368421,0.9473684210526315,0.15789473684210525,0.8421052631578947,0.15789473684210525,0.47368421052631576,0.47368421052631576,0.5789473684210527,0.42105263157894735,0.42105263157894735,0.6842105263157895,0.631578947368421,0.47368421052631576,0.21052631578947367,0.2631578947368421,0.6842105263157895,0.5789473684210527,0.15789473684210525,0.2631578947368421,0.5789473684210527,0.5789473684210527,0.21052631578947367,0.7894736842105263,0.47368421052631576,0.7368421052631579,0.47368421052631576
N,0.25,0.2,0.2,0.15,0.2,0.5,0.5,0.2,0.8,0.5,0.7,0.45,0.35,0.35,0.55,0.45,0.3,0.25,0.3,0.2,0.55,0.4,0.65,0.5,0.25,0.2,0.5,0.85,0.2,0.6,0.3,0.55,0.5,0.15,0.45,0.6,0.25,0.25,0.5,0.55,0.4,0.6,0.2,0.7,0.4,0.45,0.3,0.4,0.5,0.75,0.35,0.4,0.5,0.2,0.45,0.55,0.45,0.3,0.5,0.75,0.45,0.35,0.4,0.2,0.35,0.25,0.55,0.55,0.6,0.65,0.75,0.4,0.6,0.5,0.3,0.35,0.65,0.5,0.2,0.3,0.5,0.5,0.2,0.45,0.7,0.45,0.75
D,0.25,0.2,0.2,0.1,0.2,0.55,0.15,0.15,0.9,0.35,0.55,0.3,0.35,0.25,0.45,0.55,0.25,0.2,0.25,0.2,0.3,0.35,0.65,0.55,0.25,0.25,0.65,0.65,0.2,0.5,0.3,0.7,0.7,0.15,0.4,0.8,0.25,0.2,0.5,0.5,0.25,0.5,0.2,0.6,0.3,0.45,0.4,0.55,0.5,0.8,0.3,0.35,0.2,0.2,0.35,0.8,0.5,0.35,0.6,0.55,0.45,0.25,0.2,0.2,0.3,0.2,0.65,0.45,0.55,0.65,0.65,0.6,0.45,0.65,0.2,0.2,0.45,0.5,0.2,0.3,0.5,0.4,0.2,0.35,0.45,0.4,0.5
C,0.30434782608695654,0.782608695652174,0.2608695652173913,0.391304347826087,0.13043478260869565,0.6956521739130435,0.13043478260869565,0.21739130434782608,0.13043478260869565,0.391304347826087,0.30434782608695654,0.391304347826087,0.2608695652173913,0.30434782608695654,0.30434782608695654,0.17391304347826086,0.34782608695652173,0.08695652173913043,0.13043478260869565,0.34782608695652173,0.34782608695652173,0.21739130434782608,0.2608695652173913,0.391304347826087,0.7391304347826086,0.6521739130434783,0.21739130434782608,0.30434782608695654,0.13043478260869565,0.2608695652173913,0.6086956521739131,0.30434782608695654,0.17391304347826086,0.21739130434782608,0.391304347826087,0.21739130434782608,0.6086956521739131,0.782608695652174,0.2608695652173913,0.30434782608695654,0.43478260869565216,0.17391304347826086,0.34782608695652173,0.2608695652173913,0.6521739130434783,0.391304347826087,0.391304347826087,0.17391304347826086,0.30434782608695654,0.2608695652173913,0.34782608695652173,0.5652173913043478,0.13043478260869565,0.30434782608695654,0.30434782608695654,0.391304347826087,0.391304347826087,0.21739130434782608,0.30434782608695654,0.30434782608695654,0.4782608695652174,0.13043478260869565,0.4782608695652174,0.34782608695652173,0.30434782608695654,0.2608695652173913,0.30434782608695654,0.391304347826087,0.21739130434782608,0.2608695652173913,0.391304347826087,0.13043478260869565,0.34782608695652173,0.2608695652173913,0.2608695652173913,0.43478260869565216,0.30434782608695654,0.2608695652173913,0.2608695652173913,0.6086956521739131,0.2608695652173913,0.34782608695652173,0.2608695652173913,0.21739130434782608,0.34782608695652173,0.2608695652173913,0.34782608695652173
Q,0.3,0.25,0.25,0.2,0.25,0.5,0.3,0.2,0.35,0.45,0.45,0.45,0.35,0.4,0.55,0.75,0.2,0.35,0.45,0.3,0.35,0.5,0.5,0.55,0.3,0.3,0.55,0.5,0.2,0.5,0.35,0.65,0.5,0.2,0.55,0.6,0.3,0.3,0.7,0.65,0.35,0.45,0.25,0.6,0.4,0.5,0.4,0.5,0.6,0.5,0.45,0.5,0.3,0.2,0.6,0.5,0.55,0.25,0.65,0.6,0.55,0.3,0.35,0.25,0.45,0.2,0.75,0.4,0.5,0.5,0.45,0.4,0.5,0.7,0.25,0.3,0.6,0.65,0.25,0.3,0.7,0.55,0.25,0.65,0.45,0.65,0.5
E,0.2631578947368421,0.21052631578947367,0.21052631578947367,0.15789473684210525,0.2631578947368421,0.5263157894736842,0.47368421052631576,0.21052631578947367,0.47368421052631576,0.42105263157894735,0.5789473684210527,0.42105263157894735,0.3684210526315789,0.3684210526315789,0.5263157894736842,0.8947368421052632,0.21052631578947367,0.2631578947368421,0.42105263157894735,0.21052631578947367,0.3684210526315789,0.47368421052631576,0.7894736842105263,0.5263157894736842,0.2631578947368421,0.21052631578947367,0.8421052631578947,0.631578947368421,0.21052631578947367,0.47368421052631576,0.3157894736842105,0.6842105263157895,0.8947368421052632,0.15789473684210525,0.631578947368421,0.6842105263157895,0.3157894736842105,0.2631578947368421,0.6842105263157895,0.5789473684210527,0.3157894736842105,0.47368421052631576,0.2631578947368421,0.6842105263157895,0.3684210526315789,0.6842105263157895,0.5263157894736842,0.9473684210526315,0.7368421052631579,0.7368421052631579,0.42105263157894735,0.42105263157894735,0.2631578947368421,0.21052631578947367,0.3684210526315789,0.7368421052631579,0.5263157894736842,0.2631578947368421,0.7368421052631579,0.5789473684210527,0.631578947368421,0.2631578947368421,0.3157894736842105,0.21052631578947367,0.42105263157894735,0.21052631578947367,0.7368421052631579,0.47368421052631576,0.5789473684210527,0.6842105263157895,0.5789473684210527,0.3684210526315789,0.631578947368421,0.7368421052631579,0.2631578947368421,0.2631578947368421,0.5263157894736842,0.6842105263157895,0.21052631578947367,0.3157894736842105,0.7894736842105263,0.6842105263157895,0.21052631578947367,0.5263157894736842,0.5263157894736842,0.5789473684210527,0.5263157894736842
G,0.2631578947368421,0.21052631578947367,0.15789473684210525,0.15789473684210525,0.21052631578947367,0.47368421052631576,0.15789473684210525,0.15789473684210525,0.2631578947368421,0.47368421052631576,0.5263157894736842,0.2631578947368421,0.3157894736842105,0.2631578947368421,0.5263157894736842,0.47368421052631576,1.0,0.15789473684210525,0.21052631578947367,0.15789473684210525,0.5789473684210527,0.3157894736842105,0.47368421052631576,0.3684210526315789,0.5263157894736842,0.21052631578947367,0.3684210526315789,0.47368421052631576,0.15789473684210525,0.3684210526315789,0.3684210526315789,0.47368421052631576,0.42105263157894735,0.15789473684210525,0.5263157894736842,0.42105263157894735,0.42105263157894735,0.3157894736842105,0.47368421052631576,0.47368421052631576,0.3157894736842105,0.8947368421052632,0.2631578947368421,0.42105263157894735,0.3684210526315789,0.5263157894736842,0.3157894736842105,0.3157894736842105,0.47368421052631576,0.631578947368421,0.3157894736842105,0.47368421052631576,0.15789473684210525,0.21052631578947367,0.47368421052631576,0.3684210526315789,0.47368421052631576,0.3684210526315789,0.5789473684210527,0.47368421052631576,0.47368421052631576,1.0,0.21052631578947367,0.2631578947368421,0.2631578947368421,0.21052631578947367,0.42105263157894735,0.47368421052631576,0.47368421052631576,0.7368421052631579,0.5789473684210527,0.3157894736842105,0.631578947368421,0.47368421052631576,0.21052631578947367,0.3684210526315789,0.3684210526315789,0.42105263157894735,0.21052631578947367,0.6842105263157895,0.47368421052631576,0.47368421052631576,0.21052631578947367,0.5263157894736842,0.631578947368421,0.3684210526315789,0.47368421052631576
H,0.19047619047619047,0.14285714285714285,0.14285714285714285,0.23809523809523808,0.14285714285714285,0.38095238095238093,0.42857142857142855,0.19047619047619047,0.23809523809523808,0.3333333333333333,0.38095238095238093,0.38095238095238093,0.23809523809523808,0.5714285714285714,0.38095238095238093,0.38095238095238093,0.14285714285714285,0.19047619047619047,0.2857142857142857,0.14285714285714285,0.3333333333333333,0.3333333333333333,0.42857142857142855,0.42857142857142855,0.19047619047619047,0.14285714285714285,0.42857142857142855,0.42857142857142855,0.09523809523809523,0.47619047619047616,0.47619047619047616,0.42857142857142855,0.47619047619047616,0.09523809523809523,0.42857142857142855,0.42857142857142855,0.19047619047619047,0.2857142857142857,0.38095238095238093,0.5714285714285714,0.23809523809523808,0.38095238095238093,0.2857142857142857,0.47619047619047616,0.5238095238095238,0.42857142857142855,0.3333333333333333,0.38095238095238093,0.42857142857142855,0.5714285714285714,0.3333333333333333,0.5238095238095238,0.9047619047619048,0.09523809523809523,0.38095238095238093,0.47619047619047616,0.5238095238095238,0.47619047619047616,0.42857142857142855,0.5238095238095238,0.38095238095238093,0.14285714285714285,0.23809523809523808,0.14285714285714285,0.3333333333333333,0.14285714285714285,0.42857142857142855,0.3333333333333333,0.38095238095238093,0.5238095238095238,0.3333333333333333,0.23809523809523808,0.5714285714285714,0.6190476190476191,0.23809523809523808,0.2857142857142857,0.47619047619047616,0.47619047619047616,0.14285714285714285,0.19047619047619047,0.3333333333333333,0.5714285714285714,0.14285714285714285,0.2857142857142857,0.42857142857142855,0.38095238095238093,0.8571428571428571
I,0.8095238095238095,0.8095238095238095,0.8571428571428571,0.23809523809523808,0.23809523809523808,0.6190476190476191,0.23809523809523808,0.7619047619047619,0.19047619047619047,0.5238095238095238,0.3333333333333333,0.5238095238095238,0.38095238095238093,0.6190476190476191,0.38095238095238093,0.3333333333333333,0.19047619047619047,0.14285714285714285,0.5238095238095238,0.8095238095238095,0.2857142857142857,0.5714285714285714,0.3333333333333333,0.5714285714285714,0.2857142857142857,0.7142857142857143,0.3333333333333333,0.2857142857142857,0.38095238095238093,0.42857142857142855,0.6666666666666666,0.47619047619047616,0.38095238095238093,0.9047619047619048,0.6190476190476191,0.42857142857142855,0.5238095238095238,0.47619047619047616,0.47619047619047616,0.47619047619047616,0.6190476190476191,0.19047619047619047,0.6666666666666666,0.38095238095238093,0.6190476190476191,0.6190476190476191,0.7619047619047619,0.38095238095238093,0.5238095238095238,0.3333333333333333,0.3333333333333333,0.47619047619047616,0.23809523809523808,0.19047619047619047,0.23809523809523808,0.38095238095238093,0.47619047619047616,0.38095238095238093,0.47619047619047616,0.5238095238095238,0.38095238095238093,0.14285714285714285,0.3333333333333333,0.7619047619047619,0.6666666666666666,0.7619047619047619,0.38095238095238093,0.5714285714285714,0.47619047619047616,0.47619047619047616,0.3333333333333333,0.3333333333333333,0.47619047619047616,0.47619047619047616,0.7142857142857143,0.7142857142857143,0.6190476190476191,0.42857142857142855,0.9047619047619048,0.2857142857142857,0.42857142857142855,0.5238095238095238,0.8571428571428571,0.3333333333333333,0.38095238095238093,0.3333333333333333,0.38095238095238093
L,0.7222222222222222,0.4444444444444444,0.8333333333333334,0.2222222222222222,0.5555555555555556,0.5,0.2222222222222222,0.7222222222222222,0.2222222222222222,0.4444444444444444,0.3888888888888889,0.7222222222222222,0.3333333333333333,0.6111111111111112,0.3888888888888889,0.3888888888888889,0.16666666666666666,0.16666666666666666,0.3888888888888889,0.6666666666666666,0.2777777777777778,0.6111111111111112,0.3333333333333333,0.7777777777777778,0.2777777777777778,0.5,0.3888888888888889,0.2777777777777778,0.3333333333333333,0.6666666666666666,0.7777777777777778,0.4444444444444444,0.3333333333333333,0.7222222222222222,0.5555555555555556,0.4444444444444444,0.3888888888888889,0.7777777777777778,0.4444444444444444,0.4444444444444444,0.8888888888888888,0.16666666666666666,0.8888888888888888,0.3888888888888889,0.4444444444444444,0.6111111111111112,0.6666666666666666,0.3333333333333333,0.5,0.3888888888888889,0.2777777777777778,0.6111111111111112,0.3333333333333333,0.16666666666666666,0.2777777777777778,0.5,0.4444444444444444,0.5,0.5555555555555556,0.4444444444444444,0.3888888888888889,0.1111111111111111,0.3888888888888889,0.6666666666666666,0.6666666666666666,0.6111111111111112,0.6111111111111112,0.7777777777777778,0.3888888888888889,0.4444444444444444,0.3333333333333333,0.2777777777777778,0.5555555555555556,0.4444444444444444,0.8888888888888888,0.8333333333333334,0.6111111111111112,0.6666666666666666,0.6666666666666666,0.3888888888888889,0.4444444444444444,0.6111111111111112,0.8333333333333334,0.3333333333333333,0.3888888888888889,0.3333333333333333,0.3888888888888889
K,0.3157894736842105,0.21052631578947367,0.2631578947368421,0.15789473684210525,0.2631578947368421,0.3684210526315789,0.21052631578947367,0.2631578947368421,0.3684210526315789,0.7368421052631579,0.7894736842105263,0.8421052631578947,0.5789473684210527,0.631578947368421,0.7368421052631579,0.5789473684210527,0.21052631578947367,0.42105263157894735,0.7894736842105263,0.21052631578947367,0.47368421052631576,0.8947368421052632,0.6842105263157895,0.7368421052631579,0.3157894736842105,0.3157894736842105,0.7368421052631579,0.631578947368421,0.2631578947368421,0.631578947368421,0.3684210526315789,0.6842105263157895,0.5263157894736842,0.21052631578947367,0.5789473684210527,0.6842105263157895,0.3684210526315789,0.2631578947368421,0.7894736842105263,0.6842105263157895,0.3157894736842105,0.631578947368421,0.2631578947368421,0.7368421052631579,0.3684210526315789,0.631578947368421,0.42105263157894735,0.42105263157894735,0.6842105263157895,0.5263157894736842,0.9473684210526315,0.631578947368421,0.2631578947368421,0.2631578947368421,0.7894736842105263,0.47368421052631576,0.47368421052631576,0.2631578947368421,0.631578947368421,0.6842105263157895,0.631578947368421,0.3157894736842105,0.42105263157894735,0.21052631578947367,0.631578947368421,0.21052631578947367,0.6842105263157895,0.7894736842105263,0.8947368421052632,0.631578947368421,0.631578947368421,0.9473684210526315,0.6842105263157895,0.6842105263157895,0.2631578947368421,0.3157894736842105,0.7894736842105263,0.7894736842105263,0.2631578947368421,0.3157894736842105,0.7368421052631579,0.7368421052631579,0.2631578947368421,0.8947368421052632,0.5263157894736842,0.8421052631578947,0.5263157894736842
M,0.6818181818181818,0.5,0.45454545454545453,0.18181818181818182,0.18181818181818182,0.4090909090909091,0.22727272727272727,0.5,0.18181818181818182,0.4090909090909091,0.3181818181818182,0.36363636363636365,0.36363636363636365,0.4090909090909091,0.36363636363636365,0.5,0.13636363636363635,0.18181818181818182,0.45454545454545453,0.4090909090909091,0.22727272727272727,0.45454545454545453,0.2727272727272727,0.5,0.22727272727272727,0.4090909090909091,0.3181818181818182,0.2727272727272727,0.13636363636363635,0.4090909090909091,0.5,0.45454545454545453,0.5,0.6363636363636364,0.45454545454545453,0.45454545454545453,0.2727272727272727,0.45454545454545453,0.45454545454545453,0.45454545454545453,0.5909090909090909,0.3181818181818182,0.5909090909090909,0.3181818181818182,0.45454545454545453,0.45454545454545453,0.5,0.3181818181818182,0.36363636363636365,0.36363636363636365,0.36363636363636365,0.5909090909090909,0.3181818181818182,0.13636363636363635,0.36363636363636365,0.3181818181818182,0.36363636363636365,0.5454545454545454,0.5454545454545454,0.4090909090909091,0.3181818181818182,0.13636363636363635,0.5454545454545454,0.4090909090909091,0.45454545454545453,0.4090909090909091,0.45454545454545453,0.45454545454545453,0.4090909090909091,0.5909090909090909,0.2727272727272727,0.2727272727272727,0.4090909090909091,0.45454545454545453,0.5,0.7272727272727273,0.4090909090909091,0.5454545454545454,0.5,0.2727272727272727,0.36363636363636365,0.5909090909090909,0.6363636363636364,0.3181818181818182,0.36363636363636365,0.36363636363636365,0.36363636363636365
F,0.6363636363636364,0.36363636363636365,0.5454545454545454,0.4090909090909091,0.18181818181818182,0.4090909090909091,0.45454545454545453,0.8636363636363636,0.18181818181818182,0.36363636363636365,0.3181818181818182,0.4090909090909091,0.36363636363636365,0.2727272727272727,0.36363636363636365,0.3181818181818182,0.3181818181818182,0.18181818181818182,0.22727272727272727,0.4090909090909091,0.22727272727272727,0.3181818181818182,0.2727272727272727,0.5454545454545454,0.22727272727272727,0.36363636363636365,0.5454545454545454,0.2727272727272727,0.13636363636363635,0.36363636363636365,0.5,0.4090909090909091,0.2727272727272727,0.36363636363636365,0.5,0.36363636363636365,0.2727272727272727,0.3181818181818182,0.36363636363636365,0.4090909090909091,0.45454545454545453,0.2727272727272727,0.6818181818181818,0.36363636363636365,0.5909090909090909,0.5,0.6363636363636364,0.36363636363636365,0.36363636363636365,0.3181818181818182,0.3181818181818182,0.45454545454545453,0.5909090909090909,0.13636363636363635,0.3181818181818182,0.5,0.5909090909090909,0.7727272727272727,0.36363636363636365,0.5,0.36363636363636365,0.18181818181818182,0.2727272727272727,0.5454545454545454,0.4090909090909091,0.36363636363636365,0.4090909090909091,0.5,0.3181818181818182,0.45454545454545453,0.3181818181818182,0.18181818181818182,0.45454545454545453,0.4090909090909091,0.5,0.5454545454545454,0.36363636363636365,0.36363636363636365,0.36363636363636365,0.2727272727272727,0.3181818181818182,0.5,0.36363636363636365,0.2727272727272727,0.3181818181818182,0.3181818181818182,0.4090909090909091
P,0.25,0.2,0.2,0.1,1.0,0.35,0.15,0.2,0.25,0.35,0.35,0.3,0.6,0.25,0.45,0.4,0.2,0.15,0.25,0.2,0.9,0.3,0.35,0.35,0.25,0.2,0.65,0.3,1.0,0.35,0.5,0.45,0.3,0.2,0.35,0.35,0.3,0.25,0.35,0.4,0.3,0.3,0.2,0.7,0.75,0.35,0.45,0.3,0.75,0.4,0.3,0.4,0.15,1.0,0.35,0.3,0.7,0.3,0.4,0.5,0.75,0.2,0.35,0.2,0.3,0.2,0.55,0.35,0.55,0.35,0.7,0.3,0.4,0.4,0.45,0.25,0.45,0.4,0.25,0.3,0.4,0.35,0.2,0.3,0.4,0.4,0.4
S,0.3157894736842105,0.3157894736842105,0.2631578947368421,0.15789473684210525,0.3157894736842105,0.5789473684210527,0.2631578947368421,0.21052631578947367,0.3684210526315789,0.7894736842105263,0.6842105263157895,0.42105263157894735,0.8421052631578947,0.3684210526315789,0.7368421052631579,0.42105263157894735,0.3157894736842105,0.2631578947368421,0.3157894736842105,0.2631578947368421,0.7368421052631579,0.47368421052631576,0.6842105263157895,0.5263157894736842,0.631578947368421,0.42105263157894735,0.5263157894736842,0.6842105263157895,0.2631578947368421,0.6842105263157895,0.47368421052631576,0.5263157894736842,0.42105263157894735,0.21052631578947367,0.5789473684210527,0.47368421052631576,0.47368421052631576,0.42105263157894735,0.631578947368421,0.631578947368421,0.47368421052631576,0.42105263157894735,0.3157894736842105,0.631578947368421,0.47368421052631576,0.5263157894736842,0.42105263157894735,0.47368421052631576,0.5263157894736842,0.5263157894736842,0.5263157894736842,0.6842105263157895,0.2631578947368421,0.5789473684210527,0.5789473684210527,0.5789473684210527,0.5263157894736842,0.5263157894736842,0.5263157894736842,0.5789473684210527,0.6842105263157895,0.3157894736842105,0.42105263157894735,0.2631578947368421,0.42105263157894735,0.2631578947368421,0.5263157894736842,0.5263157894736842,0.5263157894736842,0.5263157894736842,0.7368421052631579,0.3157894736842105,0.631578947368421,0.631578947368421,0.42105263157894735,0.3157894736842105,0.47368421052631576,0.47368421052631576,0.2631578947368421,0.6842105263157895,0.5789473684210527,0.5263157894736842,0.2631578947368421,0.47368421052631576,0.7368421052631579,0.6842105263157895,0.6842105263157895
T,0.3333333333333333,0.4444444444444444,0.2777777777777778,0.16666666666666666,0.5,0.5,0.16666666666666666,0.2222222222222222,0.3333333333333333,0.4444444444444444,0.6666666666666666,0.3333333333333333,0.8333333333333334,0.3888888888888889,0.4444444444444444,0.2777777777777778,0.16666666666666666,0.16666666666666666,0.2777777777777778,0.3888888888888889,0.3888888888888889,0.4444444444444444,0.5,0.4444444444444444,0.3888888888888889,0.3888888888888889,0.4444444444444444,0.4444444444444444,0.2222222222222222,0.8333333333333334,0.5,0.5555555555555556,0.5555555555555556,0.2777777777777778,0.5,0.4444444444444444,0.3888888888888889,0.4444444444444444,0.5555555555555556,0.5,0.4444444444444444,0.3333333333333333,0.3333333333333333,0.5,0.5555555555555556,0.5555555555555556,0.5,0.4444444444444444,0.4444444444444444,0.5,0.3888888888888889,0.6666666666666666,0.16666666666666666,0.3333333333333333,0.3333333333333333,0.5,0.4444444444444444,0.3888888888888889,0.4444444444444444,0.5,0.5555555555555556,0.16666666666666666,0.2222222222222222,0.3333333333333333,0.4444444444444444,0.3333333333333333,0.4444444444444444,0.5,0.5555555555555556,0.5,0.5555555555555556,0.2777777777777778,0.6666666666666666,0.5555555555555556,0.5555555555555556,0.3333333333333333,0.4444444444444444,0.4444444444444444,0.3333333333333333,0.3888888888888889,0.5,0.5,0.2777777777777778,0.3888888888888889,0.5,0.4444444444444444,0.5
W,0.28,0.2,0.24,0.92,0.12,0.28,0.36,0.32,0.12,0.24,0.24,0.24,0.2,0.36,0.28,0.24,0.44,0.16,0.32,0.2,0.2,0.24,0.24,0.4,0.2,0.2,0.4,0.36,0.12,0.4,0.28,0.36,0.2,0.2,0.4,0.4,0.2,0.24,0.28,0.36,0.36,0.2,0.48,0.24,0.4,0.32,0.32,0.2,0.36,0.24,0.2,0.28,0.32,0.12,0.2,0.32,0.84,0.88,0.36,0.28,0.28,0.16,0.24,0.2,0.52,0.2,0.28,0.6,0.24,0.36,0.24,0.16,0.28,0.36,0.24,0.28,0.28,0.28,0.24,0.24,0.28,0.44,0.4,0.24,0.28,0.28,0.32
Y,0.38095238095238093,0.38095238095238093,0.2857142857142857,0.9523809523809523,0.14285714285714285,0.3333333333333333,1.0,0.42857142857142855,0.19047619047619047,0.3333333333333333,0.2857142857142857,0.47619047619047616,0.23809523809523808,0.3333333333333333,0.3333333333333333,0.5238095238095238,0.14285714285714285,0.19047619047619047,0.23809523809523808,0.38095238095238093,0.19047619047619047,0.2857142857142857,0.2857142857142857,0.5238095238095238,0.23809523809523808,0.23809523809523808,0.38095238095238093,0.38095238095238093,0.14285714285714285,0.3333333333333333,0.5238095238095238,0.42857142857142855,0.3333333333333333,0.23809523809523808,0.5238095238095238,0.3333333333333333,0.3333333333333333,0.2857142857142857,0.38095238095238093,0.5238095238095238,0.3333333333333333,0.19047619047619047,0.6666666666666666,0.3333333333333333,0.6666666666666666,0.42857142857142855,0.47619047619047616,0.5238095238095238,0.38095238095238093,0.42857142857142855,0.3333333333333333,0.42857142857142855,0.9047619047619048,0.14285714285714285,0.23809523809523808,0.47619047619047616,0.47619047619047616,0.7142857142857143,0.38095238095238093,0.5238095238095238,0.42857142857142855,0.23809523809523808,0.6666666666666666,0.2857142857142857,0.42857142857142855,0.3333333333333333,0.42857142857142855,0.5714285714285714,0.3333333333333333,0.5238095238095238,0.3333333333333333,0.19047619047619047,0.38095238095238093,0.38095238095238093,0.3333333333333333,0.6190476190476191,0.38095238095238093,0.42857142857142855,0.3333333333333333,0.2857142857142857,0.2857142857142857,0.7142857142857143,0.2857142857142857,0.2857142857142857,0.3333333333333333,0.3333333333333333,0.5238095238095238
V,0.7894736842105263,0.8421052631578947,0.7368421052631579,0.21052631578947367,0.21052631578947367,0.7368421052631579,0.21052631578947367,0.47368421052631576,0.15789473684210525,0.47368421052631576,0.3684210526315789,0.47368421052631576,0.3684210526315789,0.631578947368421,0.42105263157894735,0.2631578947368421,0.3157894736842105,0.15789473684210525,0.3157894736842105,0.8947368421052632,0.3157894736842105,0.5263157894736842,0.3684210526315789,0.47368421052631576,0.3157894736842105,0.9473684210526315,0.3684210526315789,0.2631578947368421,0.42105263157894735,0.42105263157894735,0.6842105263157895,0.47368421052631576,0.2631578947368421,0.5789473684210527,0.631578947368421,0.42105263157894735,0.6842105263157895,0.6842105263157895,0.47368421052631576,0.47368421052631576,0.631578947368421,0.21052631578947367,0.5789473684210527,0.3684210526315789,0.6842105263157895,0.7368421052631579,0.7894736842105263,0.47368421052631576,0.42105263157894735,0.3157894736842105,0.42105263157894735,0.47368421052631576,0.21052631578947367,0.15789473684210525,0.2631578947368421,0.3157894736842105,0.47368421052631576,0.47368421052631576,0.5263157894736842,0.5263157894736842,0.42105263157894735,0.2631578947368421,0.2631578947368421,0.8947368421052632,0.631578947368421,0.9473684210526315,0.3684210526315789,0.47368421052631576,0.47368421052631576,0.3684210526315789,0.3684210526315789,0.3157894736842105,0.47368421052631576,0.5263157894736842,0.6842105263157895,0.631578947368421,0.47368421052631576,0.42105263157894735,0.8421052631578947,0.3684210526315789,0.3684210526315789,0.47368421052631576,0.6842105263157895,0.5263157894736842,0.5263157894736842,0.3684210526315789,0.3684210526315789
