,S,H,M,E,Q,R,I,L,K,F,L.1,E.1,E.2,L.2,G,E.3,G.1,K.1,A,T,T.1,A.1,H.1,D,L.3,S.1,G.2,K.2,L.4,G.3,T.2,P,K.3,K.4,E.4,I.1,N,R.1,V,L.5,Y,S.2,L.6,A.2,K.5,K.6,G.4,K.7,L.7,Q.1,K.8,E.5,A.3,G.5,T.3,P.1,P.2,L.8,W,K.9,I.2,A.4,V.1,S.3,T.4,Q.2
ASA,0.4050890585241731,0.6860050890585242,0.2737913486005089,0.3419847328244275,0.527735368956743,0.49821882951653945,0.03409669211195929,0.178117048346056,0.5862595419847328,0.16335877862595422,0.04580152671755725,0.5435114503816795,0.6162849872773537,0.19033078880407123,0.14656488549618318,0.7480916030534351,0.3094147582697201,0.5389312977099237,0.2778625954198473,0.0916030534351145,0.22442748091603054,0.0361323155216285,0.4819338422391858,0.3582697201017812,0.02340966921119593,0.08040712468193384,0.25190839694656486,0.5399491094147583,0.11857506361323154,0.3048346055979644,0.1318066157760814,0.38473282442748097,0.43765903307888043,0.7078880407124681,0.37404580152671757,0.05292620865139949,0.2809160305343511,0.689058524173028,0.1338422391857506,0.04681933842239186,0.5409669211195929,0.2498727735368957,0.06666666666666667,0.20203562340966918,0.8050890585241731,0.5938931297709924,0.26564885496183205,0.3195928753180661,0.029516539440203566,0.4122137404580153,0.4580152671755725,0.4880407124681934,0.4687022900763359,0.3297709923664123,0.41068702290076337,0.34147582697201023,0.15623409669211197,0.3292620865139949,0.14452926208651398,0.4132315521628499,0.21170483460559797,0.22086513994910942,0.4880407124681934,0.4076335877862596,0.4926208651399492,0.7547073791348601
HSE_alpha_up,0.07407407407407407,0.09764309764309763,0.4511784511784511,0.441077441077441,0.09764309764309763,0.22222222222222218,0.797979797979798,0.5252525252525252,0.07744107744107745,0.4511784511784511,0.7878787878787878,0.1818181818181818,0.07744107744107745,0.5420875420875421,0.18855218855218853,0.08417508417508417,0.0303030303030303,0.2121212121212121,0.3636363636363636,0.6363636363636364,0.2525252525252525,0.835016835016835,0.2929292929292929,0.17171717171717168,0.7744107744107743,0.6127946127946128,0.07407407407407407,0.16835016835016833,0.6195286195286196,0.037037037037037035,0.5319865319865319,0.101010101010101,0.5252525252525252,0.04713804713804713,0.2323232323232323,0.7676767676767676,0.4175084175084175,0.06734006734006734,0.468013468013468,0.7946127946127945,0.2323232323232323,0.1481481481481481,0.595959595959596,0.4511784511784511,0.0202020202020202,0.12457912457912455,0.09427609427609428,0.4175084175084175,0.835016835016835,0.18518518518518517,0.46127946127946123,0.17845117845117842,0.06734006734006734,0.013468013468013467,0.1481481481481481,0.31986531986531985,0.5622895622895623,0.3333333333333333,0.7171717171717171,0.2323232323232323,0.6026936026936027,0.367003367003367,0.2121212121212121,0.17171717171717168,0.18518518518518517,0.10437710437710437
HSE_alpha_down,0.265993265993266,0.3771043771043771,0.3703703703703704,0.4175084175084176,0.5892255892255892,0.5892255892255892,0.45454545454545453,0.5824915824915825,0.6902356902356902,0.5117845117845118,0.41077441077441074,0.5084175084175084,0.5117845117845118,0.29292929292929293,0.4949494949494949,0.4242424242424243,0.4276094276094276,0.3905723905723906,0.4680134680134681,0.4242424242424243,0.7710437710437711,0.4208754208754209,0.6498316498316499,0.6734006734006734,0.4680134680134681,0.45117845117845123,0.5925925925925927,0.5084175084175084,0.27272727272727276,0.5824915824915825,0.24915824915824913,0.6464646464646464,0.29292929292929293,0.5521885521885522,0.5050505050505051,0.3939393939393939,0.531986531986532,0.6835016835016835,0.5185185185185186,0.4713804713804714,0.6161616161616162,0.6195286195286196,0.36700336700336694,0.3804713804713805,0.4478114478114478,0.34680134680134683,0.4915824915824916,0.4276094276094276,0.29292929292929293,0.6767676767676768,0.3434343434343434,0.35016835016835013,0.3367003367003367,0.27946127946127947,0.3367003367003367,0.4006734006734006,0.3703703703703704,0.6498316498316499,0.4276094276094276,0.7104377104377105,0.40404040404040403,0.3804713804713805,0.3367003367003367,0.2861952861952862,0.19865319865319864,0.11447811447811446
P(C),0.983,0.126,0.015,0.003,0.003,0.002,0.001,0.001,0.001,0.001,0.001,0.009000000000000001,0.066,0.42100000000000004,0.9590000000000001,0.951,0.975,0.9359999999999999,0.8240000000000001,0.45399999999999996,0.34299999999999997,0.012,0.003,0.002,0.002,0.004,0.009000000000000001,0.03,0.255,0.9990000000000001,0.996,0.993,0.064,0.057,0.036000000000000004,0.018000000000000002,0.013999999999999999,0.006,0.002,0.001,0.001,0.002,0.002,0.008,0.06,0.8440000000000001,0.9990000000000001,0.9840000000000001,0.29100000000000004,0.063,0.109,0.49700000000000005,0.934,0.98,0.9590000000000001,0.982,0.9520000000000001,0.126,0.049,0.028999999999999998,0.19699999999999998,0.605,0.833,0.938,0.965,0.9940000000000001
P(H),0.015,0.8740000000000001,0.985,0.997,0.997,0.998,0.9990000000000001,0.9990000000000001,0.9990000000000001,0.9990000000000001,0.9990000000000001,0.991,0.934,0.578,0.027000000000000003,0.033,0.019,0.013999999999999999,0.013000000000000001,0.006,0.001,0.988,0.997,0.998,0.998,0.996,0.991,0.97,0.745,0.0,0.0,0.0,0.9359999999999999,0.943,0.963,0.982,0.986,0.9940000000000001,0.998,0.9990000000000001,0.9990000000000001,0.998,0.998,0.992,0.94,0.155,0.001,0.0,0.001,0.0,0.0,0.005,0.001,0.001,0.0,0.0,0.001,0.0,0.0,0.0,0.003,0.025,0.021,0.018000000000000002,0.011000000000000001,0.002
P(E),0.002,0.0,0.0,0.0,0.0,0.0,0.0,0.0,0.0,0.0,0.0,0.0,0.0,0.001,0.013999999999999999,0.017,0.006,0.051,0.163,0.54,0.655,0.0,0.0,0.0,0.0,0.0,0.0,0.0,0.0,0.0,0.004,0.006,0.0,0.0,0.0,0.0,0.0,0.0,0.0,0.0,0.0,0.0,0.0,0.0,0.0,0.001,0.0,0.016,0.708,0.937,0.8909999999999999,0.498,0.065,0.02,0.04,0.018000000000000002,0.046,0.873,0.951,0.971,0.8009999999999999,0.369,0.146,0.044000000000000004,0.024,0.004
cosPhi,0.5348782899947226,0.702571101923285,0.6969712547997766,0.7301002428545482,0.7136792571456334,0.6977730525069908,0.7176158811340207,0.7301002428545482,0.7105182273212602,0.7049618290954248,0.7144678933547717,0.7009741944291051,0.664433573815883,0.5643978963723617,0.384974956212832,0.682438670038724,0.5600685109068744,0.40802418460649764,0.5695866564665446,0.16868947127746722,0.5244249220990809,0.7477297115300356,0.7262176992050631,0.6985742477631887,0.7041655411525153,0.7238798849078627,0.7033686312859602,0.662784325163221,0.45555278386981496,0.6905354783771924,0.22621797125995485,0.68972836873726,0.7597599515766854,0.7184012268278577,0.68972836873726,0.7144678933547717,0.7254391137080339,0.708933855124917,0.6937580883364212,0.7105182273212602,0.7144678933547717,0.7033686312859602,0.7009741944291051,0.7152558762575125,0.6945622714053135,0.5069811008023946,0.5799407156025592,0.5505282255503421,0.172629094527054,0.15329855780573368,0.44513276088691456,0.23726377429381182,0.6929533150467896,0.5739048181282518,0.3521457497831328,0.6545087325176713,0.6759210921454287,0.3496468712470109,0.2568319394222129,0.18263426002332456,0.5583354573996266,0.5191939337777856,0.4625105794871979,0.5453163591196345,0.5008726655120944,0.4790621412452257
cosPsi,9.21439391778911e-05,0.9263200821770461,0.8891215742630105,0.8807691537683684,0.8885729807284855,0.8852566213878945,0.8620859307187337,0.8750555348152298,0.8846997775234475,0.868638668405062,0.8727379998414311,0.9014087375955573,0.924946346493432,0.9818152266043114,0.0024722150193868253,0.2537882199482665,0.9999969538288952,0.09703585887574218,0.1272620001585691,0.07690341693621794,0.053707090773937316,0.8961448216775953,0.8807691537683684,0.8863667867486755,0.8644843137107058,0.876781696150819,0.9029641411242579,0.9130491472478819,0.99778098230154,0.9501593857010968,0.047958725169610805,0.05331430583608121,0.9003656854743667,0.8987919644126143,0.8934675109806687,0.8698155474893049,0.8835825759076499,0.8891215742630105,0.876781696150819,0.8727379998414311,0.883022221559489,0.882460700459216,0.8715724127386971,0.8885729807284855,0.9226309166109281,0.9990133642141358,0.9896114053108829,0.9698463103929542,0.10653248901933138,0.08992406206311393,0.1609201650659648,0.06786259902314756,0.13731281449385618,0.9776391810611718,0.18669809431776974,0.08066471602728803,0.07971669825215788,0.1489234735024188,0.11142701927151455,0.09193120495991997,0.1860184711753311,0.11418770830613995,0.16738482267281962,0.1596395655205411,0.35381414763863167,0.3151266213630853
cosTheta,0.48331973613048773,0.8444051289915526,0.8780672609922153,0.9024267615080919,0.9080523452679655,0.8893060672419838,0.8855589604501345,0.9024267615080919,0.9174309857769143,0.8874324138461422,0.8874324138461422,0.9024267615080919,0.9061770058767276,0.7959800706771966,0.33315079772150974,0.6368559126544463,0.8238845112641353,0.37049565489809116,0.471535450449554,0.2320624119043094,0.37840668867244304,0.9174309857769143,0.9136791637168517,0.9043018093860453,0.8818126764844487,0.894928170350838,0.9080523452679655,0.8986771344367879,0.816433878169901,0.9118034299012547,0.2141440635260068,0.45982304170425486,0.9455803421929744,0.9230595192214192,0.8911799149301863,0.8855589604501345,0.9024267615080919,0.9230595192214192,0.8836857127608241,0.8799398573266017,0.8968025666654513,0.9043018093860453,0.8893060672419838,0.9061770058767276,0.9437033448901432,0.8911799149301863,0.8893060672419838,0.8406709062314754,0.20196134161707563,0.21961731050392608,0.4481842580966743,0.3179077332250375,0.5958579936732299,0.7075031836743184,0.4316885831010476,0.5139398961062429,0.5053895245144152,0.4072444216521626,0.30285815094415475,0.26035058088091567,0.525966454008481,0.525966454008481,0.5105156978038735,0.5467307333497233,0.5994011252837332,0.5764497299240358
cosTau,0.0328977628394852,0.48516687795744456,0.8029942001328555,0.7903514778554699,0.8098895158975701,0.816690436313775,0.818039110138882,0.8078307376628291,0.820724815784579,0.8233948897552297,0.818039110138882,0.8078307376628291,0.816690436313775,0.8050725819506339,0.15709082353631187,0.8029942001328555,0.9822787092288989,0.33145237078845896,0.2894820933162545,0.0010421908639104416,0.2139270632772418,0.3298102248934749,0.7931861783678946,0.8220618148806933,0.8247240241650918,0.8098895158975701,0.8119397983546931,0.8286876228970479,0.8802029828000155,0.2691256933824831,0.1539284130647965,0.40716669230721136,0.3306310398773543,0.7824835017124689,0.8193839087577989,0.8098895158975701,0.7995117992577929,0.8200548497424778,0.8293447300593403,0.8160146513324255,0.8078307376628291,0.818039110138882,0.8233948897552297,0.8078307376628291,0.8119397983546931,0.813981528824669,0.34052034535096504,0.19285739995052836,0.8523171049817972,0.00869360172819239,0.1772711561380248,0.0014736238865398765,0.49127379678135824,0.9851478631379982,0.8377951038078302,0.4416646314503334,0.3663808119608716,0.07322460136233633,0.019853157161528412,0.006713919196515317,0.2218521922498476,0.10120803558738567,0.18196088986111797,0.28711035421746367,0.1272620001585691,0.0046260797642782014
sinPhi,0.0012179748700879012,0.04287302238286822,0.04043233037238281,0.056092307431799326,0.047958725169610805,0.0407768093284564,0.04984061429890324,0.056092307431799326,0.046477992854267625,0.04393994191386341,0.048332353568349584,0.04216870333021955,0.0278118148812595,0.004164418808454806,0.9865894363885441,0.034472092068735805,0.9963786709647229,0.008532325425222809,0.004865965629214819,0.12552213960549896,0.0005969313292830125,0.0656842427809044,0.05410123519739296,0.041122687158009485,0.043582911383478584,0.05292288158031594,0.04322727117869962,0.027240712200341577,0.001979467294615178,0.9622730168061566,0.08161784327051913,0.037395140807108984,0.07277058493359628,0.05022111052240985,0.037395140807108984,0.048332353568349584,0.05370709077393726,0.04574591123663918,0.0390684242057498,0.046477992854267625,0.048332353568349584,0.04322727117869962,0.04216870333021955,0.0487073578250698,0.039407297217139425,4.873799534788059e-05,0.993568132536494,0.0025596455856058964,0.12207326541618019,0.13972444415983487,0.003019522272410202,0.07459444528797443,0.03873095527187681,0.9945079316809584,0.022360818938828186,0.02447174185242318,0.03197023213051342,0.02314152462588659,0.06311388848226734,0.11363321325132458,0.0034146752307570027,0.0003685417946894254,0.0014074332374421905,0.0020578006920147773,7.615433562091489e-07,0.0004385849505708084
sinPsi,0.5095983477377246,0.2387501379172507,0.18601785129263368,0.17593942191057618,0.18533918407554936,0.18128738164049996,0.1551895847724061,0.16934343475718552,0.18061546724535402,0.16220425817438883,0.16673313030642523,0.20188695471950494,0.23652152082969777,0.3663803294320211,0.45033970653803596,0.9351777986050329,0.5017449462647859,0.796006434049665,0.8332661081496389,0.7664379601677452,0.7254385612542759,0.19492680495122325,0.17593942191057618,0.18263412093931142,0.1577258056073388,0.17131174602091792,0.20399280440639891,0.21823638018432348,0.45294542673496707,0.7176153346379979,0.7136787136475229,0.7246592896240596,0.20048759187884446,0.198395395670698,0.19148144670769304,0.16349310620884594,0.1792745591974144,0.18601785129263368,0.17131174602091792,0.16673313030642523,0.17860556962925908,0.17793755908311648,0.1654340612624249,0.18533918407554936,0.23282324106672306,0.46860433555450554,0.6013933441220057,0.32898941733351444,0.8085177917483708,0.7860727738079002,0.8674571966378886,0.7515097840790443,0.8441771691810354,0.3521454816086724,0.8896688984438197,0.7723193441188227,0.7708539306367032,0.8560129133430889,0.8146600543805145,0.7889286514517696,0.8891214898242178,0.8180389715676696,0.8733189946696176,0.8662713475535226,0.9781523613435937,0.9645662587826979
sinTheta,0.8128535885378609,0.9904616110440789,0.9954612786571834,0.9979315877827026,0.9983656355113055,0.9967204041866397,0.996323351976412,0.9979315877827026,0.9989756288490144,0.9965247106409033,0.9965247106409033,0.9979315877827026,0.9982266230912701,0.9800119474813134,0.659299886659663,0.917632460174684,0.9865053017222039,0.7029397825672449,0.8027855762454257,0.5192430540698393,0.7116880498307827,0.9989756288490144,0.9987486468047729,0.9980819403681597,0.9959036417619145,0.9972734882364523,0.9983656355113055,0.9976138748740193,0.9848975264943671,0.9986266477656012,0.4905472161173844,0.7924688941511243,0.9999545945321818,0.9992735567740165,0.9969104320175054,0.996323351976412,0.9979315877827026,0.9992735567740165,0.9961163288065398,0.9956852914904178,0.9974465155186021,0.9980819403681597,0.9967204041866397,0.9982266230912701,0.9999290541186195,0.9969104320175054,0.9967204041866397,0.9897930609978813,0.47027172351939245,0.49945162331560944,0.7819050821299329,0.640323715701803,0.8942110627688784,0.950771563365029,0.7663883610611947,0.837590499659484,0.8308864907059116,0.7421840556192341,0.6208895493789683,0.5619957845214204,0.84675839997868,0.84675839997868,0.8349244105466204,0.8618802542169398,0.8963606878236102,0.8820060687165868
sinTau,0.3216310003401874,0.00022006994030798754,0.8977367404274479,0.9070577591781597,0.8923881852665414,0.8869201048632531,0.88581229169386,0.894005376803361,0.8835825759076498,0.8813341648478441,0.88581229169386,0.894005376803361,0.8869201048632531,0.8961448216775953,0.13611362117139475,0.10226325957255206,0.6319365249826865,0.970735272406019,0.046477992854267514,0.4677338458735212,0.08992406206311404,0.029855936494790625,0.905020820222898,0.8824607004592159,0.8802029828000155,0.8923881852665414,0.8907602362094094,0.8767816961508189,0.8247240241650918,0.05649458341088909,0.860880114049181,0.00869360172819239,0.029559615522887217,0.9125567491391475,0.8846997775234475,0.8923881852665414,0.9003656854743667,0.8841417617967617,0.8762074544478622,0.8874722443520897,0.894005376803361,0.88581229169386,0.8813341648478441,0.894005376803361,0.8907602362094094,0.8891215742630105,0.02611579499520722,0.8945420424173454,0.8547853682682605,0.40716669230721136,0.11810198568267882,0.46164048593659057,7.615242180442072e-05,0.6209609477998339,0.868638668405062,0.0034146752307570027,0.018184773395688525,0.2394951840797117,0.3605044469803854,0.41833701887918884,0.08450776536283588,0.19839600612735886,0.11418770830614006,0.04758647376699021,0.16673376487527358,0.5678577862171522
hhm0,0.4889259975391106,0.46871154860256636,0.32114607136579365,0.30049217788715066,0.3590261908947091,0.3241342942520654,0.4775883283529619,0.5472842327298295,0.33705396378976976,0.23835471963438215,0.692388820530849,0.2779926173316928,0.31156618034804007,0.292757953946212,0.368869748637722,0.3532255229390051,0.3697486377219195,0.3722095271576727,0.3044471787660397,0.33441729653717706,0.5035155563367903,0.15266303392511865,0.27465283881174196,0.35384074529794346,0.580418351204078,0.06714712603269467,0.35665319036737564,0.23782738618386362,0.41088064686236603,0.45834065740903496,0.4654596589910353,0.3737915275092284,0.404728423272983,0.3267709615046582,0.22877482861662857,0.2529442784320619,0.49191422042538235,0.4337317630515029,0.28467217437159437,0.5914044647565478,0.3177184039374231,0.295306732290385,0.5754086834241519,0.3371418526981895,0.2904728423272983,0.2948672877482862,0.6065213570047461,0.5353313411847425,0.3990156442256987,0.4027948672877483,0.43065565125681143,0.41035331341184744,0.3316927403761646,0.3577957461768325,0.4473545438565653,0.38477764106169804,0.3633327474072772,0.5001757778168396,0.8788890841975743,0.3268588504130779,0.4566707681490596,0.32580418351204077,0.3026894005976446,0.24679205484267885,0.4205484267885393,0.8788890841975743
hhm1,0.7813110399249941,0.7813110399249941,0.44323775294944917,0.6144230017970154,0.6117665442612703,0.6302054848035002,0.6584108133447926,0.46339557777951396,0.5153527619345261,0.4140948511602469,0.6481756387217751,0.4711305570747714,0.6516134072974451,0.5292600984451911,0.5630908664739432,0.535198062348621,0.6152824439409329,0.5763731541526682,0.587155246503633,0.33354168294398,0.596530978982733,0.5578560825064459,0.6084069067895929,0.6898976482537698,0.5465270724275334,0.3408078756152824,0.7813110399249941,0.5243378388936636,0.3748730369560122,0.5371513399484334,0.47917806078599884,0.6419251504023752,0.6861473552621298,0.7813110399249941,0.5562153293226033,0.533322915852801,0.7813110399249941,0.6003594030783654,0.4758965544183139,0.4342526759903117,0.7214626142667395,0.7031018048285023,0.6441128213141651,0.47183373701070397,0.6779435893429174,0.5193374482381435,0.6654426127041175,0.6122353308852254,0.6971638409250722,0.4595671536838815,0.45886397374794907,0.5602000156262208,0.6243456520040628,0.5989530432065004,0.533166653644816,0.6133291663411204,0.5955152746308305,0.47183373701070397,0.7813110399249941,0.467458395187124,0.6023908117821704,0.47683412766622385,0.5595749667942808,0.7813110399249941,0.7813110399249941,0.7813110399249941
hhm2,0.1734191293295202,0.10573562122656499,0.4410549729901494,0.399984111852558,0.2525421035907214,0.3160946933587544,0.7944073721004131,0.601843025103273,0.23435017476962186,0.6709564664760089,0.7944073721004131,0.3790117572291071,0.2901175722910709,0.3944232602478551,0.28781379091197967,0.2547664442326025,0.2264855417858278,0.276850969176994,0.43112488083889416,0.6151096282173499,0.4770416269462981,0.5468700349539244,0.3528757546870035,0.190340006355259,0.7944073721004131,0.7944073721004131,0.2783603431839848,0.4033206228153798,0.7944073721004131,0.2738322211630124,0.7083730537019385,0.2622338735303464,0.5341595170003178,0.48824277089291396,0.35502065459167464,0.7944073721004131,0.39466158245948524,0.5359866539561488,0.394184938036225,0.7944073721004131,0.30203368287257704,0.3855258976803305,0.7944073721004131,0.49610740387670804,0.3042580235144582,0.23665395614871307,0.3410390848427074,0.47608833809977763,0.6016047028916428,0.3928344455036543,0.4061804893549412,0.3101366380680013,0.27510327295837306,0.24428026692087704,0.3176835081029552,0.36606291706387034,0.4481251986018431,0.6084366062917065,0.5793612964728313,0.6235303463616143,0.380680012710518,0.46321893867175085,0.2621544327931363,0.3488242770892914,0.3931522084524945,0.31641245630759457
hhm3,0.28545648429169057,0.1440406857517841,0.4869165778032975,0.22352555163645313,0.18366007710606183,0.29251086867361165,0.6824706750881798,0.47969813797063404,0.20441309162496923,0.3822492002296776,0.8202772537117545,0.2784020999097695,0.19465179230579935,0.3514888032154868,0.3531293577229103,0.22090066442457548,0.317939463538676,0.21195964235911738,0.323517348863916,0.5224345828890165,0.5712410794848659,0.5612336969895825,0.3792141743909441,0.10081207448117463,0.8202772537117545,0.5470429005003691,0.17791813633007955,0.23689607087195472,0.8202772537117545,0.3644491838241325,0.505864982364039,0.3513247477647445,0.4072676564678861,0.3783118694118612,0.3344270363382823,0.8202772537117545,0.42252481338692477,0.461898121565089,0.5201378065786235,0.8202772537117545,0.42186859158395534,0.3103929128045279,0.5925682880813715,0.13075219424165366,0.19809695677138872,0.18333196620457715,0.37339020588959065,0.4409810515954392,0.8202772537117545,0.2002296776310393,0.534820769420064,0.22705274382741364,0.3143302436223443,0.21671725043064555,0.3893035846115987,0.46460503650233775,0.5029940119760479,0.37987039619391355,0.8202772537117545,0.3165449922073661,0.8202772537117545,0.4407349684193257,0.23295874005413827,0.2644573865966697,0.8202772537117545,0.2439504552538758
hhm4,0.8038585209003215,0.8038585209003215,0.5470257234726688,0.5572347266881029,0.3377009646302251,0.5511254019292604,0.5770900321543408,0.43327974276527337,0.43062700964630224,0.25233118971061097,0.35337620578778134,0.47572347266881027,0.5809485530546624,0.4479903536977492,0.6385048231511254,0.8038585209003215,0.48279742765273315,0.5860932475884244,0.5053858520900322,0.3195337620578778,0.5288585209003216,0.5725884244372991,0.6815112540192926,0.6163183279742765,0.5922025723472669,0.6241157556270096,0.6317524115755627,0.5318327974276527,0.3222668810289389,0.47885852090032155,0.45996784565916404,0.6821543408360129,0.7330385852090032,0.8038585209003215,0.6263665594855305,0.8038585209003215,0.4331189710610932,0.5405948553054662,0.410048231511254,0.48778135048231513,0.5492765273311897,0.655144694533762,0.46004823151125407,0.512459807073955,0.7160771704180064,0.6524919614147909,0.6995980707395498,0.25329581993569134,0.6016881028938907,0.47025723472668807,0.44533762057877807,0.5168006430868167,0.6008038585209002,0.6275723472668809,0.5672025723472669,0.6606913183279742,0.4097266881028939,0.3936495176848875,0.2597266881028939,0.3408360128617363,0.5135852090032155,0.612540192926045,0.5205787781350482,0.5418006430868167,0.8038585209003215,0.3186495176848874
hhm5,0.8173273395995095,0.4373518594196976,0.5951777686963629,0.45655905190028606,0.41201471189211275,0.46129955046996324,0.6440539436044135,0.7082141397629751,0.5152431548835308,0.6357172047404986,0.8173273395995095,0.43751532488761746,0.41176951369023296,0.45484266448712707,0.13379648549243972,0.293338782182264,0.1839803841438496,0.26203514507560277,0.1703310175725378,0.5041275030649776,0.3160604822231303,0.43383735185941974,0.3584797711483449,0.5069064160196158,0.8173273395995095,0.36959542296689823,0.41969758888434816,0.4443808745402533,0.6631794033510421,0.09423784225582345,0.5771965672251738,0.4676747037188394,0.44397221087045363,0.29039640375970577,0.3161422149570903,0.6482223130363711,0.47870862280343274,0.3252145484266448,0.6280343277482632,0.8173273395995095,0.4122599100939926,0.41234164282795255,0.7091131998365345,0.6145484266448713,0.385042909685329,0.4362076011442582,0.048630976706170816,0.6780547609317531,0.7018389865140989,0.613240702901512,0.6162648140580302,0.43865958316305675,0.2008173273395995,0.24658765835717206,0.3431957498978341,0.33518594196975887,0.2279525950143032,0.37302819779321617,0.8173273395995095,0.439967306906416,0.8173273395995095,0.2165100122599101,0.32161830813240705,0.3722926031875766,0.06898242746219861,0.32325296281160604
hhm6,0.8159268929503917,0.5247225848563969,0.5517297650130548,0.4835182767624021,0.45781657963446476,0.5177056135770235,0.8159268929503917,0.6558420365535248,0.42819843342036557,0.45316579634464754,0.6202676240208878,0.47446148825065276,0.48865861618798956,0.3147845953002611,0.46752610966057434,0.5335345953002611,0.3469321148825065,0.5018766318537858,0.5731886422976501,0.618798955613577,0.5020398172323759,0.7428198433420365,0.5545855091383811,0.472992819843342,0.8159268929503917,0.6639197127937336,0.4824575718015666,0.3488087467362924,0.7224216710182767,0.4056788511749347,0.695822454308094,0.5545855091383811,0.5155026109660574,0.5074249347258486,0.6015828981723237,0.8159268929503917,0.295855091383812,0.3251468668407311,0.20969321148825065,0.8159268929503917,0.36161879895561355,0.5403067885117493,0.70838772845953,0.39490861618798956,0.5024477806788512,0.5469973890339426,0.5097095300261096,0.6635117493472585,0.7044712793733681,0.4643439947780679,0.4046181462140992,0.4738087467362924,0.4933909921671018,0.44321148825065276,0.48204960835509136,0.5528720626631853,0.40021214099216706,0.38838120104438645,0.8159268929503917,0.4371736292428199,0.5261912532637076,0.5916285900783289,0.6866840731070496,0.5366351174934725,0.8159268929503917,0.2970789817232376
hhm7,0.7975753708725475,0.7975753708725475,0.3287605678736641,0.4010208964747169,0.4512681448396873,0.44544584463231773,0.07106396554474398,0.2583346626256181,0.5246450789599617,0.27205295900462595,0.20968256500239274,0.4184877970968257,0.5176264156962833,0.3277237198915297,0.6101451587174987,0.6056787366406124,0.45940341362258735,0.5169883553995852,0.5724996012123146,0.22523528473440738,0.5293507736481097,0.3026798532461318,0.4373105758494178,0.5811931727548253,0.10121231456372629,0.5437868878609028,0.5869357154251077,0.3672037007497208,0.3238953581113415,0.6661349497527517,0.15026319987238795,0.7975753708725475,0.6008932844153773,0.5332588929653852,0.4826128569149784,0.18878609028553198,0.5860583825171478,0.536927739671399,0.25195405965863776,0.23975115648428774,0.4763120114850853,0.4887541872706971,0.5606157281863136,0.41322379964906686,0.6340724198436752,0.5725793587494018,0.6423672037007497,0.3372148668049131,0.13439144999202426,0.31679693731057584,0.45541553676822466,0.2702185356516191,0.41434040516828835,0.4841282501196363,0.5347742861700431,0.5792789918647312,0.4501515393204658,0.35795182644759926,0.6374222364013399,0.39448077843356194,0.21502631998723878,0.41872706970808743,0.44791832828202266,0.4448875418727069,0.7975753708725475,0.7975753708725475
hhm8,0.42937668491136344,0.45829589085859,0.5340249979576832,0.2182828200310432,0.32497344988154564,0.18290989298259946,0.8169267216730659,0.4667102360918226,0.32244097704435914,0.48451923862429536,0.7126868719875827,0.17776325463605913,0.24752879666693897,0.32750592271873213,0.3002205702148517,0.32146066497835146,0.34988971489257414,0.265909647904583,0.36974103422922966,0.4443264439179806,0.2727718323666367,0.6400620864308472,0.22833101870762196,0.3870598807286986,0.8169267216730659,0.6384282329875011,0.1983498080222204,0.23339596438199495,0.65787108896332,0.351441875663753,0.4547831059553958,0.3779919941181276,0.11224573155787926,0.2646025651499061,0.4306020749938731,0.8169267216730659,0.4733273425373744,0.2476921820112736,0.5740544073196634,0.8169267216730659,0.23102687688914306,0.20447675843476842,0.8169267216730659,0.2600277755085369,0.17073768482967078,0.2256351605261008,0.3292214688342456,0.2847806551752308,0.7018217465893309,0.2759578465811617,0.1834000490156033,0.28527081120823466,0.28911036680009805,0.3472755493832203,0.25618821991667345,0.3369005800179724,0.32521852789804756,0.2441793971080794,0.8169267216730659,0.30438689649538436,0.41132260436238866,0.29825994608283635,0.33534841924679354,0.2596193121477004,0.8169267216730659,0.3233395964381995
hhm9,0.8598452278589853,0.5637145313843508,0.26784178847807394,0.40670679277730004,0.40877042132416164,0.3664660361134996,0.26827171109200343,0.05743766122098022,0.37153912295786756,0.1996560619088564,0.051504729148753224,0.3394668959587274,0.42717110920034396,0.3122098022355976,0.5810834049871023,0.5186586414445399,0.48383490971625104,0.5125537403267412,0.5515907136715391,0.1826311263972485,0.5317282889079965,0.30128976784178846,0.4343078245915735,0.5959587274290628,0.10146173688736028,0.6172828890799655,0.4858985382631127,0.34196044711951845,0.08125537403267412,0.5678417884780739,0.14763542562338777,0.6466895958727429,0.5011177987962167,0.7188306104901118,0.5041272570937232,0.28607050730868444,0.42510748065348236,0.45030094582975067,0.2651762682717111,0.04393809114359415,0.43147033533963886,0.43387790197764403,0.02545141874462597,0.34316423043852107,0.49415305245055885,0.3601031814273431,0.5895098882201204,0.1300945829750645,0.1944969905417025,0.48581255374032667,0.3286328460877042,0.4423903697334479,0.44376612209802235,0.5004299226139295,0.5666380051590714,0.4091143594153052,0.5674978503869303,0.26543422184006876,0.6051590713671539,0.4006878761822872,0.08968185726569218,0.4441100601891659,0.39062768701633704,0.3636285468615649,0.40928632846087704,0.8598452278589853
hhm10,0.7816774798718048,0.523176737278199,0.26819354334401624,0.5581177206284688,0.41999530993512074,0.441335105135621,0.4482920347064801,0.4043617603376846,0.4553271320253263,0.4378957242241851,0.3605096537168764,0.5243492534980067,0.4633002423200187,0.5191120143828656,0.7816774798718048,0.5230204017822246,0.45767216446494174,0.5807081997967638,0.5287266473852887,0.28820448682873445,0.5828968967404049,0.5223950597983271,0.5351364027202375,0.5281794731493785,0.43445634331274907,0.49886656765418586,0.6172907058547642,0.42179316813882584,0.37387633862268427,0.6050965371687641,0.2955522551395294,0.6280778550769952,0.6063472211365589,0.34096771672008125,0.5137966075197373,0.4601735324005315,0.5198155241147503,0.5977487688579692,0.411475025404518,0.40318924411787693,0.5072305166888141,0.5826623934964433,0.2459157351676698,0.504103806769327,0.7003048542171499,0.5394356288595326,0.7816774798718048,0.3956851403111076,0.636676307355585,0.45266942859376214,0.5313061830688657,0.5789103415930587,0.5485812553740326,0.5338075510044554,0.6600484640037521,0.5932932072226998,0.5168451496912374,0.4335964980848901,0.7816774798718048,0.47541624325803167,0.49253498006722424,0.7816774798718048,0.5208317048385835,0.7816774798718048,0.7816774798718048,0.7816774798718048
hhm11,0.3565174293738642,0.39790186684288786,0.3028250454320172,0.47331901536428217,0.3830332066743764,0.41847018007599546,0.8260366760284157,0.584999173963324,0.31794151660333725,0.5954072360812821,0.7136956880885513,0.40740128861721464,0.35313067900214773,0.2336857756484388,0.3599867834131836,0.3588303320667438,0.28721295225508015,0.31595902858086905,0.4806707417809351,0.6380307285643483,0.36205187510325465,0.5713695688088551,0.3683297538410706,0.5337022963819594,0.8260366760284157,0.6594250784734843,0.4122749050057823,0.472905997026268,0.7326945316372048,0.2809350735172642,0.8260366760284157,0.392615232116306,0.49743928630431195,0.3488352882868,0.4482901040806212,0.8260366760284157,0.18577564843879069,0.35734346604989264,0.4640674045927639,0.8260366760284157,0.2482240211465389,0.3648603998017512,0.8260366760284157,0.39707583016685943,0.40731868494961176,0.3887328597389725,0.34949611762762267,0.5785560878903024,0.7084916570295722,0.4639848009251611,0.467701965967289,0.4469684453989758,0.34189658020816127,0.42309598546175453,0.32116305963984804,0.37485544358169504,0.4805881381133323,0.47323641169667935,0.4946307616058153,0.5119775318024121,0.5598050553444573,0.3562696183710557,0.3388402445068561,0.5821080455972245,0.8260366760284157,0.8260366760284157
hhm12,0.4011075949367089,0.453006329113924,0.38757911392405064,0.5215189873417722,0.6149525316455696,0.5771360759493671,0.7911392405063291,0.7911392405063291,0.7911392405063291,0.7911392405063291,0.6742879746835443,0.7911392405063291,0.7134493670886076,0.4971518987341772,0.23686708860759492,0.22436708860759494,0.32697784810126584,0.29572784810126584,0.15727848101265823,0.473496835443038,0.4085443037974683,0.36337025316455696,0.46194620253164553,0.6450949367088608,0.7911392405063291,0.7911392405063291,0.7268196202531645,0.7911392405063291,0.7911392405063291,0.6090981012658228,0.6512658227848102,0.20482594936708862,0.3252373417721519,0.3556962025316456,0.6838607594936709,0.7911392405063291,0.629509493670886,0.38662974683544304,0.7911392405063291,0.7911392405063291,0.6308544303797469,0.7182753164556962,0.6895569620253165,0.7911392405063291,0.5069620253164557,0.7911392405063291,0.7911392405063291,0.7911392405063291,0.7911392405063291,0.7911392405063291,0.48536392405063294,0.4433544303797468,0.2652689873417721,0.4277689873417721,0.4057753164556962,0.08409810126582279,0.20348101265822782,0.7911392405063291,0.7911392405063291,0.7911392405063291,0.39533227848101266,0.3995253164556962,0.2566455696202532,0.2560917721518987,0.20229430379746835,0.7911392405063291
hhm13,0.37053210415655835,0.5021834061135372,0.5735080058224163,0.2582888565421317,0.27147016011644837,0.3057577227882905,0.7192301471777455,0.529435549086204,0.3322011968300178,0.42519812388808026,0.8086689309396734,0.3844412097687207,0.30891153161895524,0.32904738799935307,0.38031699822092835,0.334222869157367,0.43231441048034935,0.28303412582888565,0.435710819990296,0.38791848617176133,0.5283034125828886,0.27672650816755623,0.314410480349345,0.2717936276888242,0.8086689309396734,0.5317806889859291,0.3289665211062591,0.31675562024907006,0.6073103671356946,0.39123402878861396,0.5160925117256995,0.5189228529839884,0.44767912016820316,0.29920750444767913,0.42657286107067766,0.8086689309396734,0.37708232249716966,0.23281578521753196,0.34675723758693194,0.6639980591945658,0.33195859615073586,0.32209283519327186,0.6128901827591784,0.3015526443474042,0.3015526443474042,0.28303412582888565,0.43934983017952456,0.4868995633187773,0.6023774866569627,0.2715510270095423,0.408458677017629,0.3414200226427301,0.3432799611838913,0.36382015202975904,0.3981077147016012,0.5287886139414524,0.4205887109817241,0.42899886786349667,0.8086689309396734,0.297104965227236,0.6346433770014557,0.5162542455118875,0.4013423904253599,0.2802037845705968,0.8086689309396734,0.07261846999838267
hhm14,0.4227414842850091,0.6523778180023038,0.3187428007240415,0.2093138061543525,0.3221984531841369,0.20478854698041798,0.6226756623333882,0.5496955734737535,0.27414842850090504,0.4892216554220833,0.8227743952608194,0.2652624650320882,0.2907684712851736,0.33256541056442324,0.411716307388514,0.3609511272009215,0.35297021556689157,0.3085403982228073,0.392545663978937,0.4630574296527892,0.36185617903570844,0.5480500246832318,0.2934013493500082,0.4229060391640612,0.6118973177554714,0.5236959025835115,0.22725028797103833,0.2650156327135099,0.635593220338983,0.45277274971202897,0.5730623662991607,0.5148099391146947,0.16669409247984202,0.333305907520158,0.5552904393615271,0.8227743952608194,0.2087378640776699,0.176731940102024,0.4661839723547803,0.5707585979924304,0.32705282211617576,0.22116175744610825,0.611485930557841,0.39139377982557183,0.2543195655751193,0.30664801711370737,0.4416652953760079,0.3823432614777028,0.8227743952608194,0.26633207174592727,0.14464373868685207,0.3011354286654599,0.3681915418792167,0.41072897811420106,0.14768800394931708,0.33635017278262297,0.30878723054138557,0.23004772091492515,0.8227743952608194,0.2529208491031759,0.6634852723383248,0.3630080631890735,0.35667270034556525,0.30212275793977295,0.8227743952608194,0.8227743952608194
hhm15,0.19475465313028764,0.32470389170896785,0.29027072758037226,0.36920473773265655,0.38629441624365485,0.38807106598984775,0.6191201353637902,0.6412013536379019,0.34069373942470393,0.47131979695431475,0.7285109983079526,0.3256345177664975,0.3185279187817259,0.2833333333333333,0.29314720812182743,0.2781725888324873,0.3524534686971236,0.42250423011844335,0.3089678510998308,0.3757191201353638,0.2015228426395939,0.3958544839255499,0.22648054145516075,0.45820642978003384,0.8460236886632826,0.22377326565143826,0.3477157360406092,0.3603214890016921,0.3951776649746193,0.32309644670050763,0.5928934010152285,0.15169204737732656,0.38604060913705585,0.15397631133671744,0.24475465313028766,0.6118443316412859,0.2083756345177665,0.2633671742808799,0.3864636209813875,0.8460236886632826,0.32470389170896785,0.30702199661590523,0.7159052453468697,0.4180203045685279,0.3495769881556684,0.3609983079526227,0.4769881556683587,0.6266497461928935,0.5911167512690355,0.3585448392554992,0.26835871404399325,0.3363790186125212,0.34221658206429784,0.2564297800338409,0.2922165820642978,0.3008460236886633,0.3939086294416244,0.42157360406091376,0.8460236886632826,0.22749576988155668,0.505668358714044,0.28401015228426396,0.2942470389170897,0.2921319796954315,0.2850253807106599,0.8460236886632826
hhm16,0.1500797850004199,0.4278155706727135,0.1840933904425968,0.4063995968757873,0.4114386495338876,0.4092550600487108,0.5688250608885529,0.5951121189216427,0.4038800705467372,0.35911648610061303,0.6453346770807088,0.40707147056353404,0.32409507012681615,0.4137062232300327,0.5007978500041992,0.36801881246325685,0.3604602334761065,0.3678508440413202,0.38607541782144955,0.46300495506844713,0.11497438481565464,0.26933736457545976,0.26093894347862595,0.4069035021415973,0.6489459981523473,0.4019484336944654,0.3959855547157134,0.42017300747459474,0.2789115646258503,0.5803308977912152,0.4714873603762492,0.20038632737045434,0.4077433442512807,0.36348366507096663,0.14285714285714285,0.3352649701856051,0.3195599227345259,0.4254640127656001,0.3704543545813387,0.6313932980599647,0.3487024439405392,0.2334761064919795,0.8398421096833795,0.45863777609809353,0.49298731838414384,0.4944150499706055,0.5294364659444024,0.5814226925338036,0.6273620559334845,0.3051986226589401,0.43923742336440746,0.28814982783236753,0.3410598807424204,0.28168304358780544,0.2774838330393886,0.45149911816578475,0.34383135970437556,0.33005794910556807,0.8398421096833795,0.33417317544301667,0.562862181909801,0.15789031662047534,0.3900226757369614,0.3727219282774838,0.32098765432098764,0.8398421096833795
hhm17,0.7957981855801369,0.42893522202769385,0.35906414133375775,0.3712398535731339,0.39996816807257685,0.4537641254177941,0.15581728473659082,0.3549259907687411,0.46960050931083874,0.2640458379754894,0.3188763329619609,0.3986153111570906,0.3858825401878084,0.3367022123189559,0.575362088174439,0.4760464746140379,0.6872513130670063,0.44835269775584913,0.4539232850549101,0.23643164093585867,0.6399809008435461,0.21001114117459815,0.40816488938405227,0.4455674041063186,0.2795639025943021,0.3799936336145154,0.4656215183829381,0.4072895113799141,0.3183192742320548,0.5253859621200064,0.20841954480343788,0.668550055705873,0.41278051886041706,0.41182556103772083,0.32070666878879517,0.08642368295400286,0.5673245265000796,0.5165526022600668,0.2720833996498488,0.2886360019099157,0.4131784179532071,0.4382460607989814,0.7076237466178578,0.29086423682954005,0.5541938564380073,0.48655101066369577,0.6346490530001592,0.3392487665128124,0.10830813305745664,0.2901480184625179,0.43172051567722425,0.2487665128123508,0.40211682317364317,0.35134489893363047,0.4438962279166003,0.5614356199267866,0.2126372751870126,0.2981855801368773,0.5847525067642846,0.32269616425274555,0.24789113480821265,0.3646347286328187,0.3350310361292377,0.4201814419863123,0.7957981855801369,0.7957981855801369
hhm18,0.8116883116883117,0.8116883116883117,0.6900162337662338,0.683603896103896,0.5344967532467533,0.39439935064935067,0.8116883116883117,0.6766233766233767,0.663961038961039,0.6633116883116883,0.8116883116883117,0.42029220779220783,0.7128246753246753,0.6520292207792208,0.8116883116883117,0.6551136363636364,0.7023538961038961,0.8116883116883117,0.6310064935064935,0.5931006493506493,0.8116883116883117,0.8116883116883117,0.8116883116883117,0.8116883116883117,0.8116883116883117,0.8116883116883117,0.7266233766233766,0.6857954545454545,0.4693993506493507,0.7086038961038961,0.5873376623376624,0.8116883116883117,0.7151785714285714,0.8116883116883117,0.6770292207792208,0.8116883116883117,0.723538961038961,0.6084415584415584,0.7361201298701299,0.8116883116883117,0.6612012987012987,0.6961038961038961,0.8116883116883117,0.6258928571428571,0.8116883116883117,0.6277597402597402,0.8116883116883117,0.3323051948051948,0.8116883116883117,0.8116883116883117,0.8116883116883117,0.6905844155844156,0.7271103896103897,0.8116883116883117,0.8116883116883117,0.8116883116883117,0.6224025974025974,0.8116883116883117,0.04602272727272727,0.38449675324675325,0.6376623376623376,0.6743506493506494,0.6831980519480519,0.8116883116883117,0.8116883116883117,0.8116883116883117
hhm19,0.8129420372327453,0.5453215185757255,0.4817494512641249,0.5838549711405576,0.3796439313876921,0.5571091781156003,0.5905210958458662,0.3602959109015527,0.32590846272660756,0.29103324932932284,0.8129420372327453,0.4538655393870417,0.5032111210470693,0.4358182261604748,0.5097959515486545,0.5062190065848305,0.4909356962848549,0.5345906836842533,0.5077635964555728,0.4226485651573043,0.49727664417527034,0.5932850987724575,0.5071132428257865,0.6930330867409155,0.8129420372327453,0.5456466953906187,0.5594667100235754,0.5022355906023901,0.6117388830176408,0.5149174863832209,0.43175351597431105,0.8129420372327453,0.47492073815136987,0.5781643768799285,0.555239411429965,0.8129420372327453,0.3711893342004715,0.4259003333062353,0.2782700593447687,0.7060401593366393,0.2435574343549305,0.6282416063734656,0.7331111291764898,0.4693927322981872,0.6143402975367857,0.5759694333794001,0.58987074221608,0.257621331599057,0.7211608812291683,0.35826355580847086,0.4582554263880985,0.47362003089179744,0.6167791236484839,0.4794732135598732,0.48345662954231367,0.7154702869685392,0.3629786196244208,0.23225754003739535,0.2020160962523372,0.3647670921063328,0.4037070156897813,0.5545077635964556,0.47800991789285424,0.5462157548166816,0.8129420372327453,0.8129420372327453
A,0.75,0.5,0.5,0.5,0.5,0.45,0.45,0.4,0.55,0.65,0.4,0.6,0.65,0.55,0.55,0.6,0.55,0.55,0.65,0.65,0.5,0.85,0.6,0.55,0.4,0.85,0.5,0.65,0.4,0.5,0.6,0.5,0.5,0.5,0.5,0.55,0.4,0.55,0.7,0.35,0.4,0.65,0.35,0.65,0.5,0.55,0.5,0.55,0.65,0.5,0.5,0.55,0.7,0.55,0.6,0.4,0.65,0.5,0.25,0.5,0.55,0.75,0.65,0.6,0.7,0.5
R,0.45454545454545453,0.45454545454545453,0.5,0.5909090909090909,0.6363636363636364,0.8181818181818182,0.36363636363636365,0.4090909090909091,0.6818181818181818,0.5,0.36363636363636365,0.7727272727272727,0.5909090909090909,0.5,0.6818181818181818,0.5,0.5454545454545454,0.6363636363636364,0.5454545454545454,0.5454545454545454,0.5454545454545454,0.4090909090909091,0.6818181818181818,0.5909090909090909,0.36363636363636365,0.4090909090909091,0.7727272727272727,0.6363636363636364,0.36363636363636365,0.7272727272727273,0.45454545454545453,0.5909090909090909,0.7272727272727273,0.7272727272727273,0.5,0.36363636363636365,0.45454545454545453,0.8181818181818182,0.4090909090909091,0.3181818181818182,0.36363636363636365,0.7272727272727273,0.36363636363636365,0.5909090909090909,0.7727272727272727,0.5909090909090909,0.45454545454545453,0.6363636363636364,0.36363636363636365,0.6363636363636364,0.7272727272727273,0.5,0.5,0.5,0.5909090909090909,0.5,0.36363636363636365,0.6818181818181818,0.22727272727272727,0.8181818181818182,0.4090909090909091,0.45454545454545453,0.5909090909090909,0.5909090909090909,0.5909090909090909,0.6818181818181818
N,0.6363636363636364,0.7272727272727273,0.4090909090909091,0.45454545454545453,0.5909090909090909,0.5909090909090909,0.45454545454545453,0.45454545454545453,0.6363636363636364,0.4090909090909091,0.3181818181818182,0.5454545454545454,0.5909090909090909,0.5,0.5909090909090909,0.5454545454545454,0.5909090909090909,0.5454545454545454,0.5454545454545454,0.45454545454545453,0.5454545454545454,0.4090909090909091,0.5454545454545454,0.5909090909090909,0.3181818181818182,0.4090909090909091,0.5454545454545454,0.6363636363636364,0.36363636363636365,0.6818181818181818,0.4090909090909091,0.5,0.45454545454545453,0.5454545454545454,0.5909090909090909,0.3181818181818182,0.9545454545454546,0.5454545454545454,0.45454545454545453,0.2727272727272727,0.5454545454545454,0.5909090909090909,0.3181818181818182,0.5454545454545454,0.5909090909090909,0.5454545454545454,0.6818181818181818,0.45454545454545453,0.36363636363636365,0.5454545454545454,0.5,0.5454545454545454,0.6818181818181818,0.5454545454545454,0.6363636363636364,0.3181818181818182,0.45454545454545453,0.45454545454545453,0.18181818181818182,0.5454545454545454,0.36363636363636365,0.5454545454545454,0.5454545454545454,0.5909090909090909,0.6363636363636364,0.5454545454545454
D,0.5,0.8636363636363636,0.4090909090909091,0.5454545454545454,0.6363636363636364,0.5454545454545454,0.3181818181818182,0.36363636363636365,0.6818181818181818,0.4090909090909091,0.3181818181818182,0.5,0.6818181818181818,0.45454545454545453,0.5454545454545454,0.6363636363636364,0.6363636363636364,0.5909090909090909,0.5454545454545454,0.45454545454545453,0.5,0.4090909090909091,0.5,0.7727272727272727,0.2727272727272727,0.4090909090909091,0.5,0.5454545454545454,0.3181818181818182,0.5,0.36363636363636365,0.5909090909090909,0.4090909090909091,0.45454545454545453,0.7272727272727273,0.3181818181818182,0.5454545454545454,0.45454545454545453,0.5,0.2727272727272727,0.3181818181818182,0.6363636363636364,0.2727272727272727,0.5,0.6363636363636364,0.6363636363636364,0.5909090909090909,0.5909090909090909,0.36363636363636365,0.5,0.45454545454545453,0.5909090909090909,0.6363636363636364,0.6818181818181818,0.5,0.45454545454545453,0.36363636363636365,0.4090909090909091,0.18181818181818182,0.5454545454545454,0.3181818181818182,0.45454545454545453,0.5454545454545454,0.5454545454545454,0.5,0.5
C,0.44,0.28,0.64,0.28,0.32,0.44,0.36,0.68,0.36,0.4,0.36,0.48,0.4,0.56,0.4,0.36,0.36,0.48,0.48,0.6,0.48,0.4,0.52,0.48,0.36,0.6,0.32,0.44,0.68,0.44,0.44,0.32,0.28,0.44,0.48,0.36,0.28,0.32,0.48,0.32,0.28,0.44,0.36,0.44,0.32,0.36,0.32,0.44,0.4,0.64,0.56,0.4,0.52,0.36,0.52,0.24,0.28,0.44,0.24,0.56,0.4,0.6,0.52,0.4,0.44,0.32
Q,0.45454545454545453,0.5,0.6818181818181818,0.6818181818181818,0.7727272727272727,0.6818181818181818,0.3181818181818182,0.36363636363636365,0.6818181818181818,0.45454545454545453,0.3181818181818182,0.6363636363636364,0.6363636363636364,0.5,0.5,0.5454545454545454,0.5454545454545454,0.6363636363636364,0.45454545454545453,0.45454545454545453,0.6363636363636364,0.4090909090909091,0.5454545454545454,0.7272727272727273,0.3181818181818182,0.4090909090909091,0.5909090909090909,0.6363636363636364,0.3181818181818182,0.6818181818181818,0.45454545454545453,0.5909090909090909,0.45454545454545453,0.5454545454545454,0.5,0.3181818181818182,0.5,0.6818181818181818,0.5,0.2727272727272727,0.3181818181818182,0.5454545454545454,0.3181818181818182,0.6818181818181818,0.5454545454545454,0.6363636363636364,0.5909090909090909,0.6818181818181818,0.36363636363636365,0.5909090909090909,0.6363636363636364,0.6363636363636364,0.5454545454545454,0.5909090909090909,0.5454545454545454,0.3181818181818182,0.3181818181818182,0.45454545454545453,0.22727272727272727,0.5454545454545454,0.36363636363636365,0.45454545454545453,0.5454545454545454,0.5909090909090909,0.45454545454545453,0.8636363636363636
E,0.5,0.8,0.45,0.9,0.8,0.65,0.35,0.4,0.75,0.55,0.3,0.7,0.75,0.5,0.6,0.8,0.45,0.75,0.5,0.5,0.55,0.45,0.55,0.7,0.3,0.45,0.55,0.7,0.35,0.55,0.4,0.65,0.55,0.55,0.8,0.35,0.4,0.5,0.45,0.3,0.3,0.55,0.3,0.75,0.65,0.75,0.5,0.55,0.35,0.6,0.55,0.75,0.65,0.75,0.55,0.35,0.35,0.55,0.2,0.5,0.4,0.5,0.6,0.7,0.5,0.65
G,0.5238095238095238,0.47619047619047616,0.38095238095238093,0.42857142857142855,0.5238095238095238,0.47619047619047616,0.3333333333333333,0.3333333333333333,0.5714285714285714,0.42857142857142855,0.3333333333333333,0.5714285714285714,0.6190476190476191,0.47619047619047616,0.8095238095238095,0.5238095238095238,0.8571428571428571,0.5238095238095238,0.6190476190476191,0.47619047619047616,0.5238095238095238,0.47619047619047616,0.5714285714285714,0.47619047619047616,0.2857142857142857,0.5714285714285714,0.5714285714285714,0.47619047619047616,0.3333333333333333,0.8095238095238095,0.47619047619047616,0.47619047619047616,0.38095238095238093,0.42857142857142855,0.47619047619047616,0.3333333333333333,0.42857142857142855,0.47619047619047616,0.42857142857142855,0.2857142857142857,0.42857142857142855,0.5714285714285714,0.2857142857142857,0.47619047619047616,0.5238095238095238,0.47619047619047616,0.9047619047619048,0.5238095238095238,0.47619047619047616,0.47619047619047616,0.5238095238095238,0.5714285714285714,0.7619047619047619,0.8095238095238095,0.5714285714285714,0.3333333333333333,0.38095238095238093,0.42857142857142855,0.2857142857142857,0.5714285714285714,0.3333333333333333,0.6190476190476191,0.6666666666666666,0.5714285714285714,0.6190476190476191,0.47619047619047616
H,0.4,0.56,0.4,0.48,0.52,0.48,0.28,0.56,0.44,0.52,0.32,0.52,0.48,0.48,0.52,0.48,0.44,0.44,0.44,0.44,0.52,0.36,0.64,0.48,0.28,0.36,0.52,0.52,0.48,0.6,0.36,0.52,0.36,0.6,0.48,0.28,0.56,0.64,0.68,0.28,0.52,0.48,0.28,0.6,0.56,0.44,0.52,0.4,0.32,0.72,0.44,0.52,0.52,0.4,0.56,0.28,0.44,0.48,0.24,0.48,0.32,0.4,0.48,0.52,0.44,0.68
I,0.45454545454545453,0.36363636363636365,0.7272727272727273,0.36363636363636365,0.36363636363636365,0.5454545454545454,0.8636363636363636,0.6363636363636364,0.4090909090909091,0.6818181818181818,0.6363636363636364,0.45454545454545453,0.45454545454545453,0.6363636363636364,0.4090909090909091,0.5,0.4090909090909091,0.45454545454545453,0.45454545454545453,0.7272727272727273,0.4090909090909091,0.5454545454545454,0.5909090909090909,0.5,0.7727272727272727,0.45454545454545453,0.45454545454545453,0.45454545454545453,0.6818181818181818,0.3181818181818182,0.6818181818181818,0.36363636363636365,0.3181818181818182,0.3181818181818182,0.6363636363636364,0.8181818181818182,0.2727272727272727,0.4090909090909091,0.6363636363636364,0.5,0.45454545454545453,0.45454545454545453,0.5909090909090909,0.45454545454545453,0.36363636363636365,0.45454545454545453,0.3181818181818182,0.5454545454545454,0.6818181818181818,0.5,0.45454545454545453,0.6363636363636364,0.5,0.45454545454545453,0.5454545454545454,0.3181818181818182,0.36363636363636365,0.5909090909090909,0.2727272727272727,0.4090909090909091,0.7727272727272727,0.5,0.5454545454545454,0.45454545454545453,0.5454545454545454,0.4090909090909091
L,0.5,0.35,0.8,0.45,0.5,0.6,0.7,0.9,0.45,0.7,0.95,0.5,0.55,0.85,0.5,0.5,0.45,0.5,0.5,0.7,0.45,0.55,0.7,0.5,0.95,0.55,0.4,0.45,0.9,0.4,0.8,0.4,0.35,0.4,0.55,0.7,0.3,0.4,0.6,1.0,0.55,0.5,0.95,0.7,0.4,0.6,0.5,0.65,0.8,0.5,0.55,0.6,0.55,0.55,0.55,0.35,0.35,0.8,0.35,0.45,0.85,0.55,0.55,0.5,0.55,0.45
K,0.45,0.5,0.4,0.65,0.6,0.7,0.3,0.45,0.65,0.45,0.3,0.65,0.55,0.5,0.65,0.5,0.5,0.75,0.55,0.45,0.65,0.4,0.7,0.55,0.25,0.35,0.85,0.75,0.3,0.6,0.4,0.55,0.9,0.85,0.55,0.3,0.35,0.7,0.4,0.25,0.3,0.7,0.3,0.65,0.75,0.7,0.55,0.75,0.3,0.5,0.8,0.5,0.5,0.45,0.6,0.45,0.35,0.55,0.15,0.55,0.3,0.55,0.5,0.55,0.45,0.6
M,0.391304347826087,0.30434782608695654,0.5652173913043478,0.34782608695652173,0.43478260869565216,0.4782608695652174,0.4782608695652174,0.4782608695652174,0.43478260869565216,0.5217391304347826,0.5652173913043478,0.4782608695652174,0.43478260869565216,0.5652173913043478,0.391304347826087,0.391304347826087,0.43478260869565216,0.391304347826087,0.391304347826087,0.5217391304347826,0.391304347826087,0.391304347826087,0.5217391304347826,0.391304347826087,0.4782608695652174,0.43478260869565216,0.43478260869565216,0.43478260869565216,0.5652173913043478,0.34782608695652173,0.6086956521739131,0.43478260869565216,0.30434782608695654,0.34782608695652173,0.43478260869565216,0.43478260869565216,0.2608695652173913,0.34782608695652173,0.43478260869565216,0.4782608695652174,0.391304347826087,0.391304347826087,0.7391304347826086,0.4782608695652174,0.34782608695652173,0.391304347826087,0.34782608695652173,0.4782608695652174,0.5217391304347826,0.4782608695652174,0.5217391304347826,0.4782608695652174,0.391304347826087,0.391304347826087,0.43478260869565216,0.2608695652173913,0.30434782608695654,0.5652173913043478,0.2608695652173913,0.5217391304347826,0.5217391304347826,0.43478260869565216,0.43478260869565216,0.391304347826087,0.43478260869565216,0.43478260869565216
F,0.391304347826087,0.34782608695652173,0.5217391304347826,0.30434782608695654,0.34782608695652173,0.391304347826087,0.43478260869565216,0.5652173913043478,0.391304347826087,0.6956521739130435,0.6956521739130435,0.5217391304347826,0.43478260869565216,0.5217391304347826,0.391304347826087,0.391304347826087,0.391304347826087,0.391304347826087,0.43478260869565216,0.5652173913043478,0.34782608695652173,0.391304347826087,0.4782608695652174,0.43478260869565216,0.5217391304347826,0.43478260869565216,0.34782608695652173,0.391304347826087,0.6521739130434783,0.34782608695652173,0.5652173913043478,0.30434782608695654,0.30434782608695654,0.30434782608695654,0.5217391304347826,0.43478260869565216,0.2608695652173913,0.34782608695652173,0.5652173913043478,0.43478260869565216,0.5652173913043478,0.43478260869565216,0.5652173913043478,0.5217391304347826,0.34782608695652173,0.4782608695652174,0.34782608695652173,0.4782608695652174,0.43478260869565216,0.6086956521739131,0.43478260869565216,0.43478260869565216,0.391304347826087,0.391304347826087,0.43478260869565216,0.2608695652173913,0.30434782608695654,0.4782608695652174,0.5217391304347826,0.43478260869565216,0.5217391304347826,0.43478260869565216,0.43478260869565216,0.391304347826087,0.5217391304347826,0.391304347826087
P,0.47619047619047616,0.47619047619047616,0.47619047619047616,0.38095238095238093,0.47619047619047616,0.38095238095238093,0.3333333333333333,0.3333333333333333,0.42857142857142855,0.42857142857142855,0.38095238095238093,0.42857142857142855,0.47619047619047616,0.42857142857142855,0.5238095238095238,0.7619047619047619,0.42857142857142855,0.42857142857142855,0.7142857142857143,0.42857142857142855,0.6190476190476191,0.47619047619047616,0.47619047619047616,0.42857142857142855,0.2857142857142857,0.38095238095238093,0.38095238095238093,0.42857142857142855,0.3333333333333333,0.38095238095238093,0.42857142857142855,0.8571428571428571,0.38095238095238093,0.38095238095238093,0.42857142857142855,0.3333333333333333,0.2857142857142857,0.6190476190476191,0.38095238095238093,0.2857142857142857,0.23809523809523808,0.42857142857142855,0.2857142857142857,0.42857142857142855,0.42857142857142855,0.42857142857142855,0.38095238095238093,0.38095238095238093,0.3333333333333333,0.38095238095238093,0.38095238095238093,0.5238095238095238,0.6190476190476191,0.42857142857142855,0.47619047619047616,1.0,0.9523809523809523,0.38095238095238093,0.14285714285714285,0.38095238095238093,0.42857142857142855,0.6190476190476191,0.7142857142857143,0.7619047619047619,0.5714285714285714,0.42857142857142855
S,0.8,0.5,0.45,0.5,0.6,0.55,0.35,0.4,0.65,0.5,0.35,0.65,0.65,0.5,0.65,0.65,0.6,0.65,0.7,0.55,0.65,0.6,0.55,0.55,0.35,0.7,0.45,0.55,0.4,0.5,0.5,0.65,0.45,0.65,0.55,0.35,0.6,0.6,0.55,0.3,0.5,0.7,0.35,0.55,0.6,0.65,0.6,0.5,0.4,0.7,0.65,0.65,0.6,0.55,0.65,0.4,0.4,0.5,0.2,0.75,0.4,0.7,0.65,0.75,0.7,0.5
T,0.75,0.4,0.45,0.45,0.45,0.45,0.4,0.45,0.6,0.5,0.35,0.55,0.5,0.5,0.45,0.55,0.5,0.55,0.7,0.6,0.8,0.6,0.5,0.45,0.35,0.55,0.45,0.5,0.4,0.4,0.6,0.6,0.5,0.45,0.6,0.4,0.35,0.45,0.6,0.3,0.4,0.6,0.35,0.45,0.55,0.55,0.4,0.45,0.45,0.45,0.45,0.6,0.5,0.6,0.75,0.35,0.5,0.65,0.2,0.6,0.45,0.65,0.55,0.5,0.65,0.45
W,0.34615384615384615,0.2692307692307692,0.34615384615384615,0.3076923076923077,0.3076923076923077,0.3076923076923077,0.3076923076923077,0.34615384615384615,0.34615384615384615,0.4230769230769231,0.34615384615384615,0.34615384615384615,0.38461538461538464,0.4230769230769231,0.34615384615384615,0.3076923076923077,0.5,0.34615384615384615,0.34615384615384615,0.38461538461538464,0.3076923076923077,0.34615384615384615,0.38461538461538464,0.46153846153846156,0.3076923076923077,0.3076923076923077,0.5769230769230769,0.3076923076923077,0.34615384615384615,0.3076923076923077,0.34615384615384615,0.2692307692307692,0.2692307692307692,0.2692307692307692,0.34615384615384615,0.2692307692307692,0.23076923076923078,0.3076923076923077,0.34615384615384615,0.3076923076923077,0.4230769230769231,0.34615384615384615,0.3076923076923077,0.5,0.3076923076923077,0.46153846153846156,0.3076923076923077,0.5769230769230769,0.3076923076923077,0.38461538461538464,0.4230769230769231,0.4230769230769231,0.4230769230769231,0.34615384615384615,0.34615384615384615,0.23076923076923078,0.23076923076923078,0.4230769230769231,1.0,0.34615384615384615,0.34615384615384615,0.34615384615384615,0.34615384615384615,0.34615384615384615,0.34615384615384615,0.34615384615384615
Y,0.43478260869565216,0.391304347826087,0.4782608695652174,0.391304347826087,0.391304347826087,0.391304347826087,0.391304347826087,0.5652173913043478,0.391304347826087,0.6521739130434783,0.43478260869565216,0.43478260869565216,0.5217391304347826,0.4782608695652174,0.43478260869565216,0.43478260869565216,0.391304347826087,0.43478260869565216,0.43478260869565216,0.5217391304347826,0.391304347826087,0.391304347826087,0.5652173913043478,0.4782608695652174,0.391304347826087,0.391304347826087,0.391304347826087,0.391304347826087,0.43478260869565216,0.391304347826087,0.4782608695652174,0.34782608695652173,0.34782608695652173,0.391304347826087,0.4782608695652174,0.391304347826087,0.30434782608695654,0.5217391304347826,0.6086956521739131,0.34782608695652173,0.9565217391304348,0.43478260869565216,0.391304347826087,0.5217391304347826,0.43478260869565216,0.43478260869565216,0.391304347826087,0.43478260869565216,0.391304347826087,0.6521739130434783,0.391304347826087,0.4782608695652174,0.43478260869565216,0.391304347826087,0.4782608695652174,0.2608695652173913,0.30434782608695654,0.5217391304347826,0.5652173913043478,0.5652173913043478,0.43478260869565216,0.4782608695652174,0.4782608695652174,0.43478260869565216,0.4782608695652174,0.4782608695652174
V,0.5,0.35,0.65,0.45,0.4,0.45,0.85,0.55,0.45,0.7,0.55,0.5,0.55,0.65,0.45,0.5,0.55,0.5,0.5,0.7,0.45,0.65,0.55,0.6,0.55,0.65,0.4,0.45,0.6,0.35,0.75,0.4,0.35,0.35,0.6,0.9,0.25,0.45,0.8,0.55,0.45,0.45,0.5,0.5,0.4,0.45,0.35,0.55,0.85,0.6,0.5,0.65,0.55,0.5,0.5,0.3,0.55,0.65,0.2,0.45,0.7,0.6,0.65,0.5,0.65,0.4
